Datetime,Adj Close,Close,High,Low,Open,Volume
,GOOG,GOOG,GOOG,GOOG,GOOG,GOOG
2026-06-04 09:30:00-04:00,359.2250061035156,359.2250061035156,359.3299865722656,354.8500061035156,355.4800109863281,1306242
2026-06-04 09:32:00-04:00,361.172607421875,361.172607421875,361.20001220703125,359.0899963378906,359.2300109863281,399258
2026-06-04 09:34:00-04:00,360.4549865722656,360.4549865722656,361.5799865722656,360.3399963378906,361.1693115234375,326594
2026-06-04 09:36:00-04:00,360.55499267578125,360.55499267578125,360.8800048828125,359.6000061035156,360.40008544921875,351059
2026-06-04 09:38:00-04:00,359.75,359.75,360.989990234375,359.67999267578125,360.5101013183594,263549
2026-06-04 09:40:00-04:00,359.909912109375,359.909912109375,360.2900085449219,358.20001220703125,359.7799072265625,268172
2026-06-04 09:42:00-04:00,359.2900085449219,359.2900085449219,360.2099914550781,359.0400085449219,359.9100036621094,205174
2026-06-04 09:44:00-04:00,360.24371337890625,360.24371337890625,360.4999084472656,359.3349914550781,359.3599853515625,218036
2026-06-04 09:46:00-04:00,360.5050048828125,360.5050048828125,360.8900146484375,359.94000244140625,360.2699890136719,235643
2026-06-04 09:48:00-04:00,361.3550109863281,361.3550109863281,361.3599853515625,360.04998779296875,360.4700012207031,174743
2026-06-04 09:50:00-04:00,361.2149963378906,361.2149963378906,361.760009765625,360.92999267578125,361.3550109863281,298462
2026-06-04 09:52:00-04:00,361.69000244140625,361.69000244140625,361.7699890136719,360.989990234375,361.2149963378906,155234
2026-06-04 09:54:00-04:00,362.92999267578125,362.92999267578125,362.9700012207031,361.4599914550781,361.6650085449219,178585
2026-06-04 09:56:00-04:00,363.19500732421875,363.19500732421875,363.2900085449219,362.739990234375,362.8599853515625,183715
2026-06-04 09:58:00-04:00,362.8500061035156,362.8500061035156,363.95001220703125,362.8399963378906,363.19500732421875,272045
2026-06-04 10:00:00-04:00,362.0299987792969,362.0299987792969,363.6400146484375,362.0,362.8500061035156,180525
2026-06-04 10:02:00-04:00,362.1169128417969,362.1169128417969,362.3699951171875,361.2514953613281,362.03009033203125,155418
2026-06-04 10:04:00-04:00,361.6614990234375,361.6614990234375,362.3800048828125,361.1199951171875,362.1199951171875,153905
2026-06-04 10:06:00-04:00,362.1099853515625,362.1099853515625,362.1199951171875,361.32000732421875,361.67999267578125,181401
2026-06-04 10:08:00-04:00,362.42999267578125,362.42999267578125,363.04998779296875,362.0150146484375,362.1099853515625,216320
2026-06-04 10:10:00-04:00,363.3550109863281,363.3550109863281,363.510009765625,362.0,362.489990234375,169234
2026-06-04 10:12:00-04:00,363.3349914550781,363.3349914550781,363.5299987792969,363.0199890136719,363.3299865722656,229789
2026-06-04 10:14:00-04:00,364.0150146484375,364.0150146484375,364.2200012207031,363.07000732421875,363.3299865722656,215767
2026-06-04 10:16:00-04:00,364.5899963378906,364.5899963378906,364.6300048828125,363.79998779296875,363.9700012207031,178795
2026-06-04 10:18:00-04:00,364.2749938964844,364.2749938964844,364.8699951171875,363.8900146484375,364.6000061035156,184387
2026-06-04 10:20:00-04:00,363.8940124511719,363.8940124511719,364.260009765625,363.25,364.2149963378906,120247
2026-06-04 10:22:00-04:00,364.739990234375,364.739990234375,364.8800048828125,363.95001220703125,363.9649963378906,140983
2026-06-04 10:24:00-04:00,364.92498779296875,364.92498779296875,365.2300109863281,364.510009765625,364.7799987792969,225373
2026-06-04 10:26:00-04:00,365.4049987792969,365.4049987792969,365.5,364.5199890136719,364.9700012207031,186387
2026-06-04 10:28:00-04:00,365.0299987792969,365.0299987792969,365.4100036621094,364.9599914550781,365.3699951171875,155026
2026-06-04 10:30:00-04:00,364.94500732421875,364.94500732421875,365.2699890136719,364.3399963378906,365.010009765625,211482
2026-06-04 10:32:00-04:00,364.9898986816406,364.9898986816406,365.0799865722656,364.6600036621094,364.9800109863281,142509
2026-06-04 10:34:00-04:00,364.5400085449219,364.5400085449219,365.29998779296875,364.4800109863281,364.947509765625,129236
2026-06-04 10:36:00-04:00,364.43499755859375,364.43499755859375,364.6299133300781,364.0400085449219,364.5400085449219,117506
2026-06-04 10:38:00-04:00,364.8399963378906,364.8399963378906,364.94000244140625,364.2900085449219,364.4224853515625,146537
2026-06-04 10:40:00-04:00,365.2099914550781,365.2099914550781,365.3399963378906,364.78460693359375,364.8800048828125,86470
2026-06-04 10:42:00-04:00,365.260009765625,365.260009765625,365.6000061035156,364.9599914550781,365.2598876953125,124263
2026-06-04 10:44:00-04:00,364.9299011230469,364.9299011230469,365.43499755859375,364.82000732421875,365.2757873535156,104925
2026-06-04 10:46:00-04:00,364.75,364.75,365.30999755859375,364.75,364.885009765625,86647
2026-06-04 10:48:00-04:00,364.5199890136719,364.5199890136719,364.80999755859375,364.2699890136719,364.75,113290
2026-06-04 10:50:00-04:00,365.0199890136719,365.0199890136719,365.3599853515625,364.3399963378906,364.5299987792969,104339
2026-06-04 10:52:00-04:00,365.1499938964844,365.1499938964844,365.2799987792969,364.92999267578125,365.0299987792969,87151
2026-06-04 10:54:00-04:00,365.3399963378906,365.3399963378906,365.5,364.989990234375,365.0799865722656,80614
2026-06-04 10:56:00-04:00,365.2724914550781,365.2724914550781,365.69000244140625,365.2699890136719,365.32000732421875,116569
2026-06-04 10:58:00-04:00,365.30999755859375,365.30999755859375,365.3699951171875,364.7799987792969,365.2699890136719,102804
2026-06-04 11:00:00-04:00,366.010009765625,366.010009765625,366.0199890136719,365.2699890136719,365.30999755859375,109956
2026-06-04 11:02:00-04:00,365.9800109863281,365.9800109863281,366.2300109863281,365.8999938964844,366.01251220703125,107940
2026-06-04 11:04:00-04:00,365.3450012207031,365.3450012207031,366.0899963378906,365.3450012207031,365.9800109863281,265680
2026-06-04 11:06:00-04:00,364.57000732421875,364.57000732421875,365.5899963378906,364.177001953125,365.32000732421875,106101
2026-06-04 11:08:00-04:00,365.2799987792969,365.2799987792969,365.364990234375,364.1199951171875,364.5799865722656,96206
2026-06-04 11:10:00-04:00,364.7699890136719,364.7699890136719,365.45989990234375,364.6099853515625,365.239990234375,97514
2026-06-04 11:12:00-04:00,365.2799987792969,365.2799987792969,365.2799987792969,364.6600036621094,364.7349853515625,71682
2026-06-04 11:14:00-04:00,365.31500244140625,365.31500244140625,365.62860107421875,365.0400085449219,365.2099914550781,73749
2026-06-04 11:16:00-04:00,365.92999267578125,365.92999267578125,365.92999267578125,365.2799987792969,365.29010009765625,82349
2026-06-04 11:18:00-04:00,365.92999267578125,365.92999267578125,366.0,365.7200012207031,365.9075012207031,104916
2026-06-04 11:20:00-04:00,366.1000061035156,366.1000061035156,366.29998779296875,365.0201110839844,365.9100036621094,158480
2026-06-04 11:22:00-04:00,366.6000061035156,366.6000061035156,366.7699890136719,366.1300048828125,366.1300048828125,120652
2026-06-04 11:24:00-04:00,366.9809875488281,366.9809875488281,367.17999267578125,366.57000732421875,366.6000061035156,138846
2026-06-04 11:26:00-04:00,367.32501220703125,367.32501220703125,367.3599853515625,366.8399963378906,366.9700012207031,139682
2026-06-04 11:28:00-04:00,367.80499267578125,367.80499267578125,367.8599853515625,367.19000244140625,367.29998779296875,120758
2026-06-04 11:30:00-04:00,366.17999267578125,366.17999267578125,367.79998779296875,366.1099853515625,367.79998779296875,208400
2026-06-04 11:32:00-04:00,366.543212890625,366.543212890625,366.82501220703125,366.1199951171875,366.1861877441406,87161
2026-06-04 11:34:00-04:00,366.8599853515625,366.8599853515625,366.8999938964844,366.3349914550781,366.5,104919
2026-06-04 11:36:00-04:00,366.8999938964844,366.8999938964844,367.1000061035156,366.5350036621094,366.8299865722656,81111
2026-06-04 11:38:00-04:00,367.0450134277344,367.0450134277344,367.2699890136719,366.8081970214844,366.8800048828125,131764
2026-06-04 11:40:00-04:00,366.9599914550781,366.9599914550781,367.1400146484375,366.82000732421875,367.05999755859375,81795
2026-06-04 11:42:00-04:00,366.0150146484375,366.0150146484375,367.1000061035156,365.6882019042969,366.95831298828125,86122
2026-06-04 11:44:00-04:00,365.6700134277344,365.6700134277344,366.29998779296875,365.5299987792969,366.05999755859375,87882
2026-06-04 11:46:00-04:00,366.0400085449219,366.0400085449219,366.1650085449219,365.5101013183594,365.6400146484375,72165
2026-06-04 11:48:00-04:00,365.8299865722656,365.8299865722656,366.1300048828125,365.1199951171875,366.0899963378906,94203
2026-06-04 11:50:00-04:00,366.239990234375,366.239990234375,366.572998046875,365.8299865722656,365.8500061035156,102924
2026-06-04 11:52:00-04:00,366.45001220703125,366.45001220703125,366.5400085449219,366.2300109863281,366.2699890136719,85859
2026-06-04 11:54:00-04:00,366.760009765625,366.760009765625,366.8699951171875,366.3299865722656,366.43499755859375,64397
2026-06-04 11:56:00-04:00,366.8800048828125,366.8800048828125,366.8800048828125,366.5799865722656,366.7699890136719,70922
2026-06-04 11:58:00-04:00,366.864990234375,366.864990234375,367.5799865722656,366.70050048828125,366.8949890136719,144461
2026-06-04 12:00:00-04:00,367.1400146484375,367.1400146484375,367.21990966796875,366.44000244140625,366.8900146484375,125209
2026-06-04 12:02:00-04:00,367.8699951171875,367.8699951171875,368.0400085449219,367.0400085449219,367.1400146484375,131603
2026-06-04 12:04:00-04:00,367.9049987792969,367.9049987792969,368.010009765625,367.42999267578125,367.864990234375,63492
2026-06-04 12:06:00-04:00,368.7900085449219,368.7900085449219,368.8299865722656,367.89080810546875,367.89080810546875,117401
2026-06-04 12:08:00-04:00,368.94500732421875,368.94500732421875,369.29998779296875,368.7799987792969,368.7799987792969,146424
2026-06-04 12:10:00-04:00,369.19000244140625,369.19000244140625,369.239990234375,368.7300109863281,368.9750061035156,118442
2026-06-04 12:12:00-04:00,369.0299987792969,369.0299987792969,369.3699951171875,368.9599914550781,369.18499755859375,203520
2026-06-04 12:14:00-04:00,368.3699951171875,368.3699951171875,369.1199951171875,368.04998779296875,369.0539855957031,181998
2026-06-04 12:16:00-04:00,368.32000732421875,368.32000732421875,368.4949951171875,368.0400085449219,368.4200134277344,64196
2026-06-04 12:18:00-04:00,367.7900085449219,367.7900085449219,368.29998779296875,367.2099914550781,368.260009765625,110099
2026-06-04 12:20:00-04:00,368.04998779296875,368.04998779296875,368.3699951171875,367.6700134277344,367.8349914550781,102588
2026-06-04 12:22:00-04:00,368.7850036621094,368.7850036621094,368.8800048828125,368.04998779296875,368.04998779296875,51783
2026-06-04 12:24:00-04:00,368.2349853515625,368.2349853515625,368.9599914550781,368.1622009277344,368.7699890136719,69945
2026-06-04 12:26:00-04:00,368.760009765625,368.760009765625,368.760009765625,368.1199951171875,368.2149963378906,41730
2026-06-04 12:28:00-04:00,368.2749938964844,368.2749938964844,368.8999938964844,368.2001953125,368.80499267578125,98013
2026-06-04 12:30:00-04:00,368.1549987792969,368.1549987792969,368.45001220703125,368.0400085449219,368.30499267578125,56264
2026-06-04 12:32:00-04:00,368.17498779296875,368.17498779296875,368.3699951171875,368.0899963378906,368.2200012207031,66291
2026-06-04 12:34:00-04:00,368.239990234375,368.239990234375,368.4200134277344,368.0899963378906,368.260009765625,65052
2026-06-04 12:36:00-04:00,368.0849914550781,368.0849914550781,368.3299865722656,367.760009765625,368.2349853515625,70885
2026-06-04 12:38:00-04:00,368.760009765625,368.760009765625,368.9599914550781,368.1099853515625,368.1099853515625,138901
2026-06-04 12:40:00-04:00,368.7950134277344,368.7950134277344,368.8192138671875,368.45001220703125,368.75,77641
2026-06-04 12:42:00-04:00,368.2850036621094,368.2850036621094,368.8299865722656,368.1391906738281,368.81500244140625,74782
2026-06-04 12:44:00-04:00,367.8699951171875,367.8699951171875,368.4200134277344,367.7699890136719,368.2650146484375,81875
2026-06-04 12:46:00-04:00,367.489990234375,367.489990234375,368.3099060058594,367.489990234375,367.9200134277344,81690
2026-06-04 12:48:00-04:00,367.4849853515625,367.4849853515625,367.5498962402344,367.1600036621094,367.4700012207031,56114
2026-06-04 12:50:00-04:00,367.6099853515625,367.6099853515625,367.6593017578125,367.3299865722656,367.4849853515625,57802
2026-06-04 12:52:00-04:00,367.6300048828125,367.6300048828125,367.760009765625,367.44000244140625,367.5899963378906,58768
2026-06-04 12:54:00-04:00,368.04998779296875,368.04998779296875,368.239990234375,367.55999755859375,367.57000732421875,95218
2026-06-04 12:56:00-04:00,368.25830078125,368.25830078125,368.3500061035156,367.75,368.0444030761719,88998
2026-06-04 12:58:00-04:00,368.3800048828125,368.3800048828125,368.6000061035156,368.2799987792969,368.2799987792969,51046
2026-06-04 13:00:00-04:00,368.3500061035156,368.3500061035156,368.42999267578125,368.0199890136719,368.4150085449219,101880
2026-06-04 13:02:00-04:00,367.9100036621094,367.9100036621094,368.3349914550781,367.8900146484375,368.30999755859375,110145
2026-06-04 13:04:00-04:00,368.57000732421875,368.57000732421875,368.5899963378906,367.9150085449219,367.92999267578125,54778
2026-06-04 13:06:00-04:00,368.7200012207031,368.7200012207031,368.8982849121094,368.44000244140625,368.5400085449219,62694
2026-06-04 13:08:00-04:00,369.4599914550781,369.4599914550781,369.5299987792969,368.69500732421875,368.69500732421875,109218
2026-06-04 13:10:00-04:00,369.5199890136719,369.5199890136719,369.5899963378906,369.3717041015625,369.4599914550781,106603
2026-06-04 13:12:00-04:00,369.4599914550781,369.4599914550781,369.5899963378906,369.44000244140625,369.5050048828125,46677
2026-06-04 13:14:00-04:00,369.25,369.25,369.5799865722656,369.1099853515625,369.4549865722656,80042
2026-06-04 13:16:00-04:00,368.7200012207031,368.7200012207031,369.2799987792969,368.6300048828125,369.2200012207031,65801
2026-06-04 13:18:00-04:00,369.2300109863281,369.2300109863281,369.2300109863281,368.6199951171875,368.7099914550781,52464
2026-06-04 13:20:00-04:00,369.07000732421875,369.07000732421875,369.2799987792969,368.739990234375,369.25,56830
2026-06-04 13:22:00-04:00,369.5199890136719,369.5199890136719,369.5400085449219,369.1000061035156,369.1000061035156,59488
2026-06-04 13:24:00-04:00,369.06451416015625,369.06451416015625,369.6499938964844,369.0400085449219,369.5299987792969,134360
2026-06-04 13:26:00-04:00,369.1700134277344,369.1700134277344,369.2799987792969,369.0201110839844,369.07000732421875,41865
2026-06-04 13:28:00-04:00,369.6700134277344,369.6700134277344,369.7090148925781,369.1600036621094,369.17999267578125,46617
2026-06-04 13:30:00-04:00,368.8800048828125,368.8800048828125,369.7049865722656,368.8699951171875,369.63751220703125,153369
2026-06-04 13:32:00-04:00,369.0199890136719,369.0199890136719,369.1700134277344,368.6199951171875,368.909912109375,92044
2026-06-04 13:34:00-04:00,368.489990234375,368.489990234375,369.0350036621094,368.2500915527344,369.0199890136719,63015
2026-06-04 13:36:00-04:00,368.760009765625,368.760009765625,368.7699890136719,368.29998779296875,368.4849853515625,46044
2026-06-04 13:38:00-04:00,369.114990234375,369.114990234375,369.2908935546875,368.7799987792969,368.7900085449219,51232
2026-06-04 13:40:00-04:00,369.2099914550781,369.2099914550781,369.3399963378906,369.1199951171875,369.1400146484375,42564
2026-06-04 13:42:00-04:00,369.1449890136719,369.1449890136719,369.2300109863281,369.1000061035156,369.20001220703125,60709
2026-06-04 13:44:00-04:00,369.4150085449219,369.4150085449219,369.45001220703125,369.1199951171875,369.1449890136719,61432
2026-06-04 13:46:00-04:00,369.4198913574219,369.4198913574219,369.6400146484375,369.2799987792969,369.4200134277344,60276
2026-06-04 13:48:00-04:00,369.4800109863281,369.4800109863281,369.4800109863281,369.2799987792969,369.3949890136719,18963
2026-06-04 13:50:00-04:00,369.6099853515625,369.6099853515625,369.6099853515625,369.3900146484375,369.4599914550781,55264
2026-06-04 13:52:00-04:00,369.5849914550781,369.5849914550781,369.739990234375,369.57000732421875,369.6059875488281,46729
2026-06-04 13:54:00-04:00,369.4750061035156,369.4750061035156,369.6099853515625,369.29998779296875,369.5849914550781,53045
2026-06-04 13:56:00-04:00,369.3999938964844,369.3999938964844,369.5199890136719,369.2909851074219,369.44000244140625,35868
2026-06-04 13:58:00-04:00,369.44000244140625,369.44000244140625,369.56500244140625,369.29998779296875,369.4049987792969,47962
2026-06-04 14:00:00-04:00,369.2213134765625,369.2213134765625,369.6098937988281,369.1816101074219,369.44000244140625,70070
2026-06-04 14:02:00-04:00,368.614990234375,368.614990234375,369.32000732421875,368.4901123046875,369.20989990234375,69993
2026-06-04 14:04:00-04:00,368.45001220703125,368.45001220703125,368.6650085449219,368.260009765625,368.6499938964844,111732
2026-06-04 14:06:00-04:00,368.0249938964844,368.0249938964844,368.42999267578125,367.75,368.42999267578125,98783
2026-06-04 14:08:00-04:00,368.5249938964844,368.5249938964844,368.7300109863281,368.0,368.0199890136719,123347
2026-06-04 14:10:00-04:00,368.61248779296875,368.61248779296875,368.6875,368.3500061035156,368.5400085449219,78802
2026-06-04 14:12:00-04:00,368.94000244140625,368.94000244140625,368.9700012207031,368.2699890136719,368.5799865722656,64181
2026-06-04 14:14:00-04:00,369.3099060058594,369.3099060058594,369.30999755859375,368.79998779296875,368.92498779296875,81792
2026-06-04 14:16:00-04:00,369.5299987792969,369.5299987792969,369.6400146484375,369.2799987792969,369.2799987792969,92410
2026-06-04 14:18:00-04:00,369.6099853515625,369.6099853515625,369.7799987792969,369.4599914550781,369.5,55743
2026-06-04 14:20:00-04:00,369.6700134277344,369.6700134277344,369.8450012207031,369.57000732421875,369.5950012207031,57665
2026-06-04 14:22:00-04:00,369.1000061035156,369.1000061035156,369.68499755859375,369.05999755859375,369.6600036621094,57863
2026-06-04 14:24:00-04:00,369.625,369.625,369.7099914550781,369.0799865722656,369.1000061035156,57480
2026-06-04 14:26:00-04:00,369.3949890136719,369.3949890136719,369.6600036621094,369.1099853515625,369.6492004394531,60807
2026-06-04 14:28:00-04:00,369.40008544921875,369.40008544921875,369.44000244140625,368.94000244140625,369.3999938964844,63691
2026-06-04 14:30:00-04:00,368.9599914550781,368.9599914550781,369.45001220703125,368.8999938964844,369.4049987792969,58526
2026-06-04 14:32:00-04:00,369.0899963378906,369.0899963378906,369.1499938964844,368.8500061035156,368.9800109863281,51255
2026-06-04 14:34:00-04:00,368.8663024902344,368.8663024902344,369.1499938964844,368.8663024902344,369.1000061035156,45294
2026-06-04 14:36:00-04:00,369.05999755859375,369.05999755859375,369.25,368.7799987792969,368.8999938964844,43356
2026-06-04 14:38:00-04:00,369.385009765625,369.385009765625,369.4700012207031,369.0,369.05999755859375,86547
2026-06-04 14:40:00-04:00,369.2300109863281,369.2300109863281,369.43499755859375,369.1199951171875,369.385009765625,66517
2026-06-04 14:42:00-04:00,369.04998779296875,369.04998779296875,369.2699890136719,368.9700012207031,369.2349853515625,69668
2026-06-04 14:44:00-04:00,369.3800048828125,369.3800048828125,369.4100036621094,369.04998779296875,369.07000732421875,68972
2026-06-04 14:46:00-04:00,369.4649963378906,369.4649963378906,369.625,369.1300048828125,369.3800048828125,63004
2026-06-04 14:48:00-04:00,369.5199890136719,369.5199890136719,369.6000061035156,369.2799987792969,369.4800109863281,62094
2026-06-04 14:50:00-04:00,369.2900085449219,369.2900085449219,369.6099853515625,369.16009521484375,369.5400085449219,110204
2026-06-04 14:52:00-04:00,369.4599914550781,369.4599914550781,369.5299987792969,369.20001220703125,369.2799987792969,50697
2026-06-04 14:54:00-04:00,369.1300048828125,369.1300048828125,369.4800109863281,369.1210021972656,369.4649963378906,103809
2026-06-04 14:56:00-04:00,368.6499938964844,368.6499938964844,369.3399963378906,368.6400146484375,369.19000244140625,97233
2026-06-04 14:58:00-04:00,368.6499938964844,368.6499938964844,368.7200012207031,368.55999755859375,368.6400146484375,107231
2026-06-04 15:00:00-04:00,368.5899963378906,368.5899963378906,368.7898864746094,368.5400085449219,368.6549987792969,45242
2026-06-04 15:02:00-04:00,368.6300048828125,368.6300048828125,368.69000244140625,368.4540100097656,368.6199951171875,72938
2026-06-04 15:04:00-04:00,368.1499938964844,368.1499938964844,368.7099914550781,368.1419982910156,368.639892578125,57005
2026-06-04 15:06:00-04:00,367.7699890136719,367.7699890136719,368.2099914550781,367.7601013183594,368.135009765625,94473
2026-06-04 15:08:00-04:00,368.0299987792969,368.0299987792969,368.07000732421875,367.57000732421875,367.81939697265625,107023
2026-06-04 15:10:00-04:00,367.8299865722656,367.8299865722656,368.1199951171875,367.7900085449219,368.0338134765625,52262
2026-06-04 15:12:00-04:00,367.6600036621094,367.6600036621094,367.9100036621094,367.1200866699219,367.82000732421875,133181
2026-06-04 15:14:00-04:00,368.010009765625,368.010009765625,368.0400085449219,367.6499938964844,367.6700134277344,79157
2026-06-04 15:16:00-04:00,368.1173095703125,368.1173095703125,368.2550048828125,367.94000244140625,368.010009765625,157110
2026-06-04 15:18:00-04:00,368.1700134277344,368.1700134277344,368.3500061035156,368.1099853515625,368.1499938964844,138412
2026-06-04 15:20:00-04:00,367.739990234375,367.739990234375,368.2550048828125,367.739990234375,368.1950988769531,116749
2026-06-04 15:22:00-04:00,367.5199890136719,367.5199890136719,367.9519958496094,367.4599914550781,367.7300109863281,108046
2026-06-04 15:24:00-04:00,367.2300109863281,367.2300109863281,367.54998779296875,367.1199951171875,367.5400085449219,79015
2026-06-04 15:26:00-04:00,367.44000244140625,367.44000244140625,367.7200012207031,367.1600036621094,367.239990234375,132766
2026-06-04 15:28:00-04:00,367.7699890136719,367.7699890136719,367.9700012207031,367.25,367.42999267578125,107186
2026-06-04 15:30:00-04:00,368.1000061035156,368.1000061035156,368.2699890136719,367.760009765625,367.7900085449219,87069
2026-06-04 15:32:00-04:00,367.7349853515625,367.7349853515625,368.25,367.6700134277344,368.1000061035156,68957
2026-06-04 15:34:00-04:00,368.1300048828125,368.1300048828125,368.1300048828125,367.67999267578125,367.7349853515625,80452
2026-06-04 15:36:00-04:00,368.2300109863281,368.2300109863281,368.3900146484375,368.1499938964844,368.1700134277344,97182
2026-06-04 15:38:00-04:00,368.6300048828125,368.6300048828125,368.6600036621094,368.19000244140625,368.2200012207031,68387
2026-06-04 15:40:00-04:00,368.95001220703125,368.95001220703125,368.9610900878906,368.6400146484375,368.6400146484375,97663
2026-06-04 15:42:00-04:00,368.931884765625,368.931884765625,369.06500244140625,368.7099914550781,368.9700012207031,97992
2026-06-04 15:44:00-04:00,368.83990478515625,368.83990478515625,368.92498779296875,368.6400146484375,368.92498779296875,102189
2026-06-04 15:46:00-04:00,368.7049865722656,368.7049865722656,368.9100036621094,368.3999938964844,368.82000732421875,138986
2026-06-04 15:48:00-04:00,369.17498779296875,369.17498779296875,369.2300109863281,355.67999267578125,368.7200012207031,181823
2026-06-04 15:50:00-04:00,368.635498046875,368.635498046875,369.3900146484375,368.5799865722656,369.1600036621094,292628
2026-06-04 15:52:00-04:00,369.19000244140625,369.19000244140625,369.30999755859375,368.57000732421875,368.6600036621094,283281
2026-06-04 15:54:00-04:00,369.69000244140625,369.69000244140625,369.82000732421875,369.0400085449219,369.19000244140625,475629
2026-06-04 15:56:00-04:00,369.510009765625,369.510009765625,369.7099914550781,369.125,369.70001220703125,363664
2026-06-04 15:58:00-04:00,369.3699951171875,369.3699951171875,369.55499267578125,369.29998779296875,369.510009765625,701810
2026-06-05 09:30:00-04:00,365.1199951171875,365.1199951171875,365.3599853515625,361.8299865722656,363.55999755859375,1087930
2026-06-05 09:32:00-04:00,364.32000732421875,364.32000732421875,365.8699951171875,363.68011474609375,365.1499938964844,165623
2026-06-05 09:34:00-04:00,364.7366027832031,364.7366027832031,365.6499938964844,364.364990234375,364.4049987792969,140784
2026-06-05 09:36:00-04:00,365.6571960449219,365.6571960449219,365.8399963378906,364.3599853515625,364.739990234375,143331
2026-06-05 09:38:00-04:00,366.1199951171875,366.1199951171875,366.30999755859375,365.4100036621094,365.6069030761719,291578
2026-06-05 09:40:00-04:00,366.7449951171875,366.7449951171875,367.3699951171875,365.7900085449219,366.1400146484375,199966
2026-06-05 09:42:00-04:00,368.19000244140625,368.19000244140625,368.19000244140625,366.69000244140625,366.7799987792969,164778
2026-06-05 09:44:00-04:00,368.25,368.25,368.5,367.80999755859375,368.17498779296875,218354
2026-06-05 09:46:00-04:00,367.07000732421875,367.07000732421875,368.3299865722656,366.67999267578125,368.2799987792969,197593
2026-06-05 09:48:00-04:00,366.760009765625,366.760009765625,367.5,366.5101013183594,367.1499938964844,223034
2026-06-05 09:50:00-04:00,366.5899963378906,366.5899963378906,367.55999755859375,366.3999938964844,366.7900085449219,192127
2026-06-05 09:52:00-04:00,367.70001220703125,367.70001220703125,367.9100036621094,366.2749938964844,366.6000061035156,153938
2026-06-05 09:54:00-04:00,367.9700012207031,367.9700012207031,368.42999267578125,366.9800109863281,367.6700134277344,99145
2026-06-05 09:56:00-04:00,367.2900085449219,367.2900085449219,368.5799865722656,367.1700134277344,368.1000061035156,131651
2026-06-05 09:58:00-04:00,367.0450134277344,367.0450134277344,367.8399963378906,366.8299865722656,367.2998962402344,146622
2026-06-05 10:00:00-04:00,366.2900085449219,366.2900085449219,367.69989013671875,365.7001037597656,367.1199951171875,167334
2026-06-05 10:02:00-04:00,366.8500061035156,366.8500061035156,367.760009765625,365.739990234375,366.3443908691406,173107
2026-06-05 10:04:00-04:00,366.9599914550781,366.9599914550781,367.25,366.375,366.8900146484375,181571
2026-06-05 10:06:00-04:00,367.8550109863281,367.8550109863281,368.3851013183594,366.6549987792969,366.9700012207031,120057
2026-06-05 10:08:00-04:00,367.760009765625,367.760009765625,367.989990234375,366.8900146484375,367.8800048828125,89175
2026-06-05 10:10:00-04:00,367.42498779296875,367.42498779296875,368.6700134277344,367.29998779296875,367.8999938964844,167507
2026-06-05 10:12:00-04:00,368.239990234375,368.239990234375,368.4353942871094,367.17999267578125,367.4800109863281,110221
2026-06-05 10:14:00-04:00,368.5599060058594,368.5599060058594,368.8500061035156,368.2099914550781,368.2099914550781,133675
2026-06-05 10:16:00-04:00,368.4800109863281,368.4800109863281,369.20001220703125,368.05999755859375,368.5150146484375,123779
2026-06-05 10:18:00-04:00,368.05999755859375,368.05999755859375,368.4800109863281,367.8534851074219,368.4800109863281,136072
2026-06-05 10:20:00-04:00,368.2200012207031,368.2200012207031,368.3299865722656,367.57000732421875,368.1099853515625,78604
2026-06-05 10:22:00-04:00,367.82000732421875,367.82000732421875,368.889892578125,367.635009765625,368.0899963378906,97282
2026-06-05 10:24:00-04:00,367.32000732421875,367.32000732421875,368.0249938964844,367.32000732421875,367.7799987792969,81792
2026-06-05 10:26:00-04:00,367.6099853515625,367.6099853515625,367.6698913574219,366.8999938964844,367.32501220703125,88443
2026-06-05 10:28:00-04:00,367.6499938964844,367.6499938964844,367.6499938964844,366.9317932128906,367.5299987792969,73378
2026-06-05 10:30:00-04:00,367.75,367.75,367.9198913574219,367.1499938964844,367.6400146484375,153794
2026-06-05 10:32:00-04:00,366.8705139160156,366.8705139160156,367.9200134277344,366.75,367.739990234375,110713
2026-06-05 10:34:00-04:00,367.260009765625,367.260009765625,367.3999938964844,366.69000244140625,366.7900085449219,78670
2026-06-05 10:36:00-04:00,366.80999755859375,366.80999755859375,367.30999755859375,366.3901062011719,367.2300109863281,68406
2026-06-05 10:38:00-04:00,366.0950012207031,366.0950012207031,366.989990234375,366.0400085449219,366.80999755859375,68408
2026-06-05 10:40:00-04:00,366.4599914550781,366.4599914550781,366.70001220703125,366.1199951171875,366.1199951171875,71439
2026-06-05 10:42:00-04:00,365.5350036621094,365.5350036621094,366.6199951171875,365.5000915527344,366.4599914550781,89320
2026-06-05 10:44:00-04:00,365.80499267578125,365.80499267578125,366.1000061035156,365.3399963378906,365.5350036621094,90505
2026-06-05 10:46:00-04:00,365.739990234375,365.739990234375,365.9798889160156,365.6199951171875,365.82000732421875,70567
2026-06-05 10:48:00-04:00,366.3299865722656,366.3299865722656,366.3900146484375,365.739990234375,365.7699890136719,67367
2026-06-05 10:50:00-04:00,366.135009765625,366.135009765625,366.29998779296875,365.79998779296875,366.29998779296875,62372
2026-06-05 10:52:00-04:00,365.92498779296875,365.92498779296875,366.19000244140625,365.82000732421875,366.1600036621094,48278
2026-06-05 10:54:00-04:00,366.57000732421875,366.57000732421875,366.6300048828125,365.9700012207031,365.9949951171875,84486
2026-06-05 10:56:00-04:00,367.55999755859375,367.55999755859375,367.7235107421875,366.5,366.5,77005
2026-06-05 10:58:00-04:00,367.5299987792969,367.5299987792969,367.75,367.2853088378906,367.5950012207031,56731
2026-06-05 11:00:00-04:00,366.8450012207031,366.8450012207031,367.5794982910156,366.75469970703125,367.55999755859375,47799
2026-06-05 11:02:00-04:00,366.6700134277344,366.6700134277344,366.9363098144531,366.6000061035156,366.8299865722656,48552
2026-06-05 11:04:00-04:00,366.3900146484375,366.3900146484375,366.9280090332031,366.239990234375,366.6650085449219,65713
2026-06-05 11:06:00-04:00,366.6099853515625,366.6099853515625,366.760009765625,365.9599914550781,366.3485107421875,72156
2026-06-05 11:08:00-04:00,367.3599853515625,367.3599853515625,367.6000061035156,366.5600891113281,366.6700134277344,67018
2026-06-05 11:10:00-04:00,367.3800048828125,367.3800048828125,367.872802734375,367.25,367.32000732421875,45024
2026-06-05 11:12:00-04:00,366.7749938964844,366.7749938964844,367.45001220703125,366.7300109863281,367.44000244140625,47801
2026-06-05 11:14:00-04:00,366.1351013183594,366.1351013183594,366.82000732421875,365.92999267578125,366.7850036621094,52443
2026-06-05 11:16:00-04:00,366.19219970703125,366.19219970703125,366.5299987792969,366.05499267578125,366.1099853515625,61819
2026-06-05 11:18:00-04:00,366.8399963378906,366.8399963378906,366.8500061035156,366.1413879394531,366.2250061035156,47702
2026-06-05 11:20:00-04:00,366.6400146484375,366.6400146484375,366.94000244140625,366.3299865722656,366.8699951171875,111278
2026-06-05 11:22:00-04:00,366.8800048828125,366.8800048828125,367.04998779296875,366.3299865722656,366.6099853515625,75883
2026-06-05 11:24:00-04:00,366.610107421875,366.610107421875,366.8999938964844,366.4501037597656,366.8900146484375,54310
2026-06-05 11:26:00-04:00,366.6300048828125,366.6300048828125,366.82000732421875,366.1600036621094,366.67498779296875,52191
2026-06-05 11:28:00-04:00,367.42999267578125,367.42999267578125,367.42999267578125,366.4200134277344,366.6400146484375,81039
2026-06-05 11:30:00-04:00,367.3900146484375,367.3900146484375,367.6099853515625,367.1700134277344,367.2799987792969,94265
2026-06-05 11:32:00-04:00,367.0,367.0,367.3949890136719,366.9100036621094,367.35009765625,56074
2026-06-05 11:34:00-04:00,367.42999267578125,367.42999267578125,367.44000244140625,366.8500061035156,367.0400085449219,76308
2026-06-05 11:36:00-04:00,366.79998779296875,366.79998779296875,367.5400085449219,366.79998779296875,367.4999084472656,98523
2026-06-05 11:38:00-04:00,366.75,366.75,367.0400085449219,366.30999755859375,366.79998779296875,70660
2026-06-05 11:40:00-04:00,366.6549987792969,366.6549987792969,366.9599914550781,366.510009765625,366.7850036621094,78517
2026-06-05 11:42:00-04:00,367.0299987792969,367.0299987792969,367.0799865722656,366.489990234375,366.69000244140625,141072
2026-06-05 11:44:00-04:00,366.510009765625,366.510009765625,367.05999755859375,366.3800048828125,367.02508544921875,77013
2026-06-05 11:46:00-04:00,366.760009765625,366.760009765625,367.04998779296875,366.4309997558594,366.4800109863281,66548
2026-06-05 11:48:00-04:00,366.3114013671875,366.3114013671875,366.79998779296875,366.1700134277344,366.7799987792969,50845
2026-06-05 11:50:00-04:00,366.6400146484375,366.6400146484375,366.9049987792969,366.2550048828125,366.3500061035156,53150
2026-06-05 11:52:00-04:00,367.92498779296875,367.92498779296875,368.0400085449219,366.5400085449219,366.5899963378906,56943
2026-06-05 11:54:00-04:00,367.9100036621094,367.9100036621094,368.0190124511719,367.3699951171875,368.0,54777
2026-06-05 11:56:00-04:00,368.375,368.375,368.4599914550781,367.79998779296875,367.92999267578125,71934
2026-06-05 11:58:00-04:00,368.0,368.0,368.3699951171875,367.8550109863281,368.3699951171875,49390
2026-06-05 12:00:00-04:00,367.82000732421875,367.82000732421875,368.2699890136719,367.7349853515625,367.9700012207031,49896
2026-06-05 12:02:00-04:00,367.9114990234375,367.9114990234375,368.06988525390625,367.4700012207031,367.82000732421875,44149
2026-06-05 12:04:00-04:00,367.0299987792969,367.0299987792969,367.9100036621094,366.95001220703125,367.885009765625,66454
2026-06-05 12:06:00-04:00,367.4100036621094,367.4100036621094,367.4100036621094,366.9100036621094,367.1099853515625,42502
2026-06-05 12:08:00-04:00,367.0400085449219,367.0400085449219,367.42999267578125,366.8999938964844,367.3999938964844,61807
2026-06-05 12:10:00-04:00,367.2998962402344,367.2998962402344,367.2998962402344,366.7200012207031,367.05999755859375,90386
2026-06-05 12:12:00-04:00,367.42999267578125,367.42999267578125,367.55999755859375,367.19500732421875,367.2550048828125,50651
2026-06-05 12:14:00-04:00,367.05010986328125,367.05010986328125,367.4700012207031,367.0299987792969,367.45001220703125,37166
2026-06-05 12:16:00-04:00,367.45001220703125,367.45001220703125,367.5,367.0,367.07000732421875,64533
2026-06-05 12:18:00-04:00,367.3399963378906,367.3399963378906,367.7900085449219,367.29010009765625,367.45001220703125,49224
2026-06-05 12:20:00-04:00,367.510009765625,367.510009765625,367.6700134277344,367.25,367.3500061035156,70220
2026-06-05 12:22:00-04:00,367.6700134277344,367.6700134277344,367.7699890136719,367.4700012207031,367.5,35710
2026-06-05 12:24:00-04:00,367.7650146484375,367.7650146484375,367.9599914550781,367.40008544921875,367.6698913574219,52968
2026-06-05 12:26:00-04:00,367.8800048828125,367.8800048828125,367.9898986816406,367.5474853515625,367.7401123046875,28860
2026-06-05 12:28:00-04:00,367.32000732421875,367.32000732421875,367.8999938964844,367.2749938964844,367.8599853515625,46940
2026-06-05 12:30:00-04:00,367.3699951171875,367.3699951171875,367.6000061035156,367.1300964355469,367.32000732421875,42141
2026-06-05 12:32:00-04:00,367.5400085449219,367.5400085449219,367.6499938964844,367.2699890136719,367.3800048828125,44052
2026-06-05 12:34:00-04:00,367.93499755859375,367.93499755859375,367.9399108886719,367.2900085449219,367.44000244140625,59032
2026-06-05 12:36:00-04:00,367.6199951171875,367.6199951171875,367.95001220703125,367.3500061035156,367.8900146484375,46431
2026-06-05 12:38:00-04:00,367.7099914550781,367.7099914550781,367.96990966796875,367.6000061035156,367.6199951171875,54092
2026-06-05 12:40:00-04:00,367.1300048828125,367.1300048828125,367.8999938964844,367.125,367.75,64529
2026-06-05 12:42:00-04:00,366.375,366.375,367.1700134277344,366.375,367.1400146484375,79463
2026-06-05 12:44:00-04:00,365.9100036621094,365.9100036621094,366.6099853515625,365.79998779296875,366.3299865722656,130543
2026-06-05 12:46:00-04:00,365.8599853515625,365.8599853515625,366.3800048828125,365.6099853515625,365.94000244140625,120552
2026-06-05 12:48:00-04:00,365.7950134277344,365.7950134277344,365.95001220703125,365.42999267578125,365.7860107421875,96823
2026-06-05 12:50:00-04:00,365.80999755859375,365.80999755859375,366.05999755859375,365.6300964355469,365.731689453125,62343
2026-06-05 12:52:00-04:00,367.1199951171875,367.1199951171875,367.1700134277344,365.760009765625,365.8399963378906,114894
2026-06-05 12:54:00-04:00,366.5050048828125,366.5050048828125,367.3299865722656,366.3999938964844,367.0950012207031,46682
2026-06-05 12:56:00-04:00,367.1400146484375,367.1400146484375,367.2398986816406,366.5199890136719,366.6000061035156,63145
2026-06-05 12:58:00-04:00,367.2099914550781,367.2099914550781,367.4200134277344,366.8399963378906,367.20001220703125,62346
2026-06-05 13:00:00-04:00,367.42010498046875,367.42010498046875,367.61370849609375,366.885009765625,367.2200012207031,52633
2026-06-05 13:02:00-04:00,367.5899963378906,367.5899963378906,367.6099853515625,367.0299987792969,367.4278869628906,54371
2026-06-05 13:04:00-04:00,367.4005126953125,367.4005126953125,367.8800048828125,367.30120849609375,367.6099853515625,40988
2026-06-05 13:06:00-04:00,366.79998779296875,366.79998779296875,367.45001220703125,366.7550048828125,367.4200134277344,43894
2026-06-05 13:08:00-04:00,367.0899963378906,367.0899963378906,367.57000732421875,366.760009765625,366.8999938964844,50456
2026-06-05 13:10:00-04:00,366.70001220703125,366.70001220703125,367.2650146484375,366.70001220703125,367.1549987792969,37911
2026-06-05 13:12:00-04:00,366.80010986328125,366.80010986328125,367.1199035644531,366.3299865722656,366.6199951171875,70478
2026-06-05 13:14:00-04:00,366.8500061035156,366.8500061035156,367.0509033203125,366.70001220703125,366.8500061035156,41961
2026-06-05 13:16:00-04:00,366.4100036621094,366.4100036621094,366.7300109863281,366.2550048828125,366.6900939941406,46539
2026-06-05 13:18:00-04:00,366.32501220703125,366.32501220703125,366.5150146484375,366.0600891113281,366.5150146484375,36931
2026-06-05 13:20:00-04:00,366.8900146484375,366.8900146484375,367.0,365.8500061035156,366.3699951171875,50311
2026-06-05 13:22:00-04:00,367.6499938964844,367.6499938964844,367.7300109863281,366.84100341796875,366.8901062011719,67867
2026-06-05 13:24:00-04:00,367.0400085449219,367.0400085449219,367.6700134277344,367.0199890136719,367.6099853515625,33687
2026-06-05 13:26:00-04:00,367.125,367.125,367.3800048828125,366.94000244140625,367.0400085449219,44350
2026-06-05 13:28:00-04:00,367.1499938964844,367.1499938964844,367.20001220703125,366.7900085449219,367.1300048828125,28934
2026-06-05 13:30:00-04:00,367.0392150878906,367.0392150878906,367.20001220703125,366.9599914550781,367.1499938964844,35696
2026-06-05 13:32:00-04:00,366.2300109863281,366.2300109863281,366.9599914550781,366.1400146484375,366.9599914550781,33626
2026-06-05 13:34:00-04:00,366.4649963378906,366.4649963378906,366.70001220703125,366.1300048828125,366.1700134277344,29417
2026-06-05 13:36:00-04:00,366.375,366.375,366.6099853515625,366.3200988769531,366.4599914550781,30612
2026-06-05 13:38:00-04:00,366.71990966796875,366.71990966796875,366.71990966796875,366.04998779296875,366.3999938964844,54196
2026-06-05 13:40:00-04:00,366.30499267578125,366.30499267578125,366.8299865722656,366.30499267578125,366.6499938964844,37959
2026-06-05 13:42:00-04:00,366.3800048828125,366.3800048828125,366.45001220703125,366.20001220703125,366.3800048828125,41914
2026-06-05 13:44:00-04:00,366.510009765625,366.510009765625,366.54998779296875,366.010009765625,366.40509033203125,29280
2026-06-05 13:46:00-04:00,366.44000244140625,366.44000244140625,366.7099914550781,366.3550109863281,366.5400085449219,28959
2026-06-05 13:48:00-04:00,366.3550109863281,366.3550109863281,366.5450134277344,366.25,366.4649963378906,53442
2026-06-05 13:50:00-04:00,366.1700134277344,366.1700134277344,366.5199890136719,366.1199951171875,366.3599853515625,26284
2026-06-05 13:52:00-04:00,366.2250061035156,366.2250061035156,366.29998779296875,365.8900146484375,366.1499938964844,31323
2026-06-05 13:54:00-04:00,366.3500061035156,366.3500061035156,366.5299987792969,366.0799865722656,366.20001220703125,24724
2026-06-05 13:56:00-04:00,366.489990234375,366.489990234375,366.5400085449219,366.1300048828125,366.4049987792969,59531
2026-06-05 13:58:00-04:00,366.7149963378906,366.7149963378906,366.8299865722656,366.3900146484375,366.489990234375,48664
2026-06-05 14:00:00-04:00,366.8949890136719,366.8949890136719,367.06500244140625,366.6099853515625,366.7349853515625,59431
2026-06-05 14:02:00-04:00,366.6499938964844,366.6499938964844,366.95001220703125,366.45001220703125,366.8900146484375,57029
2026-06-05 14:04:00-04:00,366.56500244140625,366.56500244140625,366.7300109863281,366.45001220703125,366.64129638671875,48049
2026-06-05 14:06:00-04:00,366.8299865722656,366.8299865722656,366.8800048828125,366.5220031738281,366.57000732421875,44536
2026-06-05 14:08:00-04:00,366.875,366.875,366.8999938964844,366.7200012207031,366.80999755859375,36085
2026-06-05 14:10:00-04:00,366.1405944824219,366.1405944824219,367.1499938964844,366.1400146484375,366.9200134277344,37508
2026-06-05 14:12:00-04:00,365.5400085449219,365.5400085449219,366.8800048828125,365.5101013183594,366.17999267578125,170286
2026-06-05 14:14:00-04:00,363.9750061035156,363.9750061035156,365.54998779296875,363.9750061035156,365.5,136614
2026-06-05 14:16:00-04:00,364.8800048828125,364.8800048828125,364.94000244140625,363.7300109863281,363.9700012207031,122948
2026-06-05 14:18:00-04:00,365.0950012207031,365.0950012207031,365.30999755859375,364.6000061035156,364.8900146484375,88801
2026-06-05 14:20:00-04:00,365.9200134277344,365.9200134277344,365.9200134277344,365.110107421875,365.20001220703125,71441
2026-06-05 14:22:00-04:00,366.1300048828125,366.1300048828125,366.3500061035156,365.82000732421875,365.95001220703125,91676
2026-06-05 14:24:00-04:00,366.2149963378906,366.2149963378906,366.489990234375,366.1099853515625,366.135009765625,56882
2026-06-05 14:26:00-04:00,365.7349853515625,365.7349853515625,366.260009765625,364.9800109863281,366.260009765625,138365
2026-06-05 14:28:00-04:00,364.8399963378906,364.8399963378906,365.7799987792969,364.6099853515625,365.7349853515625,228148
2026-06-05 14:30:00-04:00,365.2799987792969,365.2799987792969,365.3800048828125,364.3800048828125,364.79998779296875,100615
2026-06-05 14:32:00-04:00,365.1099853515625,365.1099853515625,365.19000244140625,364.42999267578125,365.1400146484375,70216
2026-06-05 14:34:00-04:00,364.95001220703125,364.95001220703125,365.1199951171875,364.70001220703125,365.0899963378906,110310
2026-06-05 14:36:00-04:00,365.2900085449219,365.2900085449219,365.5400085449219,364.8299865722656,364.92999267578125,85325
2026-06-05 14:38:00-04:00,365.7651062011719,365.7651062011719,365.82000732421875,364.9649963378906,365.30999755859375,85753
2026-06-05 14:40:00-04:00,365.2149963378906,365.2149963378906,365.8599853515625,365.0,365.739990234375,64600
2026-06-05 14:42:00-04:00,365.6400146484375,365.6400146484375,365.9800109863281,365.07000732421875,365.1700134277344,128208
2026-06-05 14:44:00-04:00,365.42999267578125,365.42999267578125,365.7998962402344,365.1600036621094,365.6300048828125,80838
2026-06-05 14:46:00-04:00,365.260009765625,365.260009765625,365.9800109863281,364.79998779296875,365.4700012207031,153840
2026-06-05 14:48:00-04:00,365.44500732421875,365.44500732421875,365.6199951171875,364.67999267578125,365.1600036621094,143641
2026-06-05 14:50:00-04:00,364.8900146484375,364.8900146484375,365.69000244140625,364.8299865722656,365.4549865722656,61509
2026-06-05 14:52:00-04:00,364.5249938964844,364.5249938964844,365.42999267578125,364.5249938964844,364.8599853515625,61411
2026-06-05 14:54:00-04:00,364.9949951171875,364.9949951171875,365.3900146484375,364.4800109863281,364.5799865722656,68813
2026-06-05 14:56:00-04:00,364.8299865722656,364.8299865722656,365.739990234375,364.7300109863281,365.0199890136719,119264
2026-06-05 14:58:00-04:00,364.3949890136719,364.3949890136719,365.07000732421875,364.3599853515625,364.82000732421875,71448
2026-06-05 15:00:00-04:00,363.610107421875,363.610107421875,364.5350036621094,363.5299987792969,364.3949890136719,67247
2026-06-05 15:02:00-04:00,363.8399963378906,363.8399963378906,364.04998779296875,363.4649963378906,363.6400146484375,50018
2026-06-05 15:04:00-04:00,363.7149963378906,363.7149963378906,363.9100036621094,363.3800048828125,363.7699890136719,52144
2026-06-05 15:06:00-04:00,363.7449951171875,363.7449951171875,364.07000732421875,363.55999755859375,363.7349853515625,66285
2026-06-05 15:08:00-04:00,363.7900085449219,363.7900085449219,363.8999938964844,363.3399963378906,363.7803039550781,73372
2026-06-05 15:10:00-04:00,363.1499938964844,363.1499938964844,363.80999755859375,362.95001220703125,363.7565002441406,74502
2026-06-05 15:12:00-04:00,363.04998779296875,363.04998779296875,363.2799987792969,362.7799987792969,363.1499938964844,67864
2026-06-05 15:14:00-04:00,362.4700012207031,362.4700012207031,363.0249938964844,362.3399963378906,363.010009765625,61990
2026-06-05 15:16:00-04:00,362.1700134277344,362.1700134277344,362.5799865722656,362.1300048828125,362.42999267578125,76152
2026-06-05 15:18:00-04:00,362.45001220703125,362.45001220703125,362.5899963378906,361.9200134277344,362.1199951171875,103434
2026-06-05 15:20:00-04:00,362.1499938964844,362.1499938964844,362.5199890136719,362.05999755859375,362.3699951171875,80372
2026-06-05 15:22:00-04:00,361.68499755859375,361.68499755859375,362.4200134277344,361.6700134277344,362.1099853515625,90935
2026-06-05 15:24:00-04:00,362.3999938964844,362.3999938964844,362.5,361.66009521484375,361.7200012207031,113097
2026-06-05 15:26:00-04:00,362.29998779296875,362.29998779296875,362.5199890136719,362.07000732421875,362.3999938964844,72602
2026-06-05 15:28:00-04:00,362.7799987792969,362.7799987792969,362.82000732421875,362.1600036621094,362.25,99232
2026-06-05 15:30:00-04:00,362.42999267578125,362.42999267578125,362.8399963378906,362.0400085449219,362.82000732421875,85676
2026-06-05 15:32:00-04:00,361.9100036621094,361.9100036621094,362.45001220703125,361.864990234375,362.45001220703125,95970
2026-06-05 15:34:00-04:00,361.94000244140625,361.94000244140625,362.45001220703125,361.8699951171875,361.95001220703125,68550
2026-06-05 15:36:00-04:00,362.1199951171875,362.1199951171875,362.20001220703125,361.70001220703125,361.9700012207031,70582
2026-06-05 15:38:00-04:00,362.3800048828125,362.3800048828125,362.6382141113281,362.0,362.1199951171875,73357
2026-06-05 15:40:00-04:00,361.7898864746094,361.7898864746094,362.4100036621094,361.6549987792969,362.4100036621094,155734
2026-06-05 15:42:00-04:00,362.1400146484375,362.1400146484375,362.19000244140625,361.6300048828125,361.760009765625,94021
2026-06-05 15:44:00-04:00,363.19500732421875,363.19500732421875,363.239990234375,362.010009765625,362.1000061035156,149153
2026-06-05 15:46:00-04:00,363.4100036621094,363.4100036621094,363.42999267578125,363.0,363.1400146484375,87233
2026-06-05 15:48:00-04:00,363.635009765625,363.635009765625,363.7799987792969,363.29998779296875,363.45001220703125,115993
2026-06-05 15:50:00-04:00,364.3599853515625,364.3599853515625,364.4200134277344,363.4700012207031,363.6300048828125,202520
2026-06-05 15:52:00-04:00,363.80999755859375,363.80999755859375,364.4649963378906,363.71600341796875,364.3399963378906,198156
2026-06-05 15:54:00-04:00,365.7699890136719,365.7699890136719,366.29998779296875,363.8399963378906,363.8399963378906,406305
2026-06-05 15:56:00-04:00,366.0299987792969,366.0299987792969,366.0299987792969,365.3900146484375,365.79998779296875,261808
2026-06-05 15:58:00-04:00,366.0,366.0,366.3999938964844,365.8500061035156,366.0238037109375,708772
2026-06-08 09:30:00-04:00,362.3699951171875,362.3699951171875,363.29998779296875,361.4100036621094,362.4849853515625,1236639
2026-06-08 09:32:00-04:00,361.5,361.5,362.4800109863281,360.67999267578125,362.4700012207031,278276
2026-06-08 09:34:00-04:00,360.4150085449219,360.4150085449219,363.0299987792969,360.1300048828125,361.57000732421875,285772
2026-06-08 09:36:00-04:00,361.82000732421875,361.82000732421875,362.1199951171875,359.8399963378906,360.45001220703125,235812
2026-06-08 09:38:00-04:00,363.0050048828125,363.0050048828125,363.3800048828125,361.7300109863281,361.8349914550781,161183
2026-06-08 09:40:00-04:00,361.30999755859375,361.30999755859375,363.07000732421875,361.1199951171875,362.94830322265625,149111
2026-06-08 09:42:00-04:00,362.54998779296875,362.54998779296875,362.6099853515625,361.0899963378906,361.2900085449219,120866
2026-06-08 09:44:00-04:00,361.7099914550781,361.7099914550781,362.9800109863281,361.3299865722656,362.57000732421875,114966
2026-06-08 09:46:00-04:00,361.7799987792969,361.7799987792969,362.3598937988281,361.32000732421875,361.79998779296875,110009
2026-06-08 09:48:00-04:00,361.2799987792969,361.2799987792969,361.8949890136719,360.840087890625,361.8599853515625,92537
2026-06-08 09:50:00-04:00,361.2099914550781,361.2099914550781,361.4200134277344,360.8900146484375,361.2300109863281,76974
2026-06-08 09:52:00-04:00,361.79998779296875,361.79998779296875,361.79998779296875,361.0400085449219,361.1199951171875,81531
2026-06-08 09:54:00-04:00,361.3999938964844,361.3999938964844,361.8500061035156,361.260009765625,361.760009765625,258687
2026-06-08 09:56:00-04:00,360.4949951171875,360.4949951171875,361.5,360.45001220703125,361.44000244140625,87148
2026-06-08 09:58:00-04:00,360.20001220703125,360.20001220703125,360.7950134277344,360.04998779296875,360.5299987792969,144454
2026-06-08 10:00:00-04:00,359.44000244140625,359.44000244140625,360.3299865722656,359.1300048828125,360.1549987792969,167206
2026-06-08 10:02:00-04:00,359.510009765625,359.510009765625,359.92999267578125,358.92999267578125,359.42498779296875,144881
2026-06-08 10:04:00-04:00,359.1080017089844,359.1080017089844,359.79998779296875,358.8999938964844,359.4480895996094,97945
2026-06-08 10:06:00-04:00,358.66009521484375,358.66009521484375,359.6600036621094,358.5199890136719,359.1300048828125,128563
2026-06-08 10:08:00-04:00,358.7099914550781,358.7099914550781,359.2300109863281,358.55999755859375,358.6600036621094,109464
2026-06-08 10:10:00-04:00,358.93499755859375,358.93499755859375,358.93499755859375,358.0,358.7250061035156,536194
2026-06-08 10:12:00-04:00,358.42999267578125,358.42999267578125,358.8999938964844,357.9049987792969,358.8999938964844,106838
2026-06-08 10:14:00-04:00,358.1600036621094,358.1600036621094,358.7900085449219,358.010009765625,358.489990234375,99292
2026-06-08 10:16:00-04:00,359.0199890136719,359.0199890136719,359.0299987792969,357.8900146484375,358.2200012207031,147704
2026-06-08 10:18:00-04:00,359.07000732421875,359.07000732421875,359.1549987792969,358.40008544921875,359.0400085449219,87598
2026-06-08 10:20:00-04:00,359.4700012207031,359.4700012207031,359.7099914550781,359.0400085449219,359.05999755859375,99233
2026-06-08 10:22:00-04:00,359.125,359.125,359.5799865722656,358.5799865722656,359.5,304980
2026-06-08 10:24:00-04:00,358.7049865722656,358.7049865722656,359.17498779296875,358.2900085449219,359.1000061035156,97828
2026-06-08 10:26:00-04:00,358.94000244140625,358.94000244140625,359.1000061035156,358.3399963378906,358.6499938964844,82490
2026-06-08 10:28:00-04:00,359.239990234375,359.239990234375,359.25,358.5704040527344,358.9049987792969,61032
2026-06-08 10:30:00-04:00,359.05010986328125,359.05010986328125,359.489990234375,359.010009765625,359.20001220703125,65100
2026-06-08 10:32:00-04:00,358.8999938964844,358.8999938964844,359.4100036621094,358.69000244140625,359.1000061035156,77693
2026-06-08 10:34:00-04:00,359.0450134277344,359.0450134277344,359.21990966796875,358.6000061035156,358.8900146484375,59120
2026-06-08 10:36:00-04:00,359.30999755859375,359.30999755859375,359.5199890136719,358.9100036621094,359.04998779296875,83168
2026-06-08 10:38:00-04:00,359.1099853515625,359.1099853515625,359.56988525390625,358.8900146484375,359.2958984375,88440
2026-06-08 10:40:00-04:00,358.4700012207031,358.4700012207031,359.1400146484375,358.30999755859375,359.0849914550781,92566
2026-06-08 10:42:00-04:00,358.3092956542969,358.3092956542969,358.8800048828125,358.239990234375,358.4800109863281,70731
2026-06-08 10:44:00-04:00,359.42999267578125,359.42999267578125,359.4599914550781,358.3299865722656,358.3299865722656,70903
2026-06-08 10:46:00-04:00,359.4949951171875,359.4949951171875,359.8800048828125,359.0899963378906,359.4100036621094,122663
2026-06-08 10:48:00-04:00,359.82000732421875,359.82000732421875,360.2099914550781,359.5150146484375,359.5199890136719,86155
2026-06-08 10:50:00-04:00,360.34210205078125,360.34210205078125,360.3599853515625,359.7699890136719,359.9100036621094,53730
2026-06-08 10:52:00-04:00,360.82000732421875,360.82000732421875,360.8900146484375,360.1300048828125,360.3299865722656,83199
2026-06-08 10:54:00-04:00,360.8399963378906,360.8399963378906,361.08990478515625,360.6400146484375,360.8299865722656,90868
2026-06-08 10:56:00-04:00,360.6199951171875,360.6199951171875,360.9599914550781,360.55999755859375,360.8450012207031,68805
2026-06-08 10:58:00-04:00,361.739990234375,361.739990234375,361.79998779296875,360.6499938964844,360.6499938964844,77420
2026-06-08 11:00:00-04:00,361.6000061035156,361.6000061035156,361.9700012207031,361.464111328125,361.80999755859375,54422
2026-06-08 11:02:00-04:00,361.760009765625,361.760009765625,361.80999755859375,361.2300109863281,361.55999755859375,57748
2026-06-08 11:04:00-04:00,360.7799987792969,360.7799987792969,361.764404296875,360.75,361.7099914550781,82395
2026-06-08 11:06:00-04:00,360.8949890136719,360.8949890136719,361.0299987792969,360.75,360.7799987792969,66219
2026-06-08 11:08:00-04:00,360.8800048828125,360.8800048828125,360.989990234375,360.6000061035156,360.8999938964844,74037
2026-06-08 11:10:00-04:00,360.67498779296875,360.67498779296875,361.0400085449219,360.55999755859375,360.75,71287
2026-06-08 11:12:00-04:00,360.94000244140625,360.94000244140625,361.0,360.3999938964844,360.69000244140625,54464
2026-06-08 11:14:00-04:00,360.5799865722656,360.5799865722656,361.3550109863281,360.5799865722656,360.92498779296875,131290
2026-06-08 11:16:00-04:00,360.8575134277344,360.8575134277344,361.1499938964844,360.5799865722656,360.5799865722656,37114
2026-06-08 11:18:00-04:00,360.9100036621094,360.9100036621094,361.2699890136719,360.55999755859375,360.80999755859375,48466
2026-06-08 11:20:00-04:00,360.45001220703125,360.45001220703125,361.04998779296875,360.45001220703125,360.9200134277344,54287
2026-06-08 11:22:00-04:00,361.5199890136719,361.5199890136719,361.5249938964844,360.4100036621094,360.4549865722656,71185
2026-06-08 11:24:00-04:00,361.2253112792969,361.2253112792969,361.7300109863281,361.1700134277344,361.5350036621094,63533
2026-06-08 11:26:00-04:00,360.793701171875,360.793701171875,361.3299865722656,360.67999267578125,361.19000244140625,83004
2026-06-08 11:28:00-04:00,360.4700012207031,360.4700012207031,360.9599914550781,360.4150085449219,360.79998779296875,49054
2026-06-08 11:30:00-04:00,359.9800109863281,359.9800109863281,360.5199890136719,359.93499755859375,360.5199890136719,85738
2026-06-08 11:32:00-04:00,359.8500061035156,359.8500061035156,360.260009765625,359.82501220703125,360.0400085449219,50176
2026-06-08 11:34:00-04:00,359.81451416015625,359.81451416015625,360.20001220703125,359.7799987792969,359.9599914550781,84622
2026-06-08 11:36:00-04:00,359.98529052734375,359.98529052734375,359.98529052734375,359.6099853515625,359.79998779296875,35365
2026-06-08 11:38:00-04:00,360.32000732421875,360.32000732421875,360.635009765625,359.95001220703125,360.010009765625,118226
2026-06-08 11:40:00-04:00,360.0,360.0,360.56500244140625,359.9200134277344,360.29998779296875,50112
2026-06-08 11:42:00-04:00,359.7699890136719,359.7699890136719,360.20001220703125,359.6600036621094,360.0199890136719,58667
2026-06-08 11:44:00-04:00,360.1387023925781,360.1387023925781,360.1549987792969,359.7900085449219,359.7900085449219,41802
2026-06-08 11:46:00-04:00,360.05999755859375,360.05999755859375,360.19000244140625,359.9599914550781,360.1050109863281,61675
2026-06-08 11:48:00-04:00,359.3999938964844,359.3999938964844,360.05999755859375,359.3599853515625,360.04998779296875,57596
2026-06-08 11:50:00-04:00,359.44000244140625,359.44000244140625,359.6700134277344,359.3699951171875,359.3949890136719,45294
2026-06-08 11:52:00-04:00,359.3299865722656,359.3299865722656,359.6000061035156,359.3299865722656,359.3900146484375,50926
2026-06-08 11:54:00-04:00,358.92999267578125,358.92999267578125,359.42999267578125,358.8699951171875,359.3800048828125,47486
2026-06-08 11:56:00-04:00,358.7699890136719,358.7699890136719,359.05999755859375,358.6499938964844,358.9700012207031,48330
2026-06-08 11:58:00-04:00,359.2200012207031,359.2200012207031,359.2200012207031,358.7926940917969,358.82989501953125,43364
2026-06-08 12:00:00-04:00,359.30999755859375,359.30999755859375,359.30999755859375,358.989990234375,359.239990234375,30038
2026-06-08 12:02:00-04:00,359.3800048828125,359.3800048828125,359.510009765625,359.1700134277344,359.20001220703125,29457
2026-06-08 12:04:00-04:00,359.614990234375,359.614990234375,359.6400146484375,359.2792053222656,359.3699951171875,36350
2026-06-08 12:06:00-04:00,359.4599914550781,359.4599914550781,359.7699890136719,359.2449951171875,359.6099853515625,67042
2026-06-08 12:08:00-04:00,359.31500244140625,359.31500244140625,359.55999755859375,359.224609375,359.42230224609375,32141
2026-06-08 12:10:00-04:00,359.3999938964844,359.3999938964844,359.3999938964844,358.93011474609375,359.260009765625,64945
2026-06-08 12:12:00-04:00,359.54998779296875,359.54998779296875,359.6199951171875,359.3500061035156,359.4393005371094,59842
2026-06-08 12:14:00-04:00,359.72979736328125,359.72979736328125,359.80999755859375,359.4100036621094,359.5249938964844,46542
2026-06-08 12:16:00-04:00,359.385009765625,359.385009765625,359.7250061035156,359.25,359.7200012207031,29729
2026-06-08 12:18:00-04:00,359.94000244140625,359.94000244140625,359.94000244140625,359.3949890136719,359.3949890136719,24271
2026-06-08 12:20:00-04:00,359.885009765625,359.885009765625,360.0400085449219,359.7699890136719,359.94000244140625,185583
2026-06-08 12:22:00-04:00,359.5050048828125,359.5050048828125,359.8699951171875,359.5,359.8699951171875,41550
2026-06-08 12:24:00-04:00,359.739990234375,359.739990234375,359.7452087402344,359.45001220703125,359.5150146484375,35342
2026-06-08 12:26:00-04:00,359.32000732421875,359.32000732421875,359.7900085449219,359.2900085449219,359.6400146484375,28429
2026-06-08 12:28:00-04:00,359.1400146484375,359.1400146484375,359.3721008300781,359.0199890136719,359.2900085449219,54912
2026-06-08 12:30:00-04:00,359.510009765625,359.510009765625,359.5299987792969,359.07000732421875,359.19000244140625,29454
2026-06-08 12:32:00-04:00,359.57000732421875,359.57000732421875,359.80999755859375,359.4200134277344,359.4599914550781,35647
2026-06-08 12:34:00-04:00,359.55999755859375,359.55999755859375,359.6899108886719,359.3299865722656,359.5400085449219,27871
2026-06-08 12:36:00-04:00,359.489990234375,359.489990234375,359.7799987792969,359.3800048828125,359.5199890136719,49890
2026-06-08 12:38:00-04:00,359.6300048828125,359.6300048828125,359.6300048828125,359.20001220703125,359.5,24693
2026-06-08 12:40:00-04:00,359.70001220703125,359.70001220703125,359.8349914550781,359.4549865722656,359.5899963378906,41938
2026-06-08 12:42:00-04:00,359.43499755859375,359.43499755859375,359.7799987792969,359.349609375,359.7300109863281,34066
2026-06-08 12:44:00-04:00,359.7200012207031,359.7200012207031,359.7699890136719,359.42999267578125,359.42999267578125,36007
2026-06-08 12:46:00-04:00,360.1099853515625,360.1099853515625,360.239990234375,359.6449890136719,359.7099914550781,32936
2026-06-08 12:48:00-04:00,360.0,360.0,360.30999755859375,359.94500732421875,360.07000732421875,29126
2026-06-08 12:50:00-04:00,360.010009765625,360.010009765625,360.30999755859375,359.8699951171875,360.0299987792969,91046
2026-06-08 12:52:00-04:00,359.6099853515625,359.6099853515625,360.0799865722656,359.5899963378906,360.0050048828125,57578
2026-06-08 12:54:00-04:00,359.4549865722656,359.4549865722656,359.80499267578125,359.2101135253906,359.55999755859375,40423
2026-06-08 12:56:00-04:00,359.260009765625,359.260009765625,359.57000732421875,359.2099914550781,359.45001220703125,37325
2026-06-08 12:58:00-04:00,359.375,359.375,359.4700012207031,359.20001220703125,359.2699890136719,26317
2026-06-08 13:00:00-04:00,358.9599914550781,358.9599914550781,359.3999938964844,358.8399963378906,359.375,64736
2026-06-08 13:02:00-04:00,358.4949951171875,358.4949951171875,359.0098876953125,358.4750061035156,359.0098876953125,64930
2026-06-08 13:04:00-04:00,358.8999938964844,358.8999938964844,359.0400085449219,358.3399963378906,358.5,49363
2026-06-08 13:06:00-04:00,358.989990234375,358.989990234375,359.1600036621094,358.7749938964844,358.9269104003906,29624
2026-06-08 13:08:00-04:00,358.81500244140625,358.81500244140625,359.1099853515625,358.70001220703125,359.0,20681
2026-06-08 13:10:00-04:00,358.5,358.5,358.8599853515625,358.3999938964844,358.8299865722656,50928
2026-06-08 13:12:00-04:00,358.6449890136719,358.6449890136719,358.7850036621094,358.3900146484375,358.55499267578125,48794
2026-06-08 13:14:00-04:00,358.82000732421875,358.82000732421875,358.989990234375,358.55999755859375,358.6499938964844,28066
2026-06-08 13:16:00-04:00,359.05999755859375,359.05999755859375,359.19000244140625,358.8299865722656,358.8299865722656,48036
2026-06-08 13:18:00-04:00,359.2250061035156,359.2250061035156,359.29998779296875,358.8800048828125,359.0799865722656,55335
2026-06-08 13:20:00-04:00,359.69000244140625,359.69000244140625,359.79998779296875,359.17999267578125,359.2250061035156,49445
2026-06-08 13:22:00-04:00,359.9200134277344,359.9200134277344,359.95001220703125,359.5799865722656,359.7099914550781,43473
2026-06-08 13:24:00-04:00,360.44000244140625,360.44000244140625,360.4800109863281,359.79998779296875,359.95001220703125,40253
2026-06-08 13:26:00-04:00,360.68499755859375,360.68499755859375,360.7149963378906,360.1099853515625,360.40838623046875,54258
2026-06-08 13:28:00-04:00,361.4949951171875,361.4949951171875,361.7900085449219,360.489990234375,360.6700134277344,191187
2026-06-08 13:30:00-04:00,361.4309997558594,361.4309997558594,362.1099853515625,361.0899963378906,361.4599914550781,138173
2026-06-08 13:32:00-04:00,361.7699890136719,361.7699890136719,361.8699951171875,361.1000061035156,361.489990234375,108420
2026-06-08 13:34:00-04:00,361.8900146484375,361.8900146484375,362.3599853515625,361.489990234375,361.7900085449219,90969
2026-06-08 13:36:00-04:00,361.6449890136719,361.6449890136719,362.0899963378906,361.489990234375,361.94500732421875,113384
2026-06-08 13:38:00-04:00,361.2799987792969,361.2799987792969,362.0,361.17999267578125,361.6400146484375,51537
2026-06-08 13:40:00-04:00,361.5067138671875,361.5067138671875,361.5199890136719,361.1600036621094,361.25,34680
2026-06-08 13:42:00-04:00,361.2850036621094,361.2850036621094,361.75,361.2850036621094,361.44000244140625,36587
2026-06-08 13:44:00-04:00,360.989990234375,360.989990234375,361.4197998046875,360.7799987792969,361.2850036621094,46213
2026-06-08 13:46:00-04:00,361.3900146484375,361.3900146484375,361.3900146484375,360.885009765625,361.04998779296875,32213
2026-06-08 13:48:00-04:00,361.3727111816406,361.3727111816406,361.489990234375,361.0299987792969,361.4200134277344,57511
2026-06-08 13:50:00-04:00,361.625,361.625,361.67999267578125,361.44000244140625,361.4599914550781,28893
2026-06-08 13:52:00-04:00,361.75,361.75,361.9800109863281,361.4700927734375,361.635009765625,39175
2026-06-08 13:54:00-04:00,361.3999938964844,361.3999938964844,361.7499084472656,361.3999938964844,361.7300109863281,31836
2026-06-08 13:56:00-04:00,361.5,361.5,361.82000732421875,361.4049987792969,361.44000244140625,28872
2026-06-08 13:58:00-04:00,361.55999755859375,361.55999755859375,361.6199951171875,361.44000244140625,361.5,66716
2026-06-08 14:00:00-04:00,361.7149963378906,361.7149963378906,361.7200012207031,361.3599853515625,361.5799865722656,39253
2026-06-08 14:02:00-04:00,361.67999267578125,361.67999267578125,361.760009765625,361.489990234375,361.7149963378906,34730
2026-06-08 14:04:00-04:00,361.6600036621094,361.6600036621094,361.7799987792969,361.5199890136719,361.6499938964844,50211
2026-06-08 14:06:00-04:00,361.739990234375,361.739990234375,361.8999938964844,361.6099853515625,361.6449890136719,38069
2026-06-08 14:08:00-04:00,361.92999267578125,361.92999267578125,362.0,361.6199951171875,361.7099914550781,32337
2026-06-08 14:10:00-04:00,361.4200134277344,361.4200134277344,361.92999267578125,361.2650146484375,361.9100036621094,36603
2026-06-08 14:12:00-04:00,361.4750061035156,361.4750061035156,361.5,360.7699890136719,361.3299865722656,72769
2026-06-08 14:14:00-04:00,361.54998779296875,361.54998779296875,361.6600036621094,361.3299865722656,361.4750061035156,47371
2026-06-08 14:16:00-04:00,361.2250061035156,361.2250061035156,361.56988525390625,361.17999267578125,361.5199890136719,43028
2026-06-08 14:18:00-04:00,361.2152099609375,361.2152099609375,361.260009765625,361.1263122558594,361.2349853515625,21383
2026-06-08 14:20:00-04:00,361.1907958984375,361.1907958984375,361.31500244140625,361.1449890136719,361.239990234375,24921
2026-06-08 14:22:00-04:00,361.4024963378906,361.4024963378906,361.5199890136719,361.25,361.2699890136719,28142
2026-06-08 14:24:00-04:00,361.4800109863281,361.4800109863281,361.489990234375,361.19000244140625,361.4200134277344,27426
2026-06-08 14:26:00-04:00,361.42999267578125,361.42999267578125,361.4700012207031,361.29998779296875,361.4549865722656,27425
2026-06-08 14:28:00-04:00,361.82000732421875,361.82000732421875,361.8599853515625,361.2900085449219,361.489990234375,37793
2026-06-08 14:30:00-04:00,362.2200012207031,362.2200012207031,362.3999938964844,361.80999755859375,361.82000732421875,74495
2026-06-08 14:32:00-04:00,362.1300048828125,362.1300048828125,362.3550109863281,361.42999267578125,362.20001220703125,81130
2026-06-08 14:34:00-04:00,361.95001220703125,361.95001220703125,362.1600036621094,361.6449890136719,362.114990234375,43481
2026-06-08 14:36:00-04:00,361.7619934082031,361.7619934082031,362.25,361.75,361.9549865722656,28152
2026-06-08 14:38:00-04:00,361.54998779296875,361.54998779296875,361.79998779296875,361.5299987792969,361.760009765625,29147
2026-06-08 14:40:00-04:00,361.5400085449219,361.5400085449219,361.69000244140625,361.28009033203125,361.5299987792969,28526
2026-06-08 14:42:00-04:00,361.3900146484375,361.3900146484375,361.69500732421875,361.3900146484375,361.55999755859375,23800
2026-06-08 14:44:00-04:00,361.5400085449219,361.5400085449219,361.6600036621094,361.3599853515625,361.4100036621094,25318
2026-06-08 14:46:00-04:00,361.5,361.5,361.7699890136719,361.489990234375,361.5400085449219,26876
2026-06-08 14:48:00-04:00,361.2900085449219,361.2900085449219,361.5899963378906,361.2550048828125,361.5050048828125,28989
2026-06-08 14:50:00-04:00,361.2149963378906,361.2149963378906,361.32000732421875,361.1199951171875,361.2799987792969,23154
2026-06-08 14:52:00-04:00,361.07000732421875,361.07000732421875,361.2149963378906,361.07000732421875,361.2149963378906,56807
2026-06-08 14:54:00-04:00,361.1400146484375,361.1400146484375,361.1700134277344,360.75,361.07000732421875,44519
2026-06-08 14:56:00-04:00,361.1698913574219,361.1698913574219,361.3800048828125,361.0899963378906,361.1700134277344,28164
2026-06-08 14:58:00-04:00,361.0,361.0,361.2099914550781,361.0,361.1199951171875,27042
2026-06-08 15:00:00-04:00,360.5849914550781,360.5849914550781,361.05499267578125,360.5199890136719,361.0150146484375,35105
2026-06-08 15:02:00-04:00,360.731689453125,360.731689453125,360.8299865722656,360.6000061035156,360.6199951171875,29747
2026-06-08 15:04:00-04:00,360.8500061035156,360.8500061035156,360.9100036621094,360.6600036621094,360.7300109863281,29966
2026-06-08 15:06:00-04:00,361.05999755859375,361.05999755859375,361.0799865722656,360.75,360.8800048828125,41596
2026-06-08 15:08:00-04:00,360.9700012207031,360.9700012207031,361.1000061035156,360.90631103515625,361.0299987792969,33898
2026-06-08 15:10:00-04:00,360.5799865722656,360.5799865722656,361.010009765625,360.54998779296875,360.9849853515625,53977
2026-06-08 15:12:00-04:00,360.5,360.5,360.64990234375,360.29998779296875,360.57501220703125,60210
2026-06-08 15:14:00-04:00,360.3999938964844,360.3999938964844,360.6449890136719,360.1400146484375,360.4949951171875,50867
2026-06-08 15:16:00-04:00,360.3599853515625,360.3599853515625,360.45001220703125,360.1000061035156,360.3949890136719,28734
2026-06-08 15:18:00-04:00,360.2699890136719,360.2699890136719,360.3550109863281,360.17999267578125,360.32000732421875,32462
2026-06-08 15:20:00-04:00,360.31500244140625,360.31500244140625,360.4800109863281,360.25,360.2699890136719,32512
2026-06-08 15:22:00-04:00,360.05999755859375,360.05999755859375,360.3800048828125,359.95001220703125,360.29998779296875,46054
2026-06-08 15:24:00-04:00,359.75,359.75,360.1499938964844,359.739990234375,360.0799865722656,38883
2026-06-08 15:26:00-04:00,360.2699890136719,360.2699890136719,360.30999755859375,359.6499938964844,359.69000244140625,51811
2026-06-08 15:28:00-04:00,360.4200134277344,360.4200134277344,360.45001220703125,359.9700012207031,360.2699890136719,35025
2026-06-08 15:30:00-04:00,360.3999938964844,360.3999938964844,360.55999755859375,360.19000244140625,360.45001220703125,43501
2026-06-08 15:32:00-04:00,360.3900146484375,360.3900146484375,360.6300048828125,360.32000732421875,360.3699951171875,42654
2026-06-08 15:34:00-04:00,360.4100036621094,360.4100036621094,360.5707092285156,360.3349914550781,360.3949890136719,36252
2026-06-08 15:36:00-04:00,360.4200134277344,360.4200134277344,360.45001220703125,360.2699890136719,360.4100036621094,33352
2026-06-08 15:38:00-04:00,360.1099853515625,360.1099853515625,360.45001220703125,360.05999755859375,360.3900146484375,46511
2026-06-08 15:40:00-04:00,360.2799987792969,360.2799987792969,360.4200134277344,359.82000732421875,360.1099853515625,61747
2026-06-08 15:42:00-04:00,360.4599914550781,360.4599914550781,360.4599914550781,360.16949462890625,360.2850036621094,39298
2026-06-08 15:44:00-04:00,360.8299865722656,360.8299865722656,360.8399963378906,360.4100036621094,360.45001220703125,56670
2026-06-08 15:46:00-04:00,360.92999267578125,360.92999267578125,361.260009765625,360.7699890136719,360.8299865722656,60116
2026-06-08 15:48:00-04:00,360.7799987792969,360.7799987792969,360.9599914550781,360.6200866699219,360.9599914550781,72026
2026-06-08 15:50:00-04:00,360.54998779296875,360.54998779296875,361.20001220703125,360.5450134277344,360.82000732421875,105953
2026-06-08 15:52:00-04:00,360.9100036621094,360.9100036621094,360.9599914550781,360.32159423828125,360.57000732421875,94839
2026-06-08 15:54:00-04:00,360.89599609375,360.89599609375,361.239990234375,360.2099914550781,360.9200134277344,236672
2026-06-08 15:56:00-04:00,361.3800048828125,361.3800048828125,361.3999938964844,360.82000732421875,360.8900146484375,229695
2026-06-08 15:58:00-04:00,361.1499938964844,361.1499938964844,361.5799865722656,361.1400146484375,361.3699951171875,596069
2026-06-09 09:30:00-04:00,367.0400085449219,367.0400085449219,367.08489990234375,364.3949890136719,365.0,730970
2026-06-09 09:32:00-04:00,369.2550048828125,369.2550048828125,369.2550048828125,366.1199951171875,367.0299987792969,222912
2026-06-09 09:34:00-04:00,368.70001220703125,368.70001220703125,369.69219970703125,368.6000061035156,369.07000732421875,214001
2026-06-09 09:36:00-04:00,367.4400939941406,367.4400939941406,369.19500732421875,367.0400085449219,368.6700134277344,142959
2026-06-09 09:38:00-04:00,368.2099914550781,368.2099914550781,368.5899963378906,367.1600036621094,367.4462890625,115752
2026-06-09 09:40:00-04:00,366.9599914550781,366.9599914550781,368.32000732421875,366.3299865722656,368.2174987792969,98091
2026-06-09 09:42:00-04:00,368.3699951171875,368.3699951171875,368.39990234375,366.80999755859375,367.0,84529
2026-06-09 09:44:00-04:00,368.3349914550781,368.3349914550781,368.6099853515625,367.6099853515625,368.3450012207031,113694
2026-06-09 09:46:00-04:00,368.5299987792969,368.5299987792969,368.5299987792969,367.4638977050781,368.3450012207031,59614
2026-06-09 09:48:00-04:00,368.7099914550781,368.7099914550781,369.2698974609375,368.19000244140625,368.5849914550781,116983
2026-06-09 09:50:00-04:00,368.2650146484375,368.2650146484375,368.81878662109375,367.1600036621094,368.7799987792969,75429
2026-06-09 09:52:00-04:00,368.2900085449219,368.2900085449219,368.760009765625,368.135009765625,368.30999755859375,57378
2026-06-09 09:54:00-04:00,367.0249938964844,367.0249938964844,368.489990234375,366.9200134277344,368.3450012207031,74574
2026-06-09 09:56:00-04:00,367.29998779296875,367.29998779296875,367.5150146484375,366.739990234375,367.0249938964844,49599
2026-06-09 09:58:00-04:00,367.07501220703125,367.07501220703125,368.1400146484375,366.8999938964844,367.3299865722656,63350
2026-06-09 10:00:00-04:00,367.69000244140625,367.69000244140625,367.69000244140625,366.8456115722656,367.135009765625,76522
2026-06-09 10:02:00-04:00,368.2250061035156,368.2250061035156,368.389892578125,367.19000244140625,367.6700134277344,91841
2026-06-09 10:04:00-04:00,368.0150146484375,368.0150146484375,368.2799072265625,367.69000244140625,368.19500732421875,69087
2026-06-09 10:06:00-04:00,367.59991455078125,367.59991455078125,368.0899963378906,367.5,367.9601135253906,61526
2026-06-09 10:08:00-04:00,368.0419921875,368.0419921875,368.2699890136719,367.4801025390625,367.5450134277344,77005
2026-06-09 10:10:00-04:00,367.0199890136719,367.0199890136719,367.9949951171875,366.8949890136719,367.9949951171875,120070
2026-06-09 10:12:00-04:00,365.5400085449219,365.5400085449219,367.05999755859375,365.4599914550781,367.0400085449219,83411
2026-06-09 10:14:00-04:00,365.125,365.125,365.75,365.0509948730469,365.5299987792969,84705
2026-06-09 10:16:00-04:00,364.0799865722656,364.0799865722656,365.3399963378906,363.8999938964844,365.19000244140625,121608
2026-06-09 10:18:00-04:00,364.2699890136719,364.2699890136719,364.50390625,363.8500061035156,364.06500244140625,87759
2026-06-09 10:20:00-04:00,364.7200012207031,364.7200012207031,364.80499267578125,363.6700134277344,364.25,125616
2026-06-09 10:22:00-04:00,365.29998779296875,365.29998779296875,365.4682922363281,364.5849914550781,364.8399963378906,88349
2026-06-09 10:24:00-04:00,365.2900085449219,365.2900085449219,365.5299987792969,364.8500061035156,365.3399963378906,88118
2026-06-09 10:26:00-04:00,364.80999755859375,364.80999755859375,365.3399963378906,364.6300048828125,365.2850036621094,76577
2026-06-09 10:28:00-04:00,365.54998779296875,365.54998779296875,365.67999267578125,364.7301025390625,364.7301025390625,90934
2026-06-09 10:30:00-04:00,366.0299987792969,366.0299987792969,366.1000061035156,365.1199951171875,365.5,66054
2026-06-09 10:32:00-04:00,366.4700012207031,366.4700012207031,366.5799865722656,365.95001220703125,366.0150146484375,75640
2026-06-09 10:34:00-04:00,366.20001220703125,366.20001220703125,366.6099853515625,365.9800109863281,366.5447082519531,77967
2026-06-09 10:36:00-04:00,366.1199951171875,366.1199951171875,366.25,365.74749755859375,366.2200012207031,60630
2026-06-09 10:38:00-04:00,365.2149963378906,365.2149963378906,366.1400146484375,365.04998779296875,366.1400146484375,77260
2026-06-09 10:40:00-04:00,364.6000061035156,364.6000061035156,365.30999755859375,364.54998779296875,365.239990234375,94720
2026-06-09 10:42:00-04:00,363.7049865722656,363.7049865722656,364.70001220703125,363.66571044921875,364.54998779296875,70709
2026-06-09 10:44:00-04:00,362.75,362.75,363.80999755859375,362.6000061035156,363.7099914550781,103337
2026-06-09 10:46:00-04:00,362.3091125488281,362.3091125488281,362.92999267578125,362.2250061035156,362.75201416015625,108000
2026-06-09 10:48:00-04:00,361.510009765625,361.510009765625,362.4599914550781,361.42999267578125,362.30999755859375,117257
2026-06-09 10:50:00-04:00,361.4200134277344,361.4200134277344,361.5899963378906,360.94000244140625,361.42999267578125,116805
2026-06-09 10:52:00-04:00,361.19500732421875,361.19500732421875,361.9700012207031,360.9599914550781,361.3999938964844,78332
2026-06-09 10:54:00-04:00,362.06500244140625,362.06500244140625,362.2099914550781,361.1300048828125,361.19500732421875,97490
2026-06-09 10:56:00-04:00,362.0,362.0,362.2300109863281,361.8299865722656,362.0899963378906,53566
2026-06-09 10:58:00-04:00,362.5,362.5,362.8800048828125,362.0989990234375,362.1000061035156,72995
2026-06-09 11:00:00-04:00,362.2200012207031,362.2200012207031,362.7699890136719,362.110107421875,362.6099853515625,57179
2026-06-09 11:02:00-04:00,362.2099914550781,362.2099914550781,362.32000732421875,361.66009521484375,362.20001220703125,51965
2026-06-09 11:04:00-04:00,361.7117919921875,361.7117919921875,362.32000732421875,361.6315002441406,362.19000244140625,50860
2026-06-09 11:06:00-04:00,361.93499755859375,361.93499755859375,362.0849914550781,361.6300048828125,361.67999267578125,37879
2026-06-09 11:08:00-04:00,361.93499755859375,361.93499755859375,362.0199890136719,361.57000732421875,362.0199890136719,34734
2026-06-09 11:10:00-04:00,361.8599853515625,361.8599853515625,362.385009765625,361.8500061035156,361.8999938964844,50572
2026-06-09 11:12:00-04:00,361.9599914550781,361.9599914550781,362.0,361.3399963378906,361.8599853515625,60612
2026-06-09 11:14:00-04:00,361.1549987792969,361.1549987792969,362.0199890136719,361.0350036621094,361.9599914550781,46997
2026-06-09 11:16:00-04:00,360.9100036621094,360.9100036621094,361.2325134277344,360.54998779296875,361.1700134277344,74242
2026-06-09 11:18:00-04:00,360.82000732421875,360.82000732421875,361.17999267578125,360.7099914550781,360.9100036621094,89494
2026-06-09 11:20:00-04:00,360.8349914550781,360.8349914550781,361.0199890136719,360.67999267578125,360.82000732421875,35407
2026-06-09 11:22:00-04:00,360.5350036621094,360.5350036621094,360.8349914550781,360.3450012207031,360.8349914550781,83200
2026-06-09 11:24:00-04:00,359.7651062011719,359.7651062011719,360.5350036621094,359.5314025878906,360.5199890136719,97417
2026-06-09 11:26:00-04:00,359.1611022949219,359.1611022949219,359.739990234375,359.1611022949219,359.739990234375,64376
2026-06-09 11:28:00-04:00,358.4750061035156,358.4750061035156,359.1499938964844,358.1000061035156,359.1499938964844,135844
2026-06-09 11:30:00-04:00,358.07000732421875,358.07000732421875,358.8752136230469,357.82000732421875,358.510009765625,86676
2026-06-09 11:32:00-04:00,358.2099914550781,358.2099914550781,358.4800109863281,358.0282897949219,358.1099853515625,76538
2026-06-09 11:34:00-04:00,358.1700134277344,358.1700134277344,358.3500061035156,357.6000061035156,358.25,88561
2026-06-09 11:36:00-04:00,357.69500732421875,357.69500732421875,358.2699890136719,357.55999755859375,358.20001220703125,130387
2026-06-09 11:38:00-04:00,357.9200134277344,357.9200134277344,358.0,357.2200012207031,357.69000244140625,98943
2026-06-09 11:40:00-04:00,357.885009765625,357.885009765625,358.09991455078125,357.3800964355469,357.8500061035156,60890
2026-06-09 11:42:00-04:00,358.1199951171875,358.1199951171875,358.5246887207031,357.8399963378906,357.864990234375,76253
2026-06-09 11:44:00-04:00,358.239990234375,358.239990234375,358.45001220703125,357.93499755859375,358.1199951171875,82524
2026-06-09 11:46:00-04:00,358.4700012207031,358.4700012207031,358.8500061035156,358.2200012207031,358.235595703125,59340
2026-06-09 11:48:00-04:00,358.7699890136719,358.7699890136719,358.9100036621094,358.29998779296875,358.489990234375,54662
2026-06-09 11:50:00-04:00,358.9649963378906,358.9649963378906,359.0299987792969,358.0199890136719,358.7200012207031,52714
2026-06-09 11:52:00-04:00,358.8699951171875,358.8699951171875,359.2099914550781,358.69000244140625,358.93499755859375,43150
2026-06-09 11:54:00-04:00,358.3900146484375,358.3900146484375,359.0799865722656,358.3299865722656,358.8900146484375,61195
2026-06-09 11:56:00-04:00,357.989990234375,357.989990234375,358.94500732421875,357.989990234375,358.3399963378906,102321
2026-06-09 11:58:00-04:00,357.8599853515625,357.8599853515625,358.3800048828125,357.67999267578125,357.8999938964844,107936
2026-06-09 12:00:00-04:00,358.6300048828125,358.6300048828125,358.6400146484375,357.8599853515625,357.92999267578125,93060
2026-06-09 12:02:00-04:00,358.7349853515625,358.7349853515625,358.989990234375,358.5199890136719,358.6351013183594,52075
2026-06-09 12:04:00-04:00,358.42999267578125,358.42999267578125,358.8999938964844,358.3599853515625,358.7049865722656,47007
2026-06-09 12:06:00-04:00,358.42498779296875,358.42498779296875,358.79998779296875,358.1099853515625,358.3949890136719,85706
2026-06-09 12:08:00-04:00,358.3599853515625,358.3599853515625,358.5450134277344,357.9700927734375,358.364990234375,108080
2026-06-09 12:10:00-04:00,358.5,358.5,358.5498962402344,357.7510070800781,358.3550109863281,80681
2026-06-09 12:12:00-04:00,358.2300109863281,358.2300109863281,358.57000732421875,357.9309997558594,358.5,67341
2026-06-09 12:14:00-04:00,357.5450134277344,357.5450134277344,358.1499938964844,357.5199890136719,358.1400146484375,54988
2026-06-09 12:16:00-04:00,357.0899963378906,357.0899963378906,357.54998779296875,356.8337097167969,357.4849853515625,135947
2026-06-09 12:18:00-04:00,356.4599914550781,356.4599914550781,357.3699951171875,356.2900085449219,357.0799865722656,132750
2026-06-09 12:20:00-04:00,356.65509033203125,356.65509033203125,356.7298889160156,355.82000732421875,356.42999267578125,174559
2026-06-09 12:22:00-04:00,356.7300109863281,356.7300109863281,357.05999755859375,356.4400939941406,356.6099853515625,76794
2026-06-09 12:24:00-04:00,357.4501037597656,357.4501037597656,357.6400146484375,356.7449951171875,356.80999755859375,103564
2026-06-09 12:26:00-04:00,357.2950134277344,357.2950134277344,357.6000061035156,357.1401062011719,357.4800109863281,53413
2026-06-09 12:28:00-04:00,358.34161376953125,358.34161376953125,358.4200134277344,357.2900085449219,357.2950134277344,108507
2026-06-09 12:30:00-04:00,358.42999267578125,358.42999267578125,358.6000061035156,357.7099914550781,358.30999755859375,70919
2026-06-09 12:32:00-04:00,358.4798889160156,358.4798889160156,359.1000061035156,358.375,358.45001220703125,86074
2026-06-09 12:34:00-04:00,358.6400146484375,358.6400146484375,358.69000244140625,358.1401062011719,358.3599853515625,54691
2026-06-09 12:36:00-04:00,358.125,358.125,358.6600036621094,358.010009765625,358.6600036621094,46490
2026-06-09 12:38:00-04:00,355.3999938964844,355.3999938964844,358.1499938964844,355.2200012207031,358.1199951171875,225518
2026-06-09 12:40:00-04:00,354.92010498046875,354.92010498046875,355.6549987792969,354.7200012207031,355.37298583984375,250942
2026-06-09 12:42:00-04:00,355.7850036621094,355.7850036621094,355.82000732421875,354.80999755859375,354.9949951171875,110605
2026-06-09 12:44:00-04:00,356.31500244140625,356.31500244140625,356.4100036621094,355.45001220703125,355.75,122509
2026-06-09 12:46:00-04:00,356.2799987792969,356.2799987792969,356.3800048828125,355.6199951171875,356.364990234375,76606
2026-06-09 12:48:00-04:00,355.9800109863281,355.9800109863281,356.2749938964844,355.3999938964844,356.2749938964844,68429
2026-06-09 12:50:00-04:00,356.6499938964844,356.6499938964844,356.8599853515625,355.84100341796875,355.9800109863281,91801
2026-06-09 12:52:00-04:00,356.18499755859375,356.18499755859375,356.7900085449219,355.7200012207031,356.67999267578125,56497
2026-06-09 12:54:00-04:00,356.1199951171875,356.1199951171875,356.20001220703125,355.610107421875,356.19000244140625,58718
2026-06-09 12:56:00-04:00,356.0,356.0,356.3699951171875,355.79998779296875,356.06500244140625,51253
2026-06-09 12:58:00-04:00,357.55999755859375,357.55999755859375,357.6499938964844,355.94000244140625,355.94000244140625,65829
2026-06-09 13:00:00-04:00,357.6400146484375,357.6400146484375,358.0599060058594,357.4700927734375,357.5799865722656,66065
2026-06-09 13:02:00-04:00,358.4200134277344,358.4200134277344,358.6700134277344,357.6099853515625,357.625,68704
2026-06-09 13:04:00-04:00,358.635009765625,358.635009765625,358.8399963378906,358.31500244140625,358.4100036621094,44750
2026-06-09 13:06:00-04:00,358.6400146484375,358.6400146484375,358.80999755859375,358.3299865722656,358.7300109863281,46533
2026-06-09 13:08:00-04:00,359.1000061035156,359.1000061035156,359.1199951171875,358.4490051269531,358.6700134277344,52274
2026-06-09 13:10:00-04:00,359.1199951171875,359.1199951171875,359.1499938964844,358.5299987792969,359.1000061035156,39134
2026-06-09 13:12:00-04:00,359.4949951171875,359.4949951171875,359.5249938964844,359.05999755859375,359.1300048828125,76236
2026-06-09 13:14:00-04:00,359.2699890136719,359.2699890136719,359.9599914550781,359.2200012207031,359.4949951171875,78806
2026-06-09 13:16:00-04:00,359.82000732421875,359.82000732421875,359.9100036621094,359.1400146484375,359.2300109863281,50249
2026-06-09 13:18:00-04:00,359.9849853515625,359.9849853515625,360.1099853515625,359.67999267578125,359.80499267578125,78947
2026-06-09 13:20:00-04:00,360.5400085449219,360.5400085449219,360.5400085449219,359.9200134277344,359.92999267578125,55126
2026-06-09 13:22:00-04:00,359.8900146484375,359.8900146484375,360.6400146484375,359.7749938964844,360.5,49926
2026-06-09 13:24:00-04:00,359.94000244140625,359.94000244140625,360.260009765625,359.7300109863281,359.8999938964844,51723
2026-06-09 13:26:00-04:00,360.3450012207031,360.3450012207031,360.3800048828125,359.8999938964844,359.94000244140625,36980
2026-06-09 13:28:00-04:00,360.4549865722656,360.4549865722656,360.4599914550781,360.1445007324219,360.2900085449219,75056
2026-06-09 13:30:00-04:00,360.2099914550781,360.2099914550781,360.6099853515625,359.9800109863281,360.4100036621094,67182
2026-06-09 13:32:00-04:00,360.42999267578125,360.42999267578125,360.510009765625,360.1099853515625,360.25,30119
2026-06-09 13:34:00-04:00,360.55999755859375,360.55999755859375,360.7300109863281,360.43499755859375,360.4700012207031,27023
2026-06-09 13:36:00-04:00,361.18499755859375,361.18499755859375,361.2278137207031,360.5249938964844,360.5299987792969,43306
2026-06-09 13:38:00-04:00,361.19500732421875,361.19500732421875,361.3450012207031,360.9100036621094,361.1600036621094,369298
2026-06-09 13:40:00-04:00,361.6199951171875,361.6199951171875,361.6199951171875,360.94000244140625,361.19500732421875,264438
2026-06-09 13:42:00-04:00,362.409912109375,362.409912109375,362.6300048828125,361.3500061035156,361.59991455078125,184649
2026-06-09 13:44:00-04:00,361.5050048828125,361.5050048828125,362.6698913574219,361.44500732421875,362.375,61533
2026-06-09 13:46:00-04:00,361.5899963378906,361.5899963378906,361.7699890136719,361.2900085449219,361.55999755859375,59769
2026-06-09 13:48:00-04:00,361.010009765625,361.010009765625,361.79998779296875,360.9200134277344,361.5199890136719,56013
2026-06-09 13:50:00-04:00,362.0899963378906,362.0899963378906,362.19000244140625,360.9700012207031,361.0050048828125,45073
2026-06-09 13:52:00-04:00,361.4750061035156,361.4750061035156,362.1700134277344,361.2799987792969,362.0799865722656,39776
2026-06-09 13:54:00-04:00,361.989990234375,361.989990234375,362.02301025390625,361.4150085449219,361.4750061035156,42076
2026-06-09 13:56:00-04:00,361.760009765625,361.760009765625,361.94000244140625,361.4599914550781,361.94000244140625,37497
2026-06-09 13:58:00-04:00,361.4150085449219,361.4150085449219,361.8699951171875,361.385009765625,361.7099914550781,48073
2026-06-09 14:00:00-04:00,361.7651062011719,361.7651062011719,362.1000061035156,361.3599853515625,361.42999267578125,52083
2026-06-09 14:02:00-04:00,361.65008544921875,361.65008544921875,362.1000061035156,361.5299987792969,361.760009765625,45997
2026-06-09 14:04:00-04:00,362.0299987792969,362.0299987792969,362.1199951171875,361.6199951171875,361.67999267578125,43596
2026-06-09 14:06:00-04:00,362.2699890136719,362.2699890136719,362.2799987792969,361.7799987792969,362.0450134277344,46917
2026-06-09 14:08:00-04:00,362.5899963378906,362.5899963378906,362.69000244140625,362.2412109375,362.2550048828125,45814
2026-06-09 14:10:00-04:00,362.17498779296875,362.17498779296875,362.6400146484375,361.9800109863281,362.57501220703125,68556
2026-06-09 14:12:00-04:00,362.139892578125,362.139892578125,362.4150085449219,362.010009765625,362.17498779296875,36943
2026-06-09 14:14:00-04:00,362.20001220703125,362.20001220703125,362.3900146484375,362.0,362.114990234375,38764
2026-06-09 14:16:00-04:00,362.3699951171875,362.3699951171875,362.5899963378906,361.9200134277344,362.19000244140625,89859
2026-06-09 14:18:00-04:00,362.9599914550781,362.9599914550781,363.04998779296875,362.3399963378906,362.4100036621094,81095
2026-06-09 14:20:00-04:00,362.6700134277344,362.6700134277344,363.1400146484375,362.489990234375,362.92999267578125,50561
2026-06-09 14:22:00-04:00,362.9549865722656,362.9549865722656,362.9999084472656,362.6612854003906,362.7200012207031,59593
2026-06-09 14:24:00-04:00,362.6199951171875,362.6199951171875,363.0450134277344,362.5799865722656,362.92999267578125,48935
2026-06-09 14:26:00-04:00,362.5299987792969,362.5299987792969,362.6650085449219,362.31500244140625,362.625,67783
2026-06-09 14:28:00-04:00,363.1300048828125,363.1300048828125,363.1300048828125,362.5150146484375,362.5950012207031,27280
2026-06-09 14:30:00-04:00,363.3299865722656,363.3299865722656,363.7099914550781,363.0899963378906,363.0899963378906,57801
2026-06-09 14:32:00-04:00,363.239990234375,363.239990234375,363.3399963378906,362.79998779296875,363.2900085449219,54603
2026-06-09 14:34:00-04:00,363.1499938964844,363.1499938964844,363.40509033203125,363.1499938964844,363.2200012207031,28671
2026-06-09 14:36:00-04:00,363.260009765625,363.260009765625,363.45001220703125,363.1700134277344,363.1700134277344,49248
2026-06-09 14:38:00-04:00,363.5199890136719,363.5199890136719,363.69000244140625,363.20001220703125,363.2300109863281,53778
2026-06-09 14:40:00-04:00,363.1199951171875,363.1199951171875,363.510009765625,362.989990234375,363.510009765625,66802
2026-06-09 14:42:00-04:00,362.875,362.875,363.2699890136719,362.7699890136719,363.1449890136719,51542
2026-06-09 14:44:00-04:00,362.885009765625,362.885009765625,362.95001220703125,362.6400146484375,362.8800048828125,65531
2026-06-09 14:46:00-04:00,362.7701110839844,362.7701110839844,363.0,362.69000244140625,362.885009765625,40529
2026-06-09 14:48:00-04:00,363.0899963378906,363.0899963378906,363.2699890136719,362.7550048828125,362.7550048828125,60217
2026-06-09 14:50:00-04:00,363.3949890136719,363.3949890136719,363.5498962402344,362.9949951171875,363.1099853515625,108651
2026-06-09 14:52:00-04:00,363.3999938964844,363.3999938964844,363.5899963378906,363.20001220703125,363.3810119628906,63873
2026-06-09 14:54:00-04:00,363.3500061035156,363.3500061035156,363.5299987792969,363.1199951171875,363.3800048828125,64546
2026-06-09 14:56:00-04:00,363.9549865722656,363.9549865722656,363.9800109863281,363.25,363.3500061035156,61283
2026-06-09 14:58:00-04:00,363.70001220703125,363.70001220703125,364.19000244140625,363.6199951171875,363.9551086425781,112239
2026-06-09 15:00:00-04:00,363.7300109863281,363.7300109863281,363.8399963378906,363.4800109863281,363.7200012207031,53975
2026-06-09 15:02:00-04:00,363.80999755859375,363.80999755859375,364.0199890136719,363.7099914550781,363.7149963378906,63674
2026-06-09 15:04:00-04:00,364.44000244140625,364.44000244140625,364.6499938964844,363.8399963378906,363.8399963378906,86595
2026-06-09 15:06:00-04:00,364.20001220703125,364.20001220703125,364.489990234375,363.8900146484375,364.42999267578125,43152
2026-06-09 15:08:00-04:00,364.3900146484375,364.3900146484375,364.45001220703125,364.2049865722656,364.2300109863281,47912
2026-06-09 15:10:00-04:00,363.78900146484375,363.78900146484375,364.3800048828125,363.7099914550781,364.3800048828125,47267
2026-06-09 15:12:00-04:00,363.7799987792969,363.7799987792969,364.1099853515625,363.7099914550781,363.80999755859375,73575
2026-06-09 15:14:00-04:00,363.07000732421875,363.07000732421875,363.8349914550781,362.9200134277344,363.7799987792969,74202
2026-06-09 15:16:00-04:00,363.07000732421875,363.07000732421875,363.2200012207031,362.7300109863281,363.05999755859375,85822
2026-06-09 15:18:00-04:00,363.0,363.0,363.45001220703125,362.94000244140625,363.0799865722656,49087
2026-06-09 15:20:00-04:00,362.6400146484375,362.6400146484375,363.0899963378906,362.54998779296875,362.9800109863281,98266
2026-06-09 15:22:00-04:00,362.4200134277344,362.4200134277344,362.68499755859375,362.3500061035156,362.6700134277344,58420
2026-06-09 15:24:00-04:00,362.29998779296875,362.29998779296875,362.7099914550781,362.2049865722656,362.4118957519531,77244
2026-06-09 15:26:00-04:00,361.93499755859375,361.93499755859375,362.2699890136719,361.79510498046875,362.260009765625,63135
2026-06-09 15:28:00-04:00,361.9599914550781,361.9599914550781,362.0450134277344,361.6499938964844,361.8999938964844,77045
2026-06-09 15:30:00-04:00,361.8800048828125,361.8800048828125,362.0249938964844,361.6199951171875,361.9599914550781,61211
2026-06-09 15:32:00-04:00,361.70001220703125,361.70001220703125,362.010009765625,361.62091064453125,361.8500061035156,47148
2026-06-09 15:34:00-04:00,361.8999938964844,361.8999938964844,362.0150146484375,361.5400085449219,361.7200012207031,65862
2026-06-09 15:36:00-04:00,362.010009765625,362.010009765625,362.260009765625,361.8599853515625,361.8800048828125,177977
2026-06-09 15:38:00-04:00,361.2250061035156,361.2250061035156,362.1650085449219,361.0799865722656,362.0050048828125,91751
2026-06-09 15:40:00-04:00,361.2749938964844,361.2749938964844,361.5799865722656,360.9100036621094,361.239990234375,106255
2026-06-09 15:42:00-04:00,361.0899963378906,361.0899963378906,361.4100036621094,361.0400085449219,361.2749938964844,80442
2026-06-09 15:44:00-04:00,361.4800109863281,361.4800109863281,361.6199951171875,361.0400085449219,361.0849914550781,81402
2026-06-09 15:46:00-04:00,361.07501220703125,361.07501220703125,361.57000732421875,361.07000732421875,361.489990234375,80504
2026-06-09 15:48:00-04:00,360.80999755859375,360.80999755859375,361.0799865722656,360.57000732421875,361.0450134277344,112842
2026-06-09 15:50:00-04:00,362.20001220703125,362.20001220703125,362.2749938964844,360.8500061035156,360.8500061035156,162693
2026-06-09 15:52:00-04:00,362.7452087402344,362.7452087402344,362.7799987792969,362.0899963378906,362.2250061035156,127753
2026-06-09 15:54:00-04:00,362.8800048828125,362.8800048828125,363.19000244140625,362.5899963378906,362.7799987792969,173980
2026-06-09 15:56:00-04:00,362.5199890136719,362.5199890136719,362.9700012207031,362.2099914550781,362.8900146484375,191329
2026-06-09 15:58:00-04:00,362.0,362.0,362.82000732421875,361.9700012207031,362.5299987792969,576285
2026-06-10 09:30:00-04:00,362.4700012207031,362.4700012207031,362.8800048828125,359.8800048828125,360.8399963378906,920603
2026-06-10 09:32:00-04:00,361.2200012207031,361.2200012207031,362.82000732421875,360.760009765625,362.510009765625,156692
2026-06-10 09:34:00-04:00,361.3900146484375,361.3900146484375,361.989990234375,360.7250061035156,361.0899963378906,106570
2026-06-10 09:36:00-04:00,361.739990234375,361.739990234375,361.7699890136719,360.8999938964844,361.29400634765625,78996
2026-06-10 09:38:00-04:00,362.6449890136719,362.6449890136719,362.80999755859375,361.6600036621094,361.6700134277344,131503
2026-06-10 09:40:00-04:00,362.625,362.625,362.8999938964844,362.0400085449219,362.6348876953125,106331
2026-06-10 09:42:00-04:00,363.864990234375,363.864990234375,364.05999755859375,361.9949951171875,362.6700134277344,108029
2026-06-10 09:44:00-04:00,362.5299987792969,362.5299987792969,364.1351013183594,362.08099365234375,363.8999938964844,156507
2026-06-10 09:46:00-04:00,361.9649963378906,361.9649963378906,362.81500244140625,361.30999755859375,362.6600036621094,98473
2026-06-10 09:48:00-04:00,361.7099914550781,361.7099914550781,362.1499938964844,361.5299987792969,361.9649963378906,92850
2026-06-10 09:50:00-04:00,361.1099853515625,361.1099853515625,361.6698913574219,360.9100036621094,361.4599914550781,112213
2026-06-10 09:52:00-04:00,361.4700012207031,361.4700012207031,361.70001220703125,360.9800109863281,361.0675048828125,76304
2026-06-10 09:54:00-04:00,362.760009765625,362.760009765625,362.92498779296875,361.3949890136719,361.3949890136719,98580
2026-06-10 09:56:00-04:00,364.25,364.25,364.5249938964844,362.79998779296875,362.8299865722656,121541
2026-06-10 09:58:00-04:00,363.95001220703125,363.95001220703125,364.44000244140625,363.2099914550781,364.2099914550781,121526
2026-06-10 10:00:00-04:00,363.2099914550781,363.2099914550781,364.07000732421875,363.01300048828125,363.9800109863281,93984
2026-06-10 10:02:00-04:00,364.5350036621094,364.5350036621094,364.7998962402344,363.0199890136719,363.2049865722656,95295
2026-06-10 10:04:00-04:00,364.19000244140625,364.19000244140625,364.80499267578125,363.6499938964844,364.55999755859375,84791
2026-06-10 10:06:00-04:00,364.7401123046875,364.7401123046875,365.0450134277344,363.9800109863281,364.19000244140625,126435
2026-06-10 10:08:00-04:00,364.0950012207031,364.0950012207031,364.79998779296875,363.7200012207031,364.7799987792969,64884
2026-06-10 10:10:00-04:00,365.3299865722656,365.3299865722656,365.4200134277344,363.8999938964844,364.05999755859375,97960
2026-06-10 10:12:00-04:00,365.7200012207031,365.7200012207031,365.739990234375,364.6650085449219,365.3699951171875,118867
2026-06-10 10:14:00-04:00,363.6799011230469,363.6799011230469,365.7799987792969,363.4400939941406,365.7300109863281,168603
2026-06-10 10:16:00-04:00,364.885009765625,364.885009765625,365.1199951171875,363.6549987792969,363.6600036621094,140540
2026-06-10 10:18:00-04:00,364.5150146484375,364.5150146484375,364.8999938964844,364.31500244140625,364.8494873046875,59414
2026-06-10 10:20:00-04:00,364.8550109863281,364.8550109863281,364.95001220703125,364.30999755859375,364.4700012207031,77821
2026-06-10 10:22:00-04:00,365.6549987792969,365.6549987792969,365.739990234375,364.7900085449219,364.80999755859375,65919
2026-06-10 10:24:00-04:00,365.3399963378906,365.3399963378906,366.30999755859375,365.17999267578125,365.7099914550781,138125
2026-06-10 10:26:00-04:00,365.2049865722656,365.2049865722656,365.5899963378906,365.1199951171875,365.3699951171875,52861
2026-06-10 10:28:00-04:00,365.20001220703125,365.20001220703125,365.3800048828125,364.67010498046875,365.21990966796875,76358
2026-06-10 10:30:00-04:00,364.17498779296875,364.17498779296875,365.29998779296875,363.9599914550781,365.2300109863281,86600
2026-06-10 10:32:00-04:00,364.1600036621094,364.1600036621094,364.3999938964844,363.7904968261719,364.1549987792969,106480
2026-06-10 10:34:00-04:00,364.0,364.0,364.3999938964844,363.67999267578125,364.110107421875,68116
2026-06-10 10:36:00-04:00,362.9518127441406,362.9518127441406,363.92999267578125,362.8949890136719,363.9200134277344,78854
2026-06-10 10:38:00-04:00,362.7250061035156,362.7250061035156,363.159912109375,362.5,362.9700012207031,79352
2026-06-10 10:40:00-04:00,363.45001220703125,363.45001220703125,363.69000244140625,362.5899963378906,362.70001220703125,55637
2026-06-10 10:42:00-04:00,362.8450012207031,362.8450012207031,363.5899963378906,362.8399963378906,363.3800048828125,47773
2026-06-10 10:44:00-04:00,362.6499938964844,362.6499938964844,362.9375915527344,362.2699890136719,362.8500061035156,54776
2026-06-10 10:46:00-04:00,362.30999755859375,362.30999755859375,362.80999755859375,362.28009033203125,362.6099853515625,41876
2026-06-10 10:48:00-04:00,362.125,362.125,362.2850036621094,361.8399963378906,362.2200012207031,52822
2026-06-10 10:50:00-04:00,362.1962890625,362.1962890625,362.6199951171875,362.0700988769531,362.1600036621094,46410
2026-06-10 10:52:00-04:00,361.7300109863281,361.7300109863281,362.2300109863281,361.7200012207031,362.2250061035156,35509
2026-06-10 10:54:00-04:00,360.95001220703125,360.95001220703125,362.2300109863281,360.9100036621094,361.7900085449219,82062
2026-06-10 10:56:00-04:00,360.6499938964844,360.6499938964844,361.2799987792969,360.5799865722656,360.95001220703125,81449
2026-06-10 10:58:00-04:00,361.2200012207031,361.2200012207031,361.260009765625,360.55999755859375,360.6012878417969,95845
2026-06-10 11:00:00-04:00,361.8900146484375,361.8900146484375,361.92999267578125,360.7200012207031,361.2200012207031,93892
2026-06-10 11:02:00-04:00,361.55499267578125,361.55499267578125,362.0,361.489990234375,361.9200134277344,68864
2026-06-10 11:04:00-04:00,361.30999755859375,361.30999755859375,361.635009765625,361.2749938964844,361.5799865722656,60173
2026-06-10 11:06:00-04:00,360.8900146484375,360.8900146484375,361.38958740234375,360.6199951171875,361.29998779296875,122502
2026-06-10 11:08:00-04:00,360.7950134277344,360.7950134277344,361.2799987792969,360.75,360.8299865722656,86517
2026-06-10 11:10:00-04:00,360.17999267578125,360.17999267578125,360.9599914550781,360.1000061035156,360.8399963378906,83853
2026-06-10 11:12:00-04:00,359.95001220703125,359.95001220703125,360.2699890136719,359.82000732421875,360.1300048828125,91688
2026-06-10 11:14:00-04:00,358.7749938964844,358.7749938964844,360.1700134277344,358.6400146484375,360.010009765625,99237
2026-06-10 11:16:00-04:00,359.2200012207031,359.2200012207031,359.45001220703125,358.5,358.760009765625,50712
2026-06-10 11:18:00-04:00,358.9599914550781,358.9599914550781,359.2099914550781,358.42999267578125,359.1199951171875,83728
2026-06-10 11:20:00-04:00,360.0199890136719,360.0199890136719,360.143310546875,358.7300109863281,358.8949890136719,73982
2026-06-10 11:22:00-04:00,360.3699951171875,360.3699951171875,360.57000732421875,359.864990234375,360.1000061035156,46606
2026-06-10 11:24:00-04:00,360.6950988769531,360.6950988769531,360.7900085449219,360.1000061035156,360.489990234375,59606
2026-06-10 11:26:00-04:00,360.42999267578125,360.42999267578125,360.7200012207031,360.2099914550781,360.6600036621094,75896
2026-06-10 11:28:00-04:00,360.07000732421875,360.07000732421875,360.8299865722656,360.04998779296875,360.4599914550781,112273
2026-06-10 11:30:00-04:00,360.0050048828125,360.0050048828125,360.3299865722656,359.7300109863281,360.0849914550781,84966
2026-06-10 11:32:00-04:00,359.2699890136719,359.2699890136719,360.0400085449219,359.0899963378906,360.0400085449219,32831
2026-06-10 11:34:00-04:00,359.3999938964844,359.3999938964844,359.739990234375,359.0799865722656,359.2699890136719,46485
2026-06-10 11:36:00-04:00,359.4399108886719,359.4399108886719,360.04998779296875,359.3500061035156,359.489990234375,31347
2026-06-10 11:38:00-04:00,359.1499938964844,359.1499938964844,359.4800109863281,358.7554016113281,359.3949890136719,49647
2026-06-10 11:40:00-04:00,359.32000732421875,359.32000732421875,359.45001220703125,358.8299865722656,359.1499938964844,37116
2026-06-10 11:42:00-04:00,359.3299865722656,359.3299865722656,359.39990234375,358.8599853515625,359.2300109863281,39229
2026-06-10 11:44:00-04:00,359.70001220703125,359.70001220703125,359.95001220703125,359.3299865722656,359.3299865722656,29926
2026-06-10 11:46:00-04:00,358.6050109863281,358.6050109863281,359.9800109863281,358.6050109863281,359.75,101452
2026-06-10 11:48:00-04:00,358.0686950683594,358.0686950683594,358.6199951171875,357.6199951171875,358.6199951171875,132684
2026-06-10 11:50:00-04:00,357.3599853515625,357.3599853515625,358.3559875488281,357.13800048828125,357.989990234375,92478
2026-06-10 11:52:00-04:00,358.4049987792969,358.4049987792969,358.5,357.0299987792969,357.260009765625,73810
2026-06-10 11:54:00-04:00,358.0150146484375,358.0150146484375,358.8500061035156,358.0150146484375,358.2300109863281,41844
2026-06-10 11:56:00-04:00,358.6099853515625,358.6099853515625,358.6661071777344,357.880615234375,358.0249938964844,54984
2026-06-10 11:58:00-04:00,358.489990234375,358.489990234375,358.8699951171875,358.25,358.6499938964844,83889
2026-06-10 12:00:00-04:00,358.17999267578125,358.17999267578125,358.9100036621094,358.1300964355469,358.5,48812
2026-06-10 12:02:00-04:00,358.260009765625,358.260009765625,358.6400146484375,358.010009765625,358.2099914550781,133005
2026-06-10 12:04:00-04:00,358.1499938964844,358.1499938964844,358.3999938964844,358.04998779296875,358.1875,58182
2026-06-10 12:06:00-04:00,357.875,357.875,358.4599914550781,357.8216857910156,358.2099914550781,66000
2026-06-10 12:08:00-04:00,357.45001220703125,357.45001220703125,357.8599853515625,357.2101135253906,357.82000732421875,47012
2026-06-10 12:10:00-04:00,357.2300109863281,357.2300109863281,357.4898986816406,357.1400146484375,357.4700012207031,89798
2026-06-10 12:12:00-04:00,357.2300109863281,357.2300109863281,357.54998779296875,356.9100036621094,357.2799987792969,57213
2026-06-10 12:14:00-04:00,356.79998779296875,356.79998779296875,357.30999755859375,356.6099853515625,357.2650146484375,47298
2026-06-10 12:16:00-04:00,356.6099853515625,356.6099853515625,357.0899963378906,356.5400085449219,356.760009765625,107924
2026-06-10 12:18:00-04:00,356.5899963378906,356.5899963378906,356.67999267578125,356.42999267578125,356.5799865722656,40979
2026-06-10 12:20:00-04:00,356.8399963378906,356.8399963378906,356.95001220703125,356.489990234375,356.625,68322
2026-06-10 12:22:00-04:00,356.69000244140625,356.69000244140625,356.94500732421875,356.4649963378906,356.760009765625,51318
2026-06-10 12:24:00-04:00,356.3800048828125,356.3800048828125,356.8699951171875,356.29998779296875,356.67999267578125,40002
2026-06-10 12:26:00-04:00,356.239990234375,356.239990234375,356.69000244140625,356.2099914550781,356.3999938964844,46980
2026-06-10 12:28:00-04:00,356.32501220703125,356.32501220703125,356.39990234375,356.1300048828125,356.239990234375,30774
2026-06-10 12:30:00-04:00,356.20989990234375,356.20989990234375,356.3699951171875,356.1300048828125,356.32501220703125,44919
2026-06-10 12:32:00-04:00,356.0249938964844,356.0249938964844,356.2200012207031,355.9443054199219,356.19000244140625,73432
2026-06-10 12:34:00-04:00,356.4599914550781,356.4599914550781,356.6300048828125,355.9200134277344,356.0299987792969,82237
2026-06-10 12:36:00-04:00,356.9100036621094,356.9100036621094,357.0199890136719,356.3031921386719,356.4049987792969,37618
2026-06-10 12:38:00-04:00,356.70001220703125,356.70001220703125,356.9100036621094,356.32000732421875,356.9100036621094,33154
2026-06-10 12:40:00-04:00,356.1449890136719,356.1449890136719,356.92559814453125,356.1449890136719,356.6863098144531,39004
2026-06-10 12:42:00-04:00,355.9700012207031,355.9700012207031,356.135009765625,355.82000732421875,356.135009765625,53388
2026-06-10 12:44:00-04:00,355.5299987792969,355.5299987792969,356.1881103515625,355.5199890136719,355.95440673828125,54769
2026-06-10 12:46:00-04:00,355.32000732421875,355.32000732421875,355.6886901855469,355.1600036621094,355.5199890136719,49823
2026-06-10 12:48:00-04:00,355.5299987792969,355.5299987792969,355.7099914550781,355.2099914550781,355.3299865722656,25536
2026-06-10 12:50:00-04:00,355.989990234375,355.989990234375,356.0,355.3500061035156,355.5,33977
2026-06-10 12:52:00-04:00,356.110107421875,356.110107421875,356.30999755859375,355.90008544921875,356.0299987792969,43193
2026-06-10 12:54:00-04:00,355.5950012207031,355.5950012207031,356.1700134277344,355.57501220703125,356.0899963378906,26146
2026-06-10 12:56:00-04:00,355.8599853515625,355.8599853515625,356.02398681640625,355.6449890136719,355.6449890136719,18679
2026-06-10 12:58:00-04:00,355.92999267578125,355.92999267578125,356.04998779296875,355.7900085449219,355.8599853515625,25134
2026-06-10 13:00:00-04:00,355.8999938964844,355.8999938964844,356.44500732421875,355.8999938964844,355.94000244140625,43677
2026-06-10 13:02:00-04:00,356.3500061035156,356.3500061035156,356.3500061035156,355.9100036621094,355.9200134277344,55040
2026-06-10 13:04:00-04:00,355.6199951171875,355.6199951171875,356.3699951171875,355.6199951171875,356.1600036621094,23204
2026-06-10 13:06:00-04:00,355.489990234375,355.489990234375,355.9200134277344,355.3428039550781,355.6700134277344,47938
2026-06-10 13:08:00-04:00,355.2699890136719,355.2699890136719,355.489990234375,355.17999267578125,355.489990234375,28205
2026-06-10 13:10:00-04:00,354.8446960449219,354.8446960449219,355.30999755859375,354.70001220703125,355.29998779296875,88887
2026-06-10 13:12:00-04:00,354.8699951171875,354.8699951171875,354.9700012207031,354.6499938964844,354.80010986328125,48478
2026-06-10 13:14:00-04:00,354.564208984375,354.564208984375,354.83990478515625,354.42999267578125,354.8349914550781,43625
2026-06-10 13:16:00-04:00,354.6499938964844,354.6499938964844,354.8800048828125,354.5799865722656,354.6099853515625,49743
2026-06-10 13:18:00-04:00,354.4800109863281,354.4800109863281,354.6700134277344,354.3800048828125,354.6000061035156,48715
2026-06-10 13:20:00-04:00,354.4949951171875,354.4949951171875,354.66680908203125,354.3475036621094,354.4649963378906,44100
2026-06-10 13:22:00-04:00,354.7095031738281,354.7095031738281,354.80999755859375,354.5,354.5199890136719,62835
2026-06-10 13:24:00-04:00,354.6700134277344,354.6700134277344,354.9200134277344,354.5617980957031,354.67498779296875,51211
2026-06-10 13:26:00-04:00,354.5,354.5,354.6400146484375,354.4100036621094,354.6400146484375,40254
2026-06-10 13:28:00-04:00,354.67999267578125,354.67999267578125,354.7200012207031,354.5199890136719,354.5249938964844,26188
2026-06-10 13:30:00-04:00,354.1199951171875,354.1199951171875,354.71990966796875,354.0400085449219,354.66009521484375,48686
2026-06-10 13:32:00-04:00,354.5199890136719,354.5199890136719,354.5299987792969,353.8999938964844,354.1199951171875,106318
2026-06-10 13:34:00-04:00,353.8699951171875,353.8699951171875,354.5199890136719,353.8699951171875,354.5,50286
2026-06-10 13:36:00-04:00,354.25,354.25,354.3900146484375,353.7200012207031,353.8699951171875,86626
2026-06-10 13:38:00-04:00,353.8999938964844,353.8999938964844,354.2674865722656,353.8399963378906,354.2674865722656,37760
2026-06-10 13:40:00-04:00,354.0799865722656,354.0799865722656,354.32000732421875,353.8999938964844,353.9200134277344,36047
2026-06-10 13:42:00-04:00,354.0,354.0,354.2900085449219,353.9700012207031,354.05999755859375,30830
2026-06-10 13:44:00-04:00,354.1199951171875,354.1199951171875,354.17999267578125,353.82000732421875,354.0199890136719,75519
2026-06-10 13:46:00-04:00,354.8800048828125,354.8800048828125,355.0199890136719,354.1000061035156,354.135009765625,69575
2026-06-10 13:48:00-04:00,354.8949890136719,354.8949890136719,355.0400085449219,354.56500244140625,354.7250061035156,63155
2026-06-10 13:50:00-04:00,354.75,354.75,355.1099853515625,354.3599853515625,354.8500061035156,110084
2026-06-10 13:52:00-04:00,354.4200134277344,354.4200134277344,354.69000244140625,354.2149963378906,354.69000244140625,53865
2026-06-10 13:54:00-04:00,354.95001220703125,354.95001220703125,355.1499938964844,354.3699951171875,354.3999938964844,41913
2026-06-10 13:56:00-04:00,354.6401062011719,354.6401062011719,355.17999267578125,354.6401062011719,355.0150146484375,36203
2026-06-10 13:58:00-04:00,354.9187927246094,354.9187927246094,355.05999755859375,354.67999267578125,354.67999267578125,33749
2026-06-10 14:00:00-04:00,355.1000061035156,355.1000061035156,355.2799072265625,354.760009765625,354.8599853515625,83747
2026-06-10 14:02:00-04:00,355.0199890136719,355.0199890136719,355.3550109863281,354.9599914550781,355.1099853515625,54232
2026-06-10 14:04:00-04:00,355.1199951171875,355.1199951171875,355.17999267578125,354.9200134277344,355.0,55416
2026-06-10 14:06:00-04:00,354.7699890136719,354.7699890136719,355.3599853515625,354.7300109863281,355.1050109863281,49316
2026-06-10 14:08:00-04:00,354.75,354.75,355.3699035644531,354.67999267578125,354.755615234375,40073
2026-06-10 14:10:00-04:00,354.7659912109375,354.7659912109375,355.1400146484375,354.7099914550781,354.80999755859375,439301
2026-06-10 14:12:00-04:00,354.8699951171875,354.8699951171875,355.1199951171875,354.7200012207031,354.80999755859375,32969
2026-06-10 14:14:00-04:00,355.1199951171875,355.1199951171875,355.21990966796875,354.8349914550781,354.8999938964844,28105
2026-06-10 14:16:00-04:00,354.80499267578125,354.80499267578125,355.2699890136719,354.79998779296875,355.1199951171875,50552
2026-06-10 14:18:00-04:00,354.29998779296875,354.29998779296875,354.8891906738281,354.25,354.79998779296875,82922
2026-06-10 14:20:00-04:00,354.40008544921875,354.40008544921875,354.6700134277344,354.239990234375,354.29998779296875,45805
2026-06-10 14:22:00-04:00,354.5151062011719,354.5151062011719,354.5450134277344,354.2099914550781,354.3999938964844,40671
2026-06-10 14:24:00-04:00,354.34698486328125,354.34698486328125,354.7200012207031,354.239990234375,354.5,35145
2026-06-10 14:26:00-04:00,354.19500732421875,354.19500732421875,354.3550109863281,354.0799865722656,354.32000732421875,35431
2026-06-10 14:28:00-04:00,354.375,354.375,354.614990234375,354.17010498046875,354.17010498046875,22815
2026-06-10 14:30:00-04:00,353.989990234375,353.989990234375,354.3699951171875,353.989990234375,354.3500061035156,42606
2026-06-10 14:32:00-04:00,354.2250061035156,354.2250061035156,354.3949890136719,354.04998779296875,354.04998779296875,54353
2026-06-10 14:34:00-04:00,354.2200927734375,354.2200927734375,354.3599853515625,354.0400085449219,354.2349853515625,41569
2026-06-10 14:36:00-04:00,353.94000244140625,353.94000244140625,354.4200134277344,353.94000244140625,354.2799987792969,460165
2026-06-10 14:38:00-04:00,354.07000732421875,354.07000732421875,354.1549987792969,353.75,353.94000244140625,47462
2026-06-10 14:40:00-04:00,354.1499938964844,354.1499938964844,354.2650146484375,353.9599914550781,354.0,31155
2026-06-10 14:42:00-04:00,354.2799987792969,354.2799987792969,354.44000244140625,354.07000732421875,354.1199951171875,36887
2026-06-10 14:44:00-04:00,354.44500732421875,354.44500732421875,354.6400146484375,354.2550048828125,354.30999755859375,47838
2026-06-10 14:46:00-04:00,354.510009765625,354.510009765625,354.5299987792969,354.1300048828125,354.45001220703125,1059269
2026-06-10 14:48:00-04:00,354.2799987792969,354.2799987792969,354.739990234375,354.2799987792969,354.489990234375,41270
2026-06-10 14:50:00-04:00,354.0299987792969,354.0299987792969,354.2799987792969,353.760009765625,354.2699890136719,62837
2026-06-10 14:52:00-04:00,354.2099914550781,354.2099914550781,354.3599853515625,353.94000244140625,354.0199890136719,34250
2026-06-10 14:54:00-04:00,354.239990234375,354.239990234375,354.3999938964844,354.1499938964844,354.239990234375,40758
2026-06-10 14:56:00-04:00,354.3500061035156,354.3500061035156,354.45001220703125,354.1300048828125,354.2300109863281,38816
2026-06-10 14:58:00-04:00,354.3399963378906,354.3399963378906,354.6099853515625,354.2200012207031,354.2799987792969,48227
2026-06-10 15:00:00-04:00,353.989990234375,353.989990234375,354.3500061035156,353.6600036621094,354.3500061035156,145195
2026-06-10 15:02:00-04:00,354.8399963378906,354.8399963378906,354.8999938964844,353.8500061035156,353.9200134277344,74448
2026-06-10 15:04:00-04:00,354.5950012207031,354.5950012207031,354.9200134277344,354.364990234375,354.864990234375,28210
2026-06-10 15:06:00-04:00,354.75,354.75,354.8699951171875,354.55999755859375,354.5950012207031,30637
2026-06-10 15:08:00-04:00,354.3851013183594,354.3851013183594,354.8999938964844,354.3699951171875,354.8399963378906,59965
2026-06-10 15:10:00-04:00,354.05499267578125,354.05499267578125,354.409912109375,354.05499267578125,354.3800048828125,38305
2026-06-10 15:12:00-04:00,354.279296875,354.279296875,354.3399963378906,353.885009765625,354.1199951171875,41918
2026-06-10 15:14:00-04:00,354.4700012207031,354.4700012207031,354.5299987792969,354.20001220703125,354.2799987792969,72956
2026-06-10 15:16:00-04:00,355.1199951171875,355.1199951171875,355.19000244140625,354.510009765625,354.5199890136719,90673
2026-06-10 15:18:00-04:00,355.2099914550781,355.2099914550781,355.2799072265625,355.0350036621094,355.1191101074219,37197
2026-06-10 15:20:00-04:00,354.6700134277344,354.6700134277344,355.20001220703125,354.6199951171875,355.20001220703125,59181
2026-06-10 15:22:00-04:00,354.67999267578125,354.67999267578125,354.8299865722656,354.5199890136719,354.70001220703125,44291
2026-06-10 15:24:00-04:00,354.6300048828125,354.6300048828125,354.8399963378906,354.6000061035156,354.70001220703125,42878
2026-06-10 15:26:00-04:00,354.2300109863281,354.2300109863281,354.6400146484375,354.1400146484375,354.6099853515625,57629
2026-06-10 15:28:00-04:00,354.4100036621094,354.4100036621094,354.4800109863281,354.1700134277344,354.2359924316406,43007
2026-06-10 15:30:00-04:00,354.3699951171875,354.3699951171875,354.54998779296875,354.1099853515625,354.4200134277344,70157
2026-06-10 15:32:00-04:00,354.29998779296875,354.29998779296875,354.4700012207031,354.20001220703125,354.3900146484375,46150
2026-06-10 15:34:00-04:00,354.385009765625,354.385009765625,354.54998779296875,354.1400146484375,354.3299865722656,143041
2026-06-10 15:36:00-04:00,354.5899963378906,354.5899963378906,354.6700134277344,354.25,354.3699951171875,47824
2026-06-10 15:38:00-04:00,354.6700134277344,354.6700134277344,354.739990234375,354.45001220703125,354.5899963378906,36037
2026-06-10 15:40:00-04:00,354.6700134277344,354.6700134277344,354.79998779296875,354.44000244140625,354.70001220703125,89614
2026-06-10 15:42:00-04:00,354.7749938964844,354.7749938964844,354.7950134277344,354.3699951171875,354.6700134277344,84395
2026-06-10 15:44:00-04:00,354.57000732421875,354.57000732421875,354.8699951171875,354.5450134277344,354.7699890136719,82739
2026-06-10 15:46:00-04:00,354.4100036621094,354.4100036621094,354.7300109863281,354.3949890136719,354.54998779296875,90595
2026-06-10 15:48:00-04:00,353.5400085449219,353.5400085449219,354.43499755859375,353.3059997558594,354.4200134277344,207451
2026-06-10 15:50:00-04:00,353.239990234375,353.239990234375,353.79998779296875,352.80999755859375,353.5199890136719,335620
2026-06-10 15:52:00-04:00,353.2799987792969,353.2799987792969,353.3699951171875,353.0,353.2699890136719,185075
2026-06-10 15:54:00-04:00,353.79998779296875,353.79998779296875,354.25,352.95001220703125,353.260009765625,334445
2026-06-10 15:56:00-04:00,353.7900085449219,353.7900085449219,354.2200012207031,353.739990234375,353.7799987792969,308385
2026-06-10 15:58:00-04:00,353.32000732421875,353.32000732421875,354.25,353.32000732421875,353.80999755859375,664859
2026-06-11 09:30:00-04:00,350.7200012207031,350.7200012207031,354.5,350.45001220703125,353.0150146484375,752378
2026-06-11 09:32:00-04:00,350.6000061035156,350.6000061035156,351.30999755859375,349.0461120605469,350.69000244140625,392640
2026-06-11 09:34:00-04:00,347.80999755859375,347.80999755859375,350.7099914550781,347.7799987792969,350.6400146484375,226458
2026-06-11 09:36:00-04:00,348.9700012207031,348.9700012207031,349.2799072265625,347.59698486328125,347.8949890136719,166967
2026-06-11 09:38:00-04:00,347.4800109863281,347.4800109863281,349.0799865722656,347.4010009765625,349.0199890136719,202710
2026-06-11 09:40:00-04:00,346.510009765625,346.510009765625,347.90838623046875,346.3421936035156,347.4800109863281,232992
2026-06-11 09:42:00-04:00,345.3599853515625,345.3599853515625,346.6600036621094,344.739990234375,346.56500244140625,322633
2026-06-11 09:44:00-04:00,347.0799865722656,347.0799865722656,347.1099853515625,344.9200134277344,345.375,331466
2026-06-11 09:46:00-04:00,347.4200134277344,347.4200134277344,347.69000244140625,346.760009765625,347.010009765625,254185
2026-06-11 09:48:00-04:00,346.7300109863281,346.7300109863281,347.42999267578125,346.6300048828125,347.3949890136719,156776
2026-06-11 09:50:00-04:00,348.7449951171875,348.7449951171875,348.8500061035156,346.5600891113281,346.760009765625,182239
2026-06-11 09:52:00-04:00,347.95001220703125,347.95001220703125,348.8500061035156,347.8599853515625,348.739990234375,125078
2026-06-11 09:54:00-04:00,347.8900146484375,347.8900146484375,348.29998779296875,347.03729248046875,347.8999938964844,118508
2026-06-11 09:56:00-04:00,345.57501220703125,345.57501220703125,347.8900146484375,345.57501220703125,347.8699951171875,279684
2026-06-11 09:58:00-04:00,345.6600036621094,345.6600036621094,346.32000732421875,345.40008544921875,345.6600036621094,149268
2026-06-11 10:00:00-04:00,347.5,347.5,347.5299987792969,345.6199951171875,345.6700134277344,132105
2026-06-11 10:02:00-04:00,348.2799987792969,348.2799987792969,348.3302001953125,347.19000244140625,347.5150146484375,191443
2026-06-11 10:04:00-04:00,347.5325012207031,347.5325012207031,348.3599853515625,347.2300109863281,348.2900085449219,117902
2026-06-11 10:06:00-04:00,347.739990234375,347.739990234375,348.54998779296875,347.42999267578125,347.5299987792969,84759
2026-06-11 10:08:00-04:00,347.19989013671875,347.19989013671875,347.8900146484375,347.010009765625,347.7099914550781,80852
2026-06-11 10:10:00-04:00,346.3299865722656,346.3299865722656,347.3299865722656,345.7799987792969,347.239990234375,130077
2026-06-11 10:12:00-04:00,345.7300109863281,345.7300109863281,346.3800048828125,345.3699951171875,346.3399963378906,101714
2026-06-11 10:14:00-04:00,346.1499938964844,346.1499938964844,346.55999755859375,345.67999267578125,345.7200927734375,86890
2026-06-11 10:16:00-04:00,345.3399963378906,345.3399963378906,346.260009765625,345.260009765625,346.1700134277344,134895
2026-06-11 10:18:00-04:00,344.1820068359375,344.1820068359375,345.30999755859375,344.0899963378906,345.25,260794
2026-06-11 10:20:00-04:00,344.8500061035156,344.8500061035156,344.9200134277344,344.0857849121094,344.1499938964844,111242
2026-06-11 10:22:00-04:00,346.1499938964844,346.1499938964844,346.1499938964844,344.6099853515625,344.9242858886719,110604
2026-06-11 10:24:00-04:00,346.1600036621094,346.1600036621094,346.4599914550781,345.75,346.2200012207031,74247
2026-06-11 10:26:00-04:00,345.5299987792969,345.5299987792969,346.239990234375,345.32000732421875,346.17999267578125,86096
2026-06-11 10:28:00-04:00,345.5899963378906,345.5899963378906,345.6099853515625,344.89080810546875,345.5150146484375,73254
2026-06-11 10:30:00-04:00,345.0400085449219,345.0400085449219,345.8800048828125,344.8900146484375,345.57000732421875,88194
2026-06-11 10:32:00-04:00,344.55499267578125,344.55499267578125,345.2598876953125,344.0400085449219,345.0400085449219,156606
2026-06-11 10:34:00-04:00,345.30999755859375,345.30999755859375,345.30999755859375,344.06500244140625,344.5,125979
2026-06-11 10:36:00-04:00,345.4999084472656,345.4999084472656,346.5799865722656,345.2601013183594,345.30999755859375,123167
2026-06-11 10:38:00-04:00,346.3500061035156,346.3500061035156,346.4100036621094,345.32501220703125,345.32501220703125,54935
2026-06-11 10:40:00-04:00,346.1499938964844,346.1499938964844,346.8900146484375,346.1099853515625,346.42999267578125,70853
2026-06-11 10:42:00-04:00,345.989990234375,345.989990234375,346.42999267578125,345.90008544921875,346.0899963378906,73071
2026-06-11 10:44:00-04:00,345.77508544921875,345.77508544921875,346.0299987792969,345.5899963378906,345.9200134277344,86570
2026-06-11 10:46:00-04:00,345.70001220703125,345.70001220703125,346.07989501953125,345.4400939941406,345.79998779296875,47894
2026-06-11 10:48:00-04:00,345.3900146484375,345.3900146484375,346.0299987792969,345.17999267578125,345.6600036621094,67019
2026-06-11 10:50:00-04:00,345.56500244140625,345.56500244140625,345.6099853515625,344.9200134277344,345.3450012207031,85326
2026-06-11 10:52:00-04:00,344.9800109863281,344.9800109863281,345.67999267578125,344.8999938964844,345.57000732421875,53001
2026-06-11 10:54:00-04:00,344.489990234375,344.489990234375,345.33990478515625,344.4501037597656,344.9800109863281,68960
2026-06-11 10:56:00-04:00,344.6300048828125,344.6300048828125,344.6698913574219,344.0400085449219,344.5799865722656,116748
2026-06-11 10:58:00-04:00,344.4100036621094,344.4100036621094,344.9200134277344,344.0950012207031,344.6099853515625,77503
2026-06-11 11:00:00-04:00,344.0350036621094,344.0350036621094,344.6600036621094,343.864990234375,344.44000244140625,154726
2026-06-11 11:02:00-04:00,344.79998779296875,344.79998779296875,344.92999267578125,343.989990234375,343.989990234375,107028
2026-06-11 11:04:00-04:00,344.0350036621094,344.0350036621094,344.8900146484375,343.9200134277344,344.7950134277344,93623
2026-06-11 11:06:00-04:00,344.8399963378906,344.8399963378906,344.8800048828125,343.8900146484375,344.0450134277344,78413
2026-06-11 11:08:00-04:00,345.0799865722656,345.0799865722656,345.4599914550781,344.7300109863281,344.80999755859375,72814
2026-06-11 11:10:00-04:00,345.1000061035156,345.1000061035156,345.54998779296875,345.07000732421875,345.1300048828125,60445
2026-06-11 11:12:00-04:00,345.1300048828125,345.1300048828125,345.5,345.0014953613281,345.1050109863281,78880
2026-06-11 11:14:00-04:00,345.21868896484375,345.21868896484375,345.3299865722656,344.75830078125,345.1449890136719,76143
2026-06-11 11:16:00-04:00,344.69000244140625,344.69000244140625,345.42999267578125,344.69000244140625,345.2997131347656,57700
2026-06-11 11:18:00-04:00,344.67999267578125,344.67999267578125,344.8399963378906,344.2300109863281,344.7300109863281,91539
2026-06-11 11:20:00-04:00,345.4150085449219,345.4150085449219,345.82000732421875,344.5880126953125,344.67999267578125,67618
2026-06-11 11:22:00-04:00,344.6600036621094,344.6600036621094,345.4750061035156,344.6099853515625,345.4700012207031,57309
2026-06-11 11:24:00-04:00,345.1000061035156,345.1000061035156,345.1499938964844,344.510009765625,344.6600036621094,58481
2026-06-11 11:26:00-04:00,345.25,345.25,345.5299987792969,345.0299987792969,345.1199951171875,73067
2026-06-11 11:28:00-04:00,344.7950134277344,344.7950134277344,345.5199890136719,344.510009765625,345.1499938964844,73552
2026-06-11 11:30:00-04:00,344.75,344.75,345.07000732421875,344.5899963378906,344.69000244140625,66282
2026-06-11 11:32:00-04:00,344.5299987792969,344.5299987792969,345.1400146484375,344.3999938964844,344.7101135253906,82161
2026-06-11 11:34:00-04:00,345.1000061035156,345.1000061035156,345.114990234375,344.4700012207031,344.5,88712
2026-06-11 11:36:00-04:00,345.4200134277344,345.4200134277344,345.5400085449219,344.8900146484375,345.0299987792969,75144
2026-06-11 11:38:00-04:00,345.3900146484375,345.3900146484375,345.7699890136719,345.25,345.4100036621094,49249
2026-06-11 11:40:00-04:00,345.489990234375,345.489990234375,345.8858947753906,345.2699890136719,345.3299865722656,74791
2026-06-11 11:42:00-04:00,345.1199951171875,345.1199951171875,345.71990966796875,345.0199890136719,345.4599914550781,45281
2026-06-11 11:44:00-04:00,344.49591064453125,344.49591064453125,345.1650085449219,344.42999267578125,345.0899963378906,92536
2026-06-11 11:46:00-04:00,344.67999267578125,344.67999267578125,344.8399963378906,344.4200134277344,344.4599914550781,48386
2026-06-11 11:48:00-04:00,344.25,344.25,344.6700134277344,344.2200012207031,344.6650085449219,50544
2026-06-11 11:50:00-04:00,344.3851013183594,344.3851013183594,344.6700134277344,344.2099914550781,344.2099914550781,44163
2026-06-11 11:52:00-04:00,344.1400146484375,344.1400146484375,344.510009765625,344.0400085449219,344.3900146484375,38939
2026-06-11 11:54:00-04:00,344.57000732421875,344.57000732421875,344.6000061035156,344.1400146484375,344.1400146484375,50986
2026-06-11 11:56:00-04:00,345.20989990234375,345.20989990234375,345.32000732421875,344.4700012207031,344.57000732421875,50202
2026-06-11 11:58:00-04:00,345.239990234375,345.239990234375,345.29998779296875,344.9949951171875,345.18499755859375,52818
2026-06-11 12:00:00-04:00,345.6000061035156,345.6000061035156,345.69000244140625,345.1600036621094,345.18499755859375,80721
2026-06-11 12:02:00-04:00,345.1549987792969,345.1549987792969,345.6600036621094,345.1000061035156,345.5899963378906,53854
2026-06-11 12:04:00-04:00,345.5199890136719,345.5199890136719,345.6000061035156,345.0,345.1099853515625,41180
2026-06-11 12:06:00-04:00,345.7590026855469,345.7590026855469,345.82000732421875,345.55999755859375,345.55999755859375,48949
2026-06-11 12:08:00-04:00,345.5299987792969,345.5299987792969,345.7900085449219,345.510009765625,345.7250061035156,46371
2026-06-11 12:10:00-04:00,346.3699951171875,346.3699951171875,346.4200134277344,345.44000244140625,345.57000732421875,105226
2026-06-11 12:12:00-04:00,346.6300048828125,346.6300048828125,346.8299865722656,346.2300109863281,346.3450927734375,109371
2026-06-11 12:14:00-04:00,346.8500061035156,346.8500061035156,347.1400146484375,346.6000061035156,346.6600036621094,70622
2026-06-11 12:16:00-04:00,346.94000244140625,346.94000244140625,347.0199890136719,346.6482849121094,346.82000732421875,77163
2026-06-11 12:18:00-04:00,347.1300048828125,347.1300048828125,347.3500061035156,346.8699951171875,346.92999267578125,59054
2026-06-11 12:20:00-04:00,346.6099853515625,346.6099853515625,347.3999938964844,346.239990234375,347.1199951171875,93828
2026-06-11 12:22:00-04:00,346.3909912109375,346.3909912109375,346.7049865722656,346.2799987792969,346.6300048828125,54861
2026-06-11 12:24:00-04:00,346.125,346.125,346.3900146484375,346.010009765625,346.3900146484375,37682
2026-06-11 12:26:00-04:00,346.05999755859375,346.05999755859375,346.3800048828125,345.92999267578125,346.1099853515625,40435
2026-06-11 12:28:00-04:00,345.5299987792969,345.5299987792969,346.30999755859375,345.5299987792969,346.0400085449219,59304
2026-06-11 12:30:00-04:00,345.6000061035156,345.6000061035156,345.739990234375,345.32000732421875,345.5299987792969,48213
2026-06-11 12:32:00-04:00,345.92999267578125,345.92999267578125,346.0,345.2099914550781,345.54998779296875,58573
2026-06-11 12:34:00-04:00,346.5849914550781,346.5849914550781,346.79998779296875,345.8999938964844,345.8999938964844,68774
2026-06-11 12:36:00-04:00,346.8900146484375,346.8900146484375,347.0,346.54998779296875,346.6199951171875,38088
2026-06-11 12:38:00-04:00,346.2250061035156,346.2250061035156,346.8299865722656,346.1700134277344,346.8299865722656,53344
2026-06-11 12:40:00-04:00,346.0299987792969,346.0299987792969,346.3500061035156,346.0299987792969,346.17999267578125,38155
2026-06-11 12:42:00-04:00,346.1400146484375,346.1400146484375,346.2900085449219,346.0,346.0299987792969,46731
2026-06-11 12:44:00-04:00,345.8699951171875,345.8699951171875,346.3399963378906,345.75,346.1600036621094,53648
2026-06-11 12:46:00-04:00,345.9049987792969,345.9049987792969,345.989990234375,345.8548889160156,345.864990234375,22415
2026-06-11 12:48:00-04:00,345.94000244140625,345.94000244140625,346.07000732421875,345.75,345.8800048828125,33888
2026-06-11 12:50:00-04:00,345.3301086425781,345.3301086425781,345.9750061035156,345.3299865722656,345.93499755859375,39178
2026-06-11 12:52:00-04:00,345.239990234375,345.239990234375,345.6000061035156,345.1099853515625,345.3599853515625,53462
2026-06-11 12:54:00-04:00,344.94500732421875,344.94500732421875,345.51409912109375,344.94000244140625,345.25,70845
2026-06-11 12:56:00-04:00,345.0799865722656,345.0799865722656,345.2300109863281,344.8110046386719,344.9849853515625,63951
2026-06-11 12:58:00-04:00,344.843994140625,344.843994140625,345.1099853515625,344.80999755859375,345.07000732421875,37669
2026-06-11 13:00:00-04:00,344.9851989746094,344.9851989746094,345.239990234375,344.7449951171875,344.8999938964844,67418
2026-06-11 13:02:00-04:00,343.9150085449219,343.9150085449219,344.95111083984375,343.8800048828125,344.91009521484375,100849
2026-06-11 13:04:00-04:00,344.55999755859375,344.55999755859375,344.58990478515625,343.92999267578125,343.94000244140625,64538
2026-06-11 13:06:00-04:00,344.8699951171875,344.8699951171875,344.8699951171875,344.30999755859375,344.5299987792969,48192
2026-06-11 13:08:00-04:00,344.67999267578125,344.67999267578125,344.95001220703125,344.5899963378906,344.8299865722656,51186
2026-06-11 13:10:00-04:00,344.8800048828125,344.8800048828125,344.9649963378906,344.56500244140625,344.7200012207031,43640
2026-06-11 13:12:00-04:00,344.4150085449219,344.4150085449219,344.9700012207031,344.3349914550781,344.8699951171875,69422
2026-06-11 13:14:00-04:00,344.239990234375,344.239990234375,344.6700134277344,344.1099853515625,344.45001220703125,55923
2026-06-11 13:16:00-04:00,344.0400085449219,344.0400085449219,344.42999267578125,344.0199890136719,344.239990234375,75293
2026-06-11 13:18:00-04:00,344.1650085449219,344.1650085449219,344.2099914550781,343.6400146484375,344.010009765625,119810
2026-06-11 13:20:00-04:00,344.29998779296875,344.29998779296875,344.43499755859375,344.1099853515625,344.1600036621094,59011
2026-06-11 13:22:00-04:00,344.42999267578125,344.42999267578125,344.489990234375,344.0,344.30999755859375,40858
2026-06-11 13:24:00-04:00,344.7349853515625,344.7349853515625,344.75,344.3599853515625,344.45001220703125,53164
2026-06-11 13:26:00-04:00,345.2898864746094,345.2898864746094,345.2898864746094,344.70001220703125,344.70001220703125,67623
2026-06-11 13:28:00-04:00,348.260009765625,348.260009765625,348.3500061035156,345.20001220703125,345.239990234375,323196
2026-06-11 13:30:00-04:00,348.8349914550781,348.8349914550781,349.9599914550781,348.2650146484375,348.2650146484375,248822
2026-06-11 13:32:00-04:00,349.9800109863281,349.9800109863281,350.29998779296875,348.82000732421875,348.8999938964844,219465
2026-06-11 13:34:00-04:00,349.8450012207031,349.8450012207031,350.1000061035156,349.135009765625,350.0,95504
2026-06-11 13:36:00-04:00,349.54119873046875,349.54119873046875,350.08929443359375,349.010009765625,349.8500061035156,67818
2026-06-11 13:38:00-04:00,349.3324890136719,349.3324890136719,349.6199951171875,349.0199890136719,349.489990234375,76309
2026-06-11 13:40:00-04:00,350.0,350.0,350.1499938964844,349.19000244140625,349.2799987792969,86347
2026-06-11 13:42:00-04:00,350.5,350.5,350.510009765625,349.67999267578125,350.0050048828125,82043
2026-06-11 13:44:00-04:00,350.1300048828125,350.1300048828125,351.0690002441406,349.8599853515625,350.4700012207031,170382
2026-06-11 13:46:00-04:00,349.885009765625,349.885009765625,350.1700134277344,349.5740051269531,350.1700134277344,62326
2026-06-11 13:48:00-04:00,349.4700012207031,349.4700012207031,350.1600036621094,349.3399963378906,349.8900146484375,44779
2026-06-11 13:50:00-04:00,349.1099853515625,349.1099853515625,349.5,348.6099853515625,349.4682922363281,59207
2026-06-11 13:52:00-04:00,348.92498779296875,348.92498779296875,349.4150085449219,348.7900085449219,349.1099853515625,66513
2026-06-11 13:54:00-04:00,348.8599853515625,348.8599853515625,349.2398986816406,348.7550048828125,348.92498779296875,67888
2026-06-11 13:56:00-04:00,349.2749938964844,349.2749938964844,349.30999755859375,348.6700134277344,348.8699951171875,79470
2026-06-11 13:58:00-04:00,349.46990966796875,349.46990966796875,349.5679931640625,349.19500732421875,349.2699890136719,63851
2026-06-11 14:00:00-04:00,349.2601013183594,349.2601013183594,349.7200012207031,349.2601013183594,349.4700012207031,62145
2026-06-11 14:02:00-04:00,348.44000244140625,348.44000244140625,349.4200134277344,348.43499755859375,349.2650146484375,92243
2026-06-11 14:04:00-04:00,348.4700012207031,348.4700012207031,348.8299865722656,348.3699951171875,348.45001220703125,78289
2026-06-11 14:06:00-04:00,348.9800109863281,348.9800109863281,349.04998779296875,348.4700012207031,348.4800109863281,53306
2026-06-11 14:08:00-04:00,348.5899963378906,348.5899963378906,349.0899963378906,348.4599914550781,348.9599914550781,54269
2026-06-11 14:10:00-04:00,349.19500732421875,349.19500732421875,349.260009765625,348.55499267578125,348.57000732421875,48190
2026-06-11 14:12:00-04:00,349.05499267578125,349.05499267578125,349.6400146484375,349.0,349.25,94911
2026-06-11 14:14:00-04:00,349.7799987792969,349.7799987792969,349.82000732421875,348.94000244140625,349.0899963378906,79433
2026-06-11 14:16:00-04:00,350.6400146484375,350.6400146484375,350.95001220703125,349.7799987792969,349.7799987792969,82002
2026-06-11 14:18:00-04:00,350.9549865722656,350.9549865722656,351.20001220703125,350.6000061035156,350.6400146484375,55785
2026-06-11 14:20:00-04:00,350.8299865722656,350.8299865722656,350.95001220703125,350.6199951171875,350.95001220703125,61251
2026-06-11 14:22:00-04:00,350.6000061035156,350.6000061035156,350.8699951171875,350.0,350.7300109863281,96155
2026-06-11 14:24:00-04:00,350.4700012207031,350.4700012207031,350.79998779296875,350.260009765625,350.54998779296875,54971
2026-06-11 14:26:00-04:00,350.4100036621094,350.4100036621094,350.55999755859375,350.17999267578125,350.5199890136719,34739
2026-06-11 14:28:00-04:00,350.29998779296875,350.29998779296875,350.54998779296875,350.17999267578125,350.4599914550781,42762
2026-06-11 14:30:00-04:00,350.8699951171875,350.8699951171875,351.0199890136719,350.24200439453125,350.3500061035156,56336
2026-06-11 14:32:00-04:00,350.67498779296875,350.67498779296875,350.8900146484375,350.32501220703125,350.8500061035156,36774
2026-06-11 14:34:00-04:00,350.489990234375,350.489990234375,350.67999267578125,350.1300964355469,350.6449890136719,77832
2026-06-11 14:36:00-04:00,350.5801086425781,350.5801086425781,350.72149658203125,350.3699951171875,350.4649963378906,35377
2026-06-11 14:38:00-04:00,350.18499755859375,350.18499755859375,350.5799865722656,350.1300048828125,350.5799865722656,34987
2026-06-11 14:40:00-04:00,350.19500732421875,350.19500732421875,350.44000244140625,349.9599914550781,350.18499755859375,44627
2026-06-11 14:42:00-04:00,350.45001220703125,350.45001220703125,350.5400085449219,350.1199951171875,350.19500732421875,34622
2026-06-11 14:44:00-04:00,350.6300048828125,350.6300048828125,350.6700134277344,350.2099914550781,350.3999938964844,32275
2026-06-11 14:46:00-04:00,351.2676086425781,351.2676086425781,351.2699890136719,350.7099914550781,350.7099914550781,55092
2026-06-11 14:48:00-04:00,351.44000244140625,351.44000244140625,351.6319885253906,351.1900939941406,351.2099914550781,57127
2026-06-11 14:50:00-04:00,351.7200012207031,351.7200012207031,351.7900085449219,351.4599914550781,351.5,52174
2026-06-11 14:52:00-04:00,351.6600036621094,351.6600036621094,351.82000732421875,351.4700012207031,351.7200927734375,41587
2026-06-11 14:54:00-04:00,351.5400085449219,351.5400085449219,351.69000244140625,351.3399963378906,351.6300048828125,48143
2026-06-11 14:56:00-04:00,352.0249938964844,352.0249938964844,352.1400146484375,351.5400085449219,351.5400085449219,124248
2026-06-11 14:58:00-04:00,351.8699951171875,351.8699951171875,352.20001220703125,351.7300109863281,352.0050048828125,87219
2026-06-11 15:00:00-04:00,352.69000244140625,352.69000244140625,352.739990234375,351.80999755859375,351.8699951171875,105027
2026-06-11 15:02:00-04:00,353.0050048828125,353.0050048828125,353.1700134277344,352.6099853515625,352.760009765625,113348
2026-06-11 15:04:00-04:00,353.260009765625,353.260009765625,353.57000732421875,352.9200134277344,353.010009765625,79143
2026-06-11 15:06:00-04:00,353.19500732421875,353.19500732421875,353.409912109375,353.0,353.2300109863281,153649
2026-06-11 15:08:00-04:00,353.3399963378906,353.3399963378906,353.3399963378906,352.9150085449219,353.19500732421875,57259
2026-06-11 15:10:00-04:00,353.4599914550781,353.4599914550781,353.55999755859375,353.07000732421875,353.30999755859375,75178
2026-06-11 15:12:00-04:00,353.739990234375,353.739990234375,353.8999938964844,353.4549865722656,353.510009765625,90846
2026-06-11 15:14:00-04:00,353.7449951171875,353.7449951171875,353.760009765625,353.45001220703125,353.70001220703125,57052
2026-06-11 15:16:00-04:00,353.44000244140625,353.44000244140625,353.8500061035156,353.4100036621094,353.760009765625,80093
2026-06-11 15:18:00-04:00,353.5950012207031,353.5950012207031,353.6499938964844,353.3599853515625,353.4800109863281,55025
2026-06-11 15:20:00-04:00,353.6499938964844,353.6499938964844,353.760009765625,353.3299865722656,353.6099853515625,59250
2026-06-11 15:22:00-04:00,353.7250061035156,353.7250061035156,353.79998779296875,353.4100036621094,353.6499938964844,80702
2026-06-11 15:24:00-04:00,353.9599914550781,353.9599914550781,354.0,353.6199951171875,353.7349853515625,126645
2026-06-11 15:26:00-04:00,354.1099853515625,354.1099853515625,354.29998779296875,353.92498779296875,353.9342041015625,99381
2026-06-11 15:28:00-04:00,354.55499267578125,354.55499267578125,354.6700134277344,354.1199951171875,354.1400146484375,88464
2026-06-11 15:30:00-04:00,355.4150085449219,355.4150085449219,355.6000061035156,354.5299987792969,354.5799865722656,412573
2026-06-11 15:32:00-04:00,355.5,355.5,355.70001220703125,355.20001220703125,355.3900146484375,102851
2026-06-11 15:34:00-04:00,355.7099914550781,355.7099914550781,355.7900085449219,355.2699890136719,355.4700012207031,72222
2026-06-11 15:36:00-04:00,355.79998779296875,355.79998779296875,355.95001220703125,355.54998779296875,355.7200012207031,95071
2026-06-11 15:38:00-04:00,355.5400085449219,355.5400085449219,355.970703125,355.4849853515625,355.7799987792969,203744
2026-06-11 15:40:00-04:00,355.6000061035156,355.6000061035156,355.79998779296875,355.260009765625,355.6000061035156,171208
2026-06-11 15:42:00-04:00,355.0400085449219,355.0400085449219,355.6700134277344,354.95001220703125,355.5799865722656,195966
2026-06-11 15:44:00-04:00,354.1700134277344,354.1700134277344,355.1300048828125,354.1090087890625,355.1000061035156,168033
2026-06-11 15:46:00-04:00,354.07501220703125,354.07501220703125,354.239990234375,354.0,354.1600036621094,132326
2026-06-11 15:48:00-04:00,353.8999938964844,353.8999938964844,354.2499084472656,353.6000061035156,354.1000061035156,102132
2026-06-11 15:50:00-04:00,353.7998962402344,353.7998962402344,354.2699890136719,353.7200012207031,353.95001220703125,215664
2026-06-11 15:52:00-04:00,354.19000244140625,354.19000244140625,354.25,353.6199951171875,353.7749938964844,197011
2026-06-11 15:54:00-04:00,355.20001220703125,355.20001220703125,356.75,354.010009765625,354.239990234375,865632
2026-06-11 15:56:00-04:00,357.2699890136719,357.2699890136719,357.3399963378906,355.1099853515625,355.19000244140625,1029358
2026-06-11 15:58:00-04:00,356.32000732421875,356.32000732421875,358.010009765625,356.32000732421875,357.2699890136719,2255873
2026-06-12 09:30:00-04:00,360.33050537109375,360.33050537109375,362.6449890136719,359.57000732421875,361.1000061035156,896679
2026-06-12 09:32:00-04:00,359.6600036621094,359.6600036621094,362.3900146484375,359.6600036621094,360.4200134277344,166731
2026-06-12 09:34:00-04:00,358.510009765625,358.510009765625,360.0,357.64300537109375,359.739990234375,197112
2026-06-12 09:36:00-04:00,357.8500061035156,357.8500061035156,358.760009765625,357.5799865722656,358.597900390625,126125
2026-06-12 09:38:00-04:00,357.5249938964844,357.5249938964844,357.9797058105469,357.2200012207031,357.7099914550781,120274
2026-06-12 09:40:00-04:00,356.2699890136719,356.2699890136719,357.94000244140625,355.8710021972656,357.5421142578125,237330
2026-06-12 09:42:00-04:00,355.8900146484375,355.8900146484375,356.489990234375,355.5799865722656,356.2699890136719,104090
2026-06-12 09:44:00-04:00,354.6000061035156,354.6000061035156,356.4154968261719,354.45001220703125,355.8699951171875,116549
2026-06-12 09:46:00-04:00,355.6400146484375,355.6400146484375,356.0799865722656,353.8999938964844,354.6700134277344,229582
2026-06-12 09:48:00-04:00,354.17999267578125,354.17999267578125,355.7650146484375,354.1600036621094,355.6600036621094,93501
2026-06-12 09:50:00-04:00,353.8349914550781,353.8349914550781,354.2799987792969,353.3399963378906,354.19000244140625,85364
2026-06-12 09:52:00-04:00,356.03009033203125,356.03009033203125,356.3599853515625,353.8399963378906,353.8500061035156,145060
2026-06-12 09:54:00-04:00,356.30999755859375,356.30999755859375,356.3500061035156,355.6700134277344,356.1099853515625,97503
2026-06-12 09:56:00-04:00,356.8699951171875,356.8699951171875,357.2149963378906,355.9599914550781,356.29998779296875,95770
2026-06-12 09:58:00-04:00,356.6300048828125,356.6300048828125,357.6499938964844,356.3299865722656,356.8500061035156,80053
2026-06-12 10:00:00-04:00,357.8500061035156,357.8500061035156,357.8800048828125,356.510009765625,356.6300048828125,69481
2026-06-12 10:02:00-04:00,357.75,357.75,357.8999938964844,357.20001220703125,357.7300109863281,80262
2026-06-12 10:04:00-04:00,357.0,357.0,358.20001220703125,356.6499938964844,357.70001220703125,93806
2026-06-12 10:06:00-04:00,358.1499938964844,358.1499938964844,358.239990234375,356.9700012207031,357.0050048828125,82824
2026-06-12 10:08:00-04:00,358.20001220703125,358.20001220703125,358.3299865722656,357.760009765625,358.1401062011719,66719
2026-06-12 10:10:00-04:00,359.5899963378906,359.5899963378906,359.67999267578125,358.2799987792969,358.37939453125,125963
2026-06-12 10:12:00-04:00,358.7900085449219,358.7900085449219,359.739990234375,358.74749755859375,359.5799865722656,123482
2026-06-12 10:14:00-04:00,359.6549987792969,359.6549987792969,359.67999267578125,358.4800109863281,358.79998779296875,79506
2026-06-12 10:16:00-04:00,360.385009765625,360.385009765625,360.7598876953125,359.4949951171875,359.54998779296875,85661
2026-06-12 10:18:00-04:00,359.67498779296875,359.67498779296875,360.4599914550781,359.55999755859375,360.3599853515625,53462
2026-06-12 10:20:00-04:00,359.8599853515625,359.8599853515625,360.75860595703125,359.55010986328125,359.67999267578125,131972
2026-06-12 10:22:00-04:00,359.7034912109375,359.7034912109375,360.0799865722656,359.3900146484375,359.92999267578125,63225
2026-06-12 10:24:00-04:00,360.20001220703125,360.20001220703125,360.2099914550781,359.4200134277344,359.8598937988281,59582
2026-06-12 10:26:00-04:00,360.42999267578125,360.42999267578125,360.6000061035156,360.1600036621094,360.239990234375,57520
2026-06-12 10:28:00-04:00,360.1050109863281,360.1050109863281,360.3800048828125,359.9599914550781,360.3699951171875,54813
2026-06-12 10:30:00-04:00,360.4649963378906,360.4649963378906,361.1700134277344,360.05999755859375,360.05999755859375,131299
2026-06-12 10:32:00-04:00,360.4100036621094,360.4100036621094,360.989990234375,360.1000061035156,360.510009765625,83939
2026-06-12 10:34:00-04:00,361.16900634765625,361.16900634765625,361.2900085449219,360.1400146484375,360.489990234375,77293
2026-06-12 10:36:00-04:00,360.95001220703125,360.95001220703125,361.46990966796875,360.7300109863281,361.1499938964844,81447
2026-06-12 10:38:00-04:00,360.6499938964844,360.6499938964844,361.2900085449219,360.6300048828125,360.9649963378906,59834
2026-06-12 10:40:00-04:00,359.4599914550781,359.4599914550781,360.7349853515625,359.4100036621094,360.6000061035156,97937
2026-06-12 10:42:00-04:00,357.7113952636719,357.7113952636719,359.56988525390625,357.7099914550781,359.4100036621094,105813
2026-06-12 10:44:00-04:00,358.6600036621094,358.6600036621094,358.7120056152344,357.55999755859375,357.7699890136719,109780
2026-06-12 10:46:00-04:00,358.2650146484375,358.2650146484375,359.0368957519531,358.0775146484375,358.6000061035156,69746
2026-06-12 10:48:00-04:00,358.55999755859375,358.55999755859375,358.7654113769531,358.25,358.25,50085
2026-06-12 10:50:00-04:00,358.6700134277344,358.6700134277344,359.4649963378906,358.55499267578125,358.55499267578125,53061
2026-06-12 10:52:00-04:00,359.739990234375,359.739990234375,360.2099914550781,358.6000061035156,358.6099853515625,125181
2026-06-12 10:54:00-04:00,360.25,360.25,361.32501220703125,360.114013671875,360.114013671875,130122
2026-06-12 10:56:00-04:00,360.864990234375,360.864990234375,360.864990234375,360.3700866699219,360.82501220703125,32110
2026-06-12 10:58:00-04:00,361.3500061035156,361.3500061035156,361.3500061035156,360.6600036621094,360.8299865722656,63667
2026-06-12 11:00:00-04:00,361.55499267578125,361.55499267578125,361.989990234375,361.19000244140625,361.44000244140625,98068
2026-06-12 11:02:00-04:00,361.3399963378906,361.3399963378906,361.6600036621094,361.2099914550781,361.55499267578125,46083
2026-06-12 11:04:00-04:00,361.10009765625,361.10009765625,361.32000732421875,360.79998779296875,361.06500244140625,58366
2026-06-12 11:06:00-04:00,360.9100036621094,360.9100036621094,361.2799987792969,360.6050109863281,361.135009765625,43059
2026-06-12 11:08:00-04:00,361.0199890136719,361.0199890136719,361.19500732421875,360.6426086425781,360.8900146484375,38194
2026-06-12 11:10:00-04:00,361.2950134277344,361.2950134277344,361.6199951171875,361.010009765625,361.0799865722656,56335
2026-06-12 11:12:00-04:00,361.0274963378906,361.0274963378906,361.30999755859375,360.5530090332031,361.30999755859375,51903
2026-06-12 11:14:00-04:00,360.8599853515625,360.8599853515625,361.32501220703125,360.8500061035156,361.0274963378906,68811
2026-06-12 11:16:00-04:00,361.57000732421875,361.57000732421875,361.69000244140625,360.8500061035156,360.8500061035156,49039
2026-06-12 11:18:00-04:00,362.0899963378906,362.0899963378906,362.0899963378906,361.5570068359375,361.5799865722656,74657
2026-06-12 11:20:00-04:00,362.9200134277344,362.9200134277344,363.0,361.92999267578125,362.1000061035156,122333
2026-06-12 11:22:00-04:00,364.0,364.0,364.0,362.7699890136719,362.9200134277344,107496
2026-06-12 11:24:00-04:00,364.7200012207031,364.7200012207031,364.7724914550781,363.94000244140625,363.9800109863281,153108
2026-06-12 11:26:00-04:00,364.1499938964844,364.1499938964844,364.75,364.0,364.69000244140625,127021
2026-06-12 11:28:00-04:00,363.6600036621094,363.6600036621094,364.1499938964844,363.4700927734375,364.1000061035156,86315
2026-06-12 11:30:00-04:00,363.3999938964844,363.3999938964844,363.739990234375,363.239990234375,363.6099853515625,76781
2026-06-12 11:32:00-04:00,362.69500732421875,362.69500732421875,363.3999938964844,362.30999755859375,363.3699951171875,95532
2026-06-12 11:34:00-04:00,363.385009765625,363.385009765625,363.489990234375,362.30999755859375,362.7049865722656,134268
2026-06-12 11:36:00-04:00,362.6600036621094,362.6600036621094,363.3800048828125,362.54010009765625,363.3800048828125,83125
2026-06-12 11:38:00-04:00,362.6000061035156,362.6000061035156,362.8800048828125,362.25,362.67999267578125,78099
2026-06-12 11:40:00-04:00,361.7900085449219,361.7900085449219,362.739990234375,361.5,362.6199951171875,73865
2026-06-12 11:42:00-04:00,360.8299865722656,360.8299865722656,361.8699951171875,360.80999755859375,361.7900085449219,117574
2026-06-12 11:44:00-04:00,360.6199951171875,360.6199951171875,360.92999267578125,360.4800109863281,360.82000732421875,47479
2026-06-12 11:46:00-04:00,360.4200134277344,360.4200134277344,361.07000732421875,360.3900146484375,360.6600036621094,37297
2026-06-12 11:48:00-04:00,359.6000061035156,359.6000061035156,360.4200134277344,359.510009765625,360.4200134277344,56841
2026-06-12 11:50:00-04:00,360.125,360.125,360.1957092285156,359.6000061035156,359.67999267578125,45703
2026-06-12 11:52:00-04:00,360.3550109863281,360.3550109863281,360.8395080566406,360.1400146484375,360.1400146484375,41618
2026-06-12 11:54:00-04:00,360.5249938964844,360.5249938964844,360.760009765625,360.1700134277344,360.3800048828125,33422
2026-06-12 11:56:00-04:00,359.8299865722656,359.8299865722656,360.6600036621094,359.8299865722656,360.5400085449219,39240
2026-06-12 11:58:00-04:00,359.0799865722656,359.0799865722656,360.010009765625,358.760009765625,359.82501220703125,63687
2026-06-12 12:00:00-04:00,359.07501220703125,359.07501220703125,359.42999267578125,358.8699951171875,359.1600036621094,43966
2026-06-12 12:02:00-04:00,359.0790100097656,359.0790100097656,359.2499084472656,358.3800048828125,359.19989013671875,81253
2026-06-12 12:04:00-04:00,358.7200012207031,358.7200012207031,359.2900085449219,358.510009765625,359.07501220703125,38727
2026-06-12 12:06:00-04:00,358.80999755859375,358.80999755859375,359.09521484375,358.6300048828125,358.70001220703125,37151
2026-06-12 12:08:00-04:00,359.0199890136719,359.0199890136719,359.3500061035156,358.70001220703125,358.70001220703125,38475
2026-06-12 12:10:00-04:00,359.57000732421875,359.57000732421875,359.8399963378906,358.4800109863281,358.9700012207031,43870
2026-06-12 12:12:00-04:00,360.3999938964844,360.3999938964844,360.7099914550781,359.3949890136719,359.57000732421875,95893
2026-06-12 12:14:00-04:00,360.989990234375,360.989990234375,361.010009765625,360.260009765625,360.4476013183594,38863
2026-06-12 12:16:00-04:00,360.32501220703125,360.32501220703125,361.00531005859375,360.260009765625,360.8700866699219,37342
2026-06-12 12:18:00-04:00,359.8900146484375,359.8900146484375,360.5899963378906,359.79998779296875,360.3299865722656,35277
2026-06-12 12:20:00-04:00,359.7349853515625,359.7349853515625,360.1700134277344,359.4800109863281,360.0299987792969,34676
2026-06-12 12:22:00-04:00,359.75,359.75,360.0,359.5,359.67999267578125,26536
2026-06-12 12:24:00-04:00,359.7078857421875,359.7078857421875,360.0293884277344,359.3999938964844,359.739990234375,27928
2026-06-12 12:26:00-04:00,359.6600036621094,359.6600036621094,360.1099853515625,359.5849914550781,359.7200012207031,28206
2026-06-12 12:28:00-04:00,359.5950012207031,359.5950012207031,359.9501953125,359.45001220703125,359.6600036621094,19819
2026-06-12 12:30:00-04:00,359.32000732421875,359.32000732421875,359.6300048828125,359.2699890136719,359.6300048828125,42457
2026-06-12 12:32:00-04:00,359.4700012207031,359.4700012207031,359.55999755859375,359.1199951171875,359.3500061035156,30144
2026-06-12 12:34:00-04:00,359.3800048828125,359.3800048828125,359.8399963378906,359.36968994140625,359.4599914550781,29601
2026-06-12 12:36:00-04:00,359.5546875,359.5546875,359.67999267578125,359.1499938964844,359.29998779296875,40414
2026-06-12 12:38:00-04:00,359.6650085449219,359.6650085449219,359.75,359.3900146484375,359.6400146484375,48517
2026-06-12 12:40:00-04:00,359.5199890136719,359.5199890136719,360.07000732421875,359.5199890136719,359.70001220703125,46443
2026-06-12 12:42:00-04:00,359.3399963378906,359.3399963378906,359.6000061035156,359.1200866699219,359.5799865722656,27231
2026-06-12 12:44:00-04:00,359.2900085449219,359.2900085449219,359.57000732421875,359.20001220703125,359.32000732421875,26055
2026-06-12 12:46:00-04:00,359.5400085449219,359.5400085449219,359.54998779296875,359.2200012207031,359.2900085449219,30077
2026-06-12 12:48:00-04:00,359.70001220703125,359.70001220703125,359.70001220703125,359.42498779296875,359.57000732421875,20661
2026-06-12 12:50:00-04:00,359.510009765625,359.510009765625,359.7699890136719,359.44000244140625,359.6379089355469,22816
2026-06-12 12:52:00-04:00,359.5899963378906,359.5899963378906,359.70001220703125,359.32000732421875,359.42999267578125,20380
2026-06-12 12:54:00-04:00,359.4910888671875,359.4910888671875,359.69000244140625,359.3900146484375,359.5299987792969,28690
2026-06-12 12:56:00-04:00,359.7698974609375,359.7698974609375,359.7698974609375,359.2799987792969,359.5,23274
2026-06-12 12:58:00-04:00,359.95001220703125,359.95001220703125,360.1499938964844,359.55999755859375,359.6300048828125,28960
2026-06-12 13:00:00-04:00,360.1499938964844,360.1499938964844,360.2699890136719,359.8900146484375,360.0,25082
2026-06-12 13:02:00-04:00,360.4049987792969,360.4049987792969,360.5,360.0,360.1499938964844,44919
2026-06-12 13:04:00-04:00,361.1871032714844,361.1871032714844,361.239990234375,360.32000732421875,360.3900146484375,44857
2026-06-12 13:06:00-04:00,361.1400146484375,361.1400146484375,362.0,360.989990234375,361.1400146484375,73055
2026-06-12 13:08:00-04:00,361.010009765625,361.010009765625,361.2300109863281,360.760009765625,361.1351013183594,42825
2026-06-12 13:10:00-04:00,360.5299987792969,360.5299987792969,361.1000061035156,360.5299987792969,361.010009765625,34679
2026-06-12 13:12:00-04:00,360.17999267578125,360.17999267578125,360.70001220703125,360.1400146484375,360.57501220703125,35340
2026-06-12 13:14:00-04:00,360.8399963378906,360.8399963378906,360.8800048828125,359.79998779296875,360.1300048828125,90828
2026-06-12 13:16:00-04:00,360.510009765625,360.510009765625,360.9054870605469,360.44000244140625,360.8800048828125,24376
2026-06-12 13:18:00-04:00,360.7699890136719,360.7699890136719,360.82989501953125,360.4100036621094,360.56500244140625,24911
2026-06-12 13:20:00-04:00,360.8999938964844,360.8999938964844,360.93829345703125,360.7799987792969,360.8299865722656,31884
2026-06-12 13:22:00-04:00,360.7300109863281,360.7300109863281,361.0299987792969,360.55010986328125,360.8999938964844,40156
2026-06-12 13:24:00-04:00,360.92999267578125,360.92999267578125,361.0199890136719,360.7049865722656,360.7049865722656,20255
2026-06-12 13:26:00-04:00,360.7099914550781,360.7099914550781,361.1600036621094,360.7099914550781,360.8999938964844,21528
2026-06-12 13:28:00-04:00,360.8599853515625,360.8599853515625,361.0299072265625,360.7300109863281,360.7300109863281,31404
2026-06-12 13:30:00-04:00,360.610107421875,360.610107421875,360.9717102050781,360.5799865722656,360.9200134277344,29154
2026-06-12 13:32:00-04:00,360.2300109863281,360.2300109863281,360.69500732421875,360.0799865722656,360.64990234375,53229
2026-06-12 13:34:00-04:00,360.0400085449219,360.0400085449219,360.2799987792969,359.9549865722656,360.20001220703125,39636
2026-06-12 13:36:00-04:00,360.04998779296875,360.04998779296875,360.1000061035156,359.88629150390625,360.0400085449219,25913
2026-06-12 13:38:00-04:00,359.5400085449219,359.5400085449219,360.05999755859375,359.3900146484375,360.05999755859375,55786
2026-06-12 13:40:00-04:00,359.4200134277344,359.4200134277344,359.739990234375,359.4200134277344,359.5,82165
2026-06-12 13:42:00-04:00,359.70001220703125,359.70001220703125,359.7049865722656,359.42999267578125,359.42999267578125,32937
2026-06-12 13:44:00-04:00,359.3999938964844,359.3999938964844,359.6300048828125,359.3399963378906,359.6099853515625,42796
2026-06-12 13:46:00-04:00,359.69000244140625,359.69000244140625,359.7398986816406,359.3500061035156,359.3500061035156,32397
2026-06-12 13:48:00-04:00,359.6199951171875,359.6199951171875,359.6700134277344,359.4700012207031,359.6700134277344,34236
2026-06-12 13:50:00-04:00,359.6499938964844,359.6499938964844,359.7900085449219,359.5799865722656,359.635009765625,30972
2026-06-12 13:52:00-04:00,359.55999755859375,359.55999755859375,359.67498779296875,359.5000915527344,359.6300048828125,13428
2026-06-12 13:54:00-04:00,359.07000732421875,359.07000732421875,359.7149963378906,359.05999755859375,359.5693054199219,23746
2026-06-12 13:56:00-04:00,359.5,359.5,359.55499267578125,359.0150146484375,359.05010986328125,19004
2026-06-12 13:58:00-04:00,359.510009765625,359.510009765625,359.7099914550781,359.4750061035156,359.55999755859375,21087
2026-06-12 14:00:00-04:00,359.4949951171875,359.4949951171875,359.6400146484375,359.32000732421875,359.5400085449219,19212
2026-06-12 14:02:00-04:00,359.5299987792969,359.5299987792969,359.70001220703125,359.3699951171875,359.3999938964844,21252
2026-06-12 14:04:00-04:00,359.1000061035156,359.1000061035156,359.5199890136719,359.1000061035156,359.5199890136719,18219
2026-06-12 14:06:00-04:00,358.8999938964844,358.8999938964844,359.1600036621094,358.82000732421875,359.1600036621094,30748
2026-06-12 14:08:00-04:00,359.2749938964844,359.2749938964844,359.3299865722656,358.8900146484375,358.9100036621094,95637
2026-06-12 14:10:00-04:00,359.7900085449219,359.7900085449219,360.0249938964844,359.19000244140625,359.2799987792969,48599
2026-06-12 14:12:00-04:00,359.7699890136719,359.7699890136719,360.0249938964844,359.70001220703125,359.8052978515625,36365
2026-06-12 14:14:00-04:00,359.5799865722656,359.5799865722656,359.7449951171875,359.3399963378906,359.7300109863281,40202
2026-06-12 14:16:00-04:00,359.489990234375,359.489990234375,359.9100036621094,359.30999755859375,359.489990234375,120034
2026-06-12 14:18:00-04:00,359.5849914550781,359.5849914550781,359.7900085449219,359.5082092285156,359.56500244140625,16625
2026-06-12 14:20:00-04:00,359.5400085449219,359.5400085449219,359.739990234375,359.5199890136719,359.5848083496094,21412
2026-06-12 14:22:00-04:00,359.4049987792969,359.4049987792969,359.625,359.3424987792969,359.54998779296875,28246
2026-06-12 14:24:00-04:00,358.93499755859375,358.93499755859375,359.4049987792969,358.8800048828125,359.4049987792969,33179
2026-06-12 14:26:00-04:00,359.25,359.25,359.2699890136719,358.8399963378906,358.8800048828125,25558
2026-06-12 14:28:00-04:00,359.239990234375,359.239990234375,359.4150085449219,359.0400085449219,359.27978515625,35473
2026-06-12 14:30:00-04:00,359.2449951171875,359.2449951171875,359.3949890136719,359.0450134277344,359.2200012207031,39400
2026-06-12 14:32:00-04:00,359.2699890136719,359.2699890136719,359.31500244140625,359.1300048828125,359.2200012207031,36049
2026-06-12 14:34:00-04:00,359.239990234375,359.239990234375,359.4200134277344,359.20001220703125,359.2900085449219,22325
2026-06-12 14:36:00-04:00,359.4150085449219,359.4150085449219,359.510009765625,359.2200927734375,359.2799987792969,26973
2026-06-12 14:38:00-04:00,359.31500244140625,359.31500244140625,359.489990234375,359.25,359.42999267578125,16679
2026-06-12 14:40:00-04:00,359.6000061035156,359.6000061035156,359.6499938964844,359.30999755859375,359.30999755859375,30436
2026-06-12 14:42:00-04:00,359.8550109863281,359.8550109863281,359.8883056640625,359.6095886230469,359.6095886230469,22954
2026-06-12 14:44:00-04:00,359.7900085449219,359.7900085449219,360.0400085449219,359.739990234375,359.8699951171875,21955
2026-06-12 14:46:00-04:00,359.3951110839844,359.3951110839844,359.7850036621094,359.3500061035156,359.78009033203125,21696
2026-06-12 14:48:00-04:00,359.3699951171875,359.3699951171875,359.4800109863281,359.17999267578125,359.3699951171875,31192
2026-06-12 14:50:00-04:00,358.9800109863281,358.9800109863281,359.3349914550781,358.9639892578125,359.3349914550781,23849
2026-06-12 14:52:00-04:00,359.1499938964844,359.1499938964844,359.2200012207031,358.79998779296875,358.9800109863281,21165
2026-06-12 14:54:00-04:00,359.239990234375,359.239990234375,359.3800048828125,359.0899963378906,359.19000244140625,26178
2026-06-12 14:56:00-04:00,358.8349914550781,358.8349914550781,359.2349853515625,358.79998779296875,359.2300109863281,26984
2026-06-12 14:58:00-04:00,358.8450012207031,358.8450012207031,359.0400085449219,358.7900085449219,358.8699951171875,29619
2026-06-12 15:00:00-04:00,358.9750061035156,358.9750061035156,359.1300048828125,358.79998779296875,358.8800048828125,29297
2026-06-12 15:02:00-04:00,359.2850036621094,359.2850036621094,359.3399963378906,358.9750061035156,358.9750061035156,26375
2026-06-12 15:04:00-04:00,359.260009765625,359.260009765625,359.3800048828125,359.1099853515625,359.2200927734375,18849
2026-06-12 15:06:00-04:00,358.9599914550781,358.9599914550781,359.3055114746094,358.94500732421875,359.3055114746094,27205
2026-06-12 15:08:00-04:00,358.94000244140625,358.94000244140625,359.1600036621094,358.8299865722656,358.9798889160156,25995
2026-06-12 15:10:00-04:00,358.5299987792969,358.5299987792969,359.0199890136719,358.5,358.9649963378906,39605
2026-06-12 15:12:00-04:00,358.6199035644531,358.6199035644531,358.739990234375,358.29998779296875,358.5249938964844,51272
2026-06-12 15:14:00-04:00,358.34991455078125,358.34991455078125,358.6199951171875,358.2799987792969,358.55999755859375,36550
2026-06-12 15:16:00-04:00,358.2099914550781,358.2099914550781,358.4100036621094,358.1099853515625,358.30010986328125,42806
2026-06-12 15:18:00-04:00,358.489990234375,358.489990234375,358.635009765625,358.19000244140625,358.2200012207031,53389
2026-06-12 15:20:00-04:00,358.114990234375,358.114990234375,358.489990234375,358.0299987792969,358.4800109863281,35381
2026-06-12 15:22:00-04:00,357.989990234375,357.989990234375,358.25,357.92999267578125,358.1000061035156,44605
2026-06-12 15:24:00-04:00,358.0050048828125,358.0050048828125,358.2149963378906,357.92999267578125,357.989990234375,37862
2026-06-12 15:26:00-04:00,358.44500732421875,358.44500732421875,359.47869873046875,357.9100036621094,358.010009765625,718399
2026-06-12 15:28:00-04:00,358.739990234375,358.739990234375,358.7749938964844,358.42999267578125,358.4700012207031,41903
2026-06-12 15:30:00-04:00,358.3800048828125,358.3800048828125,358.82000732421875,358.2200012207031,358.739990234375,46982
2026-06-12 15:32:00-04:00,358.25,358.25,358.6300048828125,358.2200012207031,358.4200134277344,31509
2026-06-12 15:34:00-04:00,357.9549865722656,357.9549865722656,358.25,357.7900085449219,358.17999267578125,45983
2026-06-12 15:36:00-04:00,358.1300048828125,358.1300048828125,358.614990234375,357.9200134277344,357.9700012207031,58767
2026-06-12 15:38:00-04:00,358.0199890136719,358.0199890136719,358.3599853515625,357.92999267578125,358.1050109863281,47536
2026-06-12 15:40:00-04:00,357.94000244140625,357.94000244140625,358.05999755859375,357.77099609375,358.0199890136719,44876
2026-06-12 15:42:00-04:00,357.8999938964844,357.8999938964844,358.0199890136719,357.7099914550781,357.9649963378906,35402
2026-06-12 15:44:00-04:00,357.45001220703125,357.45001220703125,357.92999267578125,357.3900146484375,357.8900146484375,62109
2026-06-12 15:46:00-04:00,357.3800048828125,357.3800048828125,357.5400085449219,357.30010986328125,357.4700012207031,40240
2026-06-12 15:48:00-04:00,357.739990234375,357.739990234375,357.7799987792969,357.3800048828125,357.4100036621094,90733
2026-06-12 15:50:00-04:00,356.9599914550781,356.9599914550781,357.92999267578125,356.8999938964844,357.7699890136719,104695
2026-06-12 15:52:00-04:00,357.17498779296875,357.17498779296875,357.426513671875,356.9200134277344,356.9525146484375,116921
2026-06-12 15:54:00-04:00,357.9599914550781,357.9599914550781,358.1099853515625,356.94000244140625,357.1600036621094,202640
2026-06-12 15:56:00-04:00,357.95001220703125,357.95001220703125,358.135009765625,357.80999755859375,357.98431396484375,138400
2026-06-12 15:58:00-04:00,358.07000732421875,358.07000732421875,358.25,357.8299865722656,357.9200134277344,322207
2026-06-15 09:30:00-04:00,367.902099609375,367.902099609375,369.4100036621094,365.7650146484375,365.7650146484375,1047424
2026-06-15 09:32:00-04:00,368.45001220703125,368.45001220703125,370.2049865722656,367.614990234375,367.885009765625,314979
2026-06-15 09:34:00-04:00,367.17010498046875,367.17010498046875,368.4200134277344,366.92999267578125,368.3299865722656,138758
2026-06-15 09:36:00-04:00,367.8299865722656,367.8299865722656,367.8299865722656,366.3550109863281,367.1700134277344,109538
2026-06-15 09:38:00-04:00,367.29998779296875,367.29998779296875,367.989990234375,366.4100036621094,367.92498779296875,84077
2026-06-15 09:40:00-04:00,366.7699890136719,366.7699890136719,367.6799011230469,366.760009765625,367.32000732421875,146945
2026-06-15 09:42:00-04:00,365.135009765625,365.135009765625,366.9700012207031,364.7001037597656,366.8599853515625,114209
2026-06-15 09:44:00-04:00,365.6499938964844,365.6499938964844,366.5,364.6499938964844,365.0299987792969,95852
2026-06-15 09:46:00-04:00,365.356689453125,365.356689453125,365.83599853515625,364.760009765625,365.6449890136719,134719
2026-06-15 09:48:00-04:00,366.3699951171875,366.3699951171875,366.5199890136719,364.9100036621094,365.3949890136719,90666
2026-06-15 09:50:00-04:00,366.6000061035156,366.6000061035156,366.82000732421875,366.0199890136719,366.3734130859375,103433
2026-06-15 09:52:00-04:00,366.3349914550781,366.3349914550781,366.6400146484375,366.0799865722656,366.55999755859375,48185
2026-06-15 09:54:00-04:00,366.8299865722656,366.8299865722656,367.3450012207031,366.1199951171875,366.239990234375,105029
2026-06-15 09:56:00-04:00,367.0,367.0,367.25750732421875,366.5199890136719,366.864990234375,65637
2026-06-15 09:58:00-04:00,367.1210021972656,367.1210021972656,367.6098937988281,366.8500061035156,367.0050048828125,81724
2026-06-15 10:00:00-04:00,368.94500732421875,368.94500732421875,369.3599853515625,367.1669921875,367.20001220703125,150602
2026-06-15 10:02:00-04:00,368.4549865722656,368.4549865722656,369.50201416015625,368.3399963378906,368.9999084472656,138164
2026-06-15 10:04:00-04:00,368.4200134277344,368.4200134277344,368.7900085449219,367.9200134277344,368.5459899902344,120393
2026-06-15 10:06:00-04:00,367.9299011230469,367.9299011230469,368.8900146484375,367.6099853515625,368.2900085449219,136899
2026-06-15 10:08:00-04:00,365.8900146484375,365.8900146484375,368.0,365.8200988769531,367.8500061035156,116701
2026-06-15 10:10:00-04:00,366.6099853515625,366.6099853515625,366.7618103027344,365.3800048828125,365.82000732421875,156548
2026-06-15 10:12:00-04:00,366.2699890136719,366.2699890136719,367.04901123046875,366.2049865722656,366.6199951171875,71455
2026-06-15 10:14:00-04:00,366.17999267578125,366.17999267578125,366.5400085449219,365.8900146484375,366.32000732421875,39210
2026-06-15 10:16:00-04:00,366.885009765625,366.885009765625,367.09991455078125,366.1700134277344,366.1700134277344,42198
2026-06-15 10:18:00-04:00,366.17999267578125,366.17999267578125,366.92498779296875,365.9599914550781,366.8550109863281,44793
2026-06-15 10:20:00-04:00,366.67999267578125,366.67999267578125,366.8399963378906,366.05999755859375,366.1000061035156,49698
2026-06-15 10:22:00-04:00,366.6700134277344,366.6700134277344,366.82000732421875,366.3900146484375,366.68499755859375,33947
2026-06-15 10:24:00-04:00,366.25,366.25,366.95001220703125,366.16009521484375,366.69000244140625,32273
2026-06-15 10:26:00-04:00,367.44000244140625,367.44000244140625,367.4800109863281,366.239990234375,366.30499267578125,68110
2026-06-15 10:28:00-04:00,366.9999084472656,366.9999084472656,367.7449951171875,366.79998779296875,367.3999938964844,63526
2026-06-15 10:30:00-04:00,367.25,367.25,367.2650146484375,366.6000061035156,367.0,38123
2026-06-15 10:32:00-04:00,367.2099914550781,367.2099914550781,367.3258056640625,366.9200134277344,367.25,52520
2026-06-15 10:34:00-04:00,367.5199890136719,367.5199890136719,367.5299987792969,366.8900146484375,367.2300109863281,63089
2026-06-15 10:36:00-04:00,366.7699890136719,366.7699890136719,367.5450134277344,366.67999267578125,367.510009765625,92877
2026-06-15 10:38:00-04:00,367.4632873535156,367.4632873535156,367.4798889160156,366.739990234375,366.739990234375,53272
2026-06-15 10:40:00-04:00,368.0899963378906,368.0899963378906,368.25,367.3299865722656,367.43499755859375,70585
2026-06-15 10:42:00-04:00,367.6499938964844,367.6499938964844,368.1600036621094,367.3999938964844,368.1300048828125,61893
2026-06-15 10:44:00-04:00,367.135009765625,367.135009765625,367.5799865722656,367.0249938964844,367.5450134277344,47647
2026-06-15 10:46:00-04:00,367.1600036621094,367.1600036621094,367.25,366.8949890136719,367.1300048828125,36911
2026-06-15 10:48:00-04:00,366.8699951171875,366.8699951171875,367.29998779296875,366.6000061035156,367.1300048828125,54090
2026-06-15 10:50:00-04:00,367.5199890136719,367.5199890136719,367.6000061035156,366.92999267578125,366.9700012207031,48863
2026-06-15 10:52:00-04:00,367.2699890136719,367.2699890136719,367.7059020996094,367.2699890136719,367.5199890136719,40392
2026-06-15 10:54:00-04:00,367.49798583984375,367.49798583984375,367.70001220703125,367.1600036621094,367.30999755859375,36718
2026-06-15 10:56:00-04:00,367.6499938964844,367.6499938964844,367.7699890136719,367.3500061035156,367.364990234375,30042
2026-06-15 10:58:00-04:00,368.4150085449219,368.4150085449219,368.45831298828125,367.4800109863281,367.6099853515625,63237
2026-06-15 11:00:00-04:00,368.3999938964844,368.3999938964844,368.6300048828125,368.2300109863281,368.3999938964844,82010
2026-06-15 11:02:00-04:00,368.8900146484375,368.8900146484375,369.1400146484375,368.2099914550781,368.385009765625,106876
2026-06-15 11:04:00-04:00,368.54998779296875,368.54998779296875,368.92999267578125,368.3200988769531,368.8900146484375,49059
2026-06-15 11:06:00-04:00,367.9849853515625,367.9849853515625,368.57000732421875,367.9200134277344,368.4800109863281,52071
2026-06-15 11:08:00-04:00,368.07000732421875,368.07000732421875,368.6099853515625,368.0,368.0299987792969,64774
2026-06-15 11:10:00-04:00,368.1499938964844,368.1499938964844,368.29998779296875,367.8599853515625,368.1300048828125,50729
2026-06-15 11:12:00-04:00,367.82501220703125,367.82501220703125,368.2049865722656,367.7699890136719,368.2049865722656,59675
2026-06-15 11:14:00-04:00,368.0799865722656,368.0799865722656,368.19000244140625,367.739990234375,367.8599853515625,44352
2026-06-15 11:16:00-04:00,368.260009765625,368.260009765625,368.3999938964844,367.9700927734375,368.1499938964844,19908
2026-06-15 11:18:00-04:00,368.1943054199219,368.1943054199219,368.29998779296875,368.1000061035156,368.2699890136719,21778
2026-06-15 11:20:00-04:00,368.4200134277344,368.4200134277344,368.6199951171875,368.1199951171875,368.20001220703125,34834
2026-06-15 11:22:00-04:00,368.6000061035156,368.6000061035156,368.8999938964844,368.3599853515625,368.3949890136719,56935
2026-06-15 11:24:00-04:00,369.75,369.75,369.8800048828125,368.54010009765625,368.5492858886719,160414
2026-06-15 11:26:00-04:00,369.8500061035156,369.8500061035156,370.20001220703125,369.6600036621094,369.7300109863281,177172
2026-06-15 11:28:00-04:00,370.0799865722656,370.0799865722656,370.29998779296875,369.8299865722656,369.8700866699219,54446
2026-06-15 11:30:00-04:00,369.67999267578125,369.67999267578125,370.25,369.6322021484375,370.06500244140625,119072
2026-06-15 11:32:00-04:00,369.70001220703125,369.70001220703125,369.9800109863281,369.0,369.6700134277344,92203
2026-06-15 11:34:00-04:00,369.2650146484375,369.2650146484375,369.7200012207031,369.21490478515625,369.7200012207031,44720
2026-06-15 11:36:00-04:00,369.1650085449219,369.1650085449219,369.4599914550781,369.04998779296875,369.30999755859375,31062
2026-06-15 11:38:00-04:00,369.4800109863281,369.4800109863281,369.6400146484375,368.9599914550781,369.1549987792969,50250
2026-06-15 11:40:00-04:00,368.95001220703125,368.95001220703125,369.54998779296875,368.8900146484375,369.510009765625,38685
2026-06-15 11:42:00-04:00,369.29998779296875,369.29998779296875,369.3999938964844,368.8699951171875,368.94500732421875,31323
2026-06-15 11:44:00-04:00,369.33099365234375,369.33099365234375,369.510009765625,369.19000244140625,369.29998779296875,51122
2026-06-15 11:46:00-04:00,369.2900085449219,369.2900085449219,369.3500061035156,369.0899963378906,369.2900085449219,30633
2026-06-15 11:48:00-04:00,369.2799987792969,369.2799987792969,369.4800109863281,369.0899963378906,369.2799987792969,53668
2026-06-15 11:50:00-04:00,369.4735107421875,369.4735107421875,369.8500061035156,369.2200012207031,369.260009765625,64933
2026-06-15 11:52:00-04:00,369.4549865722656,369.4549865722656,369.5899963378906,369.3299865722656,369.45001220703125,25453
2026-06-15 11:54:00-04:00,369.2569885253906,369.2569885253906,369.6000061035156,369.16650390625,369.4800109863281,25084
2026-06-15 11:56:00-04:00,369.5299987792969,369.5299987792969,369.54998779296875,369.1199951171875,369.2550048828125,27116
2026-06-15 11:58:00-04:00,370.07501220703125,370.07501220703125,370.3699951171875,369.4939880371094,369.57000732421875,76358
2026-06-15 12:00:00-04:00,370.3598937988281,370.3598937988281,370.3598937988281,369.8500061035156,370.125,41999
2026-06-15 12:02:00-04:00,370.48199462890625,370.48199462890625,370.6499938964844,369.7900085449219,370.3500061035156,145688
2026-06-15 12:04:00-04:00,370.4100036621094,370.4100036621094,370.6499938964844,370.29998779296875,370.45001220703125,64360
2026-06-15 12:06:00-04:00,370.55499267578125,370.55499267578125,370.5899963378906,370.32000732421875,370.42999267578125,37804
2026-06-15 12:08:00-04:00,370.2699890136719,370.2699890136719,370.5899963378906,370.1199951171875,370.55499267578125,42119
2026-06-15 12:10:00-04:00,370.3349914550781,370.3349914550781,370.44000244140625,370.1700134277344,370.25,30869
2026-06-15 12:12:00-04:00,369.79998779296875,369.79998779296875,370.360595703125,369.7099914550781,370.32000732421875,47666
2026-06-15 12:14:00-04:00,369.739990234375,369.739990234375,369.94000244140625,369.5799865722656,369.7900085449219,39345
2026-06-15 12:16:00-04:00,369.1050109863281,369.1050109863281,369.8599853515625,369.0700988769531,369.7744140625,42909
2026-06-15 12:18:00-04:00,369.4750061035156,369.4750061035156,369.5199890136719,369.0799865722656,369.1050109863281,32194
2026-06-15 12:20:00-04:00,369.5,369.5,369.6300048828125,369.32000732421875,369.4700012207031,39245
2026-06-15 12:22:00-04:00,369.5,369.5,369.7099914550781,369.3999938964844,369.5199890136719,28335
2026-06-15 12:24:00-04:00,369.54998779296875,369.54998779296875,369.7099914550781,369.3399963378906,369.4599914550781,32064
2026-06-15 12:26:00-04:00,369.30999755859375,369.30999755859375,369.5899963378906,368.9100036621094,369.5462951660156,78781
2026-06-15 12:28:00-04:00,369.04998779296875,369.04998779296875,369.3900146484375,369.04998779296875,369.2900085449219,27477
2026-06-15 12:30:00-04:00,369.1000061035156,369.1000061035156,369.17999267578125,368.9599914550781,369.1000061035156,34458
2026-06-15 12:32:00-04:00,369.1600036621094,369.1600036621094,369.2699890136719,368.80999755859375,369.1199951171875,47906
2026-06-15 12:34:00-04:00,369.1000061035156,369.1000061035156,369.29998779296875,369.010009765625,369.15948486328125,29206
2026-06-15 12:36:00-04:00,369.1099853515625,369.1099853515625,369.6437072753906,368.8299865722656,369.05999755859375,97757
2026-06-15 12:38:00-04:00,368.92449951171875,368.92449951171875,369.21990966796875,368.840087890625,369.1400146484375,34678
2026-06-15 12:40:00-04:00,368.8699951171875,368.8699951171875,369.1000061035156,368.760009765625,368.9599914550781,31465
2026-06-15 12:42:00-04:00,368.9898986816406,368.9898986816406,369.20001220703125,368.8699951171875,368.8800048828125,26377
2026-06-15 12:44:00-04:00,368.9049987792969,368.9049987792969,369.07000732421875,368.8500061035156,368.9599914550781,26684
2026-06-15 12:46:00-04:00,369.2300109863281,369.2300109863281,369.2300109863281,368.8399963378906,368.8500061035156,34130
2026-06-15 12:48:00-04:00,369.0450134277344,369.0450134277344,369.25,368.8349914550781,369.1700134277344,22646
2026-06-15 12:50:00-04:00,369.1199951171875,369.1199951171875,369.2900085449219,368.8999938964844,369.0400085449219,28434
2026-06-15 12:52:00-04:00,369.1600036621094,369.1600036621094,369.30999755859375,368.9800109863281,369.1000061035156,19286
2026-06-15 12:54:00-04:00,368.9649963378906,368.9649963378906,369.2699890136719,368.9649963378906,369.260009765625,20444
2026-06-15 12:56:00-04:00,369.19000244140625,369.19000244140625,369.19000244140625,368.875,368.9599914550781,19678
2026-06-15 12:58:00-04:00,369.3550109863281,369.3550109863281,369.4049987792969,369.0799865722656,369.17999267578125,14481
2026-06-15 13:00:00-04:00,369.614990234375,369.614990234375,369.7200012207031,369.3399963378906,369.3450012207031,19718
2026-06-15 13:02:00-04:00,369.216796875,369.216796875,369.625,368.8999938964844,369.6199951171875,21966
2026-06-15 13:04:00-04:00,369.5,369.5,369.5899963378906,369.2149963378906,369.239990234375,44877
2026-06-15 13:06:00-04:00,369.590087890625,369.590087890625,369.6700134277344,369.0,369.42999267578125,48977
2026-06-15 13:08:00-04:00,369.2300109863281,369.2300109863281,369.7200012207031,369.2200012207031,369.5950927734375,27490
2026-06-15 13:10:00-04:00,369.260009765625,369.260009765625,369.44000244140625,369.2099914550781,369.2900085449219,23438
2026-06-15 13:12:00-04:00,369.6099853515625,369.6099853515625,369.6099853515625,369.2300109863281,369.2300109863281,21645
2026-06-15 13:14:00-04:00,369.6000061035156,369.6000061035156,369.81500244140625,369.4200134277344,369.6499938964844,27603
2026-06-15 13:16:00-04:00,369.8299865722656,369.8299865722656,369.92999267578125,369.55999755859375,369.55999755859375,28367
2026-06-15 13:18:00-04:00,369.95001220703125,369.95001220703125,370.0350036621094,369.739990234375,369.79998779296875,48636
2026-06-15 13:20:00-04:00,369.68499755859375,369.68499755859375,369.9800109863281,369.4750061035156,369.94000244140625,31489
2026-06-15 13:22:00-04:00,369.56439208984375,369.56439208984375,369.7200012207031,369.510009765625,369.6600036621094,28262
2026-06-15 13:24:00-04:00,369.5350036621094,369.5350036621094,369.5799865722656,369.260009765625,369.5400085449219,47733
2026-06-15 13:26:00-04:00,369.8599853515625,369.8599853515625,369.9100036621094,369.5299987792969,369.5350036621094,21229
2026-06-15 13:28:00-04:00,369.69989013671875,369.69989013671875,369.95001220703125,369.6300048828125,369.8299865722656,18801
2026-06-15 13:30:00-04:00,369.5150146484375,369.5150146484375,369.8349914550781,369.5150146484375,369.6400146484375,16444
2026-06-15 13:32:00-04:00,369.45001220703125,369.45001220703125,369.54998779296875,369.29998779296875,369.54998779296875,22236
2026-06-15 13:34:00-04:00,369.8699951171875,369.8699951171875,370.11981201171875,369.360107421875,369.4200134277344,47020
2026-06-15 13:36:00-04:00,369.7200012207031,369.7200012207031,369.8598937988281,369.6400146484375,369.843505859375,12474
2026-06-15 13:38:00-04:00,369.510009765625,369.510009765625,369.8699951171875,369.260009765625,369.7300109863281,41382
2026-06-15 13:40:00-04:00,369.5201110839844,369.5201110839844,369.5799865722656,369.30999755859375,369.4800109863281,23708
2026-06-15 13:42:00-04:00,369.42498779296875,369.42498779296875,369.5299987792969,369.3200988769531,369.42010498046875,14955
2026-06-15 13:44:00-04:00,369.3299865722656,369.3299865722656,369.4750061035156,369.25,369.42999267578125,28767
2026-06-15 13:46:00-04:00,369.6400146484375,369.6400146484375,369.6449890136719,369.3200988769531,369.3599853515625,19802
2026-06-15 13:48:00-04:00,369.5354919433594,369.5354919433594,369.7749938964844,369.5199890136719,369.6199951171875,51367
2026-06-15 13:50:00-04:00,369.3900146484375,369.3900146484375,369.5199890136719,369.2200012207031,369.4814147949219,40473
2026-06-15 13:52:00-04:00,369.5199890136719,369.5199890136719,369.5199890136719,369.20001220703125,369.42999267578125,46939
2026-06-15 13:54:00-04:00,369.135009765625,369.135009765625,369.7298889160156,369.05999755859375,369.54998779296875,28498
2026-06-15 13:56:00-04:00,369.2049865722656,369.2049865722656,369.2799987792969,369.125,369.135009765625,21621
2026-06-15 13:58:00-04:00,369.3999938964844,369.3999938964844,369.3999938964844,369.17999267578125,369.2200012207031,50995
2026-06-15 14:00:00-04:00,369.593994140625,369.593994140625,369.80999755859375,369.4200134277344,369.44000244140625,37738
2026-06-15 14:02:00-04:00,369.43499755859375,369.43499755859375,369.6098937988281,369.3200988769531,369.5950012207031,51539
2026-06-15 14:04:00-04:00,369.57501220703125,369.57501220703125,369.57501220703125,369.3800964355469,369.4200134277344,24197
2026-06-15 14:06:00-04:00,369.2250061035156,369.2250061035156,369.6199951171875,369.19000244140625,369.6000061035156,42660
2026-06-15 14:08:00-04:00,369.25,369.25,369.3125,369.0679016113281,369.25,38016
2026-06-15 14:10:00-04:00,369.1300048828125,369.1300048828125,369.30999755859375,369.1099853515625,369.2699890136719,19962
2026-06-15 14:12:00-04:00,369.0450134277344,369.0450134277344,369.1499938964844,368.7699890136719,369.1499938964844,86823
2026-06-15 14:14:00-04:00,369.43499755859375,369.43499755859375,369.5,369.0899963378906,369.0899963378906,20194
2026-06-15 14:16:00-04:00,369.1099853515625,369.1099853515625,369.5,369.0299987792969,369.43499755859375,15388
2026-06-15 14:18:00-04:00,369.45001220703125,369.45001220703125,369.4700012207031,369.0899963378906,369.0899963378906,17573
2026-06-15 14:20:00-04:00,369.260009765625,369.260009765625,369.44500732421875,369.17999267578125,369.44000244140625,23825
2026-06-15 14:22:00-04:00,369.510009765625,369.510009765625,369.5400085449219,369.1700134277344,369.2749938964844,31624
2026-06-15 14:24:00-04:00,369.43499755859375,369.43499755859375,369.54998779296875,369.2760009765625,369.510009765625,33939
2026-06-15 14:26:00-04:00,369.5299987792969,369.5299987792969,369.57000732421875,369.4151916503906,369.43499755859375,21000
2026-06-15 14:28:00-04:00,369.4200134277344,369.4200134277344,369.5450134277344,369.3595886230469,369.5450134277344,24226
2026-06-15 14:30:00-04:00,369.4200134277344,369.4200134277344,369.5199890136719,369.2850036621094,369.4800109863281,38897
2026-06-15 14:32:00-04:00,369.54278564453125,369.54278564453125,369.5799865722656,369.44500732421875,369.44500732421875,16729
2026-06-15 14:34:00-04:00,369.4599914550781,369.4599914550781,369.70001220703125,369.4400939941406,369.5199890136719,34141
2026-06-15 14:36:00-04:00,369.6449890136719,369.6449890136719,369.6600036621094,369.340087890625,369.4208984375,29169
2026-06-15 14:38:00-04:00,369.5,369.5,369.7300109863281,369.489990234375,369.6700134277344,17535
2026-06-15 14:40:00-04:00,369.4150085449219,369.4150085449219,369.54998779296875,369.3912048339844,369.54840087890625,24877
2026-06-15 14:42:00-04:00,369.25,369.25,369.4574890136719,369.239990234375,369.4150085449219,23468
2026-06-15 14:44:00-04:00,369.17999267578125,369.17999267578125,369.3399963378906,369.0299987792969,369.239990234375,36654
2026-06-15 14:46:00-04:00,369.05499267578125,369.05499267578125,369.239990234375,368.9800109863281,369.1600036621094,31302
2026-06-15 14:48:00-04:00,369.29998779296875,369.29998779296875,369.29998779296875,369.0150146484375,369.07000732421875,39358
2026-06-15 14:50:00-04:00,369.1700134277344,369.1700134277344,369.5299987792969,369.0899963378906,369.2601013183594,50881
2026-06-15 14:52:00-04:00,369.3299865722656,369.3299865722656,369.3900146484375,369.0199890136719,369.19000244140625,53652
2026-06-15 14:54:00-04:00,369.1700134277344,369.1700134277344,369.32000732421875,369.0799865722656,369.32000732421875,50152
2026-06-15 14:56:00-04:00,369.2349853515625,369.2349853515625,369.2900085449219,369.1600036621094,369.2300109863281,31979
2026-06-15 14:58:00-04:00,369.385009765625,369.385009765625,369.385009765625,369.20001220703125,369.2300109863281,26300
2026-06-15 15:00:00-04:00,369.2749938964844,369.2749938964844,369.44500732421875,369.1600036621094,369.4200134277344,52721
2026-06-15 15:02:00-04:00,369.4800109863281,369.4800109863281,369.5199890136719,369.2699890136719,369.3500061035156,37732
2026-06-15 15:04:00-04:00,369.4750061035156,369.4750061035156,369.4849853515625,369.30999755859375,369.4849853515625,52353
2026-06-15 15:06:00-04:00,369.1300048828125,369.1300048828125,369.5,369.04290771484375,369.4649963378906,43362
2026-06-15 15:08:00-04:00,369.05499267578125,369.05499267578125,369.135009765625,368.9110107421875,369.1050109863281,27694
2026-06-15 15:10:00-04:00,368.4599914550781,368.4599914550781,369.07000732421875,368.44580078125,369.0249938964844,56562
2026-06-15 15:12:00-04:00,368.06500244140625,368.06500244140625,368.5199890136719,367.9200134277344,368.4100036621094,103198
2026-06-15 15:14:00-04:00,368.097412109375,368.097412109375,368.17999267578125,367.9100036621094,368.0299987792969,169691
2026-06-15 15:16:00-04:00,368.1050109863281,368.1050109863281,368.5799865722656,368.0799865722656,368.1099853515625,97123
2026-06-15 15:18:00-04:00,367.6549987792969,367.6549987792969,368.1400146484375,367.6199951171875,368.07000732421875,55376
2026-06-15 15:20:00-04:00,367.4100036621094,367.4100036621094,367.80999755859375,367.4100036621094,367.6549987792969,48381
2026-06-15 15:22:00-04:00,367.4501037597656,367.4501037597656,367.69989013671875,367.3800048828125,367.3999938964844,38677
2026-06-15 15:24:00-04:00,367.7799987792969,367.7799987792969,367.8299865722656,367.44000244140625,367.45001220703125,77154
2026-06-15 15:26:00-04:00,367.56500244140625,367.56500244140625,367.8900146484375,367.5,367.7900085449219,51328
2026-06-15 15:28:00-04:00,367.67999267578125,367.67999267578125,367.8399963378906,367.510009765625,367.54998779296875,38608
2026-06-15 15:30:00-04:00,367.5199890136719,367.5199890136719,367.7200012207031,367.32000732421875,367.69000244140625,51862
2026-06-15 15:32:00-04:00,367.31500244140625,367.31500244140625,367.5899963378906,367.29998779296875,367.4700012207031,38788
2026-06-15 15:34:00-04:00,367.3800048828125,367.3800048828125,367.4100036621094,367.1600036621094,367.29998779296875,43056
2026-06-15 15:36:00-04:00,367.2250061035156,367.2250061035156,367.3900146484375,367.1700134277344,367.3680114746094,72242
2026-06-15 15:38:00-04:00,367.2900085449219,367.2900085449219,367.4700012207031,367.1600036621094,367.20001220703125,29470
2026-06-15 15:40:00-04:00,367.3699951171875,367.3699951171875,367.510009765625,367.25,367.260009765625,29936
2026-06-15 15:42:00-04:00,367.1600036621094,367.1600036621094,367.340087890625,367.0799865722656,367.340087890625,42804
2026-06-15 15:44:00-04:00,367.1400146484375,367.1400146484375,367.260009765625,367.05999755859375,367.19500732421875,47590
2026-06-15 15:46:00-04:00,367.3599853515625,367.3599853515625,367.3999938964844,367.0799865722656,367.1199951171875,56348
2026-06-15 15:48:00-04:00,366.9200134277344,366.9200134277344,367.5,366.8999938964844,367.3399963378906,83288
2026-06-15 15:50:00-04:00,365.94000244140625,365.94000244140625,366.9200134277344,365.8900146484375,366.8999938964844,154786
2026-06-15 15:52:00-04:00,366.4100036621094,366.4100036621094,366.489990234375,365.6050109863281,365.9599914550781,149255
2026-06-15 15:54:00-04:00,366.2149963378906,366.2149963378906,366.70001220703125,366.20001220703125,366.4100036621094,184115
2026-06-15 15:56:00-04:00,366.3500061035156,366.3500061035156,366.4200134277344,366.0299987792969,366.2200012207031,206165
2026-06-15 15:58:00-04:00,367.1199951171875,367.1199951171875,367.1499938964844,366.2799987792969,366.3399963378906,512796
2026-06-16 09:30:00-04:00,368.0400085449219,368.0400085449219,369.20001220703125,366.9700012207031,367.375,508144
2026-06-16 09:32:00-04:00,368.239990234375,368.239990234375,368.9599914550781,367.9599914550781,368.0050048828125,76548
2026-06-16 09:34:00-04:00,367.44000244140625,367.44000244140625,368.57000732421875,367.3599853515625,368.43121337890625,59104
2026-06-16 09:36:00-04:00,366.9800109863281,366.9800109863281,367.5797119140625,365.7349853515625,367.44000244140625,120791
2026-06-16 09:38:00-04:00,366.4949951171875,366.4949951171875,367.1099853515625,366.4200134277344,366.9949951171875,62579
2026-06-16 09:40:00-04:00,366.95001220703125,366.95001220703125,367.1099853515625,366.4200134277344,366.489990234375,78177
2026-06-16 09:42:00-04:00,366.7699890136719,366.7699890136719,367.0450134277344,366.3599853515625,366.8800048828125,45019
2026-06-16 09:44:00-04:00,366.7040100097656,366.7040100097656,366.8999938964844,366.260009765625,366.7900085449219,63196
2026-06-16 09:46:00-04:00,365.92999267578125,365.92999267578125,366.7900085449219,365.32000732421875,366.6499938964844,61436
2026-06-16 09:48:00-04:00,366.2650146484375,366.2650146484375,366.6600036621094,365.6900939941406,365.9209899902344,70968
2026-06-16 09:50:00-04:00,367.114990234375,367.114990234375,367.114990234375,365.9700012207031,366.2699890136719,54131
2026-06-16 09:52:00-04:00,366.2300109863281,366.2300109863281,367.17999267578125,366.2300109863281,367.1199951171875,40632
2026-06-16 09:54:00-04:00,366.239990234375,366.239990234375,366.5799865722656,365.8999938964844,366.1650085449219,48062
2026-06-16 09:56:00-04:00,366.7099914550781,366.7099914550781,367.0150146484375,366.1700134277344,366.20001220703125,54890
2026-06-16 09:58:00-04:00,366.2799987792969,366.2799987792969,367.32000732421875,366.1700134277344,366.7699890136719,68449
2026-06-16 10:00:00-04:00,366.92999267578125,366.92999267578125,367.3999938964844,366.260009765625,366.2799987792969,55976
2026-06-16 10:02:00-04:00,366.6000061035156,366.6000061035156,367.1700134277344,366.3699951171875,367.04998779296875,49218
2026-06-16 10:04:00-04:00,366.375,366.375,367.3900146484375,366.375,366.56500244140625,48582
2026-06-16 10:06:00-04:00,367.5799865722656,367.5799865722656,367.6300048828125,366.2749938964844,366.45001220703125,61482
2026-06-16 10:08:00-04:00,368.80999755859375,368.80999755859375,368.82000732421875,367.54998779296875,367.5799865722656,60744
2026-06-16 10:10:00-04:00,368.30059814453125,368.30059814453125,369.20001220703125,368.1499938964844,368.80999755859375,110197
2026-06-16 10:12:00-04:00,368.4849853515625,368.4849853515625,368.7799072265625,368.1700134277344,368.2950134277344,50068
2026-06-16 10:14:00-04:00,368.4700012207031,368.4700012207031,368.9200134277344,368.2401123046875,368.4800109863281,38518
2026-06-16 10:16:00-04:00,369.114990234375,369.114990234375,369.1600036621094,368.385009765625,368.5,46649
2026-06-16 10:18:00-04:00,369.6499938964844,369.6499938964844,369.92999267578125,369.0400085449219,369.19000244140625,77575
2026-06-16 10:20:00-04:00,369.1499938964844,369.1499938964844,370.05499267578125,369.1499938964844,369.6000061035156,88935
2026-06-16 10:22:00-04:00,369.2799987792969,369.2799987792969,369.92498779296875,368.82000732421875,369.0899963378906,61778
2026-06-16 10:24:00-04:00,369.4700012207031,369.4700012207031,369.8900146484375,369.239990234375,369.3299865722656,69023
2026-06-16 10:26:00-04:00,369.2250061035156,369.2250061035156,369.79998779296875,369.1549987792969,369.45001220703125,45358
2026-06-16 10:28:00-04:00,368.42999267578125,368.42999267578125,369.2200012207031,367.9100036621094,369.20001220703125,84566
2026-06-16 10:30:00-04:00,368.7250061035156,368.7250061035156,368.9599914550781,368.2900085449219,368.4200134277344,76568
2026-06-16 10:32:00-04:00,369.0199890136719,369.0199890136719,369.0799865722656,368.42999267578125,368.8500061035156,80593
2026-06-16 10:34:00-04:00,369.010009765625,369.010009765625,369.3999938964844,368.6499938964844,369.0050048828125,71102
2026-06-16 10:36:00-04:00,369.6549987792969,369.6549987792969,369.7300109863281,368.92999267578125,369.0799865722656,69804
2026-06-16 10:38:00-04:00,370.2349853515625,370.2349853515625,370.2799987792969,369.3599853515625,369.6549987792969,62770
2026-06-16 10:40:00-04:00,370.3695983886719,370.3695983886719,370.6370849609375,370.1000061035156,370.2349853515625,101408
2026-06-16 10:42:00-04:00,371.4200134277344,371.4200134277344,371.4200134277344,370.1700134277344,370.3399963378906,114463
2026-06-16 10:44:00-04:00,370.79998779296875,370.79998779296875,371.9800109863281,370.41009521484375,371.42999267578125,168502
2026-06-16 10:46:00-04:00,370.81500244140625,370.81500244140625,371.0899963378906,370.5799865722656,370.82000732421875,94000
2026-06-16 10:48:00-04:00,370.5199890136719,370.5199890136719,371.0899963378906,370.3399963378906,370.82000732421875,56712
2026-06-16 10:50:00-04:00,371.05999755859375,371.05999755859375,371.239990234375,370.54998779296875,370.54998779296875,41888
2026-06-16 10:52:00-04:00,371.19000244140625,371.19000244140625,371.55999755859375,370.739990234375,371.04998779296875,70825
2026-06-16 10:54:00-04:00,370.5199890136719,370.5199890136719,371.62640380859375,370.406005859375,371.25,70184
2026-06-16 10:56:00-04:00,371.7699890136719,371.7699890136719,372.1000061035156,370.5050048828125,370.5599060058594,115438
2026-06-16 10:58:00-04:00,372.15008544921875,372.15008544921875,372.2099914550781,371.3599853515625,371.82000732421875,85767
2026-06-16 11:00:00-04:00,372.7898864746094,372.7898864746094,372.7898864746094,372.0899963378906,372.1400146484375,77232
2026-06-16 11:02:00-04:00,373.5199890136719,373.5199890136719,373.6000061035156,372.6300048828125,372.739990234375,104079
2026-06-16 11:04:00-04:00,372.2349853515625,372.2349853515625,373.5400085449219,372.05999755859375,373.5050048828125,116536
2026-06-16 11:06:00-04:00,372.68499755859375,372.68499755859375,372.8949890136719,372.11968994140625,372.30999755859375,48256
2026-06-16 11:08:00-04:00,372.3200988769531,372.3200988769531,372.94000244140625,372.04998779296875,372.6300048828125,75176
2026-06-16 11:10:00-04:00,372.4836120605469,372.4836120605469,372.6600036621094,372.32000732421875,372.4599914550781,51478
2026-06-16 11:12:00-04:00,372.5299987792969,372.5299987792969,372.72119140625,372.4200134277344,372.44000244140625,31174
2026-06-16 11:14:00-04:00,372.4967041015625,372.4967041015625,372.6300048828125,372.32000732421875,372.489990234375,33808
2026-06-16 11:16:00-04:00,372.4049987792969,372.4049987792969,372.7300109863281,372.3500061035156,372.55999755859375,58717
2026-06-16 11:18:00-04:00,372.3125,372.3125,372.75,372.260009765625,372.42999267578125,31935
2026-06-16 11:20:00-04:00,372.31500244140625,372.31500244140625,372.4949951171875,371.67498779296875,372.30999755859375,73447
2026-06-16 11:22:00-04:00,372.8999938964844,372.8999938964844,372.9599914550781,372.29998779296875,372.33990478515625,49507
2026-06-16 11:24:00-04:00,373.42498779296875,373.42498779296875,373.4955139160156,372.75,372.9200134277344,67015
2026-06-16 11:26:00-04:00,372.8699951171875,372.8699951171875,373.42999267578125,372.8699951171875,373.3999938964844,70845
2026-06-16 11:28:00-04:00,373.05999755859375,373.05999755859375,373.54998779296875,372.7699890136719,372.8949890136719,73130
2026-06-16 11:30:00-04:00,372.8599853515625,372.8599853515625,373.4150085449219,372.3800048828125,373.19000244140625,51464
2026-06-16 11:32:00-04:00,372.8500061035156,372.8500061035156,372.99798583984375,372.54998779296875,372.9200134277344,44885
2026-06-16 11:34:00-04:00,372.8900146484375,372.8900146484375,372.9898986816406,372.54010009765625,372.8599853515625,37546
2026-06-16 11:36:00-04:00,372.760009765625,372.760009765625,372.95001220703125,372.45001220703125,372.95001220703125,30365
2026-06-16 11:38:00-04:00,372.5849914550781,372.5849914550781,372.9898986816406,372.5299987792969,372.739990234375,26460
2026-06-16 11:40:00-04:00,372.6000061035156,372.6000061035156,372.9200134277344,372.4800109863281,372.6000061035156,62147
2026-06-16 11:42:00-04:00,372.3900146484375,372.3900146484375,372.9200134277344,372.20001220703125,372.6199951171875,58821
2026-06-16 11:44:00-04:00,371.6199951171875,371.6199951171875,372.7200012207031,371.4934997558594,372.385009765625,73233
2026-06-16 11:46:00-04:00,371.67498779296875,371.67498779296875,371.92999267578125,371.4800109863281,371.69000244140625,68052
2026-06-16 11:48:00-04:00,371.8634033203125,371.8634033203125,372.30999755859375,371.55999755859375,371.6650085449219,86475
2026-06-16 11:50:00-04:00,371.8399963378906,371.8399963378906,372.1300048828125,371.4599914550781,371.8999938964844,567401
2026-06-16 11:52:00-04:00,371.20001220703125,371.20001220703125,371.8399963378906,371.0799865722656,371.8399963378906,54352
2026-06-16 11:54:00-04:00,371.2799987792969,371.2799987792969,371.6600036621094,371.114990234375,371.1400146484375,45072
2026-06-16 11:56:00-04:00,371.70001220703125,371.70001220703125,371.7099914550781,371.29998779296875,371.30010986328125,21550
2026-06-16 11:58:00-04:00,370.9750061035156,370.9750061035156,371.7950134277344,370.94000244140625,371.67999267578125,106151
2026-06-16 12:00:00-04:00,370.3599853515625,370.3599853515625,371.0400085449219,370.29998779296875,370.9800109863281,65579
2026-06-16 12:02:00-04:00,370.44500732421875,370.44500732421875,370.6400146484375,370.19000244140625,370.360107421875,50244
2026-06-16 12:04:00-04:00,370.05499267578125,370.05499267578125,370.56890869140625,369.92999267578125,370.44000244140625,57622
2026-06-16 12:06:00-04:00,370.5,370.5,370.5,369.6199951171875,370.05999755859375,60391
2026-06-16 12:08:00-04:00,370.7300109863281,370.7300109863281,370.7449951171875,370.3800048828125,370.510009765625,55872
2026-06-16 12:10:00-04:00,370.8399963378906,370.8399963378906,371.05499267578125,370.57000732421875,370.70001220703125,40679
2026-06-16 12:12:00-04:00,370.8500061035156,370.8500061035156,371.0400085449219,370.6199951171875,370.82501220703125,30682
2026-06-16 12:14:00-04:00,370.864990234375,370.864990234375,371.010009765625,370.760009765625,370.8550109863281,20431
2026-06-16 12:16:00-04:00,370.9150085449219,370.9150085449219,371.1099853515625,370.83819580078125,370.83819580078125,22605
2026-06-16 12:18:00-04:00,370.5201110839844,370.5201110839844,370.9649963378906,370.4100036621094,370.9198913574219,32715
2026-06-16 12:20:00-04:00,370.31500244140625,370.31500244140625,370.5899963378906,370.29998779296875,370.5400085449219,20825
2026-06-16 12:22:00-04:00,370.2034912109375,370.2034912109375,370.4700012207031,370.0721130371094,370.3399963378906,27911
2026-06-16 12:24:00-04:00,370.239990234375,370.239990234375,370.3299865722656,370.1600036621094,370.2300109863281,27654
2026-06-16 12:26:00-04:00,370.1600036621094,370.1600036621094,370.3893127441406,369.9800109863281,370.25,38097
2026-06-16 12:28:00-04:00,370.2099914550781,370.2099914550781,370.4599914550781,370.1499938964844,370.1600036621094,30222
2026-06-16 12:30:00-04:00,370.1499938964844,370.1499938964844,370.2349853515625,370.03009033203125,370.19000244140625,39330
2026-06-16 12:32:00-04:00,369.8500061035156,369.8500061035156,370.1549987792969,369.6000061035156,370.1099853515625,30305
2026-06-16 12:34:00-04:00,370.0849914550781,370.0849914550781,370.1600036621094,369.760009765625,369.8699951171875,21412
2026-06-16 12:36:00-04:00,369.7699890136719,369.7699890136719,370.0799865722656,369.70001220703125,370.0799865722656,25684
2026-06-16 12:38:00-04:00,370.1199951171875,370.1199951171875,370.14990234375,369.6099853515625,369.7699890136719,32069
2026-06-16 12:40:00-04:00,369.54339599609375,369.54339599609375,370.30999755859375,369.4800109863281,370.17999267578125,60767
2026-06-16 12:42:00-04:00,369.68499755859375,369.68499755859375,369.7200012207031,369.45001220703125,369.5799865722656,28091
2026-06-16 12:44:00-04:00,369.4800109863281,369.4800109863281,369.8800048828125,369.30999755859375,369.69000244140625,47839
2026-06-16 12:46:00-04:00,369.260009765625,369.260009765625,369.70001220703125,369.260009765625,369.5150146484375,30265
2026-06-16 12:48:00-04:00,369.0566101074219,369.0566101074219,369.3999938964844,369.0566101074219,369.2349853515625,36242
2026-06-16 12:50:00-04:00,368.7850036621094,368.7850036621094,369.260009765625,368.6700134277344,369.1000061035156,63812
2026-06-16 12:52:00-04:00,367.92010498046875,367.92010498046875,368.7677917480469,367.92010498046875,368.7677917480469,74316
2026-06-16 12:54:00-04:00,368.25,368.25,368.54998779296875,367.9549865722656,367.989990234375,38550
2026-06-16 12:56:00-04:00,368.05999755859375,368.05999755859375,368.239990234375,367.875,368.239990234375,31736
2026-06-16 12:58:00-04:00,368.1050109863281,368.1050109863281,368.2099914550781,367.6600036621094,368.0820007324219,51611
2026-06-16 13:00:00-04:00,368.2582092285156,368.2582092285156,368.32000732421875,367.8399963378906,368.1199951171875,25379
2026-06-16 13:02:00-04:00,368.2799987792969,368.2799987792969,368.42999267578125,368.0899963378906,368.29998779296875,28958
2026-06-16 13:04:00-04:00,368.2550048828125,368.2550048828125,368.3599853515625,368.1300048828125,368.2749938964844,50078
2026-06-16 13:06:00-04:00,368.156005859375,368.156005859375,368.42999267578125,368.156005859375,368.2550048828125,20489
2026-06-16 13:08:00-04:00,368.2200012207031,368.2200012207031,368.3399963378906,368.1199951171875,368.1951904296875,23235
2026-06-16 13:10:00-04:00,368.2149963378906,368.2149963378906,368.42999267578125,368.1400146484375,368.25,58384
2026-06-16 13:12:00-04:00,368.1700134277344,368.1700134277344,368.3699035644531,368.1000061035156,368.19000244140625,31038
2026-06-16 13:14:00-04:00,368.1600036621094,368.1600036621094,368.32000732421875,367.95001220703125,368.1199951171875,38075
2026-06-16 13:16:00-04:00,368.29998779296875,368.29998779296875,368.4200134277344,368.04998779296875,368.1099853515625,31629
2026-06-16 13:18:00-04:00,368.20001220703125,368.20001220703125,368.44000244140625,368.010009765625,368.2749938964844,31326
2026-06-16 13:20:00-04:00,368.6600036621094,368.6600036621094,368.739990234375,368.135009765625,368.1700134277344,41750
2026-06-16 13:22:00-04:00,368.77508544921875,368.77508544921875,368.8998107910156,368.44000244140625,368.6549987792969,68072
2026-06-16 13:24:00-04:00,368.7749938964844,368.7749938964844,368.8299865722656,368.3299865722656,368.739990234375,28300
2026-06-16 13:26:00-04:00,368.56500244140625,368.56500244140625,368.8699951171875,368.5400085449219,368.7250061035156,48108
2026-06-16 13:28:00-04:00,368.4150085449219,368.4150085449219,368.5899963378906,368.29998779296875,368.55999755859375,30904
2026-06-16 13:30:00-04:00,368.6700134277344,368.6700134277344,368.7699890136719,368.3399963378906,368.3949890136719,37481
2026-06-16 13:32:00-04:00,368.8999938964844,368.8999938964844,368.92999267578125,368.4700012207031,368.7200012207031,52526
2026-06-16 13:34:00-04:00,368.9700012207031,368.9700012207031,369.1099853515625,368.7492980957031,368.8999938964844,33460
2026-06-16 13:36:00-04:00,368.97100830078125,368.97100830078125,369.1600036621094,368.93499755859375,368.94500732421875,33838
2026-06-16 13:38:00-04:00,368.9800109863281,368.9800109863281,369.0199890136719,368.7799987792969,368.9700012207031,42836
2026-06-16 13:40:00-04:00,369.0950012207031,369.0950012207031,369.1199951171875,368.8599853515625,369.010009765625,38661
2026-06-16 13:42:00-04:00,369.07000732421875,369.07000732421875,369.2300109863281,368.69000244140625,369.1199951171875,79356
2026-06-16 13:44:00-04:00,369.19000244140625,369.19000244140625,369.34100341796875,368.9599914550781,369.0400085449219,23750
2026-06-16 13:46:00-04:00,369.2900085449219,369.2900085449219,369.3800048828125,368.8599853515625,369.1925048828125,37914
2026-06-16 13:48:00-04:00,369.1400146484375,369.1400146484375,369.2699890136719,368.80999755859375,369.2598876953125,28667
2026-06-16 13:50:00-04:00,369.4200134277344,369.4200134277344,369.5199890136719,369.0799865722656,369.17999267578125,24679
2026-06-16 13:52:00-04:00,369.30499267578125,369.30499267578125,369.5799865722656,369.2900085449219,369.45001220703125,31549
2026-06-16 13:54:00-04:00,369.32000732421875,369.32000732421875,369.4587097167969,369.010009765625,369.30999755859375,20213
2026-06-16 13:56:00-04:00,368.9100036621094,368.9100036621094,369.44000244140625,368.9100036621094,369.3349914550781,26488
2026-06-16 13:58:00-04:00,368.8949890136719,368.8949890136719,369.0199890136719,368.7799987792969,368.8800048828125,45323
2026-06-16 14:00:00-04:00,368.9200134277344,368.9200134277344,369.04998779296875,368.8299865722656,368.8399963378906,22330
2026-06-16 14:02:00-04:00,368.94000244140625,368.94000244140625,369.1499938964844,368.8599853515625,368.9200134277344,70248
2026-06-16 14:04:00-04:00,369.0199890136719,369.0199890136719,369.2099914550781,368.5719909667969,368.95001220703125,69039
2026-06-16 14:06:00-04:00,369.2799987792969,369.2799987792969,369.2825012207031,368.989990234375,369.08990478515625,25736
2026-06-16 14:08:00-04:00,369.3999938964844,369.3999938964844,369.4700012207031,369.260009765625,369.3599853515625,24248
2026-06-16 14:10:00-04:00,369.7699890136719,369.7699890136719,369.79998779296875,369.39990234375,369.39990234375,40232
2026-06-16 14:12:00-04:00,370.2300109863281,370.2300109863281,370.2998962402344,369.7300109863281,369.7749938964844,35798
2026-06-16 14:14:00-04:00,370.3450012207031,370.3450012207031,370.44000244140625,370.2099914550781,370.2550048828125,47092
2026-06-16 14:16:00-04:00,370.29998779296875,370.29998779296875,370.29998779296875,370.010009765625,370.2401123046875,30914
2026-06-16 14:18:00-04:00,370.45989990234375,370.45989990234375,370.4880065917969,370.2300109863281,370.32000732421875,15278
2026-06-16 14:20:00-04:00,370.2850036621094,370.2850036621094,370.44000244140625,370.239990234375,370.42498779296875,22910
2026-06-16 14:22:00-04:00,370.29998779296875,370.29998779296875,370.3900146484375,370.19000244140625,370.260009765625,25929
2026-06-16 14:24:00-04:00,370.1650085449219,370.1650085449219,370.4800109863281,370.0899963378906,370.29998779296875,27707
2026-06-16 14:26:00-04:00,370.159912109375,370.159912109375,370.30999755859375,370.0950012207031,370.19000244140625,18963
2026-06-16 14:28:00-04:00,370.20001220703125,370.20001220703125,370.3599853515625,370.0400085449219,370.1600036621094,29159
2026-06-16 14:30:00-04:00,370.1549987792969,370.1549987792969,370.29998779296875,370.010009765625,370.20001220703125,25219
2026-06-16 14:32:00-04:00,370.29998779296875,370.29998779296875,370.29998779296875,370.1199951171875,370.1400146484375,15780
2026-06-16 14:34:00-04:00,370.43499755859375,370.43499755859375,370.4599914550781,370.17999267578125,370.2900085449219,20817
2026-06-16 14:36:00-04:00,370.635009765625,370.635009765625,370.6600036621094,370.32501220703125,370.4324951171875,36641
2026-06-16 14:38:00-04:00,370.6400146484375,370.6400146484375,370.6700134277344,370.4949951171875,370.6600036621094,37637
2026-06-16 14:40:00-04:00,371.2298889160156,371.2298889160156,371.2298889160156,370.6050109863281,370.6300048828125,37137
2026-06-16 14:42:00-04:00,370.9407043457031,370.9407043457031,371.29998779296875,370.92999267578125,371.18011474609375,31312
2026-06-16 14:44:00-04:00,370.8800048828125,370.8800048828125,371.05499267578125,370.8800048828125,370.95001220703125,21034
2026-06-16 14:46:00-04:00,370.7300109863281,370.7300109863281,371.0398864746094,370.7099914550781,370.8699951171875,24930
2026-06-16 14:48:00-04:00,370.3800048828125,370.3800048828125,370.7900085449219,370.3612060546875,370.7300109863281,26390
2026-06-16 14:50:00-04:00,370.8900146484375,370.8900146484375,370.94000244140625,370.3799133300781,370.389892578125,25571
2026-06-16 14:52:00-04:00,371.3500061035156,371.3500061035156,371.3699951171875,370.80499267578125,370.8699951171875,796303
2026-06-16 14:54:00-04:00,371.5,371.5,371.5799865722656,371.20001220703125,371.32000732421875,50183
2026-06-16 14:56:00-04:00,371.5849914550781,371.5849914550781,371.6700134277344,371.4700012207031,371.5050048828125,29236
2026-06-16 14:58:00-04:00,371.57000732421875,371.57000732421875,371.7900085449219,371.4700012207031,371.57501220703125,34363
2026-06-16 15:00:00-04:00,371.010009765625,371.010009765625,371.6099853515625,370.95001220703125,371.5799865722656,52656
2026-06-16 15:02:00-04:00,370.8699951171875,370.8699951171875,371.04998779296875,370.82000732421875,371.04998779296875,20421
2026-06-16 15:04:00-04:00,370.67999267578125,370.67999267578125,370.92498779296875,370.6499938964844,370.8699951171875,25206
2026-06-16 15:06:00-04:00,370.7900085449219,370.7900085449219,371.08990478515625,370.6199951171875,370.6499938964844,33974
2026-06-16 15:08:00-04:00,370.9750061035156,370.9750061035156,371.05999755859375,370.69000244140625,370.7799987792969,34239
2026-06-16 15:10:00-04:00,371.114990234375,371.114990234375,371.2300109863281,370.885009765625,371.0,42135
2026-06-16 15:12:00-04:00,371.0450134277344,371.0450134277344,371.1700134277344,370.9599914550781,371.1199951171875,68569
2026-06-16 15:14:00-04:00,370.6549987792969,370.6549987792969,371.1199951171875,370.6000061035156,371.04998779296875,42212
2026-06-16 15:16:00-04:00,370.7049865722656,370.7049865722656,370.739990234375,370.3399963378906,370.6199951171875,67172
2026-06-16 15:18:00-04:00,370.9700012207031,370.9700012207031,370.9700012207031,370.614990234375,370.7099914550781,563238
2026-06-16 15:20:00-04:00,371.2099914550781,371.2099914550781,371.2099914550781,370.8183898925781,370.95001220703125,60249
2026-06-16 15:22:00-04:00,371.2650146484375,371.2650146484375,371.3900146484375,371.17999267578125,371.19000244140625,26121
2026-06-16 15:24:00-04:00,370.8847961425781,370.8847961425781,371.2698974609375,370.8847961425781,371.25,35692
2026-06-16 15:26:00-04:00,370.5400085449219,370.5400085449219,370.8900146484375,370.5199890136719,370.8900146484375,27889
2026-06-16 15:28:00-04:00,370.30499267578125,370.30499267578125,370.5799865722656,370.20001220703125,370.5150146484375,42356
2026-06-16 15:30:00-04:00,370.0299987792969,370.0299987792969,370.4197082519531,369.9700012207031,370.29998779296875,40473
2026-06-16 15:32:00-04:00,369.7900085449219,369.7900085449219,370.0400085449219,369.75,369.989990234375,31160
2026-06-16 15:34:00-04:00,370.1099853515625,370.1099853515625,370.1700134277344,369.6600036621094,369.79730224609375,34684
2026-06-16 15:36:00-04:00,370.2099914550781,370.2099914550781,370.3500061035156,370.06500244140625,370.07000732421875,28410
2026-06-16 15:38:00-04:00,370.32501220703125,370.32501220703125,370.3500061035156,370.0799865722656,370.2099914550781,49775
2026-06-16 15:40:00-04:00,370.6449890136719,370.6449890136719,370.8599853515625,370.30999755859375,370.30999755859375,43573
2026-06-16 15:42:00-04:00,370.79998779296875,370.79998779296875,370.864990234375,370.6400146484375,370.67999267578125,38184
2026-06-16 15:44:00-04:00,371.0299987792969,371.0299987792969,371.2998962402344,370.7799987792969,370.8299865722656,48440
2026-06-16 15:46:00-04:00,370.67999267578125,370.67999267578125,371.1300048828125,370.6600036621094,371.0,54045
2026-06-16 15:48:00-04:00,370.54998779296875,370.54998779296875,370.8999938964844,370.3800048828125,370.67999267578125,55904
2026-06-16 15:50:00-04:00,370.3999938964844,370.3999938964844,371.0899963378906,370.29998779296875,370.57000732421875,105102
2026-06-16 15:52:00-04:00,370.42498779296875,370.42498779296875,370.6199951171875,370.19000244140625,370.44000244140625,97387
2026-06-16 15:54:00-04:00,371.81988525390625,371.81988525390625,371.81988525390625,370.2300109863281,370.42999267578125,259363
2026-06-16 15:56:00-04:00,371.18499755859375,371.18499755859375,371.80999755859375,370.8949890136719,371.760009765625,228953
2026-06-16 15:58:00-04:00,371.20001220703125,371.20001220703125,371.54998779296875,370.82000732421875,371.19000244140625,558846
2026-06-17 09:30:00-04:00,369.5,369.5,370.1000061035156,366.6700134277344,367.010009765625,583847
2026-06-17 09:32:00-04:00,367.6299133300781,367.6299133300781,370.0,367.4150085449219,369.5299987792969,80833
2026-06-17 09:34:00-04:00,367.6600036621094,367.6600036621094,368.2099914550781,367.17999267578125,367.5,84065
2026-06-17 09:36:00-04:00,367.6000061035156,367.6000061035156,368.04998779296875,367.3299865722656,367.4100036621094,48147
2026-06-17 09:38:00-04:00,366.7850036621094,366.7850036621094,367.5950012207031,366.17999267578125,367.5950012207031,60057
2026-06-17 09:40:00-04:00,366.07000732421875,366.07000732421875,366.9800109863281,365.5899963378906,366.75,88513
2026-06-17 09:42:00-04:00,365.6650085449219,365.6650085449219,366.489990234375,365.17999267578125,366.0350036621094,79704
2026-06-17 09:44:00-04:00,365.1650085449219,365.1650085449219,365.7200012207031,365.0,365.55999755859375,91328
2026-06-17 09:46:00-04:00,365.3550109863281,365.3550109863281,365.68499755859375,364.79998779296875,365.19500732421875,83934
2026-06-17 09:48:00-04:00,365.3800048828125,365.3800048828125,365.6199951171875,365.07000732421875,365.4200134277344,73158
2026-06-17 09:50:00-04:00,364.1199951171875,364.1199951171875,365.4659118652344,364.1000061035156,365.375,92146
2026-06-17 09:52:00-04:00,364.7250061035156,364.7250061035156,364.8599853515625,363.8500061035156,364.0950012207031,77464
2026-06-17 09:54:00-04:00,364.8599853515625,364.8599853515625,364.8599853515625,363.9599914550781,364.635009765625,58536
2026-06-17 09:56:00-04:00,364.67401123046875,364.67401123046875,365.8900146484375,364.6199951171875,364.8599853515625,90764
2026-06-17 09:58:00-04:00,364.2349853515625,364.2349853515625,364.9798889160156,364.20001220703125,364.67999267578125,65317
2026-06-17 10:00:00-04:00,363.6600036621094,363.6600036621094,364.2799987792969,363.55999755859375,364.20001220703125,99212
2026-06-17 10:02:00-04:00,364.0199890136719,364.0199890136719,364.2298889160156,363.0,363.6400146484375,99469
2026-06-17 10:04:00-04:00,363.57000732421875,363.57000732421875,364.44000244140625,363.3900146484375,364.0205078125,70376
2026-06-17 10:06:00-04:00,364.510009765625,364.510009765625,364.5199890136719,363.42498779296875,363.57000732421875,70956
2026-06-17 10:08:00-04:00,365.04998779296875,365.04998779296875,365.2200012207031,364.3349914550781,364.5199890136719,71846
2026-06-17 10:10:00-04:00,365.239990234375,365.239990234375,365.3900146484375,364.8599853515625,365.0199890136719,66914
2026-06-17 10:12:00-04:00,365.2699890136719,365.2699890136719,365.3999938964844,364.8500061035156,365.25,53210
2026-06-17 10:14:00-04:00,365.54998779296875,365.54998779296875,365.697998046875,365.1600036621094,365.260009765625,61768
2026-06-17 10:16:00-04:00,365.3800048828125,365.3800048828125,365.79998779296875,364.8031921386719,365.5199890136719,40707
2026-06-17 10:18:00-04:00,365.68499755859375,365.68499755859375,365.739990234375,365.0899963378906,365.3251037597656,64119
2026-06-17 10:20:00-04:00,365.2950134277344,365.2950134277344,366.07000732421875,365.2637023925781,365.6300048828125,82793
2026-06-17 10:22:00-04:00,365.1300048828125,365.1300048828125,365.489501953125,364.62701416015625,365.32000732421875,52944
2026-06-17 10:24:00-04:00,365.1600036621094,365.1600036621094,365.5899963378906,364.9100036621094,364.9400939941406,53227
2026-06-17 10:26:00-04:00,365.4798889160156,365.4798889160156,365.5198974609375,364.8500061035156,365.20001220703125,54703
2026-06-17 10:28:00-04:00,365.0299987792969,365.0299987792969,365.5599060058594,364.875,365.5199890136719,43526
2026-06-17 10:30:00-04:00,364.7591857910156,364.7591857910156,365.1700134277344,364.5799865722656,365.010009765625,62589
2026-06-17 10:32:00-04:00,363.8599853515625,363.8599853515625,364.92999267578125,363.70001220703125,364.7149963378906,84889
2026-06-17 10:34:00-04:00,363.6050109863281,363.6050109863281,363.989990234375,363.6050109863281,363.8699951171875,52601
2026-06-17 10:36:00-04:00,363.7149963378906,363.7149963378906,364.1700134277344,363.4236145019531,363.6000061035156,45617
2026-06-17 10:38:00-04:00,363.30999755859375,363.30999755859375,364.1799011230469,363.29998779296875,363.8299865722656,70929
2026-06-17 10:40:00-04:00,362.67999267578125,362.67999267578125,363.45001220703125,362.44000244140625,363.3299865722656,92698
2026-06-17 10:42:00-04:00,362.8399963378906,362.8399963378906,363.04998779296875,362.20001220703125,362.739990234375,67236
2026-06-17 10:44:00-04:00,362.739990234375,362.739990234375,363.05999755859375,362.55999755859375,362.7900085449219,43757
2026-06-17 10:46:00-04:00,361.1700134277344,361.1700134277344,362.739990234375,361.0799865722656,362.6700134277344,152599
2026-06-17 10:48:00-04:00,362.92498779296875,362.92498779296875,363.2799987792969,361.1650085449219,361.19000244140625,110077
2026-06-17 10:50:00-04:00,363.0899963378906,363.0899963378906,363.3299865722656,362.6400146484375,362.8999938964844,47341
2026-06-17 10:52:00-04:00,362.8550109863281,362.8550109863281,363.2799987792969,362.739990234375,363.0849914550781,33190
2026-06-17 10:54:00-04:00,362.2651062011719,362.2651062011719,362.8800048828125,362.2101135253906,362.864990234375,67898
2026-06-17 10:56:00-04:00,362.31500244140625,362.31500244140625,362.7300109863281,362.239990234375,362.2650146484375,56421
2026-06-17 10:58:00-04:00,362.1199951171875,362.1199951171875,362.3500061035156,361.8965148925781,362.3500061035156,53460
2026-06-17 11:00:00-04:00,361.6400146484375,361.6400146484375,362.1600036621094,361.54998779296875,362.1050109863281,83146
2026-06-17 11:02:00-04:00,360.94500732421875,360.94500732421875,361.69000244140625,360.7799987792969,361.6600036621094,140281
2026-06-17 11:04:00-04:00,361.3699951171875,361.3699951171875,361.6000061035156,360.8399963378906,360.8900146484375,62648
2026-06-17 11:06:00-04:00,361.05999755859375,361.05999755859375,361.70001220703125,361.0199890136719,361.375,44522
2026-06-17 11:08:00-04:00,361.2449951171875,361.2449951171875,361.3794860839844,360.8999938964844,361.0400085449219,38663
2026-06-17 11:10:00-04:00,361.6883850097656,361.6883850097656,361.75,360.8999938964844,361.2799987792969,37759
2026-06-17 11:12:00-04:00,362.0799865722656,362.0799865722656,362.0899963378906,361.6109924316406,361.6400146484375,50773
2026-06-17 11:14:00-04:00,362.2699890136719,362.2699890136719,362.2699890136719,361.75,362.1300048828125,55509
2026-06-17 11:16:00-04:00,362.3800048828125,362.3800048828125,362.5,362.20001220703125,362.32000732421875,39313
2026-06-17 11:18:00-04:00,362.7799987792969,362.7799987792969,362.80499267578125,362.3299865722656,362.3800048828125,53315
2026-06-17 11:20:00-04:00,362.5249938964844,362.5249938964844,362.84521484375,362.44000244140625,362.82000732421875,35533
2026-06-17 11:22:00-04:00,362.4100036621094,362.4100036621094,362.5971984863281,362.25,362.510009765625,27167
2026-06-17 11:24:00-04:00,362.0199890136719,362.0199890136719,362.6300048828125,361.8999938964844,362.3500061035156,37663
2026-06-17 11:26:00-04:00,362.0799865722656,362.0799865722656,362.32000732421875,361.8100891113281,362.0799865722656,34986
2026-06-17 11:28:00-04:00,362.18499755859375,362.18499755859375,362.3299865722656,361.94000244140625,362.04998779296875,54273
2026-06-17 11:30:00-04:00,362.2900085449219,362.2900085449219,362.489990234375,361.8599853515625,362.18499755859375,28865
2026-06-17 11:32:00-04:00,362.8299865722656,362.8299865722656,362.8699951171875,362.4100036621094,362.4100036621094,25714
2026-06-17 11:34:00-04:00,362.69989013671875,362.69989013671875,363.0,362.5,362.79010009765625,28990
2026-06-17 11:36:00-04:00,362.45001220703125,362.45001220703125,362.7998962402344,362.2900085449219,362.6300048828125,26167
2026-06-17 11:38:00-04:00,362.68499755859375,362.68499755859375,362.8799133300781,362.4100036621094,362.489990234375,28816
2026-06-17 11:40:00-04:00,362.635009765625,362.635009765625,362.7900085449219,362.54998779296875,362.68499755859375,18177
2026-06-17 11:42:00-04:00,362.9700927734375,362.9700927734375,363.1600036621094,362.6449890136719,362.6449890136719,22252
2026-06-17 11:44:00-04:00,362.760009765625,362.760009765625,363.0199890136719,362.7099914550781,363.0199890136719,22364
2026-06-17 11:46:00-04:00,362.7412109375,362.7412109375,362.8399963378906,362.6659851074219,362.760009765625,28269
2026-06-17 11:48:00-04:00,362.5299987792969,362.5299987792969,362.94000244140625,362.5299987792969,362.7099914550781,28154
2026-06-17 11:50:00-04:00,362.664794921875,362.664794921875,362.8399963378906,362.44500732421875,362.5299987792969,36340
2026-06-17 11:52:00-04:00,362.3599853515625,362.3599853515625,362.70001220703125,362.2200012207031,362.6700134277344,39200
2026-06-17 11:54:00-04:00,362.510009765625,362.510009765625,362.5899963378906,362.1199951171875,362.3349914550781,31432
2026-06-17 11:56:00-04:00,362.5950012207031,362.5950012207031,362.6499938964844,362.30120849609375,362.5198974609375,22819
2026-06-17 11:58:00-04:00,362.8699951171875,362.8699951171875,362.92999267578125,362.4100036621094,362.5950012207031,33813
2026-06-17 12:00:00-04:00,362.9849853515625,362.9849853515625,363.0400085449219,362.8599853515625,362.8699951171875,51632
2026-06-17 12:02:00-04:00,362.8900146484375,362.8900146484375,363.1099853515625,362.7200012207031,362.9800109863281,33502
2026-06-17 12:04:00-04:00,362.8299865722656,362.8299865722656,363.04998779296875,362.67999267578125,362.885009765625,23296
2026-06-17 12:06:00-04:00,362.5199890136719,362.5199890136719,362.80999755859375,362.3599853515625,362.80999755859375,22398
2026-06-17 12:08:00-04:00,362.3140869140625,362.3140869140625,362.57989501953125,362.1618957519531,362.4800109863281,24071
2026-06-17 12:10:00-04:00,362.239990234375,362.239990234375,362.510009765625,362.2099914550781,362.32000732421875,25000
2026-06-17 12:12:00-04:00,362.2699890136719,362.2699890136719,362.3800048828125,362.0899963378906,362.2200012207031,31922
2026-06-17 12:14:00-04:00,362.5799865722656,362.5799865722656,362.5899963378906,362.19500732421875,362.19500732421875,45085
2026-06-17 12:16:00-04:00,362.4849853515625,362.4849853515625,362.69000244140625,362.3999938964844,362.56500244140625,29378
2026-06-17 12:18:00-04:00,362.9700012207031,362.9700012207031,362.989990234375,362.4200134277344,362.4849853515625,20984
2026-06-17 12:20:00-04:00,363.2699890136719,363.2699890136719,363.2749938964844,362.93011474609375,363.0,39001
2026-06-17 12:22:00-04:00,363.36871337890625,363.36871337890625,363.44000244140625,363.239990234375,363.2699890136719,32215
2026-06-17 12:24:00-04:00,363.3599853515625,363.3599853515625,363.5199890136719,363.32000732421875,363.32000732421875,29592
2026-06-17 12:26:00-04:00,363.739990234375,363.739990234375,363.7699890136719,363.3399963378906,363.3500061035156,28211
2026-06-17 12:28:00-04:00,363.6400146484375,363.6400146484375,363.9800109863281,363.6300048828125,363.760009765625,31629
2026-06-17 12:30:00-04:00,363.2699890136719,363.2699890136719,363.7799987792969,363.2699890136719,363.6499938964844,35514
2026-06-17 12:32:00-04:00,363.1499938964844,363.1499938964844,363.3599853515625,363.1300048828125,363.29998779296875,29136
2026-06-17 12:34:00-04:00,363.2701110839844,363.2701110839844,363.3900146484375,363.0199890136719,363.125,25642
2026-06-17 12:36:00-04:00,362.94000244140625,362.94000244140625,363.2698974609375,362.8900146484375,363.239990234375,31217
2026-06-17 12:38:00-04:00,363.125,363.125,363.25,362.9100036621094,362.94000244140625,22551
2026-06-17 12:40:00-04:00,362.68499755859375,362.68499755859375,363.1300048828125,362.5299987792969,363.1300048828125,29533
2026-06-17 12:42:00-04:00,362.7900085449219,362.7900085449219,362.8900146484375,362.57501220703125,362.6700134277344,24157
2026-06-17 12:44:00-04:00,363.04901123046875,363.04901123046875,363.0899963378906,362.7799987792969,362.79998779296875,27201
2026-06-17 12:46:00-04:00,363.20001220703125,363.20001220703125,363.3999938964844,362.9549865722656,363.07000732421875,35651
2026-06-17 12:48:00-04:00,363.23480224609375,363.23480224609375,363.3900146484375,363.05999755859375,363.2001037597656,40438
2026-06-17 12:50:00-04:00,363.32000732421875,363.32000732421875,363.3800048828125,363.1099853515625,363.1400146484375,23579
2026-06-17 12:52:00-04:00,363.1474914550781,363.1474914550781,363.4150085449219,363.1199951171875,363.3450012207031,32339
2026-06-17 12:54:00-04:00,363.4599914550781,363.4599914550781,363.5,363.05999755859375,363.1499938964844,22214
2026-06-17 12:56:00-04:00,363.2300109863281,363.2300109863281,363.489990234375,363.20001220703125,363.4200134277344,27543
2026-06-17 12:58:00-04:00,363.3299865722656,363.3299865722656,363.3699035644531,363.20001220703125,363.25,27158
2026-06-17 13:00:00-04:00,363.0050048828125,363.0050048828125,363.3599853515625,363.0,363.2699890136719,54122
2026-06-17 13:02:00-04:00,362.864990234375,362.864990234375,363.0249938964844,362.7300109863281,363.0,37237
2026-06-17 13:04:00-04:00,362.7850036621094,362.7850036621094,363.0849914550781,362.7149963378906,362.8793029785156,52070
2026-06-17 13:06:00-04:00,362.5180969238281,362.5180969238281,362.79998779296875,362.489990234375,362.7701110839844,27851
2026-06-17 13:08:00-04:00,362.260009765625,362.260009765625,362.6700134277344,362.0,362.5299987792969,71292
2026-06-17 13:10:00-04:00,362.4800109863281,362.4800109863281,362.70001220703125,362.19000244140625,362.2900085449219,27166
2026-06-17 13:12:00-04:00,362.30499267578125,362.30499267578125,362.5799865722656,362.1700134277344,362.43499755859375,31465
2026-06-17 13:14:00-04:00,361.8800048828125,361.8800048828125,362.30499267578125,361.8500061035156,362.30499267578125,25875
2026-06-17 13:16:00-04:00,362.0799865722656,362.0799865722656,362.18499755859375,361.80999755859375,361.9200134277344,30249
2026-06-17 13:18:00-04:00,362.2799987792969,362.2799987792969,362.3500061035156,362.0799865722656,362.1000061035156,22589
2026-06-17 13:20:00-04:00,362.1600036621094,362.1600036621094,362.293701171875,362.0450134277344,362.293701171875,34378
2026-06-17 13:22:00-04:00,362.1099853515625,362.1099853515625,362.3301086425781,362.1099853515625,362.1600036621094,19774
2026-06-17 13:24:00-04:00,362.3699951171875,362.3699951171875,362.3699951171875,362.04998779296875,362.114990234375,30836
2026-06-17 13:26:00-04:00,362.80999755859375,362.80999755859375,362.94000244140625,362.3999938964844,362.3999938964844,39840
2026-06-17 13:28:00-04:00,363.1300048828125,363.1300048828125,363.1300048828125,362.7850036621094,362.8399963378906,30747
2026-06-17 13:30:00-04:00,362.8699951171875,362.8699951171875,363.1400146484375,362.5799865722656,363.1099853515625,116736
2026-06-17 13:32:00-04:00,362.8800048828125,362.8800048828125,363.0400085449219,362.7349853515625,362.8349914550781,49682
2026-06-17 13:34:00-04:00,362.8299865722656,362.8299865722656,362.94989013671875,362.7500915527344,362.8999938964844,29240
2026-06-17 13:36:00-04:00,363.010009765625,363.010009765625,363.1099853515625,362.8399963378906,362.8399963378906,30738
2026-06-17 13:38:00-04:00,362.95831298828125,362.95831298828125,363.1650085449219,362.8949890136719,363.010009765625,32953
2026-06-17 13:40:00-04:00,363.17999267578125,363.17999267578125,363.20001220703125,362.8301086425781,362.9599914550781,29092
2026-06-17 13:42:00-04:00,363.0400085449219,363.0400085449219,363.2149963378906,362.9100036621094,363.17999267578125,46264
2026-06-17 13:44:00-04:00,362.989990234375,362.989990234375,363.1199951171875,362.9700012207031,363.0199890136719,27147
2026-06-17 13:46:00-04:00,362.9549865722656,362.9549865722656,363.0299987792969,362.7300109863281,362.9949951171875,50854
2026-06-17 13:48:00-04:00,363.2651062011719,363.2651062011719,363.30999755859375,362.8299865722656,362.8900146484375,32740
2026-06-17 13:50:00-04:00,363.8900146484375,363.8900146484375,363.8900146484375,363.2601013183594,363.2799987792969,32402
2026-06-17 13:52:00-04:00,364.0509948730469,364.0509948730469,364.1000061035156,363.8699951171875,363.8999938964844,44743
2026-06-17 13:54:00-04:00,364.2900085449219,364.2900085449219,364.30999755859375,364.0201110839844,364.1199951171875,61750
2026-06-17 13:56:00-04:00,364.2200012207031,364.2200012207031,364.29998779296875,364.0899963378906,364.2900085449219,30392
2026-06-17 13:58:00-04:00,364.5400085449219,364.5400085449219,364.6199951171875,363.80999755859375,364.1549987792969,65128
2026-06-17 14:00:00-04:00,363.8699951171875,363.8699951171875,364.6199951171875,362.8399963378906,364.6199951171875,201217
2026-06-17 14:02:00-04:00,363.3074951171875,363.3074951171875,364.20001220703125,362.6499938964844,363.8399963378906,181924
2026-06-17 14:04:00-04:00,362.3450012207031,362.3450012207031,363.3800048828125,362.2300109863281,363.2701110839844,85044
2026-06-17 14:06:00-04:00,363.2300109863281,363.2300109863281,363.69000244140625,362.2799987792969,362.30999755859375,88283
2026-06-17 14:08:00-04:00,363.6400146484375,363.6400146484375,363.739990234375,363.0299987792969,363.2900085449219,71776
2026-06-17 14:10:00-04:00,364.2799987792969,364.2799987792969,364.29998779296875,363.6099853515625,363.6099853515625,103524
2026-06-17 14:12:00-04:00,364.260009765625,364.260009765625,364.67999267578125,364.2001953125,364.2699890136719,73710
2026-06-17 14:14:00-04:00,364.5899963378906,364.5899963378906,364.70001220703125,364.1700134277344,364.32000732421875,72317
2026-06-17 14:16:00-04:00,364.114990234375,364.114990234375,364.7699890136719,363.92999267578125,364.55999755859375,34014
2026-06-17 14:18:00-04:00,364.05999755859375,364.05999755859375,364.29998779296875,363.9800109863281,364.1400146484375,33296
2026-06-17 14:20:00-04:00,364.2300109863281,364.2300109863281,364.30999755859375,363.94000244140625,364.06500244140625,42211
2026-06-17 14:22:00-04:00,363.4400939941406,363.4400939941406,364.239990234375,363.4400939941406,364.2300109863281,34240
2026-06-17 14:24:00-04:00,363.3999938964844,363.3999938964844,363.5899963378906,363.1099853515625,363.5199890136719,27388
2026-06-17 14:26:00-04:00,363.2099914550781,363.2099914550781,363.6499938964844,363.1199951171875,363.4049987792969,27589
2026-06-17 14:28:00-04:00,363.69500732421875,363.69500732421875,363.82000732421875,363.19500732421875,363.2099914550781,30151
2026-06-17 14:30:00-04:00,363.7850036621094,363.7850036621094,363.8550109863281,363.1400146484375,363.7799987792969,38211
2026-06-17 14:32:00-04:00,363.25,363.25,364.2099914550781,363.0799865722656,363.79541015625,108526
2026-06-17 14:34:00-04:00,363.1783142089844,363.1783142089844,363.5400085449219,362.9012145996094,363.2749938964844,63711
2026-06-17 14:36:00-04:00,363.6260070800781,363.6260070800781,363.9100036621094,363.1549987792969,363.1549987792969,56243
2026-06-17 14:38:00-04:00,363.7850036621094,363.7850036621094,364.2099914550781,363.5799865722656,363.6199951171875,45872
2026-06-17 14:40:00-04:00,363.8949890136719,363.8949890136719,364.239990234375,363.68499755859375,363.80999755859375,57171
2026-06-17 14:42:00-04:00,364.42999267578125,364.42999267578125,364.54998779296875,363.7799987792969,363.92498779296875,50262
2026-06-17 14:44:00-04:00,364.3550109863281,364.3550109863281,364.79998779296875,364.25,364.3800048828125,43121
2026-06-17 14:46:00-04:00,364.4100036621094,364.4100036621094,364.5199890136719,364.1400146484375,364.3999938964844,44797
2026-06-17 14:48:00-04:00,364.1600036621094,364.1600036621094,364.42999267578125,364.07000732421875,364.42999267578125,38305
2026-06-17 14:50:00-04:00,363.7300109863281,363.7300109863281,364.1549987792969,363.65008544921875,364.1400146484375,43751
2026-06-17 14:52:00-04:00,363.4700012207031,363.4700012207031,363.8900146484375,363.3240051269531,363.7492980957031,67241
2026-06-17 14:54:00-04:00,363.2449951171875,363.2449951171875,363.6300048828125,363.20001220703125,363.4200134277344,46444
2026-06-17 14:56:00-04:00,362.8550109863281,362.8550109863281,363.3699951171875,362.6600036621094,363.25,52291
2026-06-17 14:58:00-04:00,362.55999755859375,362.55999755859375,363.0299987792969,362.260009765625,362.94000244140625,62247
2026-06-17 15:00:00-04:00,362.510009765625,362.510009765625,362.8500061035156,362.3349914550781,362.57000732421875,46430
2026-06-17 15:02:00-04:00,362.80999755859375,362.80999755859375,362.9693908691406,362.2799987792969,362.4700012207031,89195
2026-06-17 15:04:00-04:00,362.70001220703125,362.70001220703125,363.1199951171875,362.614990234375,362.7900085449219,80963
2026-06-17 15:06:00-04:00,362.6199951171875,362.6199951171875,363.1400146484375,362.6199951171875,362.7250061035156,41374
2026-06-17 15:08:00-04:00,362.3699951171875,362.3699951171875,363.0,362.3118896484375,362.7099914550781,58633
2026-06-17 15:10:00-04:00,362.30999755859375,362.30999755859375,362.6099853515625,362.1300048828125,362.3699951171875,47959
2026-06-17 15:12:00-04:00,363.1400146484375,363.1400146484375,363.19500732421875,362.2774963378906,362.2774963378906,44455
2026-06-17 15:14:00-04:00,362.9599914550781,362.9599914550781,363.1474914550781,362.7799987792969,363.1099853515625,64943
2026-06-17 15:16:00-04:00,362.3078918457031,362.3078918457031,363.0697937011719,362.3078918457031,362.9549865722656,46186
2026-06-17 15:18:00-04:00,361.510009765625,361.510009765625,362.4198913574219,361.510009765625,362.3299865722656,57886
2026-06-17 15:20:00-04:00,361.29998779296875,361.29998779296875,361.7099914550781,361.25,361.5199890136719,58289
2026-06-17 15:22:00-04:00,361.30999755859375,361.30999755859375,361.5950012207031,361.1000061035156,361.3500061035156,60368
2026-06-17 15:24:00-04:00,361.05499267578125,361.05499267578125,361.3500061035156,360.6600036621094,361.28009033203125,69232
2026-06-17 15:26:00-04:00,360.80499267578125,360.80499267578125,361.1698913574219,360.7550048828125,361.06500244140625,54796
2026-06-17 15:28:00-04:00,360.6099853515625,360.6099853515625,361.04998779296875,360.44000244140625,360.80499267578125,60130
2026-06-17 15:30:00-04:00,360.6700134277344,360.6700134277344,360.80999755859375,360.239990234375,360.6400146484375,71582
2026-06-17 15:32:00-04:00,360.8949890136719,360.8949890136719,361.0299987792969,360.6499938964844,360.6700134277344,64638
2026-06-17 15:34:00-04:00,360.92498779296875,360.92498779296875,361.2200012207031,360.8599853515625,360.95001220703125,63091
2026-06-17 15:36:00-04:00,360.79998779296875,360.79998779296875,361.1700134277344,360.6499938964844,360.92498779296875,75402
2026-06-17 15:38:00-04:00,360.5899963378906,360.5899963378906,360.9150085449219,360.30999755859375,360.7846984863281,64894
2026-06-17 15:40:00-04:00,360.94989013671875,360.94989013671875,361.1000061035156,360.3800048828125,360.6099853515625,99345
2026-06-17 15:42:00-04:00,361.6400146484375,361.6400146484375,361.67999267578125,360.80999755859375,360.864990234375,87238
2026-06-17 15:44:00-04:00,361.6199951171875,361.6199951171875,361.7900085449219,361.3699951171875,361.6600036621094,111483
2026-06-17 15:46:00-04:00,362.55999755859375,362.55999755859375,362.6600036621094,361.6000061035156,361.6499938964844,108921
2026-06-17 15:48:00-04:00,362.69000244140625,362.69000244140625,363.04998779296875,362.4200134277344,362.57000732421875,80801
2026-06-17 15:50:00-04:00,361.75,361.75,362.6300048828125,361.7099914550781,362.6300048828125,194416
2026-06-17 15:52:00-04:00,361.1199951171875,361.1199951171875,361.7300109863281,361.0199890136719,361.7300109863281,141007
2026-06-17 15:54:00-04:00,362.0899963378906,362.0899963378906,362.239990234375,361.1300048828125,361.1300048828125,207305
2026-06-17 15:56:00-04:00,362.07501220703125,362.07501220703125,362.1400146484375,361.7200012207031,362.1000061035156,198815
2026-06-17 15:58:00-04:00,362.0799865722656,362.0799865722656,362.2300109863281,361.8900146484375,362.0849914550781,504430
2026-06-18 09:30:00-04:00,363.5450134277344,363.5450134277344,365.95001220703125,362.6000061035156,363.8900146484375,3886593
2026-06-18 09:32:00-04:00,361.95001220703125,361.95001220703125,363.7349853515625,361.8399963378906,363.3699951171875,219264
2026-06-18 09:34:00-04:00,360.6400146484375,360.6400146484375,362.760009765625,360.6000061035156,361.95001220703125,153279
2026-06-18 09:36:00-04:00,359.81500244140625,359.81500244140625,361.5325012207031,359.69000244140625,360.760009765625,227155
2026-06-18 09:38:00-04:00,358.3900146484375,358.3900146484375,360.1099853515625,358.3299865722656,359.92999267578125,155178
2026-06-18 09:40:00-04:00,358.4601135253906,358.4601135253906,358.7099914550781,357.6709899902344,358.57000732421875,132209
2026-06-18 09:42:00-04:00,358.2799987792969,358.2799987792969,358.8599853515625,357.7200012207031,358.5299987792969,110313
2026-06-18 09:44:00-04:00,357.80999755859375,357.80999755859375,358.4599914550781,357.5,358.2850036621094,89009
2026-06-18 09:46:00-04:00,357.0400085449219,357.0400085449219,358.5799865722656,357.0199890136719,357.81500244140625,92676
2026-06-18 09:48:00-04:00,358.43280029296875,358.43280029296875,358.54998779296875,357.1025085449219,357.1050109863281,132667
2026-06-18 09:50:00-04:00,358.5899963378906,358.5899963378906,359.239990234375,357.8800048828125,358.45001220703125,158748
2026-06-18 09:52:00-04:00,359.2164001464844,359.2164001464844,359.2900085449219,358.28070068359375,358.5350036621094,95162
2026-06-18 09:54:00-04:00,357.4150085449219,357.4150085449219,359.260009765625,357.3500061035156,359.20001220703125,102932
2026-06-18 09:56:00-04:00,357.1099853515625,357.1099853515625,357.67999267578125,356.6081848144531,357.42999267578125,115459
2026-06-18 09:58:00-04:00,358.3699951171875,358.3699951171875,358.57000732421875,357.0,357.1099853515625,77335
2026-06-18 10:00:00-04:00,359.7099914550781,359.7099914550781,359.8999938964844,358.3550109863281,358.44000244140625,76191
2026-06-18 10:02:00-04:00,359.6600036621094,359.6600036621094,360.80499267578125,359.36260986328125,359.760009765625,142945
2026-06-18 10:04:00-04:00,360.6199951171875,360.6199951171875,360.6600036621094,359.3500061035156,359.65679931640625,76769
2026-06-18 10:06:00-04:00,361.1650085449219,361.1650085449219,361.5,360.70001220703125,360.7799987792969,91183
2026-06-18 10:08:00-04:00,361.6050109863281,361.6050109863281,361.989990234375,361.1000061035156,361.1099853515625,68803
2026-06-18 10:10:00-04:00,360.8299865722656,360.8299865722656,361.8999938964844,360.7699890136719,361.5050048828125,84626
2026-06-18 10:12:00-04:00,361.04998779296875,361.04998779296875,361.3999938964844,360.7099914550781,360.8500061035156,68488
2026-06-18 10:14:00-04:00,360.7698974609375,360.7698974609375,361.5199890136719,360.3699951171875,361.06500244140625,70643
2026-06-18 10:16:00-04:00,361.4547119140625,361.4547119140625,361.7398986816406,360.739990234375,360.7550048828125,99278
2026-06-18 10:18:00-04:00,360.6400146484375,360.6400146484375,361.6098937988281,360.6400146484375,361.4649963378906,47783
2026-06-18 10:20:00-04:00,360.3900146484375,360.3900146484375,361.0199890136719,360.17999267578125,360.635009765625,61434
2026-06-18 10:22:00-04:00,360.8299865722656,360.8299865722656,360.94000244140625,360.29998779296875,360.42999267578125,50458
2026-06-18 10:24:00-04:00,360.6300048828125,360.6300048828125,360.8800048828125,360.30999755859375,360.7799987792969,47988
2026-06-18 10:26:00-04:00,360.2550048828125,360.2550048828125,360.8800048828125,360.2099914550781,360.6300048828125,43191
2026-06-18 10:28:00-04:00,359.909912109375,359.909912109375,360.3599853515625,359.7200012207031,360.2550048828125,71904
2026-06-18 10:30:00-04:00,360.6700134277344,360.6700134277344,360.7650146484375,359.6600036621094,359.8599853515625,56208
2026-06-18 10:32:00-04:00,360.7900085449219,360.7900085449219,360.9800109863281,360.45001220703125,360.69000244140625,48633
2026-06-18 10:34:00-04:00,360.5299987792969,360.5299987792969,361.2550048828125,360.5299987792969,360.7799987792969,54146
2026-06-18 10:36:00-04:00,360.70001220703125,360.70001220703125,360.70001220703125,360.1400146484375,360.5,32211
2026-06-18 10:38:00-04:00,361.0400085449219,361.0400085449219,361.18499755859375,360.6300048828125,360.710693359375,51621
2026-06-18 10:40:00-04:00,360.92999267578125,360.92999267578125,361.1700134277344,360.760009765625,361.0899963378906,41302
2026-06-18 10:42:00-04:00,360.8500061035156,360.8500061035156,361.1650085449219,360.7699890136719,360.94000244140625,32785
2026-06-18 10:44:00-04:00,361.0799865722656,361.0799865722656,361.17999267578125,360.8935852050781,360.94000244140625,36001
2026-06-18 10:46:00-04:00,361.5899963378906,361.5899963378906,361.7250061035156,361.0,361.05499267578125,105899
2026-06-18 10:48:00-04:00,362.010009765625,362.010009765625,362.2200012207031,361.55999755859375,361.6000061035156,77668
2026-06-18 10:50:00-04:00,361.8900146484375,361.8900146484375,362.0199890136719,361.67999267578125,361.94000244140625,75091
2026-06-18 10:52:00-04:00,361.739990234375,361.739990234375,362.1099853515625,361.260009765625,361.9200134277344,91237
2026-06-18 10:54:00-04:00,361.9599914550781,361.9599914550781,362.1864929199219,361.5799865722656,361.7900085449219,83368
2026-06-18 10:56:00-04:00,361.44000244140625,361.44000244140625,361.95001220703125,361.2301025390625,361.92999267578125,60465
2026-06-18 10:58:00-04:00,361.45001220703125,361.45001220703125,361.739990234375,361.25,361.3299865722656,46928
2026-06-18 11:00:00-04:00,361.260009765625,361.260009765625,361.53900146484375,361.0899963378906,361.4649963378906,41507
2026-06-18 11:02:00-04:00,361.5299987792969,361.5299987792969,361.95001220703125,361.19000244140625,361.2349853515625,43242
2026-06-18 11:04:00-04:00,361.3500061035156,361.3500061035156,361.82000732421875,361.239990234375,361.6099853515625,34289
2026-06-18 11:06:00-04:00,361.7445068359375,361.7445068359375,362.0794982910156,361.4200134277344,361.5,38017
2026-06-18 11:08:00-04:00,361.6400146484375,361.6400146484375,362.17999267578125,361.5799865722656,361.7200012207031,25801
2026-06-18 11:10:00-04:00,361.8800048828125,361.8800048828125,362.1000061035156,361.2200012207031,361.6099853515625,44398
2026-06-18 11:12:00-04:00,361.79998779296875,361.79998779296875,361.9800109863281,361.55999755859375,361.82000732421875,143510
2026-06-18 11:14:00-04:00,361.7300109863281,361.7300109863281,361.989990234375,361.5199890136719,361.8299865722656,49105
2026-06-18 11:16:00-04:00,361.7099914550781,361.7099914550781,361.8800048828125,361.5199890136719,361.75,27448
2026-06-18 11:18:00-04:00,361.4700012207031,361.4700012207031,361.9150085449219,361.2200012207031,361.7699890136719,38731
2026-06-18 11:20:00-04:00,361.5899963378906,361.5899963378906,361.7300109863281,361.3500061035156,361.45001220703125,31312
2026-06-18 11:22:00-04:00,361.4700012207031,361.4700012207031,361.67999267578125,361.29998779296875,361.55999755859375,28889
2026-06-18 11:24:00-04:00,361.6499938964844,361.6499938964844,361.69500732421875,361.1499938964844,361.4100036621094,31299
2026-06-18 11:26:00-04:00,362.4100036621094,362.4100036621094,362.42999267578125,361.5799865722656,361.6499938964844,38655
2026-06-18 11:28:00-04:00,362.17999267578125,362.17999267578125,362.64990234375,362.0,362.3599853515625,57223
2026-06-18 11:30:00-04:00,362.2200927734375,362.2200927734375,362.4599914550781,362.0799865722656,362.2200012207031,25862
2026-06-18 11:32:00-04:00,362.1099853515625,362.1099853515625,362.3900146484375,361.95001220703125,362.239990234375,53062
2026-06-18 11:34:00-04:00,362.45001220703125,362.45001220703125,362.45001220703125,362.04998779296875,362.19000244140625,49849
2026-06-18 11:36:00-04:00,362.9849853515625,362.9849853515625,362.989990234375,362.32000732421875,362.44000244140625,61668
2026-06-18 11:38:00-04:00,362.7200012207031,362.7200012207031,363.1499938964844,362.5299987792969,363.0,66959
2026-06-18 11:40:00-04:00,363.0849914550781,363.0849914550781,363.1400146484375,362.5299987792969,362.7699890136719,38060
2026-06-18 11:42:00-04:00,363.4800109863281,363.4800109863281,363.5,363.0299987792969,363.04998779296875,46064
2026-06-18 11:44:00-04:00,363.4800109863281,363.4800109863281,363.6400146484375,363.1600036621094,363.4400939941406,36970
2026-06-18 11:46:00-04:00,363.30499267578125,363.30499267578125,363.52178955078125,362.989990234375,363.510009765625,34947
2026-06-18 11:48:00-04:00,363.5679931640625,363.5679931640625,363.6300048828125,363.25,363.2821960449219,26612
2026-06-18 11:50:00-04:00,364.3999938964844,364.3999938964844,364.4049987792969,363.5450134277344,363.5450134277344,90136
2026-06-18 11:52:00-04:00,364.8900146484375,364.8900146484375,364.96240234375,364.4100036621094,364.4599914550781,37949
2026-06-18 11:54:00-04:00,365.29998779296875,365.29998779296875,365.3399963378906,364.5199890136719,364.8699951171875,70341
2026-06-18 11:56:00-04:00,364.8900146484375,364.8900146484375,365.5899963378906,364.8599853515625,365.2950134277344,55072
2026-06-18 11:58:00-04:00,364.2799987792969,364.2799987792969,364.9100036621094,364.17010498046875,364.82000732421875,51552
2026-06-18 12:00:00-04:00,364.1000061035156,364.1000061035156,364.3599853515625,363.81500244140625,364.260009765625,103753
2026-06-18 12:02:00-04:00,363.9800109863281,363.9800109863281,364.1830139160156,363.7099914550781,364.1600036621094,31495
2026-06-18 12:04:00-04:00,364.2650146484375,364.2650146484375,364.2900085449219,363.6499938964844,364.0,50895
2026-06-18 12:06:00-04:00,364.06500244140625,364.06500244140625,364.3299865722656,363.7799987792969,364.260009765625,57817
2026-06-18 12:08:00-04:00,363.8699951171875,363.8699951171875,364.3500061035156,363.6499938964844,364.07000732421875,50456
2026-06-18 12:10:00-04:00,363.44219970703125,363.44219970703125,363.7998962402344,363.3299865722656,363.7900085449219,388554
2026-06-18 12:12:00-04:00,363.2900085449219,363.2900085449219,363.69000244140625,363.239990234375,363.44000244140625,47154
2026-06-18 12:14:00-04:00,363.2300109863281,363.2300109863281,363.6000061035156,363.1600036621094,363.3500061035156,58122
2026-06-18 12:16:00-04:00,363.7300109863281,363.7300109863281,363.8399963378906,363.2049865722656,363.2250061035156,72815
2026-06-18 12:18:00-04:00,363.8299865722656,363.8299865722656,364.0,363.69000244140625,363.7300109863281,81941
2026-06-18 12:20:00-04:00,364.55999755859375,364.55999755859375,364.6499938964844,363.67999267578125,363.7699890136719,47779
2026-06-18 12:22:00-04:00,365.17498779296875,365.17498779296875,365.17498779296875,364.3800048828125,364.4700012207031,48354
2026-06-18 12:24:00-04:00,364.6000061035156,364.6000061035156,365.1650085449219,364.1099853515625,365.1099853515625,76797
2026-06-18 12:26:00-04:00,364.6499938964844,364.6499938964844,364.8399963378906,364.2200012207031,364.57000732421875,75121
2026-06-18 12:28:00-04:00,364.69000244140625,364.69000244140625,364.8800048828125,364.54998779296875,364.70001220703125,41890
2026-06-18 12:30:00-04:00,364.2850036621094,364.2850036621094,364.8299865722656,364.25,364.70001220703125,36158
2026-06-18 12:32:00-04:00,364.1099853515625,364.1099853515625,364.45001220703125,364.0899963378906,364.2601013183594,40590
2026-06-18 12:34:00-04:00,364.2200012207031,364.2200012207031,364.30999755859375,364.07000732421875,364.114990234375,29712
2026-06-18 12:36:00-04:00,364.6300048828125,364.6300048828125,364.6300048828125,364.1099853515625,364.20001220703125,40085
2026-06-18 12:38:00-04:00,364.7699890136719,364.7699890136719,364.8599853515625,364.5050048828125,364.6300048828125,39096
2026-06-18 12:40:00-04:00,364.80499267578125,364.80499267578125,364.8599853515625,364.69000244140625,364.79998779296875,30796
2026-06-18 12:42:00-04:00,364.35009765625,364.35009765625,364.8299865722656,364.3301086425781,364.80499267578125,36185
2026-06-18 12:44:00-04:00,364.7749938964844,364.7749938964844,364.9150085449219,364.3550109863281,364.3550109863281,45703
2026-06-18 12:46:00-04:00,365.29998779296875,365.29998779296875,365.29998779296875,364.67999267578125,364.82000732421875,54782
2026-06-18 12:48:00-04:00,365.489990234375,365.489990234375,365.5799865722656,365.239990234375,365.2799987792969,34694
2026-06-18 12:50:00-04:00,365.0799865722656,365.0799865722656,365.5398864746094,365.0799865722656,365.510009765625,55315
2026-06-18 12:52:00-04:00,365.1719970703125,365.1719970703125,365.2799987792969,364.8999938964844,365.114013671875,26409
2026-06-18 12:54:00-04:00,365.23199462890625,365.23199462890625,365.30999755859375,365.010009765625,365.19500732421875,25936
2026-06-18 12:56:00-04:00,365.0899963378906,365.0899963378906,365.260009765625,364.989990234375,365.25,23014
2026-06-18 12:58:00-04:00,364.8599853515625,364.8599853515625,365.19000244140625,364.79998779296875,365.1300048828125,22386
2026-06-18 13:00:00-04:00,365.1700134277344,365.1700134277344,365.2699890136719,364.8399963378906,364.8900146484375,34147
2026-06-18 13:02:00-04:00,365.1600036621094,365.1600036621094,365.3399963378906,365.1199951171875,365.18499755859375,26542
2026-06-18 13:04:00-04:00,365.30999755859375,365.30999755859375,365.3399963378906,365.04998779296875,365.20001220703125,30071
2026-06-18 13:06:00-04:00,365.2550048828125,365.2550048828125,365.3699951171875,365.1000061035156,365.30499267578125,26784
2026-06-18 13:08:00-04:00,364.864990234375,364.864990234375,365.2300109863281,364.8100891113281,365.2300109863281,33085
2026-06-18 13:10:00-04:00,364.7575988769531,364.7575988769531,364.9700012207031,364.70001220703125,364.8599853515625,31860
2026-06-18 13:12:00-04:00,364.8949890136719,364.8949890136719,364.9700012207031,364.6400146484375,364.8299865722656,27593
2026-06-18 13:14:00-04:00,365.04998779296875,365.04998779296875,365.1050109863281,364.8999938964844,364.8999938964844,25119
2026-06-18 13:16:00-04:00,365.4849853515625,365.4849853515625,365.6000061035156,364.9800109863281,365.0010070800781,47628
2026-06-18 13:18:00-04:00,365.3999938964844,365.3999938964844,365.5450134277344,365.3301086425781,365.4849853515625,25588
2026-06-18 13:20:00-04:00,365.510009765625,365.510009765625,365.71990966796875,365.32000732421875,365.42999267578125,33064
2026-06-18 13:22:00-04:00,365.8500061035156,365.8500061035156,365.8500061035156,365.42999267578125,365.5199890136719,37658
2026-06-18 13:24:00-04:00,365.7200012207031,365.7200012207031,366.0400085449219,365.489990234375,365.8500061035156,48445
2026-06-18 13:26:00-04:00,365.5899963378906,365.5899963378906,365.7749938964844,365.4200134277344,365.7200012207031,25635
2026-06-18 13:28:00-04:00,366.2799987792969,366.2799987792969,366.30999755859375,365.6099853515625,365.6099853515625,37973
2026-06-18 13:30:00-04:00,366.56500244140625,366.56500244140625,366.94000244140625,366.2720031738281,366.29998779296875,63972
2026-06-18 13:32:00-04:00,366.510009765625,366.510009765625,366.7200012207031,366.3599853515625,366.5199890136719,35434
2026-06-18 13:34:00-04:00,366.3900146484375,366.3900146484375,366.7099914550781,366.3800048828125,366.44000244140625,32755
2026-06-18 13:36:00-04:00,366.2799987792969,366.2799987792969,366.510009765625,366.25,366.4599914550781,36383
2026-06-18 13:38:00-04:00,366.20001220703125,366.20001220703125,366.43499755859375,366.1499938964844,366.25,32044
2026-06-18 13:40:00-04:00,366.05999755859375,366.05999755859375,366.2300109863281,366.0199890136719,366.1610107421875,26012
2026-06-18 13:42:00-04:00,366.239990234375,366.239990234375,366.32000732421875,366.0199890136719,366.05999755859375,21218
2026-06-18 13:44:00-04:00,366.4200134277344,366.4200134277344,366.42999267578125,366.1449890136719,366.2200012207031,29815
2026-06-18 13:46:00-04:00,366.20001220703125,366.20001220703125,366.6000061035156,366.20001220703125,366.4200134277344,53509
2026-06-18 13:48:00-04:00,365.989990234375,365.989990234375,366.2200012207031,365.8900146484375,366.2200012207031,21823
2026-06-18 13:50:00-04:00,366.0799865722656,366.0799865722656,366.2300109863281,365.9700012207031,366.0,45152
2026-06-18 13:52:00-04:00,366.1099853515625,366.1099853515625,366.3399963378906,366.0899963378906,366.1000061035156,30670
2026-06-18 13:54:00-04:00,366.19000244140625,366.19000244140625,366.239990234375,366.0299987792969,366.1400146484375,26497
2026-06-18 13:56:00-04:00,366.3599853515625,366.3599853515625,366.44000244140625,366.04998779296875,366.2200012207031,35003
2026-06-18 13:58:00-04:00,366.44000244140625,366.44000244140625,366.760009765625,366.3622131347656,366.3800048828125,36722
2026-06-18 14:00:00-04:00,366.6217956542969,366.6217956542969,366.70001220703125,366.2200012207031,366.42999267578125,34618
2026-06-18 14:02:00-04:00,366.6449890136719,366.6449890136719,366.67498779296875,366.5150146484375,366.6000061035156,30613
2026-06-18 14:04:00-04:00,366.70269775390625,366.70269775390625,366.82000732421875,366.5799865722656,366.6449890136719,37656
2026-06-18 14:06:00-04:00,366.6400146484375,366.6400146484375,366.70001220703125,366.53009033203125,366.70001220703125,29271
2026-06-18 14:08:00-04:00,366.5899963378906,366.5899963378906,366.760009765625,366.5775146484375,366.635009765625,34963
2026-06-18 14:10:00-04:00,366.4200134277344,366.4200134277344,366.6400146484375,366.32501220703125,366.614990234375,30829
2026-06-18 14:12:00-04:00,366.6499938964844,366.6499938964844,366.760009765625,366.3900146484375,366.42999267578125,47713
2026-06-18 14:14:00-04:00,365.9800109863281,365.9800109863281,366.5950012207031,365.94000244140625,366.5950012207031,31859
2026-06-18 14:16:00-04:00,366.14898681640625,366.14898681640625,366.17999267578125,365.8500061035156,365.9949951171875,30405
2026-06-18 14:18:00-04:00,366.239990234375,366.239990234375,366.3641052246094,366.05499267578125,366.1099853515625,32065
2026-06-18 14:20:00-04:00,366.3450012207031,366.3450012207031,366.3900146484375,366.1300048828125,366.2850036621094,25340
2026-06-18 14:22:00-04:00,366.510009765625,366.510009765625,366.70001220703125,366.3450012207031,366.3500061035156,43978
2026-06-18 14:24:00-04:00,366.3200988769531,366.3200988769531,366.54998779296875,366.2799987792969,366.54998779296875,30380
2026-06-18 14:26:00-04:00,366.4599914550781,366.4599914550781,366.5299987792969,366.1199951171875,366.2900085449219,30075
2026-06-18 14:28:00-04:00,366.1099853515625,366.1099853515625,366.5,366.0899963378906,366.5,29844
2026-06-18 14:30:00-04:00,366.1099853515625,366.1099853515625,366.1650085449219,366.0201110839844,366.1199951171875,33116
2026-06-18 14:32:00-04:00,366.19500732421875,366.19500732421875,366.2398986816406,365.9700012207031,366.125,30524
2026-06-18 14:34:00-04:00,365.9408874511719,365.9408874511719,366.29998779296875,365.9100036621094,366.2099914550781,24575
2026-06-18 14:36:00-04:00,365.95001220703125,365.95001220703125,366.010009765625,365.55999755859375,365.9599914550781,29944
2026-06-18 14:38:00-04:00,365.9949951171875,365.9949951171875,366.1000061035156,365.8999938964844,365.9800109863281,30006
2026-06-18 14:40:00-04:00,366.1300048828125,366.1300048828125,366.16259765625,365.95001220703125,365.9700012207031,24389
2026-06-18 14:42:00-04:00,366.0849914550781,366.0849914550781,366.2698974609375,366.07000732421875,366.12200927734375,37359
2026-06-18 14:44:00-04:00,366.7300109863281,366.7300109863281,366.7300109863281,366.0799865722656,366.0899963378906,39247
2026-06-18 14:46:00-04:00,366.6199951171875,366.6199951171875,366.7799987792969,366.4700012207031,366.7300109863281,42434
2026-06-18 14:48:00-04:00,366.7699890136719,366.7699890136719,366.8599853515625,366.5199890136719,366.6099853515625,31094
2026-06-18 14:50:00-04:00,366.7550048828125,366.7550048828125,366.80499267578125,366.6499938964844,366.79998779296875,27653
2026-06-18 14:52:00-04:00,366.9599914550781,366.9599914550781,367.05999755859375,366.69500732421875,366.7650146484375,42387
2026-06-18 14:54:00-04:00,366.8299865722656,366.8299865722656,367.0299987792969,366.7687072753906,366.9599914550781,51004
2026-06-18 14:56:00-04:00,366.739990234375,366.739990234375,366.8299865722656,366.5199890136719,366.7904052734375,41285
2026-06-18 14:58:00-04:00,366.68011474609375,366.68011474609375,366.8699951171875,366.6099853515625,366.760009765625,36718
2026-06-18 15:00:00-04:00,366.45001220703125,366.45001220703125,366.7699890136719,366.4100036621094,366.70001220703125,33101
2026-06-18 15:02:00-04:00,366.281494140625,366.281494140625,366.55499267578125,366.239990234375,366.4700012207031,29047
2026-06-18 15:04:00-04:00,366.2149963378906,366.2149963378906,366.3456115722656,366.1199951171875,366.2799987792969,24369
2026-06-18 15:06:00-04:00,366.0,366.0,366.2650146484375,365.94500732421875,366.239990234375,37692
2026-06-18 15:08:00-04:00,366.2099914550781,366.2099914550781,366.3399963378906,366.0400085449219,366.0624084472656,35405
2026-06-18 15:10:00-04:00,365.45001220703125,365.45001220703125,366.2200012207031,365.2900085449219,366.20001220703125,45903
2026-06-18 15:12:00-04:00,365.5299987792969,365.5299987792969,365.59100341796875,365.17999267578125,365.44000244140625,79068
2026-06-18 15:14:00-04:00,365.3800048828125,365.3800048828125,365.7300109863281,365.368408203125,365.5350036621094,41708
2026-06-18 15:16:00-04:00,364.9150085449219,364.9150085449219,365.3800048828125,364.8999938964844,365.3699951171875,58567
2026-06-18 15:18:00-04:00,365.3450012207031,365.3450012207031,365.3450012207031,364.6499938964844,364.8999938964844,38856
2026-06-18 15:20:00-04:00,365.19500732421875,365.19500732421875,365.45001220703125,365.1499938964844,365.4100036621094,52903
2026-06-18 15:22:00-04:00,365.3699951171875,365.3699951171875,365.45001220703125,365.17999267578125,365.19500732421875,54675
2026-06-18 15:24:00-04:00,365.6199951171875,365.6199951171875,365.739990234375,365.3500061035156,365.3800048828125,33329
2026-06-18 15:26:00-04:00,365.6000061035156,365.6000061035156,365.739990234375,365.5299987792969,365.6199035644531,43936
2026-06-18 15:28:00-04:00,365.9800109863281,365.9800109863281,366.1499938964844,365.6000061035156,365.6099853515625,43666
2026-06-18 15:30:00-04:00,365.7799987792969,365.7799987792969,366.04998779296875,365.75750732421875,365.989990234375,64908
2026-06-18 15:32:00-04:00,365.864990234375,365.864990234375,365.8800048828125,365.6700134277344,365.80999755859375,42600
2026-06-18 15:34:00-04:00,366.05499267578125,366.05499267578125,366.1199951171875,365.7806091308594,365.8599853515625,51789
2026-06-18 15:36:00-04:00,366.0,366.0,366.2099914550781,365.92010498046875,366.0450134277344,44164
2026-06-18 15:38:00-04:00,366.44000244140625,366.44000244140625,366.45001220703125,365.9700012207031,365.9949951171875,52335
2026-06-18 15:40:00-04:00,366.6549987792969,366.6549987792969,366.6719970703125,366.30999755859375,366.4200134277344,75047
2026-06-18 15:42:00-04:00,367.0249938964844,367.0249938964844,367.1400146484375,366.6400146484375,366.6505126953125,86612
2026-06-18 15:44:00-04:00,367.3851013183594,367.3851013183594,367.54998779296875,366.9949951171875,367.0299987792969,110740
2026-06-18 15:46:00-04:00,367.94000244140625,367.94000244140625,368.0,367.25,367.3699951171875,104812
2026-06-18 15:48:00-04:00,367.8500061035156,367.8500061035156,368.1099853515625,367.7200927734375,367.92999267578125,135379
2026-06-18 15:50:00-04:00,366.8500061035156,366.8500061035156,368.5299987792969,366.3500061035156,367.92999267578125,1090514
2026-06-18 15:52:00-04:00,367.5,367.5,367.57000732421875,366.7900085449219,366.8599853515625,236232
2026-06-18 15:54:00-04:00,367.9599914550781,367.9599914550781,368.6400146484375,366.8299865722656,367.5299987792969,561050
2026-06-18 15:56:00-04:00,367.7799987792969,367.7799987792969,368.4599914550781,367.75,367.9599914550781,559779
2026-06-18 15:58:00-04:00,367.17999267578125,367.17999267578125,368.07000732421875,367.1099853515625,367.79998779296875,881017
2026-06-22 09:30:00-04:00,355.07000732421875,355.07000732421875,358.20001220703125,355.0299987792969,357.135009765625,1265291
2026-06-22 09:32:00-04:00,353.61370849609375,353.61370849609375,355.82000732421875,353.3949890136719,355.17999267578125,344500
2026-06-22 09:34:00-04:00,355.2200012207031,355.2200012207031,355.5098876953125,353.3399963378906,353.61761474609375,279655
2026-06-22 09:36:00-04:00,355.739990234375,355.739990234375,355.8500061035156,354.57000732421875,355.2900085449219,296045
2026-06-22 09:38:00-04:00,355.3699951171875,355.3699951171875,356.7099914550781,355.29998779296875,355.7900085449219,187701
2026-06-22 09:40:00-04:00,353.79010009765625,353.79010009765625,355.7699890136719,353.7699890136719,355.3500061035156,223873
2026-06-22 09:42:00-04:00,354.70001220703125,354.70001220703125,354.8299865722656,353.3800048828125,353.9100036621094,183219
2026-06-22 09:44:00-04:00,353.2699890136719,353.2699890136719,354.8599853515625,352.79998779296875,354.7925109863281,231865
2026-06-22 09:46:00-04:00,353.5299987792969,353.5299987792969,353.86279296875,352.6000061035156,353.2850036621094,192907
2026-06-22 09:48:00-04:00,354.375,354.375,354.42999267578125,353.20001220703125,353.5350036621094,110057
2026-06-22 09:50:00-04:00,353.4800109863281,353.4800109863281,354.61810302734375,353.32000732421875,354.3999938964844,144839
2026-06-22 09:52:00-04:00,353.7349853515625,353.7349853515625,353.8900146484375,353.260009765625,353.5,109877
2026-06-22 09:54:00-04:00,353.45001220703125,353.45001220703125,354.3999938964844,353.20001220703125,353.7349853515625,104015
2026-06-22 09:56:00-04:00,353.69500732421875,353.69500732421875,354.0473937988281,353.20001220703125,353.3599853515625,117441
2026-06-22 09:58:00-04:00,353.6199951171875,353.6199951171875,353.9198913574219,353.1000061035156,353.69500732421875,107393
2026-06-22 10:00:00-04:00,353.1400146484375,353.1400146484375,353.7099914550781,352.7699890136719,353.6300048828125,137745
2026-06-22 10:02:00-04:00,351.9649963378906,351.9649963378906,353.1700134277344,351.8800048828125,353.125,187595
2026-06-22 10:04:00-04:00,352.0635070800781,352.0635070800781,352.3699951171875,351.7300109863281,352.0,159177
2026-06-22 10:06:00-04:00,351.59271240234375,351.59271240234375,352.239990234375,351.3301086425781,351.9949951171875,168646
2026-06-22 10:08:00-04:00,351.8500061035156,351.8500061035156,352.19879150390625,351.32000732421875,351.6300048828125,185851
2026-06-22 10:10:00-04:00,351.8999938964844,351.8999938964844,352.20001220703125,351.42999267578125,351.8500061035156,157083
2026-06-22 10:12:00-04:00,350.25,350.25,351.9700012207031,350.0899963378906,351.8800048828125,288780
2026-06-22 10:14:00-04:00,349.9849853515625,349.9849853515625,350.3699951171875,349.2244873046875,350.2300109863281,444002
2026-06-22 10:16:00-04:00,349.8349914550781,349.8349914550781,350.2900085449219,349.69000244140625,350.0199890136719,197540
2026-06-22 10:18:00-04:00,349.2900085449219,349.2900085449219,350.1199035644531,349.2900085449219,349.8349914550781,224108
2026-06-22 10:20:00-04:00,349.3500061035156,349.3500061035156,349.625,349.0400085449219,349.2799987792969,207853
2026-06-22 10:22:00-04:00,349.1700134277344,349.1700134277344,349.7398986816406,349.0400085449219,349.32000732421875,140120
2026-06-22 10:24:00-04:00,348.80999755859375,348.80999755859375,349.2348937988281,348.55999755859375,349.1549987792969,186130
2026-06-22 10:26:00-04:00,348.0,348.0,349.07000732421875,347.94000244140625,348.7715148925781,225191
2026-06-22 10:28:00-04:00,348.2427062988281,348.2427062988281,348.3290100097656,347.8599853515625,347.989990234375,225022
2026-06-22 10:30:00-04:00,347.45001220703125,347.45001220703125,348.3999938964844,347.41009521484375,348.260009765625,448951
2026-06-22 10:32:00-04:00,347.2099914550781,347.2099914550781,347.78790283203125,346.74029541015625,347.4750061035156,247766
2026-06-22 10:34:00-04:00,348.07501220703125,348.07501220703125,348.1300048828125,347.0899963378906,347.2099914550781,358523
2026-06-22 10:36:00-04:00,348.0199890136719,348.0199890136719,348.3699951171875,347.739990234375,348.0751037597656,146549
2026-06-22 10:38:00-04:00,348.3799133300781,348.3799133300781,348.4599914550781,347.82000732421875,348.0249938964844,98743
2026-06-22 10:40:00-04:00,347.7200012207031,347.7200012207031,348.510009765625,347.5,348.3800048828125,146708
2026-06-22 10:42:00-04:00,347.2300109863281,347.2300109863281,347.79998779296875,347.0,347.70001220703125,129397
2026-06-22 10:44:00-04:00,346.57000732421875,346.57000732421875,347.2799987792969,346.5199890136719,347.25,160927
2026-06-22 10:46:00-04:00,346.1499938964844,346.1499938964844,346.8900146484375,346.1099853515625,346.57000732421875,89626
2026-06-22 10:48:00-04:00,346.6199951171875,346.6199951171875,346.83990478515625,345.8800048828125,346.1499938964844,239917
2026-06-22 10:50:00-04:00,345.57000732421875,345.57000732421875,346.6700134277344,345.54998779296875,346.6200866699219,267433
2026-06-22 10:52:00-04:00,345.4150085449219,345.4150085449219,345.7200012207031,345.0799865722656,345.57000732421875,216957
2026-06-22 10:54:00-04:00,344.3500061035156,344.3500061035156,345.45989990234375,344.19000244140625,345.3999938964844,338607
2026-06-22 10:56:00-04:00,344.6600036621094,344.6600036621094,344.8099060058594,344.1072082519531,344.30999755859375,171973
2026-06-22 10:58:00-04:00,344.67498779296875,344.67498779296875,344.8900146484375,344.3999938964844,344.6700134277344,177306
2026-06-22 11:00:00-04:00,344.2099914550781,344.2099914550781,344.7200012207031,344.052490234375,344.6549987792969,204555
2026-06-22 11:02:00-04:00,343.43499755859375,343.43499755859375,344.3172912597656,343.3999938964844,344.2200012207031,280992
2026-06-22 11:04:00-04:00,342.70001220703125,342.70001220703125,343.8673095703125,342.67999267578125,343.4200134277344,284980
2026-06-22 11:06:00-04:00,342.6400146484375,342.6400146484375,342.9100036621094,342.0799865722656,342.7200012207031,288329
2026-06-22 11:08:00-04:00,342.82000732421875,342.82000732421875,342.8800048828125,342.1199951171875,342.6400146484375,183801
2026-06-22 11:10:00-04:00,342.760009765625,342.760009765625,343.1700134277344,342.5199890136719,342.8349914550781,188174
2026-06-22 11:12:00-04:00,342.59271240234375,342.59271240234375,343.5,342.5,342.7650146484375,189843
2026-06-22 11:14:00-04:00,341.6549987792969,341.6549987792969,342.69000244140625,341.6200866699219,342.6099853515625,240517
2026-06-22 11:16:00-04:00,341.6001892089844,341.6001892089844,341.7099914550781,341.2300109863281,341.6199951171875,282721
2026-06-22 11:18:00-04:00,341.3200988769531,341.3200988769531,341.69000244140625,340.94000244140625,341.5700988769531,260551
2026-06-22 11:20:00-04:00,342.864990234375,342.864990234375,342.9800109863281,341.2200012207031,341.3999938964844,277856
2026-06-22 11:22:00-04:00,343.4599914550781,343.4599914550781,343.6499938964844,342.7799987792969,342.8500061035156,200275
2026-06-22 11:24:00-04:00,343.3699951171875,343.3699951171875,343.75,343.0799865722656,343.4700012207031,177566
2026-06-22 11:26:00-04:00,343.7799987792969,343.7799987792969,343.9599914550781,343.19000244140625,343.3900146484375,195217
2026-06-22 11:28:00-04:00,342.70001220703125,342.70001220703125,343.8699951171875,342.489990234375,343.79998779296875,195022
2026-06-22 11:30:00-04:00,344.1600036621094,344.1600036621094,344.2099914550781,342.6000061035156,342.7049865722656,148476
2026-06-22 11:32:00-04:00,344.68499755859375,344.68499755859375,344.7200012207031,343.8219909667969,344.1199951171875,185823
2026-06-22 11:34:00-04:00,345.07000732421875,345.07000732421875,345.2298889160156,344.5,344.6700134277344,173583
2026-06-22 11:36:00-04:00,344.9800109863281,344.9800109863281,345.4800109863281,344.8999938964844,345.052490234375,151547
2026-06-22 11:38:00-04:00,345.20001220703125,345.20001220703125,345.2300109863281,344.8599853515625,344.9800109863281,107419
2026-06-22 11:40:00-04:00,345.7149963378906,345.7149963378906,345.82000732421875,345.2149963378906,345.2250061035156,111470
2026-06-22 11:42:00-04:00,346.31500244140625,346.31500244140625,346.3299865722656,345.6300048828125,345.75,131366
2026-06-22 11:44:00-04:00,346.30999755859375,346.30999755859375,346.5799865722656,346.0350036621094,346.2799987792969,125544
2026-06-22 11:46:00-04:00,345.75,345.75,346.3500061035156,345.42999267578125,346.2900085449219,115689
2026-06-22 11:48:00-04:00,344.3800048828125,344.3800048828125,345.8340148925781,344.3100891113281,345.7101135253906,117190
2026-06-22 11:50:00-04:00,345.04998779296875,345.04998779296875,345.34991455078125,344.2799987792969,344.3900146484375,105121
2026-06-22 11:52:00-04:00,345.3725891113281,345.3725891113281,345.5799865722656,344.80999755859375,345.1099853515625,64752
2026-06-22 11:54:00-04:00,346.1759948730469,346.1759948730469,346.3800048828125,345.30999755859375,345.4100036621094,120756
2026-06-22 11:56:00-04:00,345.3949890136719,345.3949890136719,346.239990234375,345.2200012207031,346.2200012207031,86784
2026-06-22 11:58:00-04:00,345.2731018066406,345.2731018066406,345.6893005371094,345.1200866699219,345.3399963378906,91457
2026-06-22 12:00:00-04:00,345.2900085449219,345.2900085449219,345.64990234375,345.0400085449219,345.3399963378906,67748
2026-06-22 12:02:00-04:00,344.489990234375,344.489990234375,345.3500061035156,344.4599914550781,345.239990234375,106151
2026-06-22 12:04:00-04:00,344.489990234375,344.489990234375,344.8299865722656,344.25,344.5050048828125,99133
2026-06-22 12:06:00-04:00,344.67999267578125,344.67999267578125,344.67999267578125,344.1600036621094,344.4750061035156,88645
2026-06-22 12:08:00-04:00,344.7998962402344,344.7998962402344,344.9480895996094,344.6099853515625,344.6499938964844,101211
2026-06-22 12:10:00-04:00,344.70001220703125,344.70001220703125,345.1065979003906,344.54998779296875,344.7637939453125,79297
2026-06-22 12:12:00-04:00,344.6050109863281,344.6050109863281,344.8299865722656,344.5199890136719,344.73870849609375,61752
2026-06-22 12:14:00-04:00,345.30999755859375,345.30999755859375,345.30999755859375,344.3559875488281,344.6400146484375,72211
2026-06-22 12:16:00-04:00,344.79998779296875,344.79998779296875,345.29998779296875,344.7099914550781,345.239990234375,68949
2026-06-22 12:18:00-04:00,345.45001220703125,345.45001220703125,345.45001220703125,344.705810546875,344.82000732421875,70862
2026-06-22 12:20:00-04:00,345.54998779296875,345.54998779296875,345.8900146484375,345.3999938964844,345.45001220703125,70717
2026-06-22 12:22:00-04:00,345.1199951171875,345.1199951171875,345.54998779296875,345.0400085449219,345.5299987792969,86180
2026-06-22 12:24:00-04:00,345.8299865722656,345.8299865722656,345.9700012207031,345.0,345.04010009765625,57317
2026-06-22 12:26:00-04:00,345.8500061035156,345.8500061035156,346.0,345.4700012207031,345.8594970703125,80797
2026-06-22 12:28:00-04:00,346.1300048828125,346.1300048828125,346.2099914550781,345.69000244140625,345.7799987792969,64885
2026-06-22 12:30:00-04:00,346.07501220703125,346.07501220703125,346.29998779296875,346.010009765625,346.1499938964844,41641
2026-06-22 12:32:00-04:00,345.44000244140625,345.44000244140625,346.0299987792969,345.2799987792969,346.0299987792969,79519
2026-06-22 12:34:00-04:00,345.42999267578125,345.42999267578125,345.7049865722656,345.3299865722656,345.3999938964844,46969
2026-06-22 12:36:00-04:00,345.3550109863281,345.3550109863281,345.4700012207031,345.0600891113281,345.3999938964844,72642
2026-06-22 12:38:00-04:00,345.2799987792969,345.2799987792969,345.6300048828125,345.2300109863281,345.3800048828125,37946
2026-06-22 12:40:00-04:00,345.5,345.5,345.7149963378906,345.04998779296875,345.2300109863281,48897
2026-06-22 12:42:00-04:00,345.5899963378906,345.5899963378906,345.64990234375,345.3299865722656,345.4700927734375,35314
2026-06-22 12:44:00-04:00,345.3349914550781,345.3349914550781,345.67999267578125,345.32000732421875,345.5382995605469,38026
2026-06-22 12:46:00-04:00,345.4750061035156,345.4750061035156,345.6000061035156,345.3299865722656,345.3299865722656,259301
2026-06-22 12:48:00-04:00,345.2900085449219,345.2900085449219,345.44000244140625,345.0400085449219,345.3999938964844,54318
2026-06-22 12:50:00-04:00,345.2699890136719,345.2699890136719,345.4198913574219,345.03009033203125,345.30499267578125,53096
2026-06-22 12:52:00-04:00,345.05499267578125,345.05499267578125,345.364013671875,345.0,345.2550048828125,95849
2026-06-22 12:54:00-04:00,344.95001220703125,344.95001220703125,345.25,344.95001220703125,345.04998779296875,98985
2026-06-22 12:56:00-04:00,345.57501220703125,345.57501220703125,345.7200012207031,344.8299865722656,344.95001220703125,111761
2026-06-22 12:58:00-04:00,345.73480224609375,345.73480224609375,345.95001220703125,345.54998779296875,345.57501220703125,77980
2026-06-22 13:00:00-04:00,345.4750061035156,345.4750061035156,345.8399963378906,345.3399963378906,345.70001220703125,92124
2026-06-22 13:02:00-04:00,345.489990234375,345.489990234375,345.5,345.20001220703125,345.5,67031
2026-06-22 13:04:00-04:00,345.2149963378906,345.2149963378906,345.7300109863281,345.07000732421875,345.5,67540
2026-06-22 13:06:00-04:00,345.44500732421875,345.44500732421875,345.44500732421875,344.9200134277344,345.25,73620
2026-06-22 13:08:00-04:00,345.4800109863281,345.4800109863281,345.5400085449219,345.1199951171875,345.4599914550781,467205
2026-06-22 13:10:00-04:00,345.739990234375,345.739990234375,345.7987976074219,345.4599914550781,345.4800109863281,78859
2026-06-22 13:12:00-04:00,345.31500244140625,345.31500244140625,345.739990234375,345.0450134277344,345.7149963378906,123773
2026-06-22 13:14:00-04:00,345.8800048828125,345.8800048828125,346.1700134277344,345.29998779296875,345.32000732421875,131365
2026-06-22 13:16:00-04:00,345.4320983886719,345.4320983886719,345.9200134277344,345.3399963378906,345.9100036621094,85241
2026-06-22 13:18:00-04:00,346.21319580078125,346.21319580078125,346.29998779296875,345.375,345.4100036621094,100889
2026-06-22 13:20:00-04:00,346.30999755859375,346.30999755859375,346.4786071777344,345.9801025390625,346.2200012207031,115088
2026-06-22 13:22:00-04:00,346.4750061035156,346.4750061035156,346.6099853515625,346.16009521484375,346.3299865722656,93414
2026-06-22 13:24:00-04:00,346.2699890136719,346.2699890136719,346.5150146484375,346.17999267578125,346.5,49403
2026-06-22 13:26:00-04:00,346.5899963378906,346.5899963378906,346.75,346.25,346.29998779296875,68649
2026-06-22 13:28:00-04:00,346.32000732421875,346.32000732421875,346.7497863769531,346.32000732421875,346.57000732421875,74774
2026-06-22 13:30:00-04:00,346.43499755859375,346.43499755859375,346.5199890136719,346.20001220703125,346.32000732421875,86011
2026-06-22 13:32:00-04:00,345.9825134277344,345.9825134277344,346.45001220703125,345.8999938964844,346.43499755859375,80172
2026-06-22 13:34:00-04:00,345.95001220703125,345.95001220703125,346.30999755859375,345.92999267578125,346.0,49061
2026-06-22 13:36:00-04:00,345.8500061035156,345.8500061035156,345.9700012207031,345.6700134277344,345.9700012207031,57471
2026-06-22 13:38:00-04:00,346.29998779296875,346.29998779296875,346.31500244140625,345.8500061035156,345.8500061035156,63728
2026-06-22 13:40:00-04:00,346.42999267578125,346.42999267578125,346.4800109863281,345.95001220703125,346.2950134277344,50222
2026-06-22 13:42:00-04:00,346.0,346.0,346.5198974609375,345.95001220703125,346.42999267578125,77161
2026-06-22 13:44:00-04:00,346.04998779296875,346.04998779296875,346.1099853515625,345.7601013183594,345.989990234375,101996
2026-06-22 13:46:00-04:00,346.2641906738281,346.2641906738281,346.2641906738281,345.92999267578125,346.07000732421875,46578
2026-06-22 13:48:00-04:00,346.3999938964844,346.3999938964844,346.6400146484375,346.2300109863281,346.2699890136719,48873
2026-06-22 13:50:00-04:00,346.5201110839844,346.5201110839844,346.6600036621094,346.3599853515625,346.3699951171875,72233
2026-06-22 13:52:00-04:00,346.6000061035156,346.6000061035156,346.75,346.4599914550781,346.56500244140625,52031
2026-06-22 13:54:00-04:00,346.82000732421875,346.82000732421875,346.89990234375,346.5,346.6000061035156,54424
2026-06-22 13:56:00-04:00,346.7449951171875,346.7449951171875,347.0400085449219,346.6600036621094,346.8399963378906,71270
2026-06-22 13:58:00-04:00,346.42999267578125,346.42999267578125,346.8800048828125,346.4100036621094,346.7681884765625,47645
2026-06-22 14:00:00-04:00,346.67999267578125,346.67999267578125,346.7200012207031,346.31500244140625,346.4599914550781,54427
2026-06-22 14:02:00-04:00,346.739990234375,346.739990234375,346.9100036621094,346.6000061035156,346.67999267578125,47926
2026-06-22 14:04:00-04:00,346.69000244140625,346.69000244140625,346.8800048828125,346.6400146484375,346.739990234375,49714
2026-06-22 14:06:00-04:00,346.94000244140625,346.94000244140625,347.010009765625,346.6700134277344,346.7200012207031,93164
2026-06-22 14:08:00-04:00,347.1199951171875,347.1199951171875,347.21990966796875,346.8699951171875,346.94000244140625,111156
2026-06-22 14:10:00-04:00,346.9750061035156,346.9750061035156,347.1600036621094,346.8700866699219,347.125,88991
2026-06-22 14:12:00-04:00,347.2149963378906,347.2149963378906,347.29998779296875,346.9800109863281,346.9800109863281,54364
2026-06-22 14:14:00-04:00,347.15008544921875,347.15008544921875,347.29998779296875,347.1300048828125,347.2149963378906,51274
2026-06-22 14:16:00-04:00,347.2049865722656,347.2049865722656,347.3399963378906,347.0,347.1499938964844,78017
2026-06-22 14:18:00-04:00,346.9259948730469,346.9259948730469,347.2300109863281,346.8399963378906,347.19000244140625,71465
2026-06-22 14:20:00-04:00,347.29998779296875,347.29998779296875,347.6000061035156,346.92999267578125,346.92999267578125,86223
2026-06-22 14:22:00-04:00,347.4700012207031,347.4700012207031,347.4800109863281,346.9800109863281,347.3900146484375,87104
2026-06-22 14:24:00-04:00,347.59600830078125,347.59600830078125,347.6499938964844,347.3299865722656,347.5,67591
2026-06-22 14:26:00-04:00,347.20001220703125,347.20001220703125,347.6700134277344,347.1382141113281,347.5799865722656,59607
2026-06-22 14:28:00-04:00,347.30499267578125,347.30499267578125,347.3399963378906,347.07000732421875,347.20001220703125,56218
2026-06-22 14:30:00-04:00,347.7449951171875,347.7449951171875,347.7799987792969,347.30999755859375,347.30999755859375,67512
2026-06-22 14:32:00-04:00,347.6700134277344,347.6700134277344,347.79998779296875,347.54998779296875,347.7550048828125,61042
2026-06-22 14:34:00-04:00,347.67498779296875,347.67498779296875,347.8500061035156,347.6300048828125,347.6700134277344,74281
2026-06-22 14:36:00-04:00,347.5950012207031,347.5950012207031,347.7200012207031,347.40008544921875,347.6400146484375,61365
2026-06-22 14:38:00-04:00,347.6600036621094,347.6600036621094,347.69000244140625,347.2804870605469,347.5849914550781,54939
2026-06-22 14:40:00-04:00,347.510009765625,347.510009765625,347.6600036621094,347.4849853515625,347.6600036621094,56584
2026-06-22 14:42:00-04:00,347.70001220703125,347.70001220703125,347.79998779296875,347.4849853515625,347.5350036621094,71842
2026-06-22 14:44:00-04:00,347.69500732421875,347.69500732421875,347.73809814453125,347.3299865722656,347.70001220703125,52023
2026-06-22 14:46:00-04:00,347.82000732421875,347.82000732421875,347.8822021484375,347.55999755859375,347.6700134277344,69411
2026-06-22 14:48:00-04:00,347.7349853515625,347.7349853515625,347.84991455078125,347.5950012207031,347.848388671875,34726
2026-06-22 14:50:00-04:00,347.25,347.25,347.7699890136719,347.1499938964844,347.7099914550781,52845
2026-06-22 14:52:00-04:00,346.739990234375,346.739990234375,347.28961181640625,346.7099914550781,347.2300109863281,83191
2026-06-22 14:54:00-04:00,347.1199951171875,347.1199951171875,347.1549987792969,346.6099853515625,346.7200012207031,50440
2026-06-22 14:56:00-04:00,346.57000732421875,346.57000732421875,347.1300048828125,346.54998779296875,347.04010009765625,62846
2026-06-22 14:58:00-04:00,346.7650146484375,346.7650146484375,346.8299865722656,346.510009765625,346.5849914550781,60865
2026-06-22 15:00:00-04:00,346.95001220703125,346.95001220703125,346.9800109863281,346.70001220703125,346.75,57808
2026-06-22 15:02:00-04:00,347.3299865722656,347.3299865722656,347.3999938964844,346.8900146484375,346.94000244140625,70652
2026-06-22 15:04:00-04:00,347.1000061035156,347.1000061035156,347.4700012207031,347.0400085449219,347.32000732421875,58022
2026-06-22 15:06:00-04:00,347.0299987792969,347.0299987792969,347.19000244140625,346.9599914550781,347.0799865722656,59683
2026-06-22 15:08:00-04:00,347.0,347.0,347.1300048828125,346.8299865722656,347.07989501953125,98660
2026-06-22 15:10:00-04:00,347.17999267578125,347.17999267578125,347.29449462890625,346.9150085449219,346.9700012207031,53400
2026-06-22 15:12:00-04:00,346.9800109863281,346.9800109863281,347.21990966796875,346.9200134277344,347.17498779296875,59975
2026-06-22 15:14:00-04:00,346.95001220703125,346.95001220703125,347.1398010253906,346.8500061035156,346.9200134277344,56319
2026-06-22 15:16:00-04:00,347.04998779296875,347.04998779296875,347.20001220703125,346.8999938964844,346.92999267578125,59226
2026-06-22 15:18:00-04:00,347.4100036621094,347.4100036621094,347.452392578125,347.04998779296875,347.04998779296875,93876
2026-06-22 15:20:00-04:00,347.3800048828125,347.3800048828125,347.46990966796875,347.0899963378906,347.3900146484375,72758
2026-06-22 15:22:00-04:00,347.5205078125,347.5205078125,347.739990234375,347.2799987792969,347.3800048828125,101948
2026-06-22 15:24:00-04:00,348.2349853515625,348.2349853515625,348.29998779296875,347.4700012207031,347.5400085449219,94116
2026-06-22 15:26:00-04:00,348.5799865722656,348.5799865722656,348.75,348.218994140625,348.2250061035156,77404
2026-06-22 15:28:00-04:00,348.6549987792969,348.6549987792969,348.9700012207031,348.5899963378906,348.6199951171875,96591
2026-06-22 15:30:00-04:00,348.5849914550781,348.5849914550781,348.92999267578125,348.4700927734375,348.6600036621094,101117
2026-06-22 15:32:00-04:00,348.7799987792969,348.7799987792969,348.8999938964844,348.5799865722656,348.6099853515625,112894
2026-06-22 15:34:00-04:00,348.67498779296875,348.67498779296875,349.01251220703125,348.6199951171875,348.739990234375,129623
2026-06-22 15:36:00-04:00,348.0899963378906,348.0899963378906,348.67498779296875,347.989990234375,348.6499938964844,108938
2026-06-22 15:38:00-04:00,348.02899169921875,348.02899169921875,348.3299865722656,348.0,348.1099853515625,113333
2026-06-22 15:40:00-04:00,348.04998779296875,348.04998779296875,348.1099853515625,347.7019958496094,348.04998779296875,79433
2026-06-22 15:42:00-04:00,347.8800048828125,347.8800048828125,348.3039855957031,347.69000244140625,348.05999755859375,71480
2026-06-22 15:44:00-04:00,347.9700012207031,347.9700012207031,348.1099853515625,347.7699890136719,347.8500061035156,86127
2026-06-22 15:46:00-04:00,348.2699890136719,348.2699890136719,348.5,347.8699951171875,348.0,99946
2026-06-22 15:48:00-04:00,348.489990234375,348.489990234375,348.54998779296875,348.0400085449219,348.2799987792969,79782
2026-06-22 15:50:00-04:00,349.0249938964844,349.0249938964844,349.2200012207031,348.3500061035156,348.44000244140625,661918
2026-06-22 15:52:00-04:00,349.0400085449219,349.0400085449219,349.4599914550781,348.8999938964844,349.0249938964844,251469
2026-06-22 15:54:00-04:00,348.5899963378906,348.5899963378906,349.3800048828125,348.5400085449219,349.05999755859375,262587
2026-06-22 15:56:00-04:00,348.7300109863281,348.7300109863281,348.82000732421875,348.2900085449219,348.6099853515625,310936
2026-06-22 15:58:00-04:00,348.6700134277344,348.6700134277344,348.94000244140625,348.6000061035156,348.7550048828125,643880
2026-06-23 09:30:00-04:00,343.1000061035156,343.1000061035156,343.4999084472656,341.1300048828125,342.0,1729271
2026-06-23 09:32:00-04:00,343.9700012207031,343.9700012207031,343.989990234375,342.1400146484375,343.1400146484375,199943
2026-06-23 09:34:00-04:00,344.3194885253906,344.3194885253906,344.3399963378906,342.91009521484375,343.885009765625,191478
2026-06-23 09:36:00-04:00,345.1499938964844,345.1499938964844,345.2898864746094,344.0201110839844,344.2950134277344,182684
2026-06-23 09:38:00-04:00,345.45001220703125,345.45001220703125,345.7699890136719,344.6700134277344,345.1700134277344,151945
2026-06-23 09:40:00-04:00,345.7099914550781,345.7099914550781,345.8299865722656,344.6199951171875,345.5199890136719,135889
2026-06-23 09:42:00-04:00,346.5,346.5,346.8999938964844,345.67999267578125,345.67999267578125,138010
2026-06-23 09:44:00-04:00,346.5880126953125,346.5880126953125,347.2099914550781,346.1600036621094,346.4601135253906,109439
2026-06-23 09:46:00-04:00,346.5647888183594,346.5647888183594,347.0,346.2200012207031,346.489990234375,118901
2026-06-23 09:48:00-04:00,347.45001220703125,347.45001220703125,347.8800048828125,346.57000732421875,346.6400146484375,138656
2026-06-23 09:50:00-04:00,346.80999755859375,346.80999755859375,347.5899963378906,346.3599853515625,347.3900146484375,110878
2026-06-23 09:52:00-04:00,346.739990234375,346.739990234375,347.0950012207031,346.2900085449219,346.7850036621094,126446
2026-06-23 09:54:00-04:00,347.3699951171875,347.3699951171875,347.45001220703125,346.75,346.75,99657
2026-06-23 09:56:00-04:00,348.0899963378906,348.0899963378906,348.0899963378906,347.09149169921875,347.3450012207031,165095
2026-06-23 09:58:00-04:00,347.7900085449219,347.7900085449219,348.3500061035156,347.6106872558594,348.1000061035156,104097
2026-06-23 10:00:00-04:00,347.4700012207031,347.4700012207031,348.5299987792969,347.4309997558594,347.7900085449219,115000
2026-06-23 10:02:00-04:00,347.56500244140625,347.56500244140625,348.2799987792969,347.4100036621094,347.43011474609375,114577
2026-06-23 10:04:00-04:00,347.68499755859375,347.68499755859375,348.0,347.29998779296875,347.6499938964844,86327
2026-06-23 10:06:00-04:00,348.2099914550781,348.2099914550781,348.2449951171875,347.6000061035156,347.69000244140625,94507
2026-06-23 10:08:00-04:00,347.79998779296875,347.79998779296875,348.1700134277344,347.3900146484375,348.1499938964844,67721
2026-06-23 10:10:00-04:00,348.20001220703125,348.20001220703125,348.5799865722656,347.760009765625,347.760009765625,82651
2026-06-23 10:12:00-04:00,348.29998779296875,348.29998779296875,348.7200012207031,348.1499938964844,348.2200012207031,81179
2026-06-23 10:14:00-04:00,348.2099914550781,348.2099914550781,348.4599914550781,347.7300109863281,348.2200012207031,72405
2026-06-23 10:16:00-04:00,347.239990234375,347.239990234375,348.260009765625,347.2200012207031,348.19500732421875,81006
2026-06-23 10:18:00-04:00,347.2799987792969,347.2799987792969,347.6199035644531,347.1600036621094,347.25,51197
2026-06-23 10:20:00-04:00,346.6700134277344,346.6700134277344,347.4949951171875,346.4200134277344,347.25,112982
2026-06-23 10:22:00-04:00,347.0899963378906,347.0899963378906,347.44500732421875,346.6000061035156,346.6000061035156,76882
2026-06-23 10:24:00-04:00,347.4200134277344,347.4200134277344,347.44000244140625,346.8699951171875,347.0400085449219,71571
2026-06-23 10:26:00-04:00,346.8900146484375,346.8900146484375,347.6300048828125,346.8399963378906,347.4200134277344,70248
2026-06-23 10:28:00-04:00,347.62200927734375,347.62200927734375,347.69000244140625,346.8900146484375,346.94000244140625,115763
2026-06-23 10:30:00-04:00,347.5849914550781,347.5849914550781,348.125,347.44000244140625,347.5799865722656,142343
2026-06-23 10:32:00-04:00,347.54998779296875,347.54998779296875,347.94989013671875,347.385009765625,347.6499938964844,72931
2026-06-23 10:34:00-04:00,347.4049987792969,347.4049987792969,347.7550048828125,347.2200012207031,347.54998779296875,59469
2026-06-23 10:36:00-04:00,347.375,347.375,347.6600036621094,347.16400146484375,347.40509033203125,45548
2026-06-23 10:38:00-04:00,346.9100036621094,346.9100036621094,347.4100036621094,346.9100036621094,347.4100036621094,53787
2026-06-23 10:40:00-04:00,346.42999267578125,346.42999267578125,346.9700012207031,346.1400146484375,346.95001220703125,65360
2026-06-23 10:42:00-04:00,346.8450012207031,346.8450012207031,346.8699951171875,346.2900085449219,346.42999267578125,77624
2026-06-23 10:44:00-04:00,346.19000244140625,346.19000244140625,346.95001220703125,346.19000244140625,346.7900085449219,139514
2026-06-23 10:46:00-04:00,346.7200012207031,346.7200012207031,346.75,346.0318908691406,346.19000244140625,56202
2026-06-23 10:48:00-04:00,347.19000244140625,347.19000244140625,347.30999755859375,346.55010986328125,346.6400146484375,70294
2026-06-23 10:50:00-04:00,347.69000244140625,347.69000244140625,347.9150085449219,347.1600036621094,347.19940185546875,97436
2026-06-23 10:52:00-04:00,347.32000732421875,347.32000732421875,347.7200012207031,347.1300048828125,347.6499938964844,49483
2026-06-23 10:54:00-04:00,346.9700012207031,346.9700012207031,347.67999267578125,346.9700012207031,347.2900085449219,65076
2026-06-23 10:56:00-04:00,346.5799865722656,346.5799865722656,347.010009765625,346.5,346.9700012207031,56872
2026-06-23 10:58:00-04:00,345.9800109863281,345.9800109863281,346.6499938964844,345.57000732421875,346.55999755859375,123123
2026-06-23 11:00:00-04:00,346.1650085449219,346.1650085449219,346.3699035644531,345.6600036621094,346.0,78542
2026-06-23 11:02:00-04:00,346.25,346.25,346.3800048828125,345.8599853515625,346.19000244140625,179247
2026-06-23 11:04:00-04:00,345.8450012207031,345.8450012207031,346.2449951171875,345.79998779296875,346.2449951171875,56376
2026-06-23 11:06:00-04:00,346.17999267578125,346.17999267578125,346.260009765625,345.79998779296875,345.8399963378906,64027
2026-06-23 11:08:00-04:00,346.4580078125,346.4580078125,346.4800109863281,346.0,346.25,51962
2026-06-23 11:10:00-04:00,346.114990234375,346.114990234375,346.50750732421875,346.0700988769531,346.43499755859375,75343
2026-06-23 11:12:00-04:00,346.1929931640625,346.1929931640625,346.3500061035156,345.8299865722656,346.1300048828125,45908
2026-06-23 11:14:00-04:00,346.04998779296875,346.04998779296875,346.5199890136719,346.0199890136719,346.2200012207031,45282
2026-06-23 11:16:00-04:00,345.7799987792969,345.7799987792969,346.1099853515625,345.69000244140625,346.04998779296875,45018
2026-06-23 11:18:00-04:00,345.95001220703125,345.95001220703125,346.0,345.69000244140625,345.80999755859375,41103
2026-06-23 11:20:00-04:00,345.3399963378906,345.3399963378906,346.05999755859375,345.25,345.9700012207031,43686
2026-06-23 11:22:00-04:00,345.3800048828125,345.3800048828125,345.5299987792969,345.1000061035156,345.3009948730469,45115
2026-06-23 11:24:00-04:00,345.17999267578125,345.17999267578125,345.6899108886719,344.8900146484375,345.3800048828125,103622
2026-06-23 11:26:00-04:00,345.0150146484375,345.0150146484375,345.54998779296875,344.9599914550781,345.19000244140625,66863
2026-06-23 11:28:00-04:00,344.92999267578125,344.92999267578125,345.1099853515625,344.7449951171875,345.07501220703125,80021
2026-06-23 11:30:00-04:00,344.82000732421875,344.82000732421875,345.2900085449219,344.7799987792969,344.9200134277344,39086
2026-06-23 11:32:00-04:00,344.9100036621094,344.9100036621094,344.9800109863281,344.6000061035156,344.82000732421875,77546
2026-06-23 11:34:00-04:00,345.1650085449219,345.1650085449219,345.3900146484375,344.9100036621094,344.96160888671875,41295
2026-06-23 11:36:00-04:00,344.80499267578125,344.80499267578125,345.20001220703125,344.614990234375,345.1650085449219,64105
2026-06-23 11:38:00-04:00,344.7764892578125,344.7764892578125,345.07501220703125,344.6639099121094,344.8500061035156,47974
2026-06-23 11:40:00-04:00,344.8550109863281,344.8550109863281,344.9800109863281,344.6199951171875,344.7699890136719,38449
2026-06-23 11:42:00-04:00,345.3999938964844,345.3999938964844,345.3999938964844,344.7349853515625,344.8900146484375,47169
2026-06-23 11:44:00-04:00,345.70001220703125,345.70001220703125,345.75,345.239990234375,345.4200134277344,77633
2026-06-23 11:46:00-04:00,345.6650085449219,345.6650085449219,345.9100036621094,345.54998779296875,345.6499938964844,46504
2026-06-23 11:48:00-04:00,345.3699951171875,345.3699951171875,345.9150085449219,345.3699951171875,345.67498779296875,49561
2026-06-23 11:50:00-04:00,345.739990234375,345.739990234375,345.89990234375,345.20001220703125,345.385009765625,49820
2026-06-23 11:52:00-04:00,345.989990234375,345.989990234375,346.07000732421875,345.6300048828125,345.79998779296875,56018
2026-06-23 11:54:00-04:00,345.7300109863281,345.7300109863281,346.3500061035156,345.70220947265625,346.0,166884
2026-06-23 11:56:00-04:00,345.4200134277344,345.4200134277344,345.8599853515625,345.3299865722656,345.7699890136719,41025
2026-06-23 11:58:00-04:00,345.7099914550781,345.7099914550781,345.739990234375,345.29998779296875,345.3999938964844,54127
2026-06-23 12:00:00-04:00,346.0400085449219,346.0400085449219,346.3500061035156,345.6778869628906,345.70001220703125,70628
2026-06-23 12:02:00-04:00,345.2900085449219,345.2900085449219,346.1400146484375,345.17999267578125,346.0400085449219,51911
2026-06-23 12:04:00-04:00,345.81500244140625,345.81500244140625,345.8949890136719,345.2099914550781,345.260009765625,42122
2026-06-23 12:06:00-04:00,345.2149963378906,345.2149963378906,345.80999755859375,345.2149963378906,345.7799987792969,30498
2026-06-23 12:08:00-04:00,345.2650146484375,345.2650146484375,345.29998779296875,344.80999755859375,345.2300109863281,53648
2026-06-23 12:10:00-04:00,345.1700134277344,345.1700134277344,345.5400085449219,345.1700134277344,345.2900085449219,31331
2026-06-23 12:12:00-04:00,344.8900146484375,344.8900146484375,345.239990234375,344.8800048828125,345.1636047363281,35515
2026-06-23 12:14:00-04:00,345.3999938964844,345.3999938964844,345.4800109863281,344.7749938964844,344.81451416015625,42518
2026-06-23 12:16:00-04:00,345.260009765625,345.260009765625,345.4800109863281,345.0299987792969,345.45001220703125,32065
2026-06-23 12:18:00-04:00,345.30499267578125,345.30499267578125,345.3799133300781,345.0799865722656,345.260009765625,76835
2026-06-23 12:20:00-04:00,345.6300048828125,345.6300048828125,345.6600036621094,345.0799865722656,345.2699890136719,41055
2026-06-23 12:22:00-04:00,346.25,346.25,346.25,345.57000732421875,345.6108093261719,47022
2026-06-23 12:24:00-04:00,346.739990234375,346.739990234375,346.8599853515625,346.1600036621094,346.2900085449219,77142
2026-06-23 12:26:00-04:00,346.94500732421875,346.94500732421875,346.9700012207031,346.45001220703125,346.7200012207031,61584
2026-06-23 12:28:00-04:00,346.92999267578125,346.92999267578125,347.20001220703125,346.7699890136719,346.95001220703125,98862
2026-06-23 12:30:00-04:00,346.864990234375,346.864990234375,346.92999267578125,346.66009521484375,346.92999267578125,36434
2026-06-23 12:32:00-04:00,346.5899963378906,346.5899963378906,347.07000732421875,346.5199890136719,346.8529968261719,159088
2026-06-23 12:34:00-04:00,346.6600036621094,346.6600036621094,346.9100036621094,346.54998779296875,346.6199951171875,98113
2026-06-23 12:36:00-04:00,346.739990234375,346.739990234375,346.8599853515625,346.67999267578125,346.69000244140625,29787
2026-06-23 12:38:00-04:00,346.8500061035156,346.8500061035156,346.8999938964844,346.625,346.7200927734375,34763
2026-06-23 12:40:00-04:00,347.260009765625,347.260009765625,347.29998779296875,346.875,346.8800048828125,39383
2026-06-23 12:42:00-04:00,346.80499267578125,346.80499267578125,347.260009765625,346.7900085449219,347.239990234375,26466
2026-06-23 12:44:00-04:00,346.9200134277344,346.9200134277344,346.9700012207031,346.75,346.82000732421875,54508
2026-06-23 12:46:00-04:00,346.6700134277344,346.6700134277344,347.0450134277344,346.6300048828125,346.95001220703125,30992
2026-06-23 12:48:00-04:00,346.92498779296875,346.92498779296875,346.94000244140625,346.6000061035156,346.68499755859375,29690
2026-06-23 12:50:00-04:00,346.6300048828125,346.6300048828125,346.92498779296875,346.6300048828125,346.92498779296875,27568
2026-06-23 12:52:00-04:00,347.1300048828125,347.1300048828125,347.1300048828125,346.55499267578125,346.6199951171875,42748
2026-06-23 12:54:00-04:00,347.45001220703125,347.45001220703125,347.4599914550781,347.0799865722656,347.1199951171875,45729
2026-06-23 12:56:00-04:00,347.2850036621094,347.2850036621094,347.6499938964844,347.1700134277344,347.45001220703125,32490
2026-06-23 12:58:00-04:00,347.375,347.375,347.6000061035156,347.08099365234375,347.32000732421875,34757
2026-06-23 13:00:00-04:00,347.1416015625,347.1416015625,347.5299987792969,347.1416015625,347.37750244140625,50111
2026-06-23 13:02:00-04:00,346.9700927734375,346.9700927734375,347.2300109863281,346.8900146484375,347.17498779296875,31705
2026-06-23 13:04:00-04:00,346.8399963378906,346.8399963378906,347.114990234375,346.75,346.989990234375,32652
2026-06-23 13:06:00-04:00,346.739990234375,346.739990234375,346.8699951171875,346.6400146484375,346.82000732421875,33784
2026-06-23 13:08:00-04:00,347.17498779296875,347.17498779296875,347.19989013671875,346.6600036621094,346.760009765625,32494
2026-06-23 13:10:00-04:00,347.3999938964844,347.3999938964844,347.5400085449219,347.17999267578125,347.20001220703125,32578
2026-06-23 13:12:00-04:00,347.2200012207031,347.2200012207031,347.42999267578125,347.17999267578125,347.4200134277344,33683
2026-06-23 13:14:00-04:00,347.2250061035156,347.2250061035156,347.2398986816406,347.0400085449219,347.235595703125,31915
2026-06-23 13:16:00-04:00,346.5799865722656,346.5799865722656,347.239990234375,346.54998779296875,347.2250061035156,34375
2026-06-23 13:18:00-04:00,346.3699951171875,346.3699951171875,346.6700134277344,346.3100891113281,346.57000732421875,58077
2026-06-23 13:20:00-04:00,346.9700012207031,346.9700012207031,347.04998779296875,346.3500061035156,346.3699951171875,49583
2026-06-23 13:22:00-04:00,347.0400085449219,347.0400085449219,347.1300048828125,346.7699890136719,346.9549865722656,29224
2026-06-23 13:24:00-04:00,347.1000061035156,347.1000061035156,347.1719970703125,347.0199890136719,347.0201110839844,23755
2026-06-23 13:26:00-04:00,347.2550048828125,347.2550048828125,347.2799987792969,347.0382080078125,347.0650939941406,26818
2026-06-23 13:28:00-04:00,347.2300109863281,347.2300109863281,347.44000244140625,347.1650085449219,347.2650146484375,25030
2026-06-23 13:30:00-04:00,347.125,347.125,347.2799072265625,347.010009765625,347.2099914550781,31193
2026-06-23 13:32:00-04:00,347.2607116699219,347.2607116699219,347.3299865722656,347.0400085449219,347.135009765625,26043
2026-06-23 13:34:00-04:00,347.32000732421875,347.32000732421875,347.32000732421875,347.0299987792969,347.2799987792969,31979
2026-06-23 13:36:00-04:00,347.1300048828125,347.1300048828125,347.3299865722656,346.8800048828125,347.3203125,38200
2026-06-23 13:38:00-04:00,346.92999267578125,346.92999267578125,347.17999267578125,346.92999267578125,347.1400146484375,42429
2026-06-23 13:40:00-04:00,346.9100036621094,346.9100036621094,347.2300109863281,346.8800048828125,347.0098876953125,32856
2026-06-23 13:42:00-04:00,346.7799072265625,346.7799072265625,346.8999938964844,346.70001220703125,346.8699951171875,27086
2026-06-23 13:44:00-04:00,347.0,347.0,347.1400146484375,346.6499938964844,346.7250061035156,46571
2026-06-23 13:46:00-04:00,346.95001220703125,346.95001220703125,347.0799865722656,346.7900085449219,347.04998779296875,35402
2026-06-23 13:48:00-04:00,347.1400146484375,347.1400146484375,347.19000244140625,346.8949890136719,346.9700012207031,32127
2026-06-23 13:50:00-04:00,346.82000732421875,346.82000732421875,347.2200012207031,346.67999267578125,347.1499938964844,39192
2026-06-23 13:52:00-04:00,346.6300048828125,346.6300048828125,346.8800048828125,346.6099853515625,346.79998779296875,29548
2026-06-23 13:54:00-04:00,346.1199951171875,346.1199951171875,346.75,346.05999755859375,346.6600036621094,83591
2026-06-23 13:56:00-04:00,346.1000061035156,346.1000061035156,346.17999267578125,346.0010070800781,346.1499938964844,38090
2026-06-23 13:58:00-04:00,346.1549987792969,346.1549987792969,346.375,346.04998779296875,346.125,51279
2026-06-23 14:00:00-04:00,346.4700012207031,346.4700012207031,346.510009765625,346.0400085449219,346.1700134277344,48434
2026-06-23 14:02:00-04:00,346.1600036621094,346.1600036621094,346.5199890136719,346.05999755859375,346.489990234375,56112
2026-06-23 14:04:00-04:00,346.0,346.0,346.3349914550781,345.9800109863281,346.1400146484375,50610
2026-06-23 14:06:00-04:00,345.885009765625,345.885009765625,346.135009765625,345.8500061035156,346.0199890136719,50222
2026-06-23 14:08:00-04:00,346.25,346.25,346.25,345.7101135253906,345.8800048828125,47335
2026-06-23 14:10:00-04:00,346.5,346.5,346.6400146484375,346.239990234375,346.3085021972656,110957
2026-06-23 14:12:00-04:00,345.9100036621094,345.9100036621094,346.5299987792969,345.8699951171875,346.4800109863281,39134
2026-06-23 14:14:00-04:00,346.1099853515625,346.1099853515625,346.1300048828125,345.8699951171875,345.9200134277344,32805
2026-06-23 14:16:00-04:00,345.7900085449219,345.7900085449219,346.2200012207031,345.7799987792969,346.1300048828125,53878
2026-06-23 14:18:00-04:00,345.8450012207031,345.8450012207031,345.9200134277344,345.57000732421875,345.79998779296875,41719
2026-06-23 14:20:00-04:00,345.5199890136719,345.5199890136719,345.82000732421875,345.4200134277344,345.82000732421875,42219
2026-06-23 14:22:00-04:00,345.7300109863281,345.7300109863281,345.7799987792969,345.489990234375,345.5249938964844,58415
2026-06-23 14:24:00-04:00,345.5799865722656,345.5799865722656,345.75,345.5799865722656,345.7001037597656,19937
2026-06-23 14:26:00-04:00,345.45001220703125,345.45001220703125,345.6000061035156,345.4200134277344,345.5400085449219,42536
2026-06-23 14:28:00-04:00,345.4200134277344,345.4200134277344,345.55999755859375,345.3900146484375,345.4549865722656,46268
2026-06-23 14:30:00-04:00,345.6000061035156,345.6000061035156,345.7449951171875,345.3599853515625,345.43499755859375,30543
2026-06-23 14:32:00-04:00,345.5299987792969,345.5299987792969,345.6700134277344,345.3945007324219,345.6050109863281,54845
2026-06-23 14:34:00-04:00,345.75,345.75,345.8399963378906,345.510009765625,345.5400085449219,38536
2026-06-23 14:36:00-04:00,345.760009765625,345.760009765625,345.9200134277344,345.69500732421875,345.7598876953125,37398
2026-06-23 14:38:00-04:00,345.8699951171875,345.8699951171875,345.8999938964844,345.7200012207031,345.739990234375,40828
2026-06-23 14:40:00-04:00,345.9700012207031,345.9700012207031,346.0,345.69000244140625,345.8699951171875,49404
2026-06-23 14:42:00-04:00,345.75,345.75,346.0199890136719,345.70001220703125,345.9949951171875,53109
2026-06-23 14:44:00-04:00,345.8450012207031,345.8450012207031,346.1000061035156,345.75,345.75,56594
2026-06-23 14:46:00-04:00,345.875,345.875,346.07000732421875,345.60009765625,345.8399963378906,58149
2026-06-23 14:48:00-04:00,345.8699951171875,345.8699951171875,345.9800109863281,345.6499938964844,345.8900146484375,58465
2026-06-23 14:50:00-04:00,345.8699951171875,345.8699951171875,346.1499938964844,345.7900085449219,345.9200134277344,53251
2026-06-23 14:52:00-04:00,345.6505126953125,345.6505126953125,345.9599914550781,345.55499267578125,345.8900146484375,49554
2026-06-23 14:54:00-04:00,345.75750732421875,345.75750732421875,345.8900146484375,345.55999755859375,345.6650085449219,36792
2026-06-23 14:56:00-04:00,345.7250061035156,345.7250061035156,345.80999755859375,345.4800109863281,345.7650146484375,51202
2026-06-23 14:58:00-04:00,346.17999267578125,346.17999267578125,346.3699951171875,345.739990234375,345.7449951171875,53231
2026-06-23 15:00:00-04:00,346.0,346.0,346.2300109863281,345.8200988769531,346.2200012207031,43756
2026-06-23 15:02:00-04:00,345.95001220703125,345.95001220703125,346.1499938964844,345.92010498046875,346.0,27161
2026-06-23 15:04:00-04:00,346.4599914550781,346.4599914550781,346.5249938964844,345.9949951171875,345.9949951171875,76179
2026-06-23 15:06:00-04:00,346.30999755859375,346.30999755859375,346.5899963378906,346.2250061035156,346.4549865722656,76116
2026-06-23 15:08:00-04:00,346.32000732421875,346.32000732421875,346.3699951171875,346.1199951171875,346.3599853515625,61998
2026-06-23 15:10:00-04:00,346.42999267578125,346.42999267578125,346.5299987792969,346.1300048828125,346.3399963378906,84276
2026-06-23 15:12:00-04:00,346.4700012207031,346.4700012207031,346.5400085449219,346.18499755859375,346.45001220703125,47955
2026-06-23 15:14:00-04:00,346.3299865722656,346.3299865722656,346.5299987792969,346.239990234375,346.4200134277344,39210
2026-06-23 15:16:00-04:00,346.3599853515625,346.3599853515625,346.5,346.2349853515625,346.3800048828125,59698
2026-06-23 15:18:00-04:00,346.57000732421875,346.57000732421875,346.6199951171875,346.1199951171875,346.3800048828125,48660
2026-06-23 15:20:00-04:00,346.4800109863281,346.4800109863281,346.6700134277344,346.30999755859375,346.57000732421875,44470
2026-06-23 15:22:00-04:00,346.6199951171875,346.6199951171875,346.885009765625,346.4649963378906,346.510009765625,63784
2026-06-23 15:24:00-04:00,346.3599853515625,346.3599853515625,346.7099914550781,346.3299865722656,346.6700134277344,61184
2026-06-23 15:26:00-04:00,346.45001220703125,346.45001220703125,346.6700134277344,346.30999755859375,346.3999938964844,45017
2026-06-23 15:28:00-04:00,346.3800048828125,346.3800048828125,346.5679931640625,346.1700134277344,346.44000244140625,45990
2026-06-23 15:30:00-04:00,346.1449890136719,346.1449890136719,346.4700012207031,346.0799865722656,346.3699951171875,58575
2026-06-23 15:32:00-04:00,346.2650146484375,346.2650146484375,346.31500244140625,345.9700012207031,346.1300048828125,52807
2026-06-23 15:34:00-04:00,346.52801513671875,346.52801513671875,346.6499938964844,346.2099914550781,346.239990234375,68485
2026-06-23 15:36:00-04:00,346.6000061035156,346.6000061035156,346.7325134277344,346.2900085449219,346.5299987792969,170564
2026-06-23 15:38:00-04:00,346.489990234375,346.489990234375,346.69000244140625,346.44000244140625,346.61761474609375,44910
2026-06-23 15:40:00-04:00,346.67498779296875,346.67498779296875,346.71990966796875,346.3800048828125,346.4800109863281,64469
2026-06-23 15:42:00-04:00,346.6700134277344,346.6700134277344,346.760009765625,346.5199890136719,346.6300048828125,88920
2026-06-23 15:44:00-04:00,347.2550048828125,347.2550048828125,347.2799987792969,346.6499938964844,346.6745910644531,104422
2026-06-23 15:46:00-04:00,347.5299987792969,347.5299987792969,347.67999267578125,347.1449890136719,347.2300109863281,630514
2026-06-23 15:48:00-04:00,347.3500061035156,347.3500061035156,347.7200012207031,347.05499267578125,347.5,75055
2026-06-23 15:50:00-04:00,347.3800048828125,347.3800048828125,347.5199890136719,347.0199890136719,347.30999755859375,168645
2026-06-23 15:52:00-04:00,347.30499267578125,347.30499267578125,347.71990966796875,347.2200012207031,347.4100036621094,162046
2026-06-23 15:54:00-04:00,346.7699890136719,346.7699890136719,347.4800109863281,345.8399963378906,347.3399963378906,366878
2026-06-23 15:56:00-04:00,346.5350036621094,346.5350036621094,346.9700012207031,346.29998779296875,346.7900085449219,289153
2026-06-23 15:58:00-04:00,345.9100036621094,345.9100036621094,346.82000732421875,345.9100036621094,346.54998779296875,618271
2026-06-24 09:30:00-04:00,349.1000061035156,349.1000061035156,350.8699951171875,347.489990234375,348.7200012207031,813559
2026-06-24 09:32:00-04:00,350.92999267578125,350.92999267578125,351.2900085449219,348.4200134277344,349.07000732421875,172961
2026-06-24 09:34:00-04:00,349.6549987792969,349.6549987792969,351.3900146484375,349.55999755859375,351.0,149009
2026-06-24 09:36:00-04:00,351.67999267578125,351.67999267578125,351.84991455078125,349.5899963378906,349.6600036621094,129931
2026-06-24 09:38:00-04:00,350.4200134277344,350.4200134277344,351.8599853515625,350.3500061035156,351.7900085449219,121984
2026-06-24 09:40:00-04:00,350.6700134277344,350.6700134277344,351.1499938964844,350.0201110839844,350.4200134277344,144959
2026-06-24 09:42:00-04:00,349.2300109863281,349.2300109863281,350.760009765625,348.4800109863281,350.6499938964844,173809
2026-06-24 09:44:00-04:00,348.875,348.875,349.5299987792969,347.9216003417969,349.29998779296875,143331
2026-06-24 09:46:00-04:00,348.0849914550781,348.0849914550781,349.08160400390625,347.5299987792969,348.79998779296875,95808
2026-06-24 09:48:00-04:00,347.3699951171875,347.3699951171875,348.07000732421875,346.7699890136719,348.07000732421875,137786
2026-06-24 09:50:00-04:00,348.6099853515625,348.6099853515625,348.67999267578125,347.3299865722656,347.3299865722656,113265
2026-06-24 09:52:00-04:00,348.7300109863281,348.7300109863281,348.8500061035156,348.07000732421875,348.510009765625,84994
2026-06-24 09:54:00-04:00,347.94000244140625,347.94000244140625,348.70001220703125,347.7300109863281,348.6549987792969,57274
2026-06-24 09:56:00-04:00,349.20001220703125,349.20001220703125,349.239990234375,348.0274963378906,348.0274963378906,125672
2026-06-24 09:58:00-04:00,349.9750061035156,349.9750061035156,350.2799987792969,348.75,349.1499938964844,145086
2026-06-24 10:00:00-04:00,349.8999938964844,349.8999938964844,350.3500061035156,349.57000732421875,349.8999938964844,84065
2026-06-24 10:02:00-04:00,349.5799865722656,349.5799865722656,350.2499084472656,349.5799865722656,349.8299865722656,80135
2026-06-24 10:04:00-04:00,350.2200012207031,350.2200012207031,350.389892578125,349.25,349.6600036621094,68981
2026-06-24 10:06:00-04:00,350.04998779296875,350.04998779296875,350.7149963378906,349.80999755859375,350.1700134277344,141150
2026-06-24 10:08:00-04:00,350.2099914550781,350.2099914550781,350.5199890136719,349.8800048828125,349.94000244140625,73181
2026-06-24 10:10:00-04:00,349.4700012207031,349.4700012207031,350.2449951171875,348.9700012207031,350.2349853515625,124954
2026-06-24 10:12:00-04:00,349.7200012207031,349.7200012207031,349.8399963378906,349.1700134277344,349.489990234375,56257
2026-06-24 10:14:00-04:00,349.4100036621094,349.4100036621094,349.80999755859375,349.3399963378906,349.6700134277344,49144
2026-06-24 10:16:00-04:00,349.1099853515625,349.1099853515625,349.57000732421875,348.94000244140625,349.44000244140625,54914
2026-06-24 10:18:00-04:00,349.3995056152344,349.3995056152344,349.6499938964844,349.0799865722656,349.1000061035156,38986
2026-06-24 10:20:00-04:00,349.70001220703125,349.70001220703125,349.8500061035156,348.6099853515625,349.3201904296875,132909
2026-06-24 10:22:00-04:00,349.69500732421875,349.69500732421875,350.07000732421875,349.6000061035156,349.6400146484375,65861
2026-06-24 10:24:00-04:00,349.8399963378906,349.8399963378906,350.3099060058594,349.6000061035156,349.6400146484375,46324
2026-06-24 10:26:00-04:00,350.19000244140625,350.19000244140625,350.3999938964844,349.6650085449219,349.8550109863281,52606
2026-06-24 10:28:00-04:00,349.8500061035156,349.8500061035156,350.3070068359375,349.6199951171875,350.2349853515625,33592
2026-06-24 10:30:00-04:00,350.3417053222656,350.3417053222656,350.3800048828125,349.8299865722656,349.8299865722656,60870
2026-06-24 10:32:00-04:00,350.2200012207031,350.2200012207031,350.5799865722656,350.1600036621094,350.29998779296875,77716
2026-06-24 10:34:00-04:00,349.8399963378906,349.8399963378906,350.25,349.69000244140625,350.19000244140625,56741
2026-06-24 10:36:00-04:00,349.95001220703125,349.95001220703125,349.9649963378906,349.4100036621094,349.8399963378906,48281
2026-06-24 10:38:00-04:00,349.9200134277344,349.9200134277344,350.2900085449219,349.8500061035156,349.95440673828125,38137
2026-06-24 10:40:00-04:00,350.1600036621094,350.1600036621094,350.4200134277344,349.80999755859375,349.94500732421875,45773
2026-06-24 10:42:00-04:00,350.4794921875,350.4794921875,350.4794921875,349.989990234375,350.1650085449219,41089
2026-06-24 10:44:00-04:00,351.54998779296875,351.54998779296875,351.70001220703125,350.4100036621094,350.4100036621094,108336
2026-06-24 10:46:00-04:00,351.54998779296875,351.54998779296875,351.8699951171875,351.3800048828125,351.5090026855469,62883
2026-06-24 10:48:00-04:00,352.0350036621094,352.0350036621094,352.20001220703125,351.4700012207031,351.510009765625,102992
2026-06-24 10:50:00-04:00,352.30499267578125,352.30499267578125,352.339599609375,351.3900146484375,352.0350036621094,84782
2026-06-24 10:52:00-04:00,352.44500732421875,352.44500732421875,352.8299865722656,352.260009765625,352.29010009765625,76557
2026-06-24 10:54:00-04:00,352.0249938964844,352.0249938964844,352.4798889160156,351.7799987792969,352.4100036621094,51198
2026-06-24 10:56:00-04:00,352.256591796875,352.256591796875,352.260009765625,351.80999755859375,352.0,59342
2026-06-24 10:58:00-04:00,352.55999755859375,352.55999755859375,352.56988525390625,352.114990234375,352.20001220703125,66919
2026-06-24 11:00:00-04:00,351.8204040527344,351.8204040527344,352.5799865722656,351.8204040527344,352.5799865722656,49148
2026-06-24 11:02:00-04:00,351.6300048828125,351.6300048828125,351.82000732421875,351.2699890136719,351.82000732421875,53734
2026-06-24 11:04:00-04:00,351.3800048828125,351.3800048828125,351.6142883300781,351.05010986328125,351.6000061035156,45191
2026-06-24 11:06:00-04:00,351.4800109863281,351.4800109863281,351.67999267578125,351.30499267578125,351.3599853515625,43455
2026-06-24 11:08:00-04:00,351.1650085449219,351.1650085449219,351.7799987792969,351.0799865722656,351.4800109863281,47303
2026-06-24 11:10:00-04:00,350.8399963378906,350.8399963378906,351.2300109863281,350.7799987792969,351.1199951171875,42841
2026-06-24 11:12:00-04:00,350.3599853515625,350.3599853515625,350.8900146484375,350.2900085449219,350.7900085449219,47117
2026-06-24 11:14:00-04:00,350.17999267578125,350.17999267578125,350.5950012207031,349.9100036621094,350.3699951171875,99191
2026-06-24 11:16:00-04:00,350.32501220703125,350.32501220703125,350.3699951171875,349.989990234375,350.17999267578125,51893
2026-06-24 11:18:00-04:00,349.93011474609375,349.93011474609375,350.5199890136719,349.7099914550781,350.3487854003906,63448
2026-06-24 11:20:00-04:00,349.7200012207031,349.7200012207031,350.1899108886719,349.7200012207031,349.9849853515625,68114
2026-06-24 11:22:00-04:00,350.0199890136719,350.0199890136719,350.17999267578125,349.6300048828125,349.69000244140625,56976
2026-06-24 11:24:00-04:00,349.69500732421875,349.69500732421875,350.489990234375,349.6499938964844,350.010009765625,59202
2026-06-24 11:26:00-04:00,349.9700012207031,349.9700012207031,350.010009765625,349.6000061035156,349.6300964355469,35324
2026-06-24 11:28:00-04:00,350.1199951171875,350.1199951171875,350.25,349.9200134277344,349.9750061035156,42480
2026-06-24 11:30:00-04:00,349.45001220703125,349.45001220703125,350.3999938964844,349.45001220703125,350.1300048828125,44132
2026-06-24 11:32:00-04:00,348.989990234375,348.989990234375,349.6600036621094,348.80999755859375,349.4849853515625,46067
2026-06-24 11:34:00-04:00,349.9501037597656,349.9501037597656,349.989990234375,348.9700012207031,348.9949951171875,41976
2026-06-24 11:36:00-04:00,350.1099853515625,350.1099853515625,350.1600036621094,349.6499938964844,349.93011474609375,40887
2026-06-24 11:38:00-04:00,349.989990234375,349.989990234375,350.1199951171875,349.8699951171875,350.1199951171875,82848
2026-06-24 11:40:00-04:00,349.79998779296875,349.79998779296875,350.1499938964844,349.6216125488281,349.9815979003906,105067
2026-06-24 11:42:00-04:00,349.6400146484375,349.6400146484375,349.8699035644531,349.5400085449219,349.79998779296875,26888
2026-06-24 11:44:00-04:00,349.6098937988281,349.6098937988281,349.79998779296875,349.4700012207031,349.6099853515625,27136
2026-06-24 11:46:00-04:00,349.6300048828125,349.6300048828125,349.7698974609375,349.45001220703125,349.5199890136719,21976
2026-06-24 11:48:00-04:00,349.8599853515625,349.8599853515625,349.92999267578125,349.2799987792969,349.69000244140625,30726
2026-06-24 11:50:00-04:00,350.25,350.25,350.2799987792969,349.9100036621094,349.9100036621094,28871
2026-06-24 11:52:00-04:00,349.8500061035156,349.8500061035156,350.2698974609375,349.8500061035156,350.2698974609375,27730
2026-06-24 11:54:00-04:00,349.9100036621094,349.9100036621094,350.1000061035156,349.55999755859375,349.8500061035156,36802
2026-06-24 11:56:00-04:00,349.5,349.5,349.9649963378906,349.5,349.9100036621094,21337
2026-06-24 11:58:00-04:00,349.30999755859375,349.30999755859375,349.54998779296875,349.2099914550781,349.489990234375,41909
2026-06-24 12:00:00-04:00,349.2850036621094,349.2850036621094,349.5,349.10009765625,349.260009765625,44424
2026-06-24 12:02:00-04:00,349.5450134277344,349.5450134277344,349.7099914550781,349.239990234375,349.260009765625,29855
2026-06-24 12:04:00-04:00,349.55999755859375,349.55999755859375,349.6400146484375,349.44000244140625,349.54998779296875,24767
2026-06-24 12:06:00-04:00,349.6099853515625,349.6099853515625,349.760009765625,349.3800048828125,349.55999755859375,22755
2026-06-24 12:08:00-04:00,349.79010009765625,349.79010009765625,349.82000732421875,349.510009765625,349.6700134277344,20428
2026-06-24 12:10:00-04:00,349.9599914550781,349.9599914550781,350.1499938964844,349.6300048828125,349.82000732421875,36952
2026-06-24 12:12:00-04:00,349.9100036621094,349.9100036621094,350.0398864746094,349.78009033203125,349.93499755859375,53574
2026-06-24 12:14:00-04:00,349.6600036621094,349.6600036621094,350.0799865722656,349.6600036621094,349.8752136230469,46057
2026-06-24 12:16:00-04:00,349.8099060058594,349.8099060058594,349.8399963378906,349.4100036621094,349.6499938964844,28154
2026-06-24 12:18:00-04:00,349.8500061035156,349.8500061035156,349.9599914550781,349.7699890136719,349.79998779296875,22246
2026-06-24 12:20:00-04:00,349.45001220703125,349.45001220703125,349.8599853515625,349.3450012207031,349.7900085449219,30160
2026-06-24 12:22:00-04:00,349.3599853515625,349.3599853515625,349.7799987792969,349.3599853515625,349.4949951171875,24531
2026-06-24 12:24:00-04:00,348.9599914550781,348.9599914550781,349.489990234375,348.95001220703125,349.4397888183594,30220
2026-06-24 12:26:00-04:00,349.0400085449219,349.0400085449219,349.0400085449219,348.7099914550781,349.0,394311
2026-06-24 12:28:00-04:00,349.010009765625,349.010009765625,349.1499938964844,348.8407897949219,349.0,52808
2026-06-24 12:30:00-04:00,348.75,348.75,349.0799865722656,348.69000244140625,349.010009765625,40448
2026-06-24 12:32:00-04:00,348.6300048828125,348.6300048828125,348.80999755859375,348.6000061035156,348.70001220703125,29086
2026-06-24 12:34:00-04:00,348.68011474609375,348.68011474609375,348.82550048828125,348.6400146484375,348.67498779296875,23665
2026-06-24 12:36:00-04:00,348.04998779296875,348.04998779296875,348.7699890136719,348.0,348.6700134277344,39080
2026-06-24 12:38:00-04:00,348.04998779296875,348.04998779296875,348.20001220703125,347.94000244140625,348.0299987792969,43875
2026-06-24 12:40:00-04:00,347.95001220703125,347.95001220703125,348.05999755859375,347.54998779296875,348.0400085449219,59454
2026-06-24 12:42:00-04:00,347.75,347.75,347.92999267578125,347.45001220703125,347.92999267578125,144309
2026-06-24 12:44:00-04:00,347.8771057128906,347.8771057128906,348.0198974609375,347.7300109863281,347.75,36603
2026-06-24 12:46:00-04:00,348.2850036621094,348.2850036621094,348.32000732421875,347.83099365234375,347.909912109375,47353
2026-06-24 12:48:00-04:00,348.239990234375,348.239990234375,348.5,348.1600036621094,348.2950134277344,24826
2026-06-24 12:50:00-04:00,348.43499755859375,348.43499755859375,348.6400146484375,348.2200012207031,348.260009765625,31280
2026-06-24 12:52:00-04:00,348.3700866699219,348.3700866699219,348.5299987792969,348.3299865722656,348.465087890625,14802
2026-06-24 12:54:00-04:00,348.1650085449219,348.1650085449219,348.5400085449219,348.0199890136719,348.3900146484375,26686
2026-06-24 12:56:00-04:00,348.3699951171875,348.3699951171875,348.3699951171875,348.1650085449219,348.1650085449219,21280
2026-06-24 12:58:00-04:00,348.56500244140625,348.56500244140625,348.625,348.3949890136719,348.3949890136719,25749
2026-06-24 13:00:00-04:00,348.5899963378906,348.5899963378906,348.7799987792969,348.45001220703125,348.5400085449219,38967
2026-06-24 13:02:00-04:00,348.8800048828125,348.8800048828125,348.8800048828125,348.55999755859375,348.6199951171875,37035
2026-06-24 13:04:00-04:00,348.69000244140625,348.69000244140625,348.9599914550781,348.69000244140625,348.8800048828125,21753
2026-06-24 13:06:00-04:00,348.2149963378906,348.2149963378906,348.69000244140625,348.0,348.67999267578125,41997
2026-06-24 13:08:00-04:00,348.16009521484375,348.16009521484375,348.3399963378906,348.0,348.20001220703125,52272
2026-06-24 13:10:00-04:00,348.4599914550781,348.4599914550781,348.59820556640625,348.1099853515625,348.20001220703125,25009
2026-06-24 13:12:00-04:00,348.5350036621094,348.5350036621094,348.79998779296875,348.45001220703125,348.45001220703125,149026
2026-06-24 13:14:00-04:00,348.8900146484375,348.8900146484375,349.010009765625,348.4200134277344,348.53509521484375,28219
2026-06-24 13:16:00-04:00,348.6199951171875,348.6199951171875,349.0,348.4700012207031,348.8900146484375,34330
2026-06-24 13:18:00-04:00,348.42999267578125,348.42999267578125,348.67999267578125,348.35089111328125,348.6449890136719,42396
2026-06-24 13:20:00-04:00,348.44000244140625,348.44000244140625,348.5950012207031,348.1199951171875,348.4549865722656,38957
2026-06-24 13:22:00-04:00,348.6099853515625,348.6099853515625,348.81988525390625,348.4200134277344,348.4649963378906,50914
2026-06-24 13:24:00-04:00,348.3800048828125,348.3800048828125,348.7200012207031,348.0101013183594,348.6050109863281,531494
2026-06-24 13:26:00-04:00,348.17999267578125,348.17999267578125,348.6099853515625,348.05999755859375,348.42498779296875,30507
2026-06-24 13:28:00-04:00,348.07000732421875,348.07000732421875,348.2550048828125,347.9200134277344,348.2349853515625,47098
2026-06-24 13:30:00-04:00,348.0,348.0,348.42498779296875,347.98980712890625,348.0299987792969,37455
2026-06-24 13:32:00-04:00,347.9750061035156,347.9750061035156,348.16229248046875,347.6400146484375,347.9800109863281,50311
2026-06-24 13:34:00-04:00,348.1099853515625,348.1099853515625,348.4800109863281,347.9599914550781,348.0299987792969,32703
2026-06-24 13:36:00-04:00,347.82000732421875,347.82000732421875,348.1300048828125,347.6600036621094,348.1000061035156,26432
2026-06-24 13:38:00-04:00,347.9100036621094,347.9100036621094,348.20001220703125,347.78131103515625,347.79998779296875,31475
2026-06-24 13:40:00-04:00,347.9700012207031,347.9700012207031,348.0400085449219,347.5849914550781,347.92498779296875,55301
2026-06-24 13:42:00-04:00,347.8800048828125,347.8800048828125,348.0299987792969,347.7300109863281,347.8999938964844,39354
2026-06-24 13:44:00-04:00,347.739990234375,347.739990234375,348.0249938964844,347.7200012207031,347.875,39453
2026-06-24 13:46:00-04:00,348.2799987792969,348.2799987792969,348.32000732421875,347.6400146484375,347.7669982910156,37262
2026-06-24 13:48:00-04:00,348.14801025390625,348.14801025390625,348.3550109863281,348.0799865722656,348.2799987792969,45123
2026-06-24 13:50:00-04:00,347.9800109863281,347.9800109863281,348.1499938964844,347.8500061035156,348.1000061035156,48565
2026-06-24 13:52:00-04:00,348.6300048828125,348.6300048828125,348.6300048828125,347.8699951171875,347.9800109863281,283535
2026-06-24 13:54:00-04:00,348.6199951171875,348.6199951171875,348.80999755859375,348.3800048828125,348.6300048828125,44032
2026-06-24 13:56:00-04:00,348.3349914550781,348.3349914550781,348.69000244140625,348.32000732421875,348.6000061035156,451321
2026-06-24 13:58:00-04:00,348.6400146484375,348.6400146484375,348.6400146484375,348.260009765625,348.30999755859375,48599
2026-06-24 14:00:00-04:00,348.75,348.75,348.92498779296875,348.45001220703125,348.6099853515625,311507
2026-06-24 14:02:00-04:00,348.7200012207031,348.7200012207031,348.95001220703125,348.5799865722656,348.7699890136719,1156789
2026-06-24 14:04:00-04:00,348.7200012207031,348.7200012207031,348.989990234375,348.5849914550781,348.70001220703125,83863
2026-06-24 14:06:00-04:00,348.2699890136719,348.2699890136719,348.94000244140625,348.2300109863281,348.7200012207031,42944
2026-06-24 14:08:00-04:00,348.2900085449219,348.2900085449219,348.44000244140625,348.19000244140625,348.2799987792969,37136
2026-06-24 14:10:00-04:00,347.9198913574219,347.9198913574219,348.3275146484375,347.739990234375,348.20001220703125,43965
2026-06-24 14:12:00-04:00,348.114990234375,348.114990234375,348.1271057128906,347.7701110839844,347.8399963378906,47881
2026-06-24 14:14:00-04:00,348.05999755859375,348.05999755859375,348.18499755859375,347.8299865722656,348.0799865722656,60095
2026-06-24 14:16:00-04:00,345.8900146484375,345.8900146484375,348.17999267578125,345.8599853515625,347.99139404296875,271466
2026-06-24 14:18:00-04:00,346.04998779296875,346.04998779296875,346.489990234375,343.6400146484375,345.79998779296875,325124
2026-06-24 14:20:00-04:00,345.80999755859375,345.80999755859375,346.3800048828125,345.3800048828125,346.114990234375,108689
2026-06-24 14:22:00-04:00,346.19000244140625,346.19000244140625,346.6600036621094,345.80999755859375,345.8688049316406,103755
2026-06-24 14:24:00-04:00,345.3900146484375,345.3900146484375,346.18499755859375,345.32501220703125,346.18499755859375,114467
2026-06-24 14:26:00-04:00,344.7200012207031,344.7200012207031,345.6400146484375,344.2699890136719,345.4700012207031,160059
2026-06-24 14:28:00-04:00,344.4649963378906,344.4649963378906,345.2298889160156,344.0400085449219,344.7099914550781,172551
2026-06-24 14:30:00-04:00,343.92999267578125,343.92999267578125,344.6099853515625,343.0899963378906,344.45001220703125,176671
2026-06-24 14:32:00-04:00,343.45001220703125,343.45001220703125,343.9599914550781,342.8399963378906,343.9100036621094,151864
2026-06-24 14:34:00-04:00,343.32000732421875,343.32000732421875,344.0849914550781,343.1499938964844,343.510009765625,150760
2026-06-24 14:36:00-04:00,344.5851135253906,344.5851135253906,344.5939025878906,343.32000732421875,343.3500061035156,88172
2026-06-24 14:38:00-04:00,343.989990234375,343.989990234375,345.20001220703125,343.3900146484375,344.5199890136719,202039
2026-06-24 14:40:00-04:00,343.8550109863281,343.8550109863281,344.3900146484375,343.4100036621094,344.0299987792969,108156
2026-06-24 14:42:00-04:00,342.6300048828125,342.6300048828125,343.9200134277344,342.4599914550781,343.8550109863281,232289
2026-06-24 14:44:00-04:00,343.4599914550781,343.4599914550781,343.80999755859375,342.4100036621094,342.6300048828125,172220
2026-06-24 14:46:00-04:00,342.2149963378906,342.2149963378906,343.510009765625,342.1600036621094,343.43499755859375,118005
2026-06-24 14:48:00-04:00,342.19000244140625,342.19000244140625,342.6799011230469,341.9750061035156,342.2149963378906,120052
2026-06-24 14:50:00-04:00,342.0400085449219,342.0400085449219,342.3399963378906,341.8349914550781,342.19000244140625,90337
2026-06-24 14:52:00-04:00,342.1099853515625,342.1099853515625,342.67999267578125,342.0,342.0199890136719,66476
2026-06-24 14:54:00-04:00,342.8999938964844,342.8999938964844,342.9700012207031,342.1300048828125,342.1300048828125,73169
2026-06-24 14:56:00-04:00,342.364990234375,342.364990234375,343.0249938964844,342.3550109863281,342.9049987792969,70246
2026-06-24 14:58:00-04:00,342.5899963378906,342.5899963378906,342.6700134277344,342.29998779296875,342.3800048828125,55187
2026-06-24 15:00:00-04:00,341.6400146484375,341.6400146484375,342.69000244140625,341.510009765625,342.625,104234
2026-06-24 15:02:00-04:00,342.1600036621094,342.1600036621094,342.3399963378906,341.5299987792969,341.6600036621094,78665
2026-06-24 15:04:00-04:00,342.7749938964844,342.7749938964844,342.8699951171875,341.94000244140625,342.19500732421875,85326
2026-06-24 15:06:00-04:00,342.5799865722656,342.5799865722656,343.09991455078125,342.5050048828125,342.80499267578125,80405
2026-06-24 15:08:00-04:00,342.989990234375,342.989990234375,343.1099853515625,342.5799865722656,342.5799865722656,98029
2026-06-24 15:10:00-04:00,342.94000244140625,342.94000244140625,343.1499938964844,342.6401062011719,342.8699951171875,80901
2026-06-24 15:12:00-04:00,342.8349914550781,342.8349914550781,343.1199951171875,342.55999755859375,342.92999267578125,114596
2026-06-24 15:14:00-04:00,343.4800109863281,343.4800109863281,343.7799987792969,342.8999938964844,342.8999938964844,216198
2026-06-24 15:16:00-04:00,343.3900146484375,343.3900146484375,343.5950012207031,343.2200012207031,343.489990234375,81730
2026-06-24 15:18:00-04:00,343.7550048828125,343.7550048828125,343.88861083984375,343.4200134277344,343.4200134277344,62285
2026-06-24 15:20:00-04:00,344.0400085449219,344.0400085449219,344.2699890136719,343.55999755859375,343.80999755859375,59719
2026-06-24 15:22:00-04:00,344.172607421875,344.172607421875,344.44500732421875,344.031005859375,344.05499267578125,62168
2026-06-24 15:24:00-04:00,344.2250061035156,344.2250061035156,344.5899963378906,344.0,344.1400146484375,72834
2026-06-24 15:26:00-04:00,344.04998779296875,344.04998779296875,344.3500061035156,343.94000244140625,344.17999267578125,66905
2026-06-24 15:28:00-04:00,344.0199890136719,344.0199890136719,344.1099853515625,343.7699890136719,344.0299987792969,75061
2026-06-24 15:30:00-04:00,343.6000061035156,343.6000061035156,344.0899963378906,343.2300109863281,344.010009765625,72891
2026-06-24 15:32:00-04:00,343.3399963378906,343.3399963378906,343.6600036621094,343.1700134277344,343.6600036621094,40743
2026-06-24 15:34:00-04:00,343.4100036621094,343.4100036621094,343.68359375,343.17999267578125,343.2449951171875,44299
2026-06-24 15:36:00-04:00,343.92999267578125,343.92999267578125,344.1099853515625,343.3399963378906,343.3399963378906,84341
2026-06-24 15:38:00-04:00,344.0450134277344,344.0450134277344,344.1182861328125,343.6499938964844,343.9159851074219,64681
2026-06-24 15:40:00-04:00,344.1700134277344,344.1700134277344,344.5,343.8500061035156,344.0,80994
2026-06-24 15:42:00-04:00,344.010009765625,344.010009765625,344.44000244140625,343.80999755859375,344.1099853515625,78232
2026-06-24 15:44:00-04:00,344.1400146484375,344.1400146484375,344.3500061035156,343.6990051269531,343.9599914550781,156230
2026-06-24 15:46:00-04:00,344.05999755859375,344.05999755859375,344.1632995605469,343.7200012207031,344.07000732421875,114231
2026-06-24 15:48:00-04:00,344.04998779296875,344.04998779296875,344.1000061035156,343.79998779296875,344.0400085449219,91167
2026-06-24 15:50:00-04:00,344.8699951171875,344.8699951171875,344.8999938964844,343.7925109863281,344.0,177575
2026-06-24 15:52:00-04:00,344.9700012207031,344.9700012207031,345.2099914550781,344.79998779296875,344.8399963378906,118273
2026-06-24 15:54:00-04:00,344.30999755859375,344.30999755859375,345.0799865722656,343.19000244140625,344.95001220703125,400221
2026-06-24 15:56:00-04:00,344.6099853515625,344.6099853515625,344.7099914550781,344.1199951171875,344.3299865722656,298099
2026-06-24 15:58:00-04:00,345.0350036621094,345.0350036621094,345.1400146484375,344.57000732421875,344.6099853515625,632458
2026-06-25 09:30:00-04:00,340.385009765625,340.385009765625,340.5,336.1619873046875,336.67498779296875,1310906
2026-06-25 09:32:00-04:00,336.7950134277344,336.7950134277344,340.6050109863281,336.0,340.489990234375,236252
2026-06-25 09:34:00-04:00,336.6000061035156,336.6000061035156,337.1650085449219,335.9200134277344,336.79998779296875,300725
2026-06-25 09:36:00-04:00,336.375,336.375,337.0,335.8999938964844,336.6499938964844,265407
2026-06-25 09:38:00-04:00,337.375,337.375,337.6400146484375,336.1000061035156,336.375,160501
2026-06-25 09:40:00-04:00,337.3299865722656,337.3299865722656,337.7449951171875,336.6700134277344,337.32000732421875,203051
2026-06-25 09:42:00-04:00,336.489990234375,336.489990234375,337.70001220703125,336.0,337.32501220703125,269713
2026-06-25 09:44:00-04:00,337.2699890136719,337.2699890136719,337.989990234375,336.3900146484375,336.4649963378906,171746
2026-06-25 09:46:00-04:00,337.2349853515625,337.2349853515625,338.409912109375,336.739990234375,337.2001037597656,217255
2026-06-25 09:48:00-04:00,337.3450012207031,337.3450012207031,338.29998779296875,337.1300048828125,337.2699890136719,214752
2026-06-25 09:50:00-04:00,337.7240905761719,337.7240905761719,338.1400146484375,337.25,337.2934875488281,102529
2026-06-25 09:52:00-04:00,337.95001220703125,337.95001220703125,338.5799865722656,337.3299865722656,337.8800048828125,180403
2026-06-25 09:54:00-04:00,338.4599914550781,338.4599914550781,338.8999938964844,337.989990234375,338.0050048828125,138172
2026-06-25 09:56:00-04:00,339.0,339.0,339.20001220703125,338.25,338.54998779296875,131458
2026-06-25 09:58:00-04:00,339.0450134277344,339.0450134277344,339.20001220703125,338.57000732421875,339.04998779296875,83749
2026-06-25 10:00:00-04:00,339.90008544921875,339.90008544921875,340.04998779296875,338.57000732421875,338.9700012207031,92980
2026-06-25 10:02:00-04:00,340.6899108886719,340.6899108886719,340.82000732421875,339.8450012207031,339.9599914550781,105977
2026-06-25 10:04:00-04:00,340.7300109863281,340.7300109863281,341.19000244140625,340.1099853515625,340.67919921875,123344
2026-06-25 10:06:00-04:00,340.55499267578125,340.55499267578125,340.8500061035156,340.4100036621094,340.760009765625,78150
2026-06-25 10:08:00-04:00,341.05999755859375,341.05999755859375,341.3900146484375,340.3900146484375,340.55499267578125,109181
2026-06-25 10:10:00-04:00,340.9200134277344,340.9200134277344,341.5400085449219,340.57000732421875,341.05999755859375,99676
2026-06-25 10:12:00-04:00,339.6698913574219,339.6698913574219,341.0,338.8800048828125,340.9150085449219,135466
2026-06-25 10:14:00-04:00,339.2799987792969,339.2799987792969,340.1700134277344,339.0299987792969,339.6072082519531,71064
2026-06-25 10:16:00-04:00,339.2799987792969,339.2799987792969,339.7699890136719,339.1700134277344,339.25,98490
2026-06-25 10:18:00-04:00,339.8299865722656,339.8299865722656,339.9100036621094,338.8399963378906,339.2650146484375,92460
2026-06-25 10:20:00-04:00,340.44000244140625,340.44000244140625,340.5050048828125,339.8399963378906,339.85009765625,82082
2026-06-25 10:22:00-04:00,339.3999938964844,339.3999938964844,340.5599060058594,339.239990234375,340.3900146484375,56095
2026-06-25 10:24:00-04:00,339.2749938964844,339.2749938964844,339.3800048828125,338.8550109863281,339.3699951171875,79941
2026-06-25 10:26:00-04:00,339.1050109863281,339.1050109863281,339.2799987792969,338.7699890136719,339.2179870605469,85753
2026-06-25 10:28:00-04:00,340.1650085449219,340.1650085449219,340.32000732421875,338.760009765625,339.1000061035156,97138
2026-06-25 10:30:00-04:00,340.82000732421875,340.82000732421875,340.8599853515625,339.7900085449219,340.1650085449219,86048
2026-06-25 10:32:00-04:00,341.20001220703125,341.20001220703125,341.4599914550781,340.7001037597656,340.82501220703125,94902
2026-06-25 10:34:00-04:00,341.0199890136719,341.0199890136719,341.2300109863281,340.70001220703125,341.2300109863281,107717
2026-06-25 10:36:00-04:00,341.30999755859375,341.30999755859375,341.6300048828125,340.8999938964844,341.05499267578125,159643
2026-06-25 10:38:00-04:00,342.135009765625,342.135009765625,342.260009765625,341.2699890136719,341.30499267578125,78139
2026-06-25 10:40:00-04:00,341.7300109863281,341.7300109863281,342.2300109863281,341.6499938964844,342.1499938964844,65491
2026-06-25 10:42:00-04:00,342.260009765625,342.260009765625,342.5249938964844,341.510009765625,341.6700134277344,70886
2026-06-25 10:44:00-04:00,342.2300109863281,342.2300109863281,342.7049865722656,342.06500244140625,342.2200012207031,61775
2026-06-25 10:46:00-04:00,341.6199951171875,341.6199951171875,342.5,341.5,342.2200012207031,70758
2026-06-25 10:48:00-04:00,342.3500061035156,342.3500061035156,342.510009765625,341.6600036621094,341.6700134277344,60667
2026-06-25 10:50:00-04:00,342.07000732421875,342.07000732421875,342.54998779296875,341.82000732421875,342.3299865722656,64164
2026-06-25 10:52:00-04:00,342.2149963378906,342.2149963378906,342.6300048828125,341.9700012207031,342.0350036621094,61215
2026-06-25 10:54:00-04:00,342.29998779296875,342.29998779296875,342.6000061035156,342.2300109863281,342.2900085449219,47013
2026-06-25 10:56:00-04:00,341.2300109863281,341.2300109863281,342.3550109863281,341.1401062011719,342.260009765625,63459
2026-06-25 10:58:00-04:00,341.2799987792969,341.2799987792969,341.9599914550781,341.1400146484375,341.25,82152
2026-06-25 11:00:00-04:00,341.1199951171875,341.1199951171875,341.4800109863281,340.9599914550781,341.3599853515625,41947
2026-06-25 11:02:00-04:00,340.80999755859375,340.80999755859375,341.20001220703125,340.55999755859375,341.1199951171875,45486
2026-06-25 11:04:00-04:00,340.94500732421875,340.94500732421875,341.7099914550781,340.70001220703125,340.7716979980469,72406
2026-06-25 11:06:00-04:00,340.6199951171875,340.6199951171875,341.05999755859375,340.28289794921875,340.9100036621094,58660
2026-06-25 11:08:00-04:00,340.42999267578125,340.42999267578125,340.6499938964844,340.20001220703125,340.6449890136719,54240
2026-06-25 11:10:00-04:00,339.9100036621094,339.9100036621094,340.7250061035156,339.8157043457031,340.4150085449219,631989
2026-06-25 11:12:00-04:00,339.45001220703125,339.45001220703125,339.989990234375,339.1199951171875,339.8800048828125,85812
2026-06-25 11:14:00-04:00,339.16009521484375,339.16009521484375,339.67999267578125,338.9800109863281,339.5350036621094,92499
2026-06-25 11:16:00-04:00,339.8599853515625,339.8599853515625,340.06500244140625,338.9800109863281,339.1700134277344,65979
2026-06-25 11:18:00-04:00,340.6199951171875,340.6199951171875,340.7300109863281,339.8851013183594,339.9200134277344,57271
2026-06-25 11:20:00-04:00,340.75,340.75,340.75,340.30999755859375,340.6300048828125,41128
2026-06-25 11:22:00-04:00,340.8800048828125,340.8800048828125,341.0899963378906,340.375,340.7850036621094,31248
2026-06-25 11:24:00-04:00,340.6199951171875,340.6199951171875,341.239990234375,340.5899963378906,340.7701110839844,40938
2026-06-25 11:26:00-04:00,340.8699951171875,340.8699951171875,340.9100036621094,340.4599914550781,340.5801086425781,28780
2026-06-25 11:28:00-04:00,340.6099853515625,340.6099853515625,341.0,340.5,340.8399963378906,33758
2026-06-25 11:30:00-04:00,341.06500244140625,341.06500244140625,341.2349853515625,340.6099853515625,340.67999267578125,49452
2026-06-25 11:32:00-04:00,340.9100036621094,340.9100036621094,341.5,340.67498779296875,341.06500244140625,39323
2026-06-25 11:34:00-04:00,340.9599914550781,340.9599914550781,341.17498779296875,340.6499938964844,341.0199890136719,31285
2026-06-25 11:36:00-04:00,341.010009765625,341.010009765625,341.2200012207031,340.92999267578125,340.92999267578125,26673
2026-06-25 11:38:00-04:00,340.739990234375,340.739990234375,341.0400085449219,340.66009521484375,340.9800109863281,37838
2026-06-25 11:40:00-04:00,340.7900085449219,340.7900085449219,340.8999938964844,340.5799865722656,340.7850036621094,42003
2026-06-25 11:42:00-04:00,340.7099914550781,340.7099914550781,341.2099914550781,340.6000061035156,340.7799987792969,158195
2026-06-25 11:44:00-04:00,341.2699890136719,341.2699890136719,341.29998779296875,340.6650085449219,340.68499755859375,30907
2026-06-25 11:46:00-04:00,341.0249938964844,341.0249938964844,341.5090026855469,341.0199890136719,341.29998779296875,31905
2026-06-25 11:48:00-04:00,340.69000244140625,340.69000244140625,341.0249938964844,340.5899963378906,341.0249938964844,30283
2026-06-25 11:50:00-04:00,340.7300109863281,340.7300109863281,341.07000732421875,340.55999755859375,340.6449890136719,26041
2026-06-25 11:52:00-04:00,341.0050048828125,341.0050048828125,341.0150146484375,340.6700134277344,340.6700134277344,23949
2026-06-25 11:54:00-04:00,341.2300109863281,341.2300109863281,341.45001220703125,340.9599914550781,341.0400085449219,39951
2026-06-25 11:56:00-04:00,341.2749938964844,341.2749938964844,341.4800109863281,341.0299987792969,341.2300109863281,33622
2026-06-25 11:58:00-04:00,340.8500061035156,340.8500061035156,341.2550048828125,340.70001220703125,341.2550048828125,32133
2026-06-25 12:00:00-04:00,340.8999938964844,340.8999938964844,341.139892578125,340.65008544921875,340.8699951171875,37417
2026-06-25 12:02:00-04:00,340.5,340.5,340.8800048828125,340.4750061035156,340.8800048828125,64499
2026-06-25 12:04:00-04:00,340.9100036621094,340.9100036621094,341.0150146484375,340.4740905761719,340.5199890136719,51960
2026-06-25 12:06:00-04:00,340.9200134277344,340.9200134277344,341.25,340.852294921875,340.8900146484375,37854
2026-06-25 12:08:00-04:00,341.0050048828125,341.0050048828125,341.0799865722656,340.80010986328125,340.989990234375,35559
2026-06-25 12:10:00-04:00,341.5,341.5,341.55999755859375,341.0150146484375,341.0199890136719,50936
2026-06-25 12:12:00-04:00,341.57501220703125,341.57501220703125,341.7200012207031,341.2699890136719,341.4700012207031,42496
2026-06-25 12:14:00-04:00,341.8900146484375,341.8900146484375,341.92999267578125,341.3999938964844,341.54998779296875,41693
2026-06-25 12:16:00-04:00,341.8500061035156,341.8500061035156,341.9200134277344,341.4800109863281,341.8699951171875,31990
2026-06-25 12:18:00-04:00,341.6549987792969,341.6549987792969,341.875,341.6199951171875,341.8500061035156,43376
2026-06-25 12:20:00-04:00,341.2900085449219,341.2900085449219,341.7300109863281,341.2099914550781,341.6549987792969,43800
2026-06-25 12:22:00-04:00,340.81500244140625,340.81500244140625,341.2950134277344,340.7699890136719,341.2799987792969,45709
2026-06-25 12:24:00-04:00,340.54010009765625,340.54010009765625,340.9200134277344,340.4800109863281,340.7900085449219,41854
2026-06-25 12:26:00-04:00,340.614990234375,340.614990234375,340.70001220703125,340.45001220703125,340.6300048828125,26647
2026-06-25 12:28:00-04:00,340.45001220703125,340.45001220703125,340.5899963378906,340.35479736328125,340.57000732421875,27504
2026-06-25 12:30:00-04:00,340.1000061035156,340.1000061035156,340.5,340.0299987792969,340.45001220703125,33765
2026-06-25 12:32:00-04:00,340.2149963378906,340.2149963378906,340.5400085449219,340.0101013183594,340.1449890136719,35857
2026-06-25 12:34:00-04:00,340.2300109863281,340.2300109863281,340.32000732421875,339.8800964355469,340.30499267578125,49681
2026-06-25 12:36:00-04:00,340.4800109863281,340.4800109863281,340.6070861816406,340.19000244140625,340.25,49194
2026-06-25 12:38:00-04:00,340.5350036621094,340.5350036621094,340.8599853515625,340.3800048828125,340.5199890136719,28232
2026-06-25 12:40:00-04:00,340.5,340.5,340.8349914550781,340.4599914550781,340.5400085449219,36576
2026-06-25 12:42:00-04:00,340.6050109863281,340.6050109863281,340.79998779296875,340.45001220703125,340.5249938964844,23212
2026-06-25 12:44:00-04:00,340.489990234375,340.489990234375,340.8074951171875,340.3301086425781,340.6199951171875,54075
2026-06-25 12:46:00-04:00,340.5299987792969,340.5299987792969,340.6099853515625,340.3800048828125,340.5,25018
2026-06-25 12:48:00-04:00,340.6600036621094,340.6600036621094,340.7699890136719,340.44219970703125,340.5899963378906,45962
2026-06-25 12:50:00-04:00,340.510009765625,340.510009765625,340.8500061035156,340.44000244140625,340.6300048828125,37509
2026-06-25 12:52:00-04:00,340.6499938964844,340.6499938964844,340.8900146484375,340.3599853515625,340.4949951171875,36125
2026-06-25 12:54:00-04:00,340.7349853515625,340.7349853515625,341.0799865722656,340.6600036621094,340.67999267578125,44044
2026-06-25 12:56:00-04:00,340.3399963378906,340.3399963378906,340.9800109863281,340.2601013183594,340.70001220703125,56245
2026-06-25 12:58:00-04:00,340.760009765625,340.760009765625,340.79998779296875,340.3251037597656,340.3251037597656,26883
2026-06-25 13:00:00-04:00,341.1549987792969,341.1549987792969,341.2900085449219,340.7900085449219,340.7900085449219,64347
2026-06-25 13:02:00-04:00,340.79010009765625,340.79010009765625,341.25,340.6400146484375,341.1650085449219,143378
2026-06-25 13:04:00-04:00,340.3599853515625,340.3599853515625,340.8500061035156,340.239990234375,340.81500244140625,69487
2026-06-25 13:06:00-04:00,340.25,340.25,340.3900146484375,340.1600036621094,340.3599853515625,49984
2026-06-25 13:08:00-04:00,340.31719970703125,340.31719970703125,340.3301086425781,340.1000061035156,340.2200012207031,32959
2026-06-25 13:10:00-04:00,340.5299987792969,340.5299987792969,341.07000732421875,340.3299865722656,340.3299865722656,100749
2026-06-25 13:12:00-04:00,340.25,340.25,340.5799865722656,340.2099914550781,340.5199890136719,52294
2026-06-25 13:14:00-04:00,340.5150146484375,340.5150146484375,340.5899963378906,340.04998779296875,340.17498779296875,64601
2026-06-25 13:16:00-04:00,340.17999267578125,340.17999267578125,340.67999267578125,339.94000244140625,340.5,103432
2026-06-25 13:18:00-04:00,339.33099365234375,339.33099365234375,340.17999267578125,339.17999267578125,340.17498779296875,113158
2026-06-25 13:20:00-04:00,339.6099853515625,339.6099853515625,339.69000244140625,339.07000732421875,339.3399963378906,80366
2026-06-25 13:22:00-04:00,339.79998779296875,339.79998779296875,339.8399963378906,339.4700012207031,339.5899963378906,139302
2026-06-25 13:24:00-04:00,340.07501220703125,340.07501220703125,340.1000061035156,339.6650085449219,339.7799987792969,114684
2026-06-25 13:26:00-04:00,340.07000732421875,340.07000732421875,340.4100036621094,339.90008544921875,340.114990234375,106700
2026-06-25 13:28:00-04:00,339.6700134277344,339.6700134277344,340.1000061035156,339.489990234375,340.1000061035156,68935
2026-06-25 13:30:00-04:00,339.70001220703125,339.70001220703125,339.864990234375,339.6099853515625,339.67999267578125,63642
2026-06-25 13:32:00-04:00,339.2200012207031,339.2200012207031,339.7099914550781,339.1300048828125,339.6700134277344,56965
2026-06-25 13:34:00-04:00,339.32000732421875,339.32000732421875,339.5799865722656,339.1499938964844,339.19549560546875,71597
2026-06-25 13:36:00-04:00,339.3500061035156,339.3500061035156,339.42999267578125,339.1700134277344,339.2900085449219,69766
2026-06-25 13:38:00-04:00,339.2701110839844,339.2701110839844,339.3900146484375,339.1099853515625,339.3299865722656,57170
2026-06-25 13:40:00-04:00,339.31500244140625,339.31500244140625,339.55999755859375,339.2300109863281,339.2510070800781,84338
2026-06-25 13:42:00-04:00,338.6700134277344,338.6700134277344,339.43499755859375,338.6700134277344,339.32501220703125,48253
2026-06-25 13:44:00-04:00,338.2799987792969,338.2799987792969,338.7300109863281,338.2799987792969,338.6600036621094,95190
2026-06-25 13:46:00-04:00,338.7200012207031,338.7200012207031,338.80999755859375,338.197998046875,338.2699890136719,69376
2026-06-25 13:48:00-04:00,338.17999267578125,338.17999267578125,338.7300109863281,338.1400146484375,338.7300109863281,46172
2026-06-25 13:50:00-04:00,338.19500732421875,338.19500732421875,338.3299865722656,338.0201110839844,338.1600036621094,67021
2026-06-25 13:52:00-04:00,338.875,338.875,338.8999938964844,338.19000244140625,338.19000244140625,57841
2026-06-25 13:54:00-04:00,339.4460144042969,339.4460144042969,339.4460144042969,338.82000732421875,338.8900146484375,37777
2026-06-25 13:56:00-04:00,339.6400146484375,339.6400146484375,339.7099914550781,339.0400085449219,339.4150085449219,45564
2026-06-25 13:58:00-04:00,339.9750061035156,339.9750061035156,340.1300048828125,339.6499938964844,339.6600036621094,58793
2026-06-25 14:00:00-04:00,339.7099914550781,339.7099914550781,340.1700134277344,339.6700134277344,339.9800109863281,47154
2026-06-25 14:02:00-04:00,338.7200012207031,338.7200012207031,339.7214050292969,338.7200012207031,339.7214050292969,58126
2026-06-25 14:04:00-04:00,339.1549987792969,339.1549987792969,339.1700134277344,338.69000244140625,338.70001220703125,37342
2026-06-25 14:06:00-04:00,339.6300048828125,339.6300048828125,339.6700134277344,339.07000732421875,339.1449890136719,48015
2026-06-25 14:08:00-04:00,340.07501220703125,340.07501220703125,340.2200012207031,339.6300048828125,339.6300048828125,93352
2026-06-25 14:10:00-04:00,340.3500061035156,340.3500061035156,340.4200134277344,340.06500244140625,340.07501220703125,65062
2026-06-25 14:12:00-04:00,340.1099853515625,340.1099853515625,340.5199890136719,340.0400085449219,340.3500061035156,56444
2026-06-25 14:14:00-04:00,340.18499755859375,340.18499755859375,340.3411865234375,340.1000061035156,340.1000061035156,51439
2026-06-25 14:16:00-04:00,340.5,340.5,340.69000244140625,340.1806945800781,340.1806945800781,44318
2026-06-25 14:18:00-04:00,340.94000244140625,340.94000244140625,341.1000061035156,340.4200134277344,340.5299987792969,81294
2026-06-25 14:20:00-04:00,340.739990234375,340.739990234375,341.17999267578125,340.67999267578125,340.9100036621094,53767
2026-06-25 14:22:00-04:00,340.8550109863281,340.8550109863281,341.06500244140625,340.7309875488281,340.7900085449219,39825
2026-06-25 14:24:00-04:00,340.8999938964844,340.8999938964844,341.0,340.67498779296875,340.8500061035156,76639
2026-06-25 14:26:00-04:00,340.80999755859375,340.80999755859375,341.010009765625,340.6300048828125,340.85009765625,36868
2026-06-25 14:28:00-04:00,340.9100036621094,340.9100036621094,340.989990234375,340.6962890625,340.7900085449219,32180
2026-06-25 14:30:00-04:00,340.6099853515625,340.6099853515625,340.8999938964844,340.6099853515625,340.8999938964844,35798
2026-06-25 14:32:00-04:00,340.3450012207031,340.3450012207031,340.6400146484375,340.2349853515625,340.6099853515625,41957
2026-06-25 14:34:00-04:00,340.3699951171875,340.3699951171875,340.4059143066406,340.04998779296875,340.3500061035156,45429
2026-06-25 14:36:00-04:00,340.3399963378906,340.3399963378906,340.44891357421875,340.15008544921875,340.3800048828125,46759
2026-06-25 14:38:00-04:00,340.5350036621094,340.5350036621094,340.5350036621094,340.2699890136719,340.30999755859375,36398
2026-06-25 14:40:00-04:00,340.3399963378906,340.3399963378906,340.6499938964844,340.3299865722656,340.5350036621094,33744
2026-06-25 14:42:00-04:00,340.010009765625,340.010009765625,340.3450012207031,339.90899658203125,340.3450012207031,36200
2026-06-25 14:44:00-04:00,340.125,340.125,340.2499084472656,339.8800048828125,339.989990234375,48251
2026-06-25 14:46:00-04:00,340.2200012207031,340.2200012207031,340.510009765625,339.9599914550781,340.125,53528
2026-06-25 14:48:00-04:00,340.4049987792969,340.4049987792969,340.4472961425781,340.1099853515625,340.2200012207031,62352
2026-06-25 14:50:00-04:00,340.7550048828125,340.7550048828125,340.9599914550781,340.3500061035156,340.3599853515625,109590
2026-06-25 14:52:00-04:00,341.04998779296875,341.04998779296875,341.32501220703125,340.67999267578125,340.7200012207031,67273
2026-06-25 14:54:00-04:00,340.739990234375,340.739990234375,341.0400085449219,340.60009765625,341.0400085449219,54937
2026-06-25 14:56:00-04:00,340.614990234375,340.614990234375,340.7200012207031,340.3550109863281,340.7099914550781,45358
2026-06-25 14:58:00-04:00,340.590087890625,340.590087890625,340.9200134277344,340.43499755859375,340.625,37043
2026-06-25 15:00:00-04:00,340.19000244140625,340.19000244140625,340.6300048828125,340.1050109863281,340.6300048828125,153765
2026-06-25 15:02:00-04:00,339.9599914550781,339.9599914550781,340.20001220703125,339.7799987792969,340.1300048828125,53660
2026-06-25 15:04:00-04:00,339.9222106933594,339.9222106933594,340.05999755859375,339.7099914550781,339.92999267578125,63349
2026-06-25 15:06:00-04:00,340.2900085449219,340.2900085449219,340.3299865722656,339.8800048828125,339.95001220703125,54216
2026-06-25 15:08:00-04:00,340.6199951171875,340.6199951171875,340.7699890136719,340.260009765625,340.29998779296875,59414
2026-06-25 15:10:00-04:00,340.2300109863281,340.2300109863281,340.5799865722656,340.18499755859375,340.5400085449219,85047
2026-06-25 15:12:00-04:00,340.55999755859375,340.55999755859375,340.82000732421875,340.2149963378906,340.2149963378906,75781
2026-06-25 15:14:00-04:00,340.6099853515625,340.6099853515625,340.82000732421875,340.470703125,340.56500244140625,51855
2026-06-25 15:16:00-04:00,340.7099914550781,340.7099914550781,340.8399963378906,340.57000732421875,340.6099853515625,46364
2026-06-25 15:18:00-04:00,341.1400146484375,341.1400146484375,341.2099914550781,340.6499938964844,340.75,55804
2026-06-25 15:20:00-04:00,341.2900085449219,341.2900085449219,341.3500061035156,341.06500244140625,341.1400146484375,367779
2026-06-25 15:22:00-04:00,341.0799865722656,341.0799865722656,341.44000244140625,341.05999755859375,341.2900085449219,46362
2026-06-25 15:24:00-04:00,341.5299987792969,341.5299987792969,341.5799865722656,341.0799865722656,341.1000061035156,63962
2026-06-25 15:26:00-04:00,341.489990234375,341.489990234375,341.67999267578125,341.3599853515625,341.5299987792969,67257
2026-06-25 15:28:00-04:00,341.6199951171875,341.6199951171875,341.79998779296875,341.3450012207031,341.44171142578125,74977
2026-06-25 15:30:00-04:00,341.6000061035156,341.6000061035156,341.6600036621094,341.3599853515625,341.5899963378906,90726
2026-06-25 15:32:00-04:00,341.1549987792969,341.1549987792969,341.760009765625,341.0450134277344,341.56500244140625,97585
2026-06-25 15:34:00-04:00,341.17498779296875,341.17498779296875,341.3949890136719,340.7699890136719,341.1499938964844,113738
2026-06-25 15:36:00-04:00,341.0,341.0,341.4100036621094,341.0,341.18499755859375,78627
2026-06-25 15:38:00-04:00,341.125,341.125,341.3599853515625,340.8500061035156,341.0199890136719,68728
2026-06-25 15:40:00-04:00,340.3800048828125,340.3800048828125,341.2699890136719,340.3800048828125,341.1499938964844,63284
2026-06-25 15:42:00-04:00,339.989990234375,339.989990234375,340.5,339.79998779296875,340.3800048828125,383098
2026-06-25 15:44:00-04:00,339.8900146484375,339.8900146484375,340.57000732421875,339.7699890136719,340.0199890136719,124082
2026-06-25 15:46:00-04:00,339.635009765625,339.635009765625,340.1050109863281,339.6199951171875,339.9100036621094,117265
2026-06-25 15:48:00-04:00,339.7699890136719,339.7699890136719,339.9800109863281,339.5299987792969,339.6400146484375,114284
2026-06-25 15:50:00-04:00,339.9150085449219,339.9150085449219,340.25,339.70001220703125,339.7799987792969,171315
2026-06-25 15:52:00-04:00,339.9599914550781,339.9599914550781,340.54998779296875,339.79998779296875,339.8900146484375,159995
2026-06-25 15:54:00-04:00,342.114990234375,342.114990234375,342.29998779296875,339.7699890136719,340.0400085449219,425848
2026-06-25 15:56:00-04:00,343.0,343.0,343.19000244140625,342.0899963378906,342.114990234375,408281
2026-06-25 15:58:00-04:00,342.1499938964844,342.1499938964844,343.17999267578125,341.4800109863281,343.0199890136719,1053181
2026-06-26 09:30:00-04:00,337.6700134277344,337.6700134277344,340.9100036621094,336.3699951171875,340.3599853515625,1103514
2026-06-26 09:32:00-04:00,336.3699951171875,336.3699951171875,337.7699890136719,335.92999267578125,337.5199890136719,277965
2026-06-26 09:34:00-04:00,337.69500732421875,337.69500732421875,337.739990234375,336.0,336.3599853515625,262057
2026-06-26 09:36:00-04:00,337.3900146484375,337.3900146484375,337.8996887207031,337.0,337.69000244140625,157139
2026-06-26 09:38:00-04:00,335.95001220703125,335.95001220703125,337.94000244140625,335.94000244140625,337.3999938964844,148922
2026-06-26 09:40:00-04:00,336.5790100097656,336.5790100097656,336.635009765625,335.30999755859375,335.989990234375,204923
2026-06-26 09:42:00-04:00,336.1496887207031,336.1496887207031,336.5899963378906,335.5700988769531,336.57861328125,168616
2026-06-26 09:44:00-04:00,335.1604919433594,335.1604919433594,336.5,335.1499938964844,336.1199951171875,219593
2026-06-26 09:46:00-04:00,335.1499938964844,335.1499938964844,336.20001220703125,334.7839050292969,335.2200012207031,282007
2026-06-26 09:48:00-04:00,334.57000732421875,334.57000732421875,335.5199890136719,334.5199890136719,335.1499938964844,311494
2026-06-26 09:50:00-04:00,334.9700012207031,334.9700012207031,335.0799865722656,334.1405029296875,334.57000732421875,131827
2026-06-26 09:52:00-04:00,334.5799865722656,334.5799865722656,335.30999755859375,334.54998779296875,334.94000244140625,110088
2026-06-26 09:54:00-04:00,335.2300109863281,335.2300109863281,335.32000732421875,334.54998779296875,334.6099853515625,106194
2026-06-26 09:56:00-04:00,335.19500732421875,335.19500732421875,335.7200012207031,334.7587890625,335.177001953125,128404
2026-06-26 09:58:00-04:00,336.07000732421875,336.07000732421875,336.239990234375,334.95001220703125,335.19000244140625,120489
2026-06-26 10:00:00-04:00,336.1300048828125,336.1300048828125,336.3999938964844,335.78009033203125,336.2300109863281,139940
2026-06-26 10:02:00-04:00,335.94000244140625,335.94000244140625,336.489990234375,335.3299865722656,336.1099853515625,101650
2026-06-26 10:04:00-04:00,336.5400085449219,336.5400085449219,336.69000244140625,335.54998779296875,335.8299865722656,115012
2026-06-26 10:06:00-04:00,336.1600036621094,336.1600036621094,336.5400085449219,335.67999267578125,336.5400085449219,85405
2026-06-26 10:08:00-04:00,335.75,335.75,336.6099853515625,335.67999267578125,336.1199951171875,138696
2026-06-26 10:10:00-04:00,336.8399963378906,336.8399963378906,336.8800048828125,335.7049865722656,335.7850036621094,101958
2026-06-26 10:12:00-04:00,336.6300048828125,336.6300048828125,337.04998779296875,336.510009765625,336.8500061035156,113626
2026-06-26 10:14:00-04:00,337.0,337.0,337.4599914550781,336.4599914550781,336.6199951171875,133974
2026-06-26 10:16:00-04:00,336.6700134277344,336.6700134277344,337.20001220703125,336.589599609375,337.0299987792969,86936
2026-06-26 10:18:00-04:00,337.2449951171875,337.2449951171875,337.3163146972656,336.6199951171875,336.6549987792969,77685
2026-06-26 10:20:00-04:00,336.9649963378906,336.9649963378906,337.8800048828125,336.8999938964844,337.260009765625,83324
2026-06-26 10:22:00-04:00,335.94000244140625,335.94000244140625,337.0400085449219,335.885009765625,336.965087890625,103571
2026-06-26 10:24:00-04:00,336.7200927734375,336.7200927734375,336.85919189453125,335.9049987792969,335.94000244140625,88410
2026-06-26 10:26:00-04:00,336.3900146484375,336.3900146484375,336.8500061035156,336.2799987792969,336.7799987792969,53375
2026-06-26 10:28:00-04:00,336.614990234375,336.614990234375,336.82000732421875,336.3059997558594,336.3507995605469,73246
2026-06-26 10:30:00-04:00,336.9800109863281,336.9800109863281,337.0899963378906,336.32000732421875,336.6600036621094,81194
2026-06-26 10:32:00-04:00,337.0350036621094,337.0350036621094,337.20001220703125,336.8399963378906,336.9849853515625,58923
2026-06-26 10:34:00-04:00,337.2250061035156,337.2250061035156,337.739990234375,337.0011901855469,337.0350036621094,91032
2026-06-26 10:36:00-04:00,337.20831298828125,337.20831298828125,337.4599914550781,337.0299987792969,337.25,81243
2026-06-26 10:38:00-04:00,337.18328857421875,337.18328857421875,337.4100036621094,336.7699890136719,337.2333068847656,73321
2026-06-26 10:40:00-04:00,337.4649963378906,337.4649963378906,337.5,336.7250061035156,337.1000061035156,73560
2026-06-26 10:42:00-04:00,338.05999755859375,338.05999755859375,338.07000732421875,337.42999267578125,337.42999267578125,73365
2026-06-26 10:44:00-04:00,338.1549987792969,338.1549987792969,338.6698913574219,337.9200134277344,337.9599914550781,65805
2026-06-26 10:46:00-04:00,338.1600036621094,338.1600036621094,338.3999938964844,338.0,338.17999267578125,45020
2026-06-26 10:48:00-04:00,338.19500732421875,338.19500732421875,338.6299133300781,338.04998779296875,338.1199951171875,53286
2026-06-26 10:50:00-04:00,338.1199951171875,338.1199951171875,338.2799987792969,337.9200134277344,338.19000244140625,50412
2026-06-26 10:52:00-04:00,338.12750244140625,338.12750244140625,338.2300109863281,337.80999755859375,338.1199951171875,47121
2026-06-26 10:54:00-04:00,338.0,338.0,338.29998779296875,337.92999267578125,338.1105041503906,65448
2026-06-26 10:56:00-04:00,338.43499755859375,338.43499755859375,338.7699890136719,337.8800048828125,338.0199890136719,74819
2026-06-26 10:58:00-04:00,338.6000061035156,338.6000061035156,338.8500061035156,338.2101135253906,338.42999267578125,42371
2026-06-26 11:00:00-04:00,338.9700012207031,338.9700012207031,339.0299987792969,338.57000732421875,338.6400146484375,59388
2026-06-26 11:02:00-04:00,339.3865051269531,339.3865051269531,339.3999938964844,338.7300109863281,339.0050048828125,75688
2026-06-26 11:04:00-04:00,339.0350036621094,339.0350036621094,339.3999938964844,338.9599914550781,339.3599853515625,52142
2026-06-26 11:06:00-04:00,338.9778137207031,338.9778137207031,339.1300048828125,338.7799987792969,339.0299987792969,59621
2026-06-26 11:08:00-04:00,339.260009765625,339.260009765625,339.3900146484375,338.7900085449219,338.989990234375,52447
2026-06-26 11:10:00-04:00,338.4599914550781,338.4599914550781,339.3500061035156,338.4599914550781,339.20001220703125,62870
2026-06-26 11:12:00-04:00,339.1199951171875,339.1199951171875,339.2699890136719,338.32440185546875,338.489990234375,66344
2026-06-26 11:14:00-04:00,339.1199951171875,339.1199951171875,339.3999938964844,339.0,339.0899963378906,52289
2026-06-26 11:16:00-04:00,340.2200012207031,340.2200012207031,340.260009765625,339.04998779296875,339.1199951171875,77608
2026-06-26 11:18:00-04:00,340.0249938964844,340.0249938964844,340.3500061035156,339.7200012207031,340.19000244140625,79518
2026-06-26 11:20:00-04:00,339.92999267578125,339.92999267578125,340.32000732421875,339.8399963378906,340.0050048828125,129181
2026-06-26 11:22:00-04:00,340.32000732421875,340.32000732421875,340.5400085449219,339.760009765625,339.8999938964844,63682
2026-06-26 11:24:00-04:00,340.56500244140625,340.56500244140625,340.614990234375,340.17999267578125,340.32000732421875,52507
2026-06-26 11:26:00-04:00,340.8999938964844,340.8999938964844,341.19000244140625,340.4700012207031,340.6000061035156,133670
2026-06-26 11:28:00-04:00,341.260009765625,341.260009765625,341.3399963378906,340.7919006347656,340.864990234375,87343
2026-06-26 11:30:00-04:00,340.8599853515625,340.8599853515625,341.739990234375,340.55218505859375,341.2300109863281,138774
2026-06-26 11:32:00-04:00,340.57000732421875,340.57000732421875,340.8399963378906,340.32000732421875,340.8299865722656,65377
2026-06-26 11:34:00-04:00,340.4700012207031,340.4700012207031,340.6300048828125,340.1600036621094,340.57000732421875,60241
2026-06-26 11:36:00-04:00,340.7300109863281,340.7300109863281,340.8450012207031,340.4277038574219,340.4599914550781,90306
2026-06-26 11:38:00-04:00,340.7449951171875,340.7449951171875,340.9100036621094,340.5400085449219,340.7250061035156,80703
2026-06-26 11:40:00-04:00,341.3599853515625,341.3599853515625,341.6400146484375,340.7449951171875,340.7449951171875,84429
2026-06-26 11:42:00-04:00,341.8399963378906,341.8399963378906,341.92498779296875,341.32000732421875,341.3200988769531,59638
2026-06-26 11:44:00-04:00,342.0,342.0,342.2900085449219,341.7500915527344,341.80499267578125,143025
2026-06-26 11:46:00-04:00,341.8800048828125,341.8800048828125,342.2200012207031,341.67999267578125,341.9849853515625,98052
2026-06-26 11:48:00-04:00,342.2900085449219,342.2900085449219,342.6199951171875,341.8299865722656,341.9200134277344,67973
2026-06-26 11:50:00-04:00,341.6600036621094,341.6600036621094,342.70001220703125,341.5799865722656,342.32000732421875,102345
2026-06-26 11:52:00-04:00,342.409912109375,342.409912109375,342.45001220703125,341.57000732421875,341.6499938964844,69473
2026-06-26 11:54:00-04:00,342.8500061035156,342.8500061035156,342.8800048828125,342.12451171875,342.4100036621094,70146
2026-06-26 11:56:00-04:00,343.36309814453125,343.36309814453125,343.6000061035156,342.67999267578125,342.8500061035156,86547
2026-06-26 11:58:00-04:00,343.04791259765625,343.04791259765625,343.32000732421875,342.6600036621094,343.32000732421875,77344
2026-06-26 12:00:00-04:00,343.3399963378906,343.3399963378906,343.5,342.739990234375,343.07000732421875,74800
2026-06-26 12:02:00-04:00,343.69000244140625,343.69000244140625,343.75,343.3299865722656,343.3299865722656,67020
2026-06-26 12:04:00-04:00,343.7099914550781,343.7099914550781,344.1199951171875,343.6400146484375,343.6719055175781,87014
2026-06-26 12:06:00-04:00,343.760009765625,343.760009765625,344.04998779296875,343.55010986328125,343.7049865722656,52949
2026-06-26 12:08:00-04:00,343.1300048828125,343.1300048828125,343.760009765625,343.1199951171875,343.7250061035156,55601
2026-06-26 12:10:00-04:00,342.7749938964844,342.7749938964844,343.2099914550781,342.7059020996094,343.18499755859375,63793
2026-06-26 12:12:00-04:00,342.2799987792969,342.2799987792969,342.8599853515625,342.1199951171875,342.7900085449219,51192
2026-06-26 12:14:00-04:00,342.0400085449219,342.0400085449219,342.6300048828125,342.0299987792969,342.260009765625,126332
2026-06-26 12:16:00-04:00,342.1000061035156,342.1000061035156,342.5199890136719,341.6000061035156,342.03338623046875,112957
2026-06-26 12:18:00-04:00,342.0050048828125,342.0050048828125,342.25,341.65478515625,342.04998779296875,42289
2026-06-26 12:20:00-04:00,341.2200012207031,341.2200012207031,342.04998779296875,341.010009765625,341.9700927734375,71853
2026-06-26 12:22:00-04:00,341.4649963378906,341.4649963378906,341.55999755859375,341.0101013183594,341.2799987792969,60583
2026-06-26 12:24:00-04:00,341.2900085449219,341.2900085449219,341.5,341.1300964355469,341.3900146484375,35463
2026-06-26 12:26:00-04:00,341.3550109863281,341.3550109863281,341.4866027832031,341.135009765625,341.3349914550781,34201
2026-06-26 12:28:00-04:00,341.17999267578125,341.17999267578125,341.3399963378906,341.010009765625,341.31500244140625,39974
2026-06-26 12:30:00-04:00,341.2300109863281,341.2300109863281,341.3399963378906,340.7900085449219,341.2099914550781,40558
2026-06-26 12:32:00-04:00,341.3299865722656,341.3299865722656,341.55999755859375,341.1000061035156,341.2900085449219,46040
2026-06-26 12:34:00-04:00,341.6400146484375,341.6400146484375,341.81500244140625,341.2850036621094,341.2900085449219,62877
2026-06-26 12:36:00-04:00,341.0669860839844,341.0669860839844,341.7799987792969,340.9100036621094,341.6400146484375,43529
2026-06-26 12:38:00-04:00,340.4700012207031,340.4700012207031,341.0799865722656,340.42999267578125,341.07000732421875,77495
2026-06-26 12:40:00-04:00,339.6650085449219,339.6650085449219,340.6400146484375,339.3800048828125,340.5199890136719,98381
2026-06-26 12:42:00-04:00,339.4700012207031,339.4700012207031,339.95001220703125,339.42999267578125,339.67999267578125,43822
2026-06-26 12:44:00-04:00,339.2650146484375,339.2650146484375,339.5791015625,339.04998779296875,339.4700012207031,92749
2026-06-26 12:46:00-04:00,339.3349914550781,339.3349914550781,339.42999267578125,339.0299987792969,339.2650146484375,81950
2026-06-26 12:48:00-04:00,339.6099853515625,339.6099853515625,339.7900085449219,339.2200012207031,339.3349914550781,72155
2026-06-26 12:50:00-04:00,339.9100036621094,339.9100036621094,340.1000061035156,339.5400085449219,339.6400146484375,95326
2026-06-26 12:52:00-04:00,340.07000732421875,340.07000732421875,340.39990234375,339.80999755859375,339.8900146484375,81178
2026-06-26 12:54:00-04:00,339.8699951171875,339.8699951171875,340.2200012207031,339.8699951171875,340.0299987792969,68581
2026-06-26 12:56:00-04:00,339.7799987792969,339.7799987792969,340.0199890136719,339.6499938964844,339.8699951171875,63463
2026-06-26 12:58:00-04:00,340.625,340.625,340.8800048828125,339.7049865722656,339.82000732421875,139313
2026-06-26 13:00:00-04:00,340.4200134277344,340.4200134277344,340.70001220703125,340.2200012207031,340.6199951171875,83645
2026-06-26 13:02:00-04:00,340.5,340.5,340.5,339.79998779296875,340.4200134277344,114407
2026-06-26 13:04:00-04:00,340.92999267578125,340.92999267578125,340.94000244140625,340.4200134277344,340.5450134277344,64739
2026-06-26 13:06:00-04:00,340.5216064453125,340.5216064453125,341.2749938964844,340.3800048828125,340.9700012207031,100045
2026-06-26 13:08:00-04:00,340.8599853515625,340.8599853515625,341.1199951171875,340.45001220703125,340.4800109863281,95100
2026-06-26 13:10:00-04:00,340.3800048828125,340.3800048828125,341.20001220703125,340.3800048828125,340.8800048828125,83700
2026-06-26 13:12:00-04:00,340.260009765625,340.260009765625,340.6300048828125,340.0799865722656,340.3800048828125,84278
2026-06-26 13:14:00-04:00,340.39990234375,340.39990234375,340.45001220703125,340.1099853515625,340.2200012207031,73802
2026-06-26 13:16:00-04:00,340.3500061035156,340.3500061035156,340.93499755859375,340.2200012207031,340.3800048828125,79657
2026-06-26 13:18:00-04:00,340.9649963378906,340.9649963378906,341.20001220703125,340.2300109863281,340.2569885253906,68512
2026-06-26 13:20:00-04:00,340.8299865722656,340.8299865722656,341.25,340.6600036621094,340.9949951171875,82075
2026-06-26 13:22:00-04:00,340.6300048828125,340.6300048828125,340.94989013671875,340.5000915527344,340.8699951171875,72860
2026-06-26 13:24:00-04:00,340.5400085449219,340.5400085449219,340.6600036621094,340.45001220703125,340.6300048828125,68642
2026-06-26 13:26:00-04:00,340.80999755859375,340.80999755859375,340.94000244140625,340.29998779296875,340.56048583984375,97910
2026-06-26 13:28:00-04:00,340.8550109863281,340.8550109863281,341.17999267578125,340.760009765625,340.8900146484375,75672
2026-06-26 13:30:00-04:00,340.69000244140625,340.69000244140625,341.04998779296875,340.55499267578125,340.8299865722656,54446
2026-06-26 13:32:00-04:00,339.7250061035156,339.7250061035156,340.7300109863281,339.70001220703125,340.7300109863281,64327
2026-06-26 13:34:00-04:00,339.9200134277344,339.9200134277344,339.95001220703125,339.6293029785156,339.75,74923
2026-06-26 13:36:00-04:00,339.79010009765625,339.79010009765625,340.0199890136719,339.5,339.9700012207031,92881
2026-06-26 13:38:00-04:00,339.6700134277344,339.6700134277344,339.8900146484375,339.6199951171875,339.81500244140625,47394
2026-06-26 13:40:00-04:00,339.5201110839844,339.5201110839844,339.7499084472656,339.4200134277344,339.6600036621094,66131
2026-06-26 13:42:00-04:00,339.7799987792969,339.7799987792969,340.07989501953125,339.32000732421875,339.56988525390625,74414
2026-06-26 13:44:00-04:00,339.94000244140625,339.94000244140625,339.989990234375,339.7300109863281,339.79998779296875,52907
2026-06-26 13:46:00-04:00,340.135009765625,340.135009765625,340.2900085449219,339.95001220703125,339.9599914550781,85729
2026-06-26 13:48:00-04:00,340.4800109863281,340.4800109863281,340.5400085449219,340.1199951171875,340.1700134277344,60045
2026-06-26 13:50:00-04:00,340.7300109863281,340.7300109863281,340.739990234375,340.4700012207031,340.489501953125,48916
2026-06-26 13:52:00-04:00,340.9800109863281,340.9800109863281,341.1300048828125,340.7001037597656,340.75,59032
2026-06-26 13:54:00-04:00,340.55499267578125,340.55499267578125,341.07000732421875,340.49249267578125,341.0,59653
2026-06-26 13:56:00-04:00,340.20001220703125,340.20001220703125,340.56500244140625,340.0299987792969,340.55499267578125,81715
2026-06-26 13:58:00-04:00,340.489990234375,340.489990234375,340.489990234375,340.010009765625,340.1300048828125,66243
2026-06-26 14:00:00-04:00,340.6300048828125,340.6300048828125,340.9200134277344,340.4649963378906,340.4800109863281,85798
2026-06-26 14:02:00-04:00,340.75,340.75,340.8399963378906,340.44500732421875,340.6549987792969,62642
2026-06-26 14:04:00-04:00,340.7099914550781,340.7099914550781,340.8800048828125,340.4700012207031,340.7699890136719,54147
2026-06-26 14:06:00-04:00,340.43499755859375,340.43499755859375,340.7300109863281,340.260009765625,340.6700134277344,55007
2026-06-26 14:08:00-04:00,340.3900146484375,340.3900146484375,340.55999755859375,340.2650146484375,340.510009765625,57805
2026-06-26 14:10:00-04:00,340.3299865722656,340.3299865722656,340.44000244140625,340.2300109863281,340.3299865722656,69200
2026-06-26 14:12:00-04:00,340.3599853515625,340.3599853515625,340.5400085449219,340.260009765625,340.3500061035156,75321
2026-06-26 14:14:00-04:00,340.29998779296875,340.29998779296875,340.5199890136719,340.17999267578125,340.3599853515625,65280
2026-06-26 14:16:00-04:00,340.32501220703125,340.32501220703125,340.489990234375,340.2200012207031,340.31500244140625,64450
2026-06-26 14:18:00-04:00,340.239990234375,340.239990234375,340.3999938964844,340.20001220703125,340.29998779296875,74663
2026-06-26 14:20:00-04:00,339.77130126953125,339.77130126953125,340.2799987792969,339.75,340.2449951171875,89771
2026-06-26 14:22:00-04:00,339.6700134277344,339.6700134277344,339.947998046875,339.6000061035156,339.78509521484375,71560
2026-06-26 14:24:00-04:00,339.9800109863281,339.9800109863281,340.1300048828125,339.5849914550781,339.6549987792969,70388
2026-06-26 14:26:00-04:00,339.9599914550781,339.9599914550781,340.04998779296875,339.70001220703125,339.9800109863281,68532
2026-06-26 14:28:00-04:00,339.94000244140625,339.94000244140625,340.0628967285156,339.6700134277344,339.94000244140625,74802
2026-06-26 14:30:00-04:00,339.79998779296875,339.79998779296875,340.0899963378906,339.6300048828125,339.9200134277344,73069
2026-06-26 14:32:00-04:00,339.9700012207031,339.9700012207031,339.9800109863281,339.6000061035156,339.80999755859375,93481
2026-06-26 14:34:00-04:00,339.7601013183594,339.7601013183594,340.159912109375,339.760009765625,339.9800109863281,84582
2026-06-26 14:36:00-04:00,339.6600036621094,339.6600036621094,339.8999938964844,339.4599914550781,339.7974853515625,93620
2026-06-26 14:38:00-04:00,340.1199951171875,340.1199951171875,340.4549865722656,339.5799865722656,339.6700134277344,173744
2026-06-26 14:40:00-04:00,340.1600036621094,340.1600036621094,340.46990966796875,340.04998779296875,340.135009765625,77497
2026-06-26 14:42:00-04:00,340.6099853515625,340.6099853515625,340.69000244140625,340.0899963378906,340.1199951171875,94865
2026-06-26 14:44:00-04:00,340.4700012207031,340.4700012207031,340.69000244140625,340.2799987792969,340.6300048828125,92641
2026-06-26 14:46:00-04:00,340.3699951171875,340.3699951171875,340.57000732421875,340.260009765625,340.4649963378906,61582
2026-06-26 14:48:00-04:00,340.5950012207031,340.5950012207031,340.7699890136719,340.0299987792969,340.3335876464844,175528
2026-06-26 14:50:00-04:00,340.6000061035156,340.6000061035156,340.7900085449219,340.3200988769531,340.6099853515625,97879
2026-06-26 14:52:00-04:00,341.2099914550781,341.2099914550781,341.3999938964844,340.3840026855469,340.6000061035156,199621
2026-06-26 14:54:00-04:00,341.5400085449219,341.5400085449219,341.56500244140625,341.17999267578125,341.17999267578125,138559
2026-06-26 14:56:00-04:00,340.8949890136719,340.8949890136719,341.6300048828125,340.8504943847656,341.5400085449219,123130
2026-06-26 14:58:00-04:00,341.17999267578125,341.17999267578125,341.2349853515625,340.82000732421875,340.9100036621094,105339
2026-06-26 15:00:00-04:00,341.79998779296875,341.79998779296875,341.8399963378906,341.17999267578125,341.2099914550781,118202
2026-06-26 15:02:00-04:00,341.2200012207031,341.2200012207031,341.7821044921875,341.1700134277344,341.7300109863281,95303
2026-06-26 15:04:00-04:00,341.6700134277344,341.6700134277344,341.7300109863281,341.151611328125,341.20001220703125,88368
2026-06-26 15:06:00-04:00,341.8999938964844,341.8999938964844,342.1000061035156,341.5899963378906,341.6400146484375,120029
2026-06-26 15:08:00-04:00,341.8450012207031,341.8450012207031,342.1408996582031,341.78399658203125,341.8999938964844,109537
2026-06-26 15:10:00-04:00,341.9599914550781,341.9599914550781,342.0400085449219,341.6199951171875,341.8450012207031,131304
2026-06-26 15:12:00-04:00,341.260009765625,341.260009765625,341.9599914550781,341.2349853515625,341.92999267578125,119505
2026-06-26 15:14:00-04:00,341.7550048828125,341.7550048828125,341.7699890136719,341.1000061035156,341.2550048828125,105086
2026-06-26 15:16:00-04:00,341.80999755859375,341.80999755859375,341.9049987792969,341.6700134277344,341.7449951171875,129023
2026-06-26 15:18:00-04:00,341.94500732421875,341.94500732421875,342.07000732421875,341.79998779296875,341.81500244140625,99348
2026-06-26 15:20:00-04:00,341.92498779296875,341.92498779296875,342.1600036621094,341.7300109863281,341.94500732421875,115904
2026-06-26 15:22:00-04:00,341.8299865722656,341.8299865722656,342.010009765625,341.7699890136719,341.9100036621094,122456
2026-06-26 15:24:00-04:00,341.7601013183594,341.7601013183594,341.8500061035156,341.32000732421875,341.8299865722656,132078
2026-06-26 15:26:00-04:00,341.3699951171875,341.3699951171875,341.8399963378906,341.2900085449219,341.760009765625,127937
2026-06-26 15:28:00-04:00,341.1199951171875,341.1199951171875,341.3999938964844,340.9800109863281,341.32000732421875,147827
2026-06-26 15:30:00-04:00,341.4599914550781,341.4599914550781,341.7149963378906,341.1000061035156,341.2099914550781,154141
2026-06-26 15:32:00-04:00,341.1700134277344,341.1700134277344,341.6099853515625,341.0,341.489990234375,125514
2026-06-26 15:34:00-04:00,341.3800048828125,341.3800048828125,341.3999938964844,341.0,341.17999267578125,132864
2026-06-26 15:36:00-04:00,342.0,342.0,342.04998779296875,341.3699951171875,341.3900146484375,142305
2026-06-26 15:38:00-04:00,341.70001220703125,341.70001220703125,342.04998779296875,341.6499938964844,342.0199890136719,190715
2026-06-26 15:40:00-04:00,341.70001220703125,341.70001220703125,342.0773010253906,341.54998779296875,341.70001220703125,166604
2026-06-26 15:42:00-04:00,341.3349914550781,341.3349914550781,341.7099914550781,341.2300109863281,341.70001220703125,796834
2026-06-26 15:44:00-04:00,341.5899963378906,341.5899963378906,341.6700134277344,341.30999755859375,341.30999755859375,170516
2026-06-26 15:46:00-04:00,341.7900085449219,341.7900085449219,342.17999267578125,341.4100036621094,341.55999755859375,194414
2026-06-26 15:48:00-04:00,341.760009765625,341.760009765625,341.9100036621094,341.4150085449219,341.79998779296875,146295
2026-06-26 15:50:00-04:00,335.25,335.25,341.8800048828125,335.239990234375,341.8299865722656,1368414
2026-06-26 15:52:00-04:00,336.8699951171875,336.8699951171875,337.20001220703125,333.69000244140625,335.2749938964844,1025708
2026-06-26 15:54:00-04:00,336.0400085449219,336.0400085449219,337.5799865722656,334.0,336.8800048828125,1108308
2026-06-26 15:56:00-04:00,335.54998779296875,335.54998779296875,336.3699951171875,335.489990234375,336.07000732421875,1112640
2026-06-26 15:58:00-04:00,334.9100036621094,334.9100036621094,336.510009765625,334.2200012207031,335.54998779296875,3195639
2026-06-29 09:30:00-04:00,343.3399963378906,343.3399963378906,343.3999938964844,338.80999755859375,339.8810119628906,987157
2026-06-29 09:32:00-04:00,345.5299987792969,345.5299987792969,345.69500732421875,343.2300109863281,343.29998779296875,276574
2026-06-29 09:34:00-04:00,344.6907958984375,344.6907958984375,346.489990234375,344.6600036621094,345.6000061035156,206849
2026-06-29 09:36:00-04:00,345.3599853515625,345.3599853515625,346.1400146484375,344.1499938964844,344.7737121582031,191041
2026-06-29 09:38:00-04:00,345.260009765625,345.260009765625,345.79998779296875,344.5199890136719,345.3504943847656,107803
2026-06-29 09:40:00-04:00,345.0199890136719,345.0199890136719,345.54998779296875,344.42999267578125,345.1199951171875,116235
2026-06-29 09:42:00-04:00,344.3500061035156,344.3500061035156,345.19000244140625,344.0799865722656,345.0299987792969,120150
2026-06-29 09:44:00-04:00,344.7699890136719,344.7699890136719,345.1995849609375,344.031494140625,344.385009765625,150003
2026-06-29 09:46:00-04:00,345.010009765625,345.010009765625,345.6000061035156,344.3999938964844,344.7900085449219,199347
2026-06-29 09:48:00-04:00,344.8500061035156,344.8500061035156,345.3349914550781,344.3500061035156,345.0299987792969,147555
2026-06-29 09:50:00-04:00,345.94500732421875,345.94500732421875,345.9700012207031,344.3500061035156,344.9200134277344,162245
2026-06-29 09:52:00-04:00,346.239990234375,346.239990234375,346.44989013671875,345.6300048828125,345.94500732421875,158421
2026-06-29 09:54:00-04:00,344.9800109863281,344.9800109863281,346.3399963378906,344.92999267578125,346.17999267578125,197433
2026-06-29 09:56:00-04:00,345.0899963378906,345.0899963378906,345.70001220703125,344.7300109863281,345.04998779296875,110775
2026-06-29 09:58:00-04:00,345.7925109863281,345.7925109863281,345.8800048828125,344.8500061035156,345.0851135253906,106938
2026-06-29 10:00:00-04:00,345.2550048828125,345.2550048828125,346.1000061035156,344.8900146484375,345.8599853515625,111015
2026-06-29 10:02:00-04:00,344.92999267578125,344.92999267578125,345.7099914550781,344.7799987792969,345.2900085449219,108161
2026-06-29 10:04:00-04:00,345.1549987792969,345.1549987792969,345.20001220703125,344.42999267578125,344.9100036621094,116124
2026-06-29 10:06:00-04:00,345.864990234375,345.864990234375,346.489990234375,345.19000244140625,345.19000244140625,173247
2026-06-29 10:08:00-04:00,346.4549865722656,346.4549865722656,347.2149963378906,345.8550109863281,345.8550109863281,205153
2026-06-29 10:10:00-04:00,346.5899963378906,346.5899963378906,346.7099914550781,345.82000732421875,346.45001220703125,129930
2026-06-29 10:12:00-04:00,345.2950134277344,345.2950134277344,346.6499938964844,345.2200012207031,346.5899963378906,208663
2026-06-29 10:14:00-04:00,346.1875,346.1875,346.2300109863281,344.74609375,345.24200439453125,166079
2026-06-29 10:16:00-04:00,346.3999938964844,346.3999938964844,346.94000244140625,345.97479248046875,346.2300109863281,158511
2026-06-29 10:18:00-04:00,345.787109375,345.787109375,346.610107421875,345.4800109863281,346.4100036621094,82743
2026-06-29 10:20:00-04:00,346.2099914550781,346.2099914550781,346.2950134277344,345.489990234375,345.79998779296875,147427
2026-06-29 10:22:00-04:00,346.0299987792969,346.0299987792969,346.67498779296875,345.8599853515625,346.2099914550781,74158
2026-06-29 10:24:00-04:00,347.6650085449219,347.6650085449219,347.7200012207031,345.7799987792969,346.0,109760
2026-06-29 10:26:00-04:00,346.4599914550781,346.4599914550781,348.0299987792969,346.32000732421875,347.7200012207031,193220
2026-06-29 10:28:00-04:00,347.0119934082031,347.0119934082031,347.4100036621094,345.95001220703125,346.4599914550781,161730
2026-06-29 10:30:00-04:00,347.12109375,347.12109375,347.25,346.239990234375,347.0400085449219,126929
2026-06-29 10:32:00-04:00,347.3900146484375,347.3900146484375,347.6199951171875,346.68499755859375,347.090087890625,182576
2026-06-29 10:34:00-04:00,347.25,347.25,347.5299987792969,346.6700134277344,347.44000244140625,145818
2026-06-29 10:36:00-04:00,347.95001220703125,347.95001220703125,348.00250244140625,347.19000244140625,347.32000732421875,185015
2026-06-29 10:38:00-04:00,348.6401062011719,348.6401062011719,348.6600036621094,347.8699951171875,347.9100036621094,292787
2026-06-29 10:40:00-04:00,349.6000061035156,349.6000061035156,349.7309875488281,348.57000732421875,348.70989990234375,234701
2026-06-29 10:42:00-04:00,349.2799987792969,349.2799987792969,349.6000061035156,348.8900146484375,349.6000061035156,244305
2026-06-29 10:44:00-04:00,346.92999267578125,346.92999267578125,349.2799987792969,346.8399963378906,349.2749938964844,178087
2026-06-29 10:46:00-04:00,346.5,346.5,347.1000061035156,346.29998779296875,346.9549865722656,138994
2026-06-29 10:48:00-04:00,347.0801086425781,347.0801086425781,347.1400146484375,346.4200134277344,346.6000061035156,145606
2026-06-29 10:50:00-04:00,347.82000732421875,347.82000732421875,347.8599853515625,346.9252014160156,347.0421142578125,112663
2026-06-29 10:52:00-04:00,348.1499938964844,348.1499938964844,348.19989013671875,347.6499938964844,347.8800048828125,77529
2026-06-29 10:54:00-04:00,347.92999267578125,347.92999267578125,348.3399963378906,347.5299987792969,348.12799072265625,123491
2026-06-29 10:56:00-04:00,347.8699951171875,347.8699951171875,348.135009765625,347.4200134277344,348.0199890136719,139852
2026-06-29 10:58:00-04:00,348.3900146484375,348.3900146484375,348.4700012207031,347.8500061035156,347.8599853515625,100963
2026-06-29 11:00:00-04:00,348.3999938964844,348.3999938964844,348.6700134277344,348.2300109863281,348.3800048828125,94289
2026-06-29 11:02:00-04:00,349.19000244140625,349.19000244140625,349.19000244140625,348.239990234375,348.42999267578125,84785
2026-06-29 11:04:00-04:00,349.2300109863281,349.2300109863281,349.45001220703125,348.9800109863281,349.1899108886719,130015
2026-06-29 11:06:00-04:00,348.7200012207031,348.7200012207031,349.4100036621094,348.6400146484375,349.2300109863281,91315
2026-06-29 11:08:00-04:00,348.4800109863281,348.4800109863281,348.7799987792969,348.1099853515625,348.7799987792969,89656
2026-06-29 11:10:00-04:00,348.239990234375,348.239990234375,348.5849914550781,348.0,348.4800109863281,77285
2026-06-29 11:12:00-04:00,348.3399963378906,348.3399963378906,348.4700012207031,348.0899963378906,348.260009765625,127858
2026-06-29 11:14:00-04:00,348.2049865722656,348.2049865722656,348.54998779296875,348.13128662109375,348.3599853515625,75394
2026-06-29 11:16:00-04:00,348.5899963378906,348.5899963378906,348.6700134277344,348.1000061035156,348.2200012207031,82762
2026-06-29 11:18:00-04:00,349.1300048828125,349.1300048828125,349.3500061035156,348.4599914550781,348.5899963378906,172125
2026-06-29 11:20:00-04:00,349.5299987792969,349.5299987792969,349.5899963378906,348.8900146484375,349.18499755859375,155939
2026-06-29 11:22:00-04:00,348.6600036621094,348.6600036621094,349.7799987792969,348.6300048828125,349.5199890136719,102799
2026-06-29 11:24:00-04:00,348.6919860839844,348.6919860839844,348.8599853515625,348.3699951171875,348.6300048828125,116145
2026-06-29 11:26:00-04:00,349.0502014160156,349.0502014160156,349.2799072265625,348.5,348.69000244140625,97077
2026-06-29 11:28:00-04:00,349.4516906738281,349.4516906738281,349.70001220703125,349.07000732421875,349.0895080566406,172008
2026-06-29 11:30:00-04:00,348.8999938964844,348.8999938964844,349.5400085449219,348.6499938964844,349.44000244140625,106536
2026-06-29 11:32:00-04:00,349.2200012207031,349.2200012207031,349.44000244140625,348.82000732421875,348.9599914550781,121689
2026-06-29 11:34:00-04:00,348.80999755859375,348.80999755859375,349.2699890136719,348.57000732421875,349.239990234375,101766
2026-06-29 11:36:00-04:00,349.2488098144531,349.2488098144531,349.2699890136719,348.5799865722656,348.7900085449219,189537
2026-06-29 11:38:00-04:00,349.4599914550781,349.4599914550781,349.7124938964844,349.04998779296875,349.2373962402344,113735
2026-06-29 11:40:00-04:00,349.6600036621094,349.6600036621094,349.70001220703125,349.3599853515625,349.4599914550781,123984
2026-06-29 11:42:00-04:00,349.9649963378906,349.9649963378906,350.20001220703125,349.42999267578125,349.70001220703125,198064
2026-06-29 11:44:00-04:00,349.9200134277344,349.9200134277344,350.42999267578125,349.8399963378906,349.9599914550781,136255
2026-06-29 11:46:00-04:00,350.1400146484375,350.1400146484375,350.1400146484375,349.6700134277344,349.9200134277344,88498
2026-06-29 11:48:00-04:00,349.739990234375,349.739990234375,350.18701171875,349.5400085449219,350.1499938964844,84295
2026-06-29 11:50:00-04:00,349.8550109863281,349.8550109863281,349.92999267578125,349.5400085449219,349.7850036621094,66581
2026-06-29 11:52:00-04:00,349.74169921875,349.74169921875,349.9100036621094,349.5274963378906,349.8450012207031,69879
2026-06-29 11:54:00-04:00,350.18499755859375,350.18499755859375,350.3299865722656,349.5899963378906,349.7200012207031,99606
2026-06-29 11:56:00-04:00,350.5799865722656,350.5799865722656,350.6000061035156,350.0885925292969,350.17999267578125,112959
2026-06-29 11:58:00-04:00,350.7300109863281,350.7300109863281,350.8900146484375,350.4800109863281,350.57000732421875,88858
2026-06-29 12:00:00-04:00,350.7250061035156,350.7250061035156,350.84991455078125,350.625,350.7300109863281,186857
2026-06-29 12:02:00-04:00,350.5799865722656,350.5799865722656,350.7699890136719,350.4385986328125,350.70001220703125,97410
2026-06-29 12:04:00-04:00,350.82000732421875,350.82000732421875,350.92999267578125,350.3949890136719,350.57501220703125,97762
2026-06-29 12:06:00-04:00,350.6549987792969,350.6549987792969,350.9299011230469,350.489990234375,350.80999755859375,101182
2026-06-29 12:08:00-04:00,350.6000061035156,350.6000061035156,350.7300109863281,350.3999938964844,350.6700134277344,74714
2026-06-29 12:10:00-04:00,350.864990234375,350.864990234375,350.94000244140625,350.5,350.6199951171875,73590
2026-06-29 12:12:00-04:00,350.70001220703125,350.70001220703125,350.95001220703125,350.54998779296875,350.864990234375,81589
2026-06-29 12:14:00-04:00,350.6000061035156,350.6000061035156,350.8500061035156,350.57000732421875,350.7300109863281,49597
2026-06-29 12:16:00-04:00,350.7900085449219,350.7900085449219,350.82501220703125,350.5914001464844,350.6300048828125,51997
2026-06-29 12:18:00-04:00,350.80999755859375,350.80999755859375,351.04998779296875,350.6499938964844,350.82000732421875,80303
2026-06-29 12:20:00-04:00,350.64581298828125,350.64581298828125,350.95001220703125,350.6199951171875,350.80999755859375,69223
2026-06-29 12:22:00-04:00,350.42999267578125,350.42999267578125,350.7799987792969,350.3399963378906,350.67999267578125,54087
2026-06-29 12:24:00-04:00,350.3599853515625,350.3599853515625,350.5199890136719,350.20001220703125,350.3999938964844,65347
2026-06-29 12:26:00-04:00,350.2449951171875,350.2449951171875,350.3999938964844,350.1700134277344,350.30999755859375,37643
2026-06-29 12:28:00-04:00,350.0799865722656,350.0799865722656,350.3399963378906,349.92999267578125,350.2550048828125,69743
2026-06-29 12:30:00-04:00,350.0,350.0,350.25,349.9710998535156,350.0799865722656,46671
2026-06-29 12:32:00-04:00,350.14990234375,350.14990234375,350.4574890136719,350.0000915527344,350.0000915527344,52494
2026-06-29 12:34:00-04:00,350.05499267578125,350.05499267578125,350.239990234375,350.0299987792969,350.1162109375,39445
2026-06-29 12:36:00-04:00,349.70001220703125,349.70001220703125,350.20989990234375,349.6099853515625,350.0799865722656,101432
2026-06-29 12:38:00-04:00,349.3999938964844,349.3999938964844,349.7300109863281,349.20001220703125,349.7029113769531,108817
2026-06-29 12:40:00-04:00,349.1401062011719,349.1401062011719,349.4100036621094,349.0199890136719,349.3500061035156,75798
2026-06-29 12:42:00-04:00,348.79998779296875,348.79998779296875,349.1600036621094,348.79998779296875,349.1199951171875,115886
2026-06-29 12:44:00-04:00,349.3800048828125,349.3800048828125,349.3900146484375,348.7308044433594,348.7749938964844,56411
2026-06-29 12:46:00-04:00,349.5575866699219,349.5575866699219,349.625,349.3201904296875,349.3999938964844,34222
2026-06-29 12:48:00-04:00,349.5513000488281,349.5513000488281,349.70001220703125,349.4800109863281,349.57501220703125,46602
2026-06-29 12:50:00-04:00,349.9800109863281,349.9800109863281,350.25,349.57000732421875,349.5899963378906,216062
2026-06-29 12:52:00-04:00,350.1099853515625,350.1099853515625,350.1549987792969,349.8900146484375,349.95001220703125,48880
2026-06-29 12:54:00-04:00,350.07501220703125,350.07501220703125,350.32000732421875,350.0299987792969,350.1300048828125,39767
2026-06-29 12:56:00-04:00,349.625,349.625,350.260009765625,349.54998779296875,350.1000061035156,70619
2026-06-29 12:58:00-04:00,349.54998779296875,349.54998779296875,349.75,349.510009765625,349.5899963378906,39785
2026-06-29 13:00:00-04:00,349.7699890136719,349.7699890136719,349.81829833984375,349.5199890136719,349.5799865722656,47050
2026-06-29 13:02:00-04:00,350.1300048828125,350.1300048828125,350.1499938964844,349.75,349.7900085449219,83529
2026-06-29 13:04:00-04:00,350.17498779296875,350.17498779296875,350.3299865722656,349.94000244140625,350.1400146484375,44940
2026-06-29 13:06:00-04:00,350.17010498046875,350.17010498046875,350.25,350.1000061035156,350.2049865722656,57900
2026-06-29 13:08:00-04:00,350.4100036621094,350.4100036621094,350.5799865722656,350.0899963378906,350.1700134277344,40880
2026-06-29 13:10:00-04:00,350.52398681640625,350.52398681640625,350.5400085449219,350.29998779296875,350.4100036621094,57971
2026-06-29 13:12:00-04:00,350.8399963378906,350.8399963378906,350.8999938964844,350.5,350.5299987792969,68686
2026-06-29 13:14:00-04:00,350.5,350.5,350.95001220703125,350.5,350.864990234375,57154
2026-06-29 13:16:00-04:00,350.5799865722656,350.5799865722656,350.70001220703125,350.339599609375,350.5199890136719,44484
2026-06-29 13:18:00-04:00,350.4700012207031,350.4700012207031,350.5802001953125,350.3299865722656,350.54998779296875,46173
2026-06-29 13:20:00-04:00,350.75,350.75,350.877685546875,350.4949951171875,350.4949951171875,50350
2026-06-29 13:22:00-04:00,350.6400146484375,350.6400146484375,350.8550109863281,350.6099853515625,350.7550048828125,66643
2026-06-29 13:24:00-04:00,350.6799011230469,350.6799011230469,350.69500732421875,350.42999267578125,350.6600036621094,93604
2026-06-29 13:26:00-04:00,350.5101013183594,350.5101013183594,350.82501220703125,350.4200134277344,350.67999267578125,94440
2026-06-29 13:28:00-04:00,350.635009765625,350.635009765625,350.7900085449219,350.3699951171875,350.510009765625,66473
2026-06-29 13:30:00-04:00,351.239990234375,351.239990234375,351.4200134277344,350.5799865722656,350.6300048828125,117608
2026-06-29 13:32:00-04:00,350.966796875,350.966796875,351.260009765625,350.7799987792969,351.2200012207031,265331
2026-06-29 13:34:00-04:00,351.4599914550781,351.4599914550781,351.510009765625,350.94000244140625,350.9949951171875,91705
2026-06-29 13:36:00-04:00,351.5,351.5,351.6000061035156,351.3599853515625,351.4649963378906,47591
2026-06-29 13:38:00-04:00,351.4599914550781,351.4599914550781,351.57000732421875,351.3599853515625,351.510009765625,54914
2026-06-29 13:40:00-04:00,351.5050048828125,351.5050048828125,351.7300109863281,351.29010009765625,351.3757019042969,43018
2026-06-29 13:42:00-04:00,351.4400939941406,351.4400939941406,351.739013671875,351.44000244140625,351.4901123046875,36915
2026-06-29 13:44:00-04:00,351.04998779296875,351.04998779296875,351.57000732421875,351.0043029785156,351.4599914550781,36762
2026-06-29 13:46:00-04:00,350.94000244140625,350.94000244140625,351.2200012207031,350.94000244140625,351.0899963378906,38629
2026-06-29 13:48:00-04:00,351.0450134277344,351.0450134277344,351.19989013671875,350.8500061035156,350.9200134277344,32298
2026-06-29 13:50:00-04:00,351.30999755859375,351.30999755859375,351.44000244140625,350.9800109863281,351.0199890136719,49220
2026-06-29 13:52:00-04:00,351.5,351.5,351.5799865722656,351.2764892578125,351.31988525390625,50259
2026-06-29 13:54:00-04:00,351.2699890136719,351.2699890136719,351.4800109863281,351.1111145019531,351.4700012207031,50713
2026-06-29 13:56:00-04:00,351.29998779296875,351.29998779296875,351.4800109863281,351.2099914550781,351.30999755859375,46887
2026-06-29 13:58:00-04:00,351.44000244140625,351.44000244140625,351.45001220703125,351.1499938964844,351.2799987792969,66274
2026-06-29 14:00:00-04:00,351.38751220703125,351.38751220703125,351.66009521484375,351.32000732421875,351.3999938964844,44854
2026-06-29 14:02:00-04:00,350.9700927734375,350.9700927734375,351.3999938964844,350.9700927734375,351.3800048828125,46723
2026-06-29 14:04:00-04:00,351.1099853515625,351.1099853515625,351.2598876953125,350.8699951171875,350.94000244140625,72936
2026-06-29 14:06:00-04:00,351.05999755859375,351.05999755859375,351.27069091796875,351.0,351.07501220703125,59169
2026-06-29 14:08:00-04:00,351.1400146484375,351.1400146484375,351.1499938964844,350.8500061035156,351.04998779296875,69708
2026-06-29 14:10:00-04:00,351.0450134277344,351.0450134277344,351.2699890136719,351.0400085449219,351.1199951171875,58309
2026-06-29 14:12:00-04:00,350.9150085449219,350.9150085449219,351.1199951171875,350.8399963378906,351.04998779296875,45742
2026-06-29 14:14:00-04:00,350.8299865722656,350.8299865722656,351.0,350.80999755859375,350.8699951171875,51209
2026-06-29 14:16:00-04:00,350.810791015625,350.810791015625,350.8900146484375,350.7300109863281,350.82000732421875,75448
2026-06-29 14:18:00-04:00,350.3450012207031,350.3450012207031,350.92999267578125,350.3100891113281,350.80999755859375,64537
2026-06-29 14:20:00-04:00,350.29998779296875,350.29998779296875,350.6099853515625,350.260009765625,350.30999755859375,38961
2026-06-29 14:22:00-04:00,350.2699890136719,350.2699890136719,350.3999938964844,350.125,350.29998779296875,55108
2026-06-29 14:24:00-04:00,350.3699951171875,350.3699951171875,350.5050048828125,350.260009765625,350.2850036621094,39289
2026-06-29 14:26:00-04:00,350.6600036621094,350.6600036621094,350.67999267578125,350.2799987792969,350.3699951171875,57738
2026-06-29 14:28:00-04:00,350.8399963378906,350.8399963378906,350.92999267578125,350.6099853515625,350.6300048828125,80678
2026-06-29 14:30:00-04:00,350.94000244140625,350.94000244140625,351.1000061035156,350.6499938964844,350.79998779296875,106229
2026-06-29 14:32:00-04:00,351.0350036621094,351.0350036621094,351.125,350.8599853515625,350.94000244140625,61790
2026-06-29 14:34:00-04:00,351.125,351.125,351.2099914550781,350.9100036621094,351.0199890136719,68727
2026-06-29 14:36:00-04:00,351.1050109863281,351.1050109863281,351.34210205078125,350.9100036621094,351.0899963378906,71461
2026-06-29 14:38:00-04:00,351.0799865722656,351.0799865722656,351.25,350.8800048828125,351.1050109863281,33870
2026-06-29 14:40:00-04:00,351.07501220703125,351.07501220703125,351.2099914550781,350.9800109863281,351.07000732421875,40672
2026-06-29 14:42:00-04:00,351.375,351.375,351.3900146484375,351.0849914550781,351.0849914550781,55547
2026-06-29 14:44:00-04:00,351.3450012207031,351.3450012207031,351.45001220703125,351.1199951171875,351.364990234375,67342
2026-06-29 14:46:00-04:00,351.17999267578125,351.17999267578125,351.3299865722656,351.0400085449219,351.3299865722656,45967
2026-06-29 14:48:00-04:00,351.1499938964844,351.1499938964844,351.2850036621094,351.0899963378906,351.1600036621094,42191
2026-06-29 14:50:00-04:00,351.2200012207031,351.2200012207031,351.30999755859375,351.1400146484375,351.1521911621094,47543
2026-06-29 14:52:00-04:00,350.8399963378906,350.8399963378906,351.2601013183594,350.75030517578125,351.239990234375,46596
2026-06-29 14:54:00-04:00,350.5199890136719,350.5199890136719,350.90008544921875,350.510009765625,350.8349914550781,39180
2026-06-29 14:56:00-04:00,350.6199951171875,350.6199951171875,350.7900085449219,350.510009765625,350.5331115722656,66259
2026-06-29 14:58:00-04:00,350.3500061035156,350.3500061035156,350.6199951171875,350.2300109863281,350.6099853515625,41687
2026-06-29 15:00:00-04:00,350.7300109863281,350.7300109863281,350.7900085449219,350.3500061035156,350.3500061035156,134034
2026-06-29 15:02:00-04:00,350.75,350.75,350.95709228515625,350.54998779296875,350.75,65978
2026-06-29 15:04:00-04:00,350.7900085449219,350.7900085449219,350.9100036621094,350.6600036621094,350.7900085449219,42146
2026-06-29 15:06:00-04:00,350.7799987792969,350.7799987792969,350.9674987792969,350.6600036621094,350.7524108886719,47062
2026-06-29 15:08:00-04:00,350.739990234375,350.739990234375,350.8599853515625,350.6600036621094,350.7699890136719,40067
2026-06-29 15:10:00-04:00,350.5400085449219,350.5400085449219,350.8500061035156,350.3999938964844,350.75,56206
2026-06-29 15:12:00-04:00,350.4049987792969,350.4049987792969,350.5231018066406,350.32000732421875,350.489990234375,47342
2026-06-29 15:14:00-04:00,350.75,350.75,350.9049987792969,350.360107421875,350.39080810546875,129351
2026-06-29 15:16:00-04:00,350.5400085449219,350.5400085449219,350.760009765625,350.35009765625,350.75,57674
2026-06-29 15:18:00-04:00,350.4800109863281,350.4800109863281,350.7550048828125,350.4100036621094,350.54998779296875,56839
2026-06-29 15:20:00-04:00,350.5400085449219,350.5400085449219,350.67999267578125,350.4200134277344,350.489990234375,49140
2026-06-29 15:22:00-04:00,350.44500732421875,350.44500732421875,350.6050109863281,350.40008544921875,350.5450134277344,52292
2026-06-29 15:24:00-04:00,349.7300109863281,349.7300109863281,350.5,349.6400146484375,350.44000244140625,92787
2026-06-29 15:26:00-04:00,349.8800048828125,349.8800048828125,350.0,349.7300109863281,349.7300109863281,102565
2026-06-29 15:28:00-04:00,349.7699890136719,349.7699890136719,350.031494140625,349.67999267578125,349.8550109863281,86036
2026-06-29 15:30:00-04:00,350.2300109863281,350.2300109863281,350.3110046386719,349.739990234375,349.7491149902344,78326
2026-06-29 15:32:00-04:00,350.4949951171875,350.4949951171875,350.6600036621094,350.2250061035156,350.2300109863281,114235
2026-06-29 15:34:00-04:00,350.6400146484375,350.6400146484375,350.79998779296875,350.3999938964844,350.5199890136719,110169
2026-06-29 15:36:00-04:00,350.95001220703125,350.95001220703125,351.04998779296875,350.6199951171875,350.64990234375,76592
2026-06-29 15:38:00-04:00,351.30999755859375,351.30999755859375,351.30999755859375,350.92999267578125,350.9800109863281,107382
2026-06-29 15:40:00-04:00,351.4599914550781,351.4599914550781,351.7449951171875,351.25,351.30999755859375,90296
2026-06-29 15:42:00-04:00,351.6700134277344,351.6700134277344,351.70001220703125,351.3599853515625,351.45001220703125,68254
2026-06-29 15:44:00-04:00,351.8599853515625,351.8599853515625,351.95001220703125,351.6449890136719,351.6700134277344,94672
2026-06-29 15:46:00-04:00,351.6499938964844,351.6499938964844,351.9700012207031,351.54998779296875,351.8599853515625,101042
2026-06-29 15:48:00-04:00,351.29998779296875,351.29998779296875,351.7200012207031,351.25,351.6549987792969,127223
2026-06-29 15:50:00-04:00,351.06500244140625,351.06500244140625,351.44000244140625,350.45001220703125,351.3699951171875,225479
2026-06-29 15:52:00-04:00,350.9700012207031,350.9700012207031,351.05999755859375,350.489990234375,351.05999755859375,180089
2026-06-29 15:54:00-04:00,351.45001220703125,351.45001220703125,351.55999755859375,350.7900085449219,350.9700012207031,299244
2026-06-29 15:56:00-04:00,351.1400146484375,351.1400146484375,351.4599914550781,351.0400085449219,351.4599914550781,240367
2026-06-29 15:58:00-04:00,351.0799865722656,351.0799865722656,351.489990234375,350.9800109863281,351.1400146484375,584315
2026-06-30 09:30:00-04:00,349.9750061035156,349.9750061035156,352.3500061035156,349.8699951171875,351.3550109863281,713124
2026-06-30 09:32:00-04:00,349.4757995605469,349.4757995605469,350.1199951171875,348.3500061035156,349.92999267578125,155526
2026-06-30 09:34:00-04:00,348.989990234375,348.989990234375,349.5400085449219,348.6300048828125,349.5400085449219,144076
2026-06-30 09:36:00-04:00,348.5198974609375,348.5198974609375,349.8399963378906,348.42999267578125,349.0199890136719,114381
2026-06-30 09:38:00-04:00,348.82501220703125,348.82501220703125,349.0350036621094,348.30029296875,348.4750061035156,94975
2026-06-30 09:40:00-04:00,348.95001220703125,348.95001220703125,349.4100036621094,348.6000061035156,348.7251892089844,64936
2026-06-30 09:42:00-04:00,349.5096130371094,349.5096130371094,349.6199951171875,348.6700134277344,348.94000244140625,63221
2026-06-30 09:44:00-04:00,349.5899963378906,349.5899963378906,349.75,348.9599914550781,349.5299987792969,86983
2026-06-30 09:46:00-04:00,349.6449890136719,349.6449890136719,350.6600036621094,349.1300048828125,349.5299987792969,96118
2026-06-30 09:48:00-04:00,349.9700012207031,349.9700012207031,350.2099914550781,349.5299987792969,349.69000244140625,61340
2026-06-30 09:50:00-04:00,349.760009765625,349.760009765625,349.92498779296875,348.82000732421875,349.92498779296875,76158
2026-06-30 09:52:00-04:00,349.20001220703125,349.20001220703125,349.7200012207031,348.9013977050781,349.7200012207031,58795
2026-06-30 09:54:00-04:00,349.4599914550781,349.4599914550781,349.5299987792969,348.7025146484375,349.17999267578125,45373
2026-06-30 09:56:00-04:00,349.54998779296875,349.54998779296875,349.7799987792969,348.9800109863281,349.510009765625,44635
2026-06-30 09:58:00-04:00,349.5400085449219,349.5400085449219,349.6400146484375,348.8999938964844,349.5899963378906,103113
2026-06-30 10:00:00-04:00,349.2449951171875,349.2449951171875,349.45001220703125,348.1099853515625,349.45001220703125,73071
2026-06-30 10:02:00-04:00,349.1499938964844,349.1499938964844,349.7650146484375,348.8999938964844,349.2300109863281,62836
2026-06-30 10:04:00-04:00,350.4100036621094,350.4100036621094,350.44989013671875,348.9700012207031,349.1400146484375,75486
2026-06-30 10:06:00-04:00,349.67999267578125,349.67999267578125,351.0799865722656,349.64739990234375,350.4200134277344,66402
2026-06-30 10:08:00-04:00,349.8550109863281,349.8550109863281,350.1700134277344,349.4700012207031,349.739990234375,49423
2026-06-30 10:10:00-04:00,349.7200012207031,349.7200012207031,350.3299865722656,349.6300048828125,349.75,47226
2026-06-30 10:12:00-04:00,349.9549865722656,349.9549865722656,350.3999938964844,349.5849914550781,349.760009765625,31592
2026-06-30 10:14:00-04:00,350.3200988769531,350.3200988769531,350.4100036621094,349.69500732421875,349.8949890136719,46878
2026-06-30 10:16:00-04:00,350.69000244140625,350.69000244140625,351.0669860839844,350.1700134277344,350.32000732421875,87238
2026-06-30 10:18:00-04:00,350.4399108886719,350.4399108886719,350.67999267578125,350.0799865722656,350.5928039550781,55704
2026-06-30 10:20:00-04:00,350.5400085449219,350.5400085449219,350.7099914550781,350.1499938964844,350.3999938964844,40381
2026-06-30 10:22:00-04:00,351.0,351.0,351.0299987792969,350.44000244140625,350.5799865722656,34181
2026-06-30 10:24:00-04:00,351.0199890136719,351.0199890136719,351.5050048828125,350.7900085449219,350.9800109863281,102335
2026-06-30 10:26:00-04:00,350.9049987792969,350.9049987792969,351.07989501953125,350.760009765625,350.9700012207031,60070
2026-06-30 10:28:00-04:00,350.864990234375,350.864990234375,351.0199890136719,350.7200012207031,350.94000244140625,59047
2026-06-30 10:30:00-04:00,350.9700012207031,350.9700012207031,351.1199951171875,350.8218994140625,350.8218994140625,50316
2026-06-30 10:32:00-04:00,350.92999267578125,350.92999267578125,351.0498962402344,350.7099914550781,351.0,46229
2026-06-30 10:34:00-04:00,351.18499755859375,351.18499755859375,351.25,350.739990234375,350.9103088378906,72933
2026-06-30 10:36:00-04:00,351.55999755859375,351.55999755859375,351.6199951171875,351.0,351.1400146484375,125046
2026-06-30 10:38:00-04:00,351.9599914550781,351.9599914550781,352.04998779296875,351.3299865722656,351.55999755859375,102973
2026-06-30 10:40:00-04:00,352.2799987792969,352.2799987792969,352.5899963378906,351.75,351.9750061035156,130956
2026-06-30 10:42:00-04:00,351.8503112792969,351.8503112792969,352.29998779296875,351.6099853515625,352.25,73061
2026-06-30 10:44:00-04:00,351.55999755859375,351.55999755859375,351.8999938964844,351.4599914550781,351.8299865722656,30434
2026-06-30 10:46:00-04:00,351.159912109375,351.159912109375,351.5400085449219,350.9100036621094,351.5400085449219,43592
2026-06-30 10:48:00-04:00,351.4891052246094,351.4891052246094,351.4891052246094,351.07000732421875,351.1099853515625,22689
2026-06-30 10:50:00-04:00,351.7242126464844,351.7242126464844,351.8236999511719,351.4200134277344,351.5799865722656,32042
2026-06-30 10:52:00-04:00,351.8999938964844,351.8999938964844,352.0799865722656,351.54998779296875,351.70001220703125,45323
2026-06-30 10:54:00-04:00,352.34521484375,352.34521484375,352.34521484375,351.67999267578125,351.95001220703125,55414
2026-06-30 10:56:00-04:00,352.0899963378906,352.0899963378906,352.71990966796875,352.0899963378906,352.3500061035156,54402
2026-06-30 10:58:00-04:00,352.3800048828125,352.3800048828125,352.87860107421875,352.0950012207031,352.1300048828125,55161
2026-06-30 11:00:00-04:00,352.0799865722656,352.0799865722656,352.44000244140625,352.05999755859375,352.4049987792969,41190
2026-06-30 11:02:00-04:00,352.13800048828125,352.13800048828125,352.42999267578125,351.989990234375,352.0950012207031,59266
2026-06-30 11:04:00-04:00,352.2699890136719,352.2699890136719,352.3800048828125,351.86138916015625,352.1199951171875,67956
2026-06-30 11:06:00-04:00,352.0299987792969,352.0299987792969,352.45001220703125,351.9200134277344,352.239990234375,44949
2026-06-30 11:08:00-04:00,351.65008544921875,351.65008544921875,352.19000244140625,351.510009765625,352.1050109863281,49237
2026-06-30 11:10:00-04:00,351.3550109863281,351.3550109863281,351.989990234375,351.25,351.7300109863281,58127
2026-06-30 11:12:00-04:00,351.95001220703125,351.95001220703125,351.95001220703125,351.364990234375,351.364990234375,47581
2026-06-30 11:14:00-04:00,352.010009765625,352.010009765625,352.2900085449219,351.7099914550781,351.9100036621094,63156
2026-06-30 11:16:00-04:00,352.3900146484375,352.3900146484375,352.4800109863281,351.989990234375,351.989990234375,45540
2026-06-30 11:18:00-04:00,353.6700134277344,353.6700134277344,353.69000244140625,352.3599853515625,352.3966064453125,112277
2026-06-30 11:20:00-04:00,353.6700134277344,353.6700134277344,354.0899963378906,353.4100036621094,353.6700134277344,178298
2026-06-30 11:22:00-04:00,353.385009765625,353.385009765625,353.75,353.27801513671875,353.6499938964844,49199
2026-06-30 11:24:00-04:00,353.54998779296875,353.54998779296875,353.5899963378906,353.239990234375,353.3500061035156,46686
2026-06-30 11:26:00-04:00,353.82110595703125,353.82110595703125,353.94000244140625,353.4200134277344,353.54998779296875,54263
2026-06-30 11:28:00-04:00,353.82501220703125,353.82501220703125,353.9200134277344,353.6705017089844,353.79998779296875,52883
2026-06-30 11:30:00-04:00,353.49200439453125,353.49200439453125,353.9700012207031,353.4700012207031,353.82000732421875,49285
2026-06-30 11:32:00-04:00,353.2749938964844,353.2749938964844,353.54998779296875,353.2349853515625,353.5150146484375,27921
2026-06-30 11:34:00-04:00,353.19000244140625,353.19000244140625,353.7300109863281,353.10009765625,353.2749938964844,92139
2026-06-30 11:36:00-04:00,352.9649963378906,352.9649963378906,353.2699890136719,352.94000244140625,353.20001220703125,75557
2026-06-30 11:38:00-04:00,353.2900085449219,353.2900085449219,353.29998779296875,352.9649963378906,352.9649963378906,70353
2026-06-30 11:40:00-04:00,353.45001220703125,353.45001220703125,353.55999755859375,353.1499938964844,353.30029296875,49211
2026-06-30 11:42:00-04:00,353.25,353.25,353.6300048828125,353.17999267578125,353.45001220703125,54237
2026-06-30 11:44:00-04:00,353.6600036621094,353.6600036621094,353.69000244140625,353.17999267578125,353.239990234375,64400
2026-06-30 11:46:00-04:00,353.9599914550781,353.9599914550781,354.0899963378906,353.6600036621094,353.6600036621094,57717
2026-06-30 11:48:00-04:00,353.5,353.5,353.92498779296875,353.4800109863281,353.9100036621094,33194
2026-06-30 11:50:00-04:00,353.18499755859375,353.18499755859375,353.55999755859375,353.0299987792969,353.5,74089
2026-06-30 11:52:00-04:00,353.42498779296875,353.42498779296875,353.4800109863281,353.1499938964844,353.1499938964844,50384
2026-06-30 11:54:00-04:00,354.0199890136719,354.0199890136719,354.0199890136719,353.3900146484375,353.42498779296875,84341
2026-06-30 11:56:00-04:00,353.9549865722656,353.9549865722656,354.1300048828125,353.8450012207031,354.0,48402
2026-06-30 11:58:00-04:00,354.2900085449219,354.2900085449219,354.30999755859375,353.9599914550781,353.989990234375,57328
2026-06-30 12:00:00-04:00,354.44000244140625,354.44000244140625,354.7074890136719,354.239990234375,354.2900085449219,55233
2026-06-30 12:02:00-04:00,354.1000061035156,354.1000061035156,354.5,354.010009765625,354.42010498046875,62616
2026-06-30 12:04:00-04:00,353.9200134277344,353.9200134277344,354.1499938964844,353.8800048828125,354.1300048828125,45898
2026-06-30 12:06:00-04:00,354.1400146484375,354.1400146484375,354.2222900390625,353.989990234375,354.0,39967
2026-06-30 12:08:00-04:00,353.8399963378906,353.8399963378906,354.1400146484375,353.7200012207031,354.1400146484375,55682
2026-06-30 12:10:00-04:00,354.1383972167969,354.1383972167969,354.1499938964844,353.7799987792969,353.8500061035156,57768
2026-06-30 12:12:00-04:00,353.8699035644531,353.8699035644531,354.2499084472656,353.8399963378906,354.1361999511719,28279
2026-06-30 12:14:00-04:00,354.57000732421875,354.57000732421875,354.57000732421875,353.82000732421875,353.8500061035156,41605
2026-06-30 12:16:00-04:00,354.6400146484375,354.6400146484375,354.739990234375,354.5107116699219,354.5107116699219,35894
2026-06-30 12:18:00-04:00,354.55999755859375,354.55999755859375,354.69000244140625,354.44000244140625,354.6300048828125,45893
2026-06-30 12:20:00-04:00,354.7200012207031,354.7200012207031,354.7699890136719,354.5299987792969,354.5450134277344,38745
2026-06-30 12:22:00-04:00,354.8999938964844,354.8999938964844,355.1700134277344,354.7200012207031,354.7200012207031,88152
2026-06-30 12:24:00-04:00,354.6199951171875,354.6199951171875,354.9800109863281,354.6099853515625,354.95001220703125,29609
2026-06-30 12:26:00-04:00,354.67498779296875,354.67498779296875,354.70001220703125,354.4601135253906,354.6300048828125,27793
2026-06-30 12:28:00-04:00,354.4999084472656,354.4999084472656,354.7250061035156,354.2900085449219,354.70001220703125,52645
2026-06-30 12:30:00-04:00,354.6199951171875,354.6199951171875,354.67999267578125,354.3800048828125,354.4700012207031,25310
2026-06-30 12:32:00-04:00,354.8599853515625,354.8599853515625,354.8900146484375,354.3450012207031,354.57000732421875,46221
2026-06-30 12:34:00-04:00,354.43499755859375,354.43499755859375,354.8599853515625,354.4226989746094,354.8599853515625,40110
2026-06-30 12:36:00-04:00,354.75,354.75,354.8450012207031,354.43499755859375,354.43499755859375,26898
2026-06-30 12:38:00-04:00,354.9100036621094,354.9100036621094,354.9599914550781,354.7300109863281,354.7442932128906,20237
2026-06-30 12:40:00-04:00,355.0799865722656,355.0799865722656,355.19000244140625,354.8800048828125,354.9100036621094,67343
2026-06-30 12:42:00-04:00,354.92608642578125,354.92608642578125,355.2200012207031,354.9150085449219,355.05999755859375,37237
2026-06-30 12:44:00-04:00,354.94000244140625,354.94000244140625,355.010009765625,354.5899963378906,354.9800109863281,39311
2026-06-30 12:46:00-04:00,355.07000732421875,355.07000732421875,355.32000732421875,354.9100036621094,354.94989013671875,47531
2026-06-30 12:48:00-04:00,355.010009765625,355.010009765625,355.3900146484375,354.96099853515625,355.06500244140625,36144
2026-06-30 12:50:00-04:00,354.75,354.75,355.0799865722656,354.7001037597656,355.0,77910
2026-06-30 12:52:00-04:00,354.2882080078125,354.2882080078125,354.82501220703125,354.25,354.739990234375,64141
2026-06-30 12:54:00-04:00,354.3299865722656,354.3299865722656,354.44000244140625,354.25,354.2699890136719,53298
2026-06-30 12:56:00-04:00,354.3500061035156,354.3500061035156,354.42999267578125,354.2900085449219,354.32000732421875,31184
2026-06-30 12:58:00-04:00,354.55999755859375,354.55999755859375,354.57000732421875,354.1600036621094,354.32000732421875,38400
2026-06-30 13:00:00-04:00,354.0950012207031,354.0950012207031,354.7799987792969,354.0950012207031,354.6099853515625,36530
2026-06-30 13:02:00-04:00,354.05999755859375,354.05999755859375,354.1499938964844,353.7850036621094,354.1400146484375,42476
2026-06-30 13:04:00-04:00,354.1499938964844,354.1499938964844,354.260009765625,353.9700012207031,354.0400085449219,31652
2026-06-30 13:06:00-04:00,354.3900146484375,354.3900146484375,354.5,353.989990234375,354.1199951171875,45435
2026-06-30 13:08:00-04:00,354.260009765625,354.260009765625,354.5,354.2099914550781,354.4150085449219,40712
2026-06-30 13:10:00-04:00,354.29998779296875,354.29998779296875,354.4100036621094,354.1600036621094,354.260009765625,36846
2026-06-30 13:12:00-04:00,354.260009765625,354.260009765625,354.3399963378906,354.1044006347656,354.28509521484375,24738
2026-06-30 13:14:00-04:00,354.1400146484375,354.1400146484375,354.3800048828125,353.9800109863281,354.25,31154
2026-06-30 13:16:00-04:00,354.3500061035156,354.3500061035156,354.42999267578125,354.14599609375,354.14599609375,29526
2026-06-30 13:18:00-04:00,354.32000732421875,354.32000732421875,354.57000732421875,354.2300109863281,354.39990234375,37763
2026-06-30 13:20:00-04:00,354.05499267578125,354.05499267578125,354.29998779296875,353.9800109863281,354.2099914550781,19572
2026-06-30 13:22:00-04:00,353.739990234375,353.739990234375,354.0450134277344,353.6499938964844,354.0450134277344,35738
2026-06-30 13:24:00-04:00,353.6050109863281,353.6050109863281,353.82000732421875,353.5899963378906,353.7550048828125,35441
2026-06-30 13:26:00-04:00,353.3550109863281,353.3550109863281,353.6199951171875,353.05999755859375,353.6050109863281,39027
2026-06-30 13:28:00-04:00,352.7601013183594,352.7601013183594,353.32000732421875,352.7601013183594,353.32000732421875,34764
2026-06-30 13:30:00-04:00,352.6499938964844,352.6499938964844,352.79998779296875,352.4200134277344,352.7872009277344,37558
2026-06-30 13:32:00-04:00,352.80010986328125,352.80010986328125,352.94000244140625,352.6700134277344,352.6700134277344,47430
2026-06-30 13:34:00-04:00,352.95001220703125,352.95001220703125,352.989990234375,352.6304016113281,352.80999755859375,42867
2026-06-30 13:36:00-04:00,352.94000244140625,352.94000244140625,352.989990234375,352.6499938964844,352.9200134277344,41805
2026-06-30 13:38:00-04:00,352.95001220703125,352.95001220703125,353.1600036621094,352.8163146972656,352.95001220703125,45525
2026-06-30 13:40:00-04:00,353.04998779296875,353.04998779296875,353.0799865722656,352.8183898925781,352.92999267578125,55758
2026-06-30 13:42:00-04:00,352.8999938964844,352.8999938964844,353.1400146484375,352.7900085449219,353.04998779296875,59865
2026-06-30 13:44:00-04:00,353.1099853515625,353.1099853515625,353.1199951171875,352.7900085449219,352.8900146484375,52266
2026-06-30 13:46:00-04:00,352.6521911621094,352.6521911621094,353.1099853515625,352.6099853515625,353.0799865722656,48678
2026-06-30 13:48:00-04:00,353.0299987792969,353.0299987792969,353.1199951171875,352.5700988769531,352.6600036621094,58900
2026-06-30 13:50:00-04:00,353.1600036621094,353.1600036621094,353.20001220703125,352.94000244140625,353.0299987792969,60577
2026-06-30 13:52:00-04:00,353.0950012207031,353.0950012207031,353.3699951171875,352.9200134277344,353.1700134277344,78455
2026-06-30 13:54:00-04:00,353.0899963378906,353.0899963378906,353.2799987792969,353.0,353.1050109863281,30991
2026-06-30 13:56:00-04:00,353.0,353.0,353.2099914550781,352.94000244140625,353.125,149362
2026-06-30 13:58:00-04:00,353.1401062011719,353.1401062011719,353.2799987792969,352.9700012207031,353.0,118324
2026-06-30 14:00:00-04:00,353.1400146484375,353.1400146484375,353.5,352.9100036621094,353.1824951171875,136279
2026-06-30 14:02:00-04:00,352.7049865722656,352.7049865722656,353.20001220703125,352.5799865722656,353.1199951171875,212202
2026-06-30 14:04:00-04:00,352.760009765625,352.760009765625,352.95001220703125,352.6199951171875,352.69500732421875,70363
2026-06-30 14:06:00-04:00,353.1416931152344,353.1416931152344,353.17999267578125,352.80999755859375,352.80999755859375,51465
2026-06-30 14:08:00-04:00,353.010009765625,353.010009765625,353.1400146484375,352.8500061035156,353.1300048828125,58417
2026-06-30 14:10:00-04:00,353.3299865722656,353.3299865722656,353.3299865722656,352.9800109863281,352.9849853515625,31536
2026-06-30 14:12:00-04:00,353.44000244140625,353.44000244140625,353.5400085449219,353.2799987792969,353.3399963378906,60078
2026-06-30 14:14:00-04:00,353.2701110839844,353.2701110839844,353.4599914550781,353.0899963378906,353.4100036621094,36379
2026-06-30 14:16:00-04:00,353.2950134277344,353.2950134277344,353.4200134277344,353.2699890136719,353.32989501953125,31121
2026-06-30 14:18:00-04:00,353.5400085449219,353.5400085449219,353.5899963378906,353.239990234375,353.2699890136719,35278
2026-06-30 14:20:00-04:00,353.6499938964844,353.6499938964844,353.7099914550781,353.2699890136719,353.510009765625,42241
2026-06-30 14:22:00-04:00,353.6700134277344,353.6700134277344,353.7085876464844,353.3999938964844,353.6799011230469,37944
2026-06-30 14:24:00-04:00,353.6474914550781,353.6474914550781,353.7300109863281,353.55999755859375,353.6700134277344,30342
2026-06-30 14:26:00-04:00,353.6300048828125,353.6300048828125,353.69000244140625,353.4599914550781,353.6600036621094,52608
2026-06-30 14:28:00-04:00,353.7300109863281,353.7300109863281,353.9049987792969,353.6099853515625,353.6449890136719,73792
2026-06-30 14:30:00-04:00,353.8399963378906,353.8399963378906,353.8900146484375,353.6600036621094,353.7300109863281,45314
2026-06-30 14:32:00-04:00,353.8118896484375,353.8118896484375,353.8999938964844,353.5799865722656,353.8800048828125,49359
2026-06-30 14:34:00-04:00,353.8900146484375,353.8900146484375,353.9049987792969,353.7099914550781,353.8999938964844,34950
2026-06-30 14:36:00-04:00,353.7799987792969,353.7799987792969,353.8999938964844,353.6400146484375,353.8500061035156,119943
2026-06-30 14:38:00-04:00,353.6499938964844,353.6499938964844,353.8599853515625,353.6300048828125,353.75,41007
2026-06-30 14:40:00-04:00,353.30499267578125,353.30499267578125,353.9700012207031,353.2900085449219,353.6600036621094,83069
2026-06-30 14:42:00-04:00,353.03179931640625,353.03179931640625,353.3599853515625,352.9200134277344,353.3399963378906,59687
2026-06-30 14:44:00-04:00,352.739990234375,352.739990234375,353.0398864746094,352.6199951171875,353.0150146484375,42473
2026-06-30 14:46:00-04:00,352.9100036621094,352.9100036621094,352.9200134277344,352.55999755859375,352.7749938964844,27406
2026-06-30 14:48:00-04:00,353.17498779296875,353.17498779296875,353.17498779296875,352.7699890136719,352.8900146484375,68480
2026-06-30 14:50:00-04:00,353.5249938964844,353.5249938964844,353.5899963378906,353.1600036621094,353.19500732421875,61533
2026-06-30 14:52:00-04:00,353.5799865722656,353.5799865722656,353.6700134277344,353.239990234375,353.5249938964844,75052
2026-06-30 14:54:00-04:00,353.45001220703125,353.45001220703125,353.6000061035156,353.30999755859375,353.54998779296875,51014
2026-06-30 14:56:00-04:00,353.385009765625,353.385009765625,353.5249938964844,353.30999755859375,353.44500732421875,78522
2026-06-30 14:58:00-04:00,353.3999938964844,353.3999938964844,353.489990234375,353.35101318359375,353.4049987792969,31182
2026-06-30 15:00:00-04:00,353.739990234375,353.739990234375,353.739990234375,353.260009765625,353.3599853515625,33868
2026-06-30 15:02:00-04:00,353.55999755859375,353.55999755859375,353.75,353.4700012207031,353.739990234375,51895
2026-06-30 15:04:00-04:00,353.82000732421875,353.82000732421875,353.82000732421875,353.5357971191406,353.57501220703125,32627
2026-06-30 15:06:00-04:00,353.5199890136719,353.5199890136719,353.8349914550781,353.4649963378906,353.79998779296875,64599
2026-06-30 15:08:00-04:00,353.8399963378906,353.8399963378906,353.92999267578125,353.5,353.5,91723
2026-06-30 15:10:00-04:00,353.57000732421875,353.57000732421875,353.8500061035156,353.57000732421875,353.8399963378906,39894
2026-06-30 15:12:00-04:00,353.8699951171875,353.8699951171875,354.04998779296875,353.55999755859375,353.57501220703125,52193
2026-06-30 15:14:00-04:00,353.9100036621094,353.9100036621094,353.95770263671875,353.70001220703125,353.8999938964844,54136
2026-06-30 15:16:00-04:00,353.94000244140625,353.94000244140625,353.95001220703125,353.7799987792969,353.8945007324219,38323
2026-06-30 15:18:00-04:00,353.6199951171875,353.6199951171875,354.0199890136719,353.6000061035156,353.9200134277344,91493
2026-06-30 15:20:00-04:00,353.7250061035156,353.7250061035156,353.8599853515625,353.6400146484375,353.6400146484375,69197
2026-06-30 15:22:00-04:00,353.6099853515625,353.6099853515625,353.8800048828125,353.5799865722656,353.7250061035156,51354
2026-06-30 15:24:00-04:00,353.739990234375,353.739990234375,353.7799987792969,353.42999267578125,353.6000061035156,59081
2026-06-30 15:26:00-04:00,353.8900146484375,353.8900146484375,353.8900146484375,353.5199890136719,353.760009765625,49930
2026-06-30 15:28:00-04:00,353.989990234375,353.989990234375,354.1000061035156,353.8599853515625,353.8800048828125,65349
2026-06-30 15:30:00-04:00,354.1700134277344,354.1700134277344,354.4049987792969,353.989990234375,354.0050048828125,79413
2026-06-30 15:32:00-04:00,354.510009765625,354.510009765625,354.5299987792969,354.1199951171875,354.1650085449219,61785
2026-06-30 15:34:00-04:00,354.2900085449219,354.2900085449219,354.4949951171875,354.19000244140625,354.4949951171875,71577
2026-06-30 15:36:00-04:00,354.2669982910156,354.2669982910156,354.3399963378906,354.20001220703125,354.2900085449219,56629
2026-06-30 15:38:00-04:00,354.4700012207031,354.4700012207031,354.5599060058594,354.25,354.260009765625,86087
2026-06-30 15:40:00-04:00,354.5199890136719,354.5199890136719,354.6400146484375,354.3500061035156,354.4599914550781,83035
2026-06-30 15:42:00-04:00,354.4949951171875,354.4949951171875,354.7300109863281,354.3550109863281,354.5299987792969,923793
2026-06-30 15:44:00-04:00,354.29998779296875,354.29998779296875,354.5899963378906,354.2799987792969,354.5,83427
2026-06-30 15:46:00-04:00,354.4800109863281,354.4800109863281,354.57000732421875,354.2900085449219,354.3399963378906,78546
2026-06-30 15:48:00-04:00,354.375,354.375,354.5400085449219,354.3599853515625,354.4800109863281,93396
2026-06-30 15:50:00-04:00,353.8500061035156,353.8500061035156,354.4100036621094,353.75,354.3599853515625,131281
2026-06-30 15:52:00-04:00,353.7300109863281,353.7300109863281,354.07000732421875,353.6199951171875,353.8500061035156,152779
2026-06-30 15:54:00-04:00,353.7699890136719,353.7699890136719,354.2099914550781,353.4100036621094,353.7099914550781,422861
2026-06-30 15:56:00-04:00,353.7200012207031,353.7200012207031,354.20001220703125,353.6199951171875,353.7850036621094,461423
2026-06-30 15:58:00-04:00,353.32000732421875,353.32000732421875,353.8599853515625,353.20001220703125,353.70001220703125,1146381
2026-07-01 09:30:00-04:00,354.7300109863281,354.7300109863281,356.2900085449219,354.1499938964844,354.614990234375,1026165
2026-07-01 09:32:00-04:00,356.0849914550781,356.0849914550781,356.2699890136719,354.6549987792969,354.69500732421875,163022
2026-07-01 09:34:00-04:00,355.9849853515625,355.9849853515625,357.9198913574219,355.1400146484375,356.1199951171875,180060
2026-07-01 09:36:00-04:00,356.30499267578125,356.30499267578125,357.6593933105469,355.9599914550781,356.0199890136719,146540
2026-07-01 09:38:00-04:00,357.82000732421875,357.82000732421875,358.11761474609375,356.20001220703125,356.3999938964844,146671
2026-07-01 09:40:00-04:00,357.5899963378906,357.5899963378906,358.7799987792969,357.4200134277344,357.7900085449219,190676
2026-07-01 09:42:00-04:00,357.7250061035156,357.7250061035156,357.9200134277344,356.82269287109375,357.4892883300781,152422
2026-07-01 09:44:00-04:00,356.3399963378906,356.3399963378906,357.8900146484375,355.4100036621094,357.7449951171875,149535
2026-07-01 09:46:00-04:00,355.4100036621094,355.4100036621094,356.57000732421875,354.85198974609375,356.3699951171875,81513
2026-07-01 09:48:00-04:00,354.864990234375,354.864990234375,355.6300048828125,354.5,355.4100036621094,89944
2026-07-01 09:50:00-04:00,353.4700012207031,353.4700012207031,355.010009765625,353.4549865722656,354.9703063964844,157352
2026-07-01 09:52:00-04:00,353.94000244140625,353.94000244140625,354.1499938964844,353.239990234375,353.489990234375,85545
2026-07-01 09:54:00-04:00,354.239990234375,354.239990234375,354.3800048828125,353.2300109863281,353.9200134277344,77130
2026-07-01 09:56:00-04:00,354.1700134277344,354.1700134277344,354.3299865722656,353.7200927734375,354.1600036621094,78957
2026-07-01 09:58:00-04:00,355.20001220703125,355.20001220703125,355.260009765625,354.1300048828125,354.18499755859375,49262
2026-07-01 10:00:00-04:00,355.9700012207031,355.9700012207031,356.2200012207031,354.8999938964844,355.3500061035156,69304
2026-07-01 10:02:00-04:00,355.4100036621094,355.4100036621094,356.5350036621094,355.20001220703125,355.95001220703125,82422
2026-07-01 10:04:00-04:00,354.9549865722656,354.9549865722656,355.7200012207031,354.7149963378906,355.3800048828125,55045
2026-07-01 10:06:00-04:00,354.8800048828125,354.8800048828125,355.30999755859375,354.385009765625,354.9700012207031,45712
2026-07-01 10:08:00-04:00,355.1253967285156,355.1253967285156,355.2055969238281,354.44500732421875,354.94000244140625,55811
2026-07-01 10:10:00-04:00,355.4599914550781,355.4599914550781,355.7950134277344,354.93499755859375,355.1300048828125,57480
2026-07-01 10:12:00-04:00,355.1099853515625,355.1099853515625,355.8800048828125,355.04998779296875,355.4491882324219,75960
2026-07-01 10:14:00-04:00,355.7250061035156,355.7250061035156,355.89990234375,355.1075134277344,355.1075134277344,58947
2026-07-01 10:16:00-04:00,355.5,355.5,356.1700134277344,355.465087890625,355.7300109863281,88262
2026-07-01 10:18:00-04:00,355.3800048828125,355.3800048828125,355.8399963378906,355.364990234375,355.5,40205
2026-07-01 10:20:00-04:00,355.80999755859375,355.80999755859375,355.9800109863281,355.1499938964844,355.375,45310
2026-07-01 10:22:00-04:00,355.7449951171875,355.7449951171875,355.95001220703125,355.2774963378906,355.79998779296875,42457
2026-07-01 10:24:00-04:00,356.1400146484375,356.1400146484375,356.5299987792969,355.45001220703125,355.7149963378906,81735
2026-07-01 10:26:00-04:00,356.31170654296875,356.31170654296875,356.489990234375,355.8900146484375,356.1700134277344,46406
2026-07-01 10:28:00-04:00,356.739990234375,356.739990234375,356.8800048828125,356.32000732421875,356.32000732421875,44600
2026-07-01 10:30:00-04:00,357.05999755859375,357.05999755859375,357.0899963378906,356.6700134277344,356.7666015625,72007
2026-07-01 10:32:00-04:00,357.2900085449219,357.2900085449219,357.36871337890625,356.8699951171875,357.0299987792969,62707
2026-07-01 10:34:00-04:00,357.260009765625,357.260009765625,357.57000732421875,357.0,357.2799987792969,72407
2026-07-01 10:36:00-04:00,357.885009765625,357.885009765625,357.95001220703125,357.07501220703125,357.2149963378906,64300
2026-07-01 10:38:00-04:00,357.94500732421875,357.94500732421875,358.20001220703125,357.6000061035156,357.92999267578125,81938
2026-07-01 10:40:00-04:00,358.2300109863281,358.2300109863281,358.2699890136719,357.7799987792969,357.95001220703125,65266
2026-07-01 10:42:00-04:00,359.2950134277344,359.2950134277344,359.5398864746094,357.9700012207031,358.2550048828125,136372
2026-07-01 10:44:00-04:00,357.8533020019531,357.8533020019531,359.3699951171875,357.69500732421875,359.3699951171875,106959
2026-07-01 10:46:00-04:00,358.6400146484375,358.6400146484375,358.8999938964844,357.7149963378906,357.85430908203125,70938
2026-07-01 10:48:00-04:00,358.3399963378906,358.3399963378906,358.7900085449219,358.2015075683594,358.5950012207031,56751
2026-07-01 10:50:00-04:00,358.4200134277344,358.4200134277344,358.6400146484375,358.0799865722656,358.25,59047
2026-07-01 10:52:00-04:00,358.465087890625,358.465087890625,358.69000244140625,358.1300048828125,358.4200134277344,52242
2026-07-01 10:54:00-04:00,358.16009521484375,358.16009521484375,358.6499938964844,358.16009521484375,358.4700012207031,53583
2026-07-01 10:56:00-04:00,358.2200012207031,358.2200012207031,358.6199951171875,358.010009765625,358.17999267578125,44236
2026-07-01 10:58:00-04:00,357.6000061035156,357.6000061035156,358.30999755859375,357.5950927734375,358.17999267578125,50048
2026-07-01 11:00:00-04:00,358.0,358.0,358.0,357.45001220703125,357.5950012207031,56731
2026-07-01 11:02:00-04:00,357.6813049316406,357.6813049316406,358.0,357.3450012207031,358.0,34845
2026-07-01 11:04:00-04:00,358.2699890136719,358.2699890136719,358.4200134277344,357.5400085449219,357.6199951171875,47611
2026-07-01 11:06:00-04:00,357.93890380859375,357.93890380859375,358.2550048828125,357.57501220703125,358.2550048828125,42394
2026-07-01 11:08:00-04:00,358.5899963378906,358.5899963378906,358.5899963378906,357.70001220703125,357.80999755859375,29583
2026-07-01 11:10:00-04:00,358.5899963378906,358.5899963378906,359.0299987792969,358.3999938964844,358.5899963378906,74920
2026-07-01 11:12:00-04:00,357.8599853515625,357.8599853515625,358.6400146484375,357.75,358.5899963378906,47097
2026-07-01 11:14:00-04:00,358.0050048828125,358.0050048828125,358.29998779296875,357.7925109863281,357.80499267578125,49668
2026-07-01 11:16:00-04:00,357.4100036621094,357.4100036621094,358.1199951171875,357.010009765625,358.0199890136719,86325
2026-07-01 11:18:00-04:00,357.8500061035156,357.8500061035156,357.9599914550781,357.27301025390625,357.4599914550781,62072
2026-07-01 11:20:00-04:00,358.67498779296875,358.67498779296875,358.67999267578125,357.80010986328125,357.8500061035156,44765
2026-07-01 11:22:00-04:00,358.5799865722656,358.5799865722656,359.260009765625,358.3399963378906,358.67999267578125,85877
2026-07-01 11:24:00-04:00,358.8949890136719,358.8949890136719,358.9200134277344,358.44000244140625,358.5299987792969,63896
2026-07-01 11:26:00-04:00,358.67999267578125,358.67999267578125,358.8949890136719,358.29998779296875,358.8949890136719,35719
2026-07-01 11:28:00-04:00,358.6199035644531,358.6199035644531,358.75,358.3102111816406,358.68499755859375,24784
2026-07-01 11:30:00-04:00,358.7699890136719,358.7699890136719,358.79998779296875,358.4150085449219,358.6000061035156,49920
2026-07-01 11:32:00-04:00,358.0799865722656,358.0799865722656,358.8999938964844,358.0799865722656,358.77801513671875,30177
2026-07-01 11:34:00-04:00,357.4700012207031,357.4700012207031,358.2085876464844,357.2950134277344,358.13800048828125,54573
2026-07-01 11:36:00-04:00,356.9700927734375,356.9700927734375,357.7149963378906,356.82000732421875,357.4599914550781,52884
2026-07-01 11:38:00-04:00,356.8299865722656,356.8299865722656,357.05999755859375,356.82000732421875,357.0,30560
2026-07-01 11:40:00-04:00,356.8299865722656,356.8299865722656,356.92889404296875,356.3299865722656,356.8900146484375,93790
2026-07-01 11:42:00-04:00,356.19110107421875,356.19110107421875,356.9100036621094,356.18499755859375,356.82470703125,42478
2026-07-01 11:44:00-04:00,356.5400085449219,356.5400085449219,356.67999267578125,356.19000244140625,356.2349853515625,68483
2026-07-01 11:46:00-04:00,356.5299987792969,356.5299987792969,356.7099914550781,356.45001220703125,356.5799865722656,36158
2026-07-01 11:48:00-04:00,356.6600036621094,356.6600036621094,356.7099914550781,356.489990234375,356.5799865722656,28969
2026-07-01 11:50:00-04:00,356.42999267578125,356.42999267578125,356.7200012207031,356.364990234375,356.614990234375,48156
2026-07-01 11:52:00-04:00,356.2900085449219,356.2900085449219,356.5400085449219,356.0299987792969,356.4700012207031,41380
2026-07-01 11:54:00-04:00,356.0199890136719,356.0199890136719,356.2799987792969,355.92999267578125,356.2650146484375,32914
2026-07-01 11:56:00-04:00,356.1199951171875,356.1199951171875,356.2699890136719,355.8999938964844,356.0299987792969,40506
2026-07-01 11:58:00-04:00,356.1400146484375,356.1400146484375,356.3599853515625,356.0950012207031,356.1300048828125,41921
2026-07-01 12:00:00-04:00,355.8299865722656,355.8299865722656,356.19000244140625,355.7149963378906,356.1499938964844,32561
2026-07-01 12:02:00-04:00,356.2900085449219,356.2900085449219,356.3800048828125,355.80999755859375,355.8399963378906,38265
2026-07-01 12:04:00-04:00,355.8599853515625,355.8599853515625,356.3800048828125,355.7349853515625,356.2850036621094,49316
2026-07-01 12:06:00-04:00,356.08990478515625,356.08990478515625,356.0899963378906,355.79998779296875,355.8699951171875,30577
2026-07-01 12:08:00-04:00,355.8599853515625,355.8599853515625,356.2799987792969,355.8399963378906,356.0899963378906,33847
2026-07-01 12:10:00-04:00,355.739990234375,355.739990234375,356.0299987792969,355.70001220703125,355.8999938964844,44742
2026-07-01 12:12:00-04:00,355.9100036621094,355.9100036621094,355.9100036621094,355.54998779296875,355.7900085449219,30169
2026-07-01 12:14:00-04:00,355.2699890136719,355.2699890136719,356.04998779296875,355.2099914550781,355.9100036621094,68088
2026-07-01 12:16:00-04:00,355.7900085449219,355.7900085449219,355.8999938964844,355.25,355.32000732421875,56061
2026-07-01 12:18:00-04:00,355.6700134277344,355.6700134277344,355.9800109863281,355.55999755859375,355.8299865722656,92543
2026-07-01 12:20:00-04:00,355.6000061035156,355.6000061035156,355.7699890136719,355.04998779296875,355.6351013183594,54622
2026-07-01 12:22:00-04:00,355.9299011230469,355.9299011230469,355.9299011230469,355.5400085449219,355.6199951171875,50125
2026-07-01 12:24:00-04:00,356.0150146484375,356.0150146484375,356.0599060058594,355.44000244140625,355.8800048828125,44724
2026-07-01 12:26:00-04:00,355.5950012207031,355.5950012207031,356.0150146484375,355.55999755859375,356.0,40470
2026-07-01 12:28:00-04:00,355.4100036621094,355.4100036621094,355.6300048828125,355.20001220703125,355.6300048828125,32022
2026-07-01 12:30:00-04:00,355.25,355.25,355.6099853515625,355.16009521484375,355.3800048828125,40268
2026-07-01 12:32:00-04:00,355.0050048828125,355.0050048828125,355.2699890136719,354.94000244140625,355.2250061035156,38268
2026-07-01 12:34:00-04:00,354.760009765625,354.760009765625,355.1300048828125,354.60009765625,355.0249938964844,37646
2026-07-01 12:36:00-04:00,355.0150146484375,355.0150146484375,355.05999755859375,354.7200012207031,354.739990234375,30585
2026-07-01 12:38:00-04:00,354.7900085449219,354.7900085449219,355.1499938964844,354.7900085449219,355.010009765625,36101
2026-07-01 12:40:00-04:00,354.6600036621094,354.6600036621094,354.8500061035156,354.57000732421875,354.7900085449219,27800
2026-07-01 12:42:00-04:00,354.6099853515625,354.6099853515625,354.67999267578125,354.4501037597656,354.6199951171875,24894
2026-07-01 12:44:00-04:00,354.57000732421875,354.57000732421875,354.6400146484375,354.2200012207031,354.5899963378906,36099
2026-07-01 12:46:00-04:00,354.5150146484375,354.5150146484375,354.8349914550781,354.5,354.57000732421875,33000
2026-07-01 12:48:00-04:00,354.75,354.75,354.79998779296875,354.3699951171875,354.5299987792969,67798
2026-07-01 12:50:00-04:00,355.1449890136719,355.1449890136719,355.1449890136719,354.7300109863281,354.75,54787
2026-07-01 12:52:00-04:00,355.25,355.25,355.3598937988281,354.9700012207031,355.1700134277344,49617
2026-07-01 12:54:00-04:00,355.6549987792969,355.6549987792969,355.69000244140625,355.2349853515625,355.260009765625,68689
2026-07-01 12:56:00-04:00,355.6000061035156,355.6000061035156,355.8900146484375,355.5899963378906,355.6300048828125,103888
2026-07-01 12:58:00-04:00,355.1325988769531,355.1325988769531,355.5899963378906,355.0,355.5899963378906,38516
2026-07-01 13:00:00-04:00,355.82000732421875,355.82000732421875,355.9100036621094,355.05499267578125,355.17999267578125,67840
2026-07-01 13:02:00-04:00,355.8800048828125,355.8800048828125,356.0,355.6650085449219,355.8399963378906,103903
2026-07-01 13:04:00-04:00,355.9599914550781,355.9599914550781,356.0899963378906,355.7850036621094,355.8800048828125,71346
2026-07-01 13:06:00-04:00,355.7149963378906,355.7149963378906,356.0799865722656,355.6400146484375,355.9599914550781,84565
2026-07-01 13:08:00-04:00,355.875,355.875,355.9100036621094,355.4849853515625,355.7200012207031,37920
2026-07-01 13:10:00-04:00,355.7099914550781,355.7099914550781,355.9200134277344,355.55999755859375,355.8900146484375,45716
2026-07-01 13:12:00-04:00,356.0199890136719,356.0199890136719,356.07000732421875,355.6700134277344,355.7099914550781,52643
2026-07-01 13:14:00-04:00,355.6300048828125,355.6300048828125,356.0899963378906,355.4849853515625,356.0201110839844,36573
2026-07-01 13:16:00-04:00,355.4750061035156,355.4750061035156,355.7699890136719,355.42498779296875,355.6700134277344,45453
2026-07-01 13:18:00-04:00,355.67999267578125,355.67999267578125,355.760009765625,355.2799987792969,355.489990234375,58656
2026-07-01 13:20:00-04:00,355.7898864746094,355.7898864746094,355.92999267578125,355.69000244140625,355.7200012207031,32084
2026-07-01 13:22:00-04:00,355.68798828125,355.68798828125,355.8500061035156,355.6400146484375,355.7799987792969,67629
2026-07-01 13:24:00-04:00,355.69000244140625,355.69000244140625,355.82000732421875,355.654296875,355.70001220703125,82811
2026-07-01 13:26:00-04:00,355.6099853515625,355.6099853515625,355.7799987792969,355.4800109863281,355.70001220703125,70043
2026-07-01 13:28:00-04:00,355.56500244140625,355.56500244140625,355.7799987792969,355.56500244140625,355.5950012207031,29208
2026-07-01 13:30:00-04:00,355.9150085449219,355.9150085449219,355.997802734375,355.5199890136719,355.5199890136719,86116
2026-07-01 13:32:00-04:00,355.42999267578125,355.42999267578125,355.9200134277344,355.42999267578125,355.9140930175781,59200
2026-07-01 13:34:00-04:00,355.5199890136719,355.5199890136719,355.70001220703125,355.2349853515625,355.489990234375,116250
2026-07-01 13:36:00-04:00,356.0,356.0,356.05999755859375,355.54998779296875,355.5899963378906,42500
2026-07-01 13:38:00-04:00,356.29998779296875,356.29998779296875,356.3599853515625,355.8599853515625,356.0150146484375,56942
2026-07-01 13:40:00-04:00,355.8299865722656,355.8299865722656,356.2449951171875,355.75,356.2449951171875,83437
2026-07-01 13:42:00-04:00,355.7300109863281,355.7300109863281,356.0799865722656,355.55999755859375,355.8800048828125,68574
2026-07-01 13:44:00-04:00,355.989990234375,355.989990234375,356.19000244140625,355.67999267578125,355.67999267578125,78407
2026-07-01 13:46:00-04:00,356.010009765625,356.010009765625,356.1000061035156,355.943603515625,355.9849853515625,23566
2026-07-01 13:48:00-04:00,356.3800048828125,356.3800048828125,356.4200134277344,356.0,356.0400085449219,29158
2026-07-01 13:50:00-04:00,356.2300109863281,356.2300109863281,356.4700012207031,356.2200012207031,356.4150085449219,41142
2026-07-01 13:52:00-04:00,356.1600036621094,356.1600036621094,356.2298889160156,356.0,356.1700134277344,33910
2026-07-01 13:54:00-04:00,356.6600036621094,356.6600036621094,356.8399963378906,356.17999267578125,356.17999267578125,55819
2026-07-01 13:56:00-04:00,356.5260925292969,356.5260925292969,356.8599853515625,356.5,356.6600036621094,334314
2026-07-01 13:58:00-04:00,356.5450134277344,356.5450134277344,356.7300109863281,356.42999267578125,356.5400085449219,240389
2026-07-01 14:00:00-04:00,357.0350036621094,357.0350036621094,357.1400146484375,356.5400085449219,356.54998779296875,122247
2026-07-01 14:02:00-04:00,357.42498779296875,357.42498779296875,357.5199890136719,356.75,356.989990234375,70797
2026-07-01 14:04:00-04:00,357.32000732421875,357.32000732421875,357.5199890136719,357.1000061035156,357.4100036621094,58743
2026-07-01 14:06:00-04:00,357.010009765625,357.010009765625,357.3900146484375,356.9700012207031,357.3133850097656,28632
2026-07-01 14:08:00-04:00,357.1099853515625,357.1099853515625,357.1700134277344,356.82000732421875,356.989990234375,37090
2026-07-01 14:10:00-04:00,356.95001220703125,356.95001220703125,357.32000732421875,356.8900146484375,357.1400146484375,42032
2026-07-01 14:12:00-04:00,356.8699951171875,356.8699951171875,357.0400085449219,356.864990234375,356.9599914550781,46130
2026-07-01 14:14:00-04:00,356.8349914550781,356.8349914550781,357.0899963378906,356.7900085449219,356.8999938964844,89531
2026-07-01 14:16:00-04:00,357.0199890136719,357.0199890136719,357.17999267578125,356.69000244140625,356.8349914550781,52728
2026-07-01 14:18:00-04:00,356.92999267578125,356.92999267578125,357.1499938964844,356.8500061035156,357.07470703125,52095
2026-07-01 14:20:00-04:00,356.8800048828125,356.8800048828125,356.9800109863281,356.7699890136719,356.9599914550781,37153
2026-07-01 14:22:00-04:00,356.8500061035156,356.8500061035156,356.989990234375,356.6000061035156,356.8900146484375,49944
2026-07-01 14:24:00-04:00,356.7349853515625,356.7349853515625,356.8399963378906,356.6199951171875,356.8110046386719,27607
2026-07-01 14:26:00-04:00,356.7749938964844,356.7749938964844,356.8599853515625,356.57000732421875,356.760009765625,33892
2026-07-01 14:28:00-04:00,356.2900085449219,356.2900085449219,356.7773132324219,356.06500244140625,356.7749938964844,34135
2026-07-01 14:30:00-04:00,357.1300048828125,357.1300048828125,357.1300048828125,356.3299865722656,356.3399963378906,96730
2026-07-01 14:32:00-04:00,356.3999938964844,356.3999938964844,357.1499938964844,356.3299865722656,357.1499938964844,50661
2026-07-01 14:34:00-04:00,356.6499938964844,356.6499938964844,356.739990234375,356.260009765625,356.3999938964844,59161
2026-07-01 14:36:00-04:00,356.7099914550781,356.7099914550781,357.1099853515625,356.5299987792969,356.6600036621094,34560
2026-07-01 14:38:00-04:00,356.8299865722656,356.8299865722656,356.8800048828125,356.7099914550781,356.7102966308594,22729
2026-07-01 14:40:00-04:00,356.95001220703125,356.95001220703125,356.95001220703125,356.7900085449219,356.8599853515625,21645
2026-07-01 14:42:00-04:00,356.83160400390625,356.83160400390625,357.05999755859375,356.7300109863281,356.9200134277344,35970
2026-07-01 14:44:00-04:00,356.73748779296875,356.73748779296875,356.8699951171875,356.590087890625,356.82000732421875,33369
2026-07-01 14:46:00-04:00,357.0107116699219,357.0107116699219,357.15740966796875,356.7349853515625,356.7349853515625,38134
2026-07-01 14:48:00-04:00,357.1199951171875,357.1199951171875,357.2900085449219,356.92138671875,357.0903015136719,33285
2026-07-01 14:50:00-04:00,357.17999267578125,357.17999267578125,357.2099914550781,357.00421142578125,357.1499938964844,30955
2026-07-01 14:52:00-04:00,357.2200012207031,357.2200012207031,357.3800048828125,357.0199890136719,357.13958740234375,52592
2026-07-01 14:54:00-04:00,357.7900085449219,357.7900085449219,357.7900085449219,356.7900085449219,357.2250061035156,97356
2026-07-01 14:56:00-04:00,357.3056945800781,357.3056945800781,357.8999938964844,357.25,357.8800048828125,34054
2026-07-01 14:58:00-04:00,357.05999755859375,357.05999755859375,357.3999938964844,357.05999755859375,357.32000732421875,24735
2026-07-01 15:00:00-04:00,356.70001220703125,356.70001220703125,357.2200012207031,356.67999267578125,357.1199951171875,45275
2026-07-01 15:02:00-04:00,356.57000732421875,356.57000732421875,356.760009765625,356.25,356.69500732421875,46862
2026-07-01 15:04:00-04:00,356.6099853515625,356.6099853515625,356.70001220703125,356.3699951171875,356.57000732421875,40261
2026-07-01 15:06:00-04:00,356.614990234375,356.614990234375,356.9200134277344,356.4450988769531,356.6600036621094,75141
2026-07-01 15:08:00-04:00,356.59991455078125,356.59991455078125,356.64990234375,356.3699951171875,356.614990234375,55993
2026-07-01 15:10:00-04:00,356.6099853515625,356.6099853515625,356.6499938964844,356.3599853515625,356.6000061035156,53032
2026-07-01 15:12:00-04:00,356.6449890136719,356.6449890136719,356.7300109863281,356.4700927734375,356.5443115234375,39030
2026-07-01 15:14:00-04:00,356.7900085449219,356.7900085449219,356.7900085449219,356.29998779296875,356.67999267578125,36515
2026-07-01 15:16:00-04:00,356.79449462890625,356.79449462890625,357.0,356.67010498046875,356.7799072265625,45334
2026-07-01 15:18:00-04:00,357.0199890136719,357.0199890136719,357.1400146484375,356.7900085449219,356.79998779296875,71299
2026-07-01 15:20:00-04:00,356.9599914550781,356.9599914550781,357.20001220703125,356.8699951171875,356.9599914550781,31525
2026-07-01 15:22:00-04:00,357.2099914550781,357.2099914550781,357.2699890136719,356.8900146484375,356.94500732421875,94024
2026-07-01 15:24:00-04:00,357.4800109863281,357.4800109863281,357.5950012207031,357.20001220703125,357.2300109863281,31118
2026-07-01 15:26:00-04:00,357.1600036621094,357.1600036621094,357.4396057128906,357.1000061035156,357.4396057128906,63442
2026-07-01 15:28:00-04:00,356.9100036621094,356.9100036621094,357.3299865722656,356.8800964355469,357.20001220703125,41094
2026-07-01 15:30:00-04:00,357.07000732421875,357.07000732421875,357.1401062011719,356.8900146484375,356.9100036621094,44055
2026-07-01 15:32:00-04:00,357.114990234375,357.114990234375,357.2850036621094,356.94488525390625,357.06500244140625,33495
2026-07-01 15:34:00-04:00,357.05999755859375,357.05999755859375,357.25,356.9570007324219,357.0799865722656,33963
2026-07-01 15:36:00-04:00,357.2850036621094,357.2850036621094,357.3299865722656,357.0249938964844,357.0299987792969,347094
2026-07-01 15:38:00-04:00,357.1499938964844,357.1499938964844,357.3299865722656,356.989990234375,357.30999755859375,62415
2026-07-01 15:40:00-04:00,357.7300109863281,357.7300109863281,357.7300109863281,357.1300048828125,357.1451110839844,59417
2026-07-01 15:42:00-04:00,357.9049987792969,357.9049987792969,357.9049987792969,357.55999755859375,357.7300109863281,386429
2026-07-01 15:44:00-04:00,358.1199951171875,358.1199951171875,358.20001220703125,357.7101135253906,357.92999267578125,89422
2026-07-01 15:46:00-04:00,358.0299987792969,358.0299987792969,358.1499938964844,357.7950134277344,358.1300964355469,80122
2026-07-01 15:48:00-04:00,357.6099853515625,357.6099853515625,358.0199890136719,357.6099853515625,358.010009765625,87878
2026-07-01 15:50:00-04:00,358.1600036621094,358.1600036621094,358.20001220703125,357.6300048828125,357.6300048828125,124343
2026-07-01 15:52:00-04:00,357.93499755859375,357.93499755859375,358.1300048828125,357.6499938964844,358.1300048828125,178144
2026-07-01 15:54:00-04:00,358.1400146484375,358.1400146484375,358.3699951171875,357.6199951171875,357.9700012207031,228370
2026-07-01 15:56:00-04:00,357.8299865722656,357.8299865722656,358.1600036621094,357.5199890136719,358.1400146484375,562996
2026-07-01 15:58:00-04:00,357.8699951171875,357.8699951171875,358.19000244140625,357.67999267578125,357.8299865722656,667783
2026-07-02 09:30:00-04:00,355.8699951171875,355.8699951171875,359.82000732421875,355.8301086425781,356.1499938964844,723913
2026-07-02 09:32:00-04:00,357.70001220703125,357.70001220703125,358.260009765625,355.3399963378906,355.7900085449219,118787
2026-07-02 09:34:00-04:00,355.6099853515625,355.6099853515625,357.6549987792969,355.0,357.54998779296875,134719
2026-07-02 09:36:00-04:00,357.1300048828125,357.1300048828125,357.2900085449219,355.6000061035156,355.6549987792969,68282
2026-07-02 09:38:00-04:00,357.872802734375,357.872802734375,358.3699951171875,356.75,357.20001220703125,105133
2026-07-02 09:40:00-04:00,359.2699890136719,359.2699890136719,359.2699890136719,357.6300048828125,357.9200134277344,109334
2026-07-02 09:42:00-04:00,358.8599853515625,358.8599853515625,360.010009765625,358.7900085449219,359.19000244140625,179225
2026-07-02 09:44:00-04:00,358.67138671875,358.67138671875,359.0400085449219,358.0574951171875,358.9800109863281,106754
2026-07-02 09:46:00-04:00,359.739990234375,359.739990234375,359.8900146484375,358.5799865722656,358.5799865722656,128523
2026-07-02 09:48:00-04:00,359.6199951171875,359.6199951171875,360.0450134277344,359.0,359.739990234375,111274
2026-07-02 09:50:00-04:00,359.239990234375,359.239990234375,359.8900146484375,359.07000732421875,359.6449890136719,82399
2026-07-02 09:52:00-04:00,359.1099853515625,359.1099853515625,359.55999755859375,358.4599914550781,359.239990234375,89351
2026-07-02 09:54:00-04:00,359.4800109863281,359.4800109863281,360.7699890136719,359.1600036621094,359.1600036621094,132606
2026-07-02 09:56:00-04:00,360.43499755859375,360.43499755859375,360.5150146484375,359.1018981933594,359.4800109863281,88698
2026-07-02 09:58:00-04:00,359.42999267578125,359.42999267578125,360.54998779296875,358.8699951171875,360.5199890136719,104134
2026-07-02 10:00:00-04:00,359.82000732421875,359.82000732421875,360.3800048828125,359.3599853515625,359.489990234375,54404
2026-07-02 10:02:00-04:00,359.0199890136719,359.0199890136719,359.9599914550781,358.989990234375,359.67999267578125,49907
2026-07-02 10:04:00-04:00,359.1206970214844,359.1206970214844,359.1400146484375,358.5,358.989990234375,55621
2026-07-02 10:06:00-04:00,359.76190185546875,359.76190185546875,359.95001220703125,358.81500244140625,359.1050109863281,58412
2026-07-02 10:08:00-04:00,359.0,359.0,359.8900146484375,358.80999755859375,359.7506103515625,61959
2026-07-02 10:10:00-04:00,358.8500061035156,358.8500061035156,359.0799865722656,358.3599853515625,359.01251220703125,54609
2026-07-02 10:12:00-04:00,359.010009765625,359.010009765625,359.239990234375,358.4049987792969,358.80010986328125,68134
2026-07-02 10:14:00-04:00,358.0299987792969,358.0299987792969,359.05999755859375,357.8599853515625,359.05999755859375,70187
2026-07-02 10:16:00-04:00,358.7300109863281,358.7300109863281,358.7300109863281,358.0101013183594,358.10150146484375,37068
2026-07-02 10:18:00-04:00,359.2049865722656,359.2049865722656,359.5400085449219,358.5899963378906,358.739990234375,45113
2026-07-02 10:20:00-04:00,358.9700012207031,358.9700012207031,359.4800109863281,358.8299865722656,359.2099914550781,68541
2026-07-02 10:22:00-04:00,358.7799987792969,358.7799987792969,359.2850036621094,358.70001220703125,358.79998779296875,55696
2026-07-02 10:24:00-04:00,359.24951171875,359.24951171875,359.4100036621094,358.8299865722656,358.8299865722656,56730
2026-07-02 10:26:00-04:00,358.70001220703125,358.70001220703125,359.3013000488281,358.6099853515625,359.2099914550781,40729
2026-07-02 10:28:00-04:00,358.8999938964844,358.8999938964844,359.0,358.28009033203125,358.7900085449219,36226
2026-07-02 10:30:00-04:00,360.05499267578125,360.05499267578125,360.1499938964844,358.7200012207031,358.989990234375,67918
2026-07-02 10:32:00-04:00,360.5050048828125,360.5050048828125,360.989990234375,359.9849853515625,360.0657958984375,99816
2026-07-02 10:34:00-04:00,359.82000732421875,359.82000732421875,360.8599853515625,359.739990234375,360.5199890136719,80642
2026-07-02 10:36:00-04:00,360.05999755859375,360.05999755859375,360.489990234375,359.75,359.8299865722656,55793
2026-07-02 10:38:00-04:00,360.1700134277344,360.1700134277344,360.4100036621094,359.8900146484375,360.0199890136719,46527
2026-07-02 10:40:00-04:00,359.8599853515625,359.8599853515625,360.3999938964844,359.510009765625,360.1000061035156,60405
2026-07-02 10:42:00-04:00,359.0899963378906,359.0899963378906,359.7300109863281,358.989990234375,359.7300109863281,51389
2026-07-02 10:44:00-04:00,358.760009765625,358.760009765625,359.1499938964844,358.54998779296875,359.04998779296875,49107
2026-07-02 10:46:00-04:00,358.5,358.5,358.8900146484375,358.31500244140625,358.7699890136719,39875
2026-07-02 10:48:00-04:00,358.05999755859375,358.05999755859375,358.42999267578125,357.8005065917969,358.3599853515625,48939
2026-07-02 10:50:00-04:00,357.7500915527344,357.7500915527344,358.364990234375,357.5799865722656,358.05999755859375,66483
2026-07-02 10:52:00-04:00,357.7099914550781,357.7099914550781,357.9599914550781,357.3949890136719,357.864990234375,47941
2026-07-02 10:54:00-04:00,357.3900146484375,357.3900146484375,357.6000061035156,357.1000061035156,357.5799865722656,43236
2026-07-02 10:56:00-04:00,357.0899963378906,357.0899963378906,357.4700012207031,356.8599853515625,357.3949890136719,69770
2026-07-02 10:58:00-04:00,357.42498779296875,357.42498779296875,357.70001220703125,356.8747863769531,357.12060546875,55887
2026-07-02 11:00:00-04:00,357.0610046386719,357.0610046386719,357.4700012207031,356.79998779296875,357.4700012207031,51277
2026-07-02 11:02:00-04:00,356.4100036621094,356.4100036621094,357.25,356.3800048828125,357.1050109863281,96102
2026-07-02 11:04:00-04:00,356.07000732421875,356.07000732421875,356.5899963378906,355.8999938964844,356.3800048828125,89906
2026-07-02 11:06:00-04:00,354.82000732421875,354.82000732421875,356.06500244140625,354.5712890625,356.06500244140625,118365
2026-07-02 11:08:00-04:00,354.6700134277344,354.6700134277344,355.1400146484375,354.4700012207031,354.8500061035156,104841
2026-07-02 11:10:00-04:00,355.239990234375,355.239990234375,355.29998779296875,354.489990234375,354.7300109863281,69519
2026-07-02 11:12:00-04:00,355.4700012207031,355.4700012207031,355.7200012207031,355.0899963378906,355.30999755859375,47409
2026-07-02 11:14:00-04:00,355.1499938964844,355.1499938964844,355.8599853515625,355.0,355.4549865722656,74367
2026-07-02 11:16:00-04:00,355.49169921875,355.49169921875,355.8999938964844,355.0299987792969,355.114990234375,83752
2026-07-02 11:18:00-04:00,355.05999755859375,355.05999755859375,355.8599853515625,354.9599914550781,355.45001220703125,541940
2026-07-02 11:20:00-04:00,354.9049987792969,354.9049987792969,355.239990234375,354.7900085449219,355.0775146484375,127845
2026-07-02 11:22:00-04:00,354.19500732421875,354.19500732421875,354.94000244140625,354.1300048828125,354.8949890136719,61882
2026-07-02 11:24:00-04:00,354.1199951171875,354.1199951171875,354.5,353.5199890136719,354.17999267578125,71537
2026-07-02 11:26:00-04:00,354.0799865722656,354.0799865722656,354.81561279296875,354.0799865722656,354.1000061035156,61199
2026-07-02 11:28:00-04:00,353.864990234375,353.864990234375,354.7200012207031,353.7701110839844,354.1300048828125,44550
2026-07-02 11:30:00-04:00,354.3800048828125,354.3800048828125,354.4800109863281,353.510009765625,353.8949890136719,33950
2026-07-02 11:32:00-04:00,354.3599853515625,354.3599853515625,354.45001220703125,353.9700012207031,354.44000244140625,28287
2026-07-02 11:34:00-04:00,354.55999755859375,354.55999755859375,354.55999755859375,354.0899963378906,354.3999938964844,23978
2026-07-02 11:36:00-04:00,354.1449890136719,354.1449890136719,354.8599853515625,354.1400146484375,354.55999755859375,59054
2026-07-02 11:38:00-04:00,353.8399963378906,353.8399963378906,354.29998779296875,353.8399963378906,354.19000244140625,32234
2026-07-02 11:40:00-04:00,353.375,353.375,354.07000732421875,353.3299865722656,353.8900146484375,48337
2026-07-02 11:42:00-04:00,353.0899963378906,353.0899963378906,353.44000244140625,353.0400085449219,353.30999755859375,40068
2026-07-02 11:44:00-04:00,352.6499938964844,352.6499938964844,353.1400146484375,352.42999267578125,353.0899963378906,80537
2026-07-02 11:46:00-04:00,353.0,353.0,353.2771911621094,352.3800048828125,352.6300048828125,38339
2026-07-02 11:48:00-04:00,352.82000732421875,352.82000732421875,353.239990234375,352.82000732421875,352.989990234375,36952
2026-07-02 11:50:00-04:00,352.6400146484375,352.6400146484375,352.8399963378906,352.3299865722656,352.82000732421875,50069
2026-07-02 11:52:00-04:00,352.32000732421875,352.32000732421875,352.67999267578125,352.0400085449219,352.67999267578125,56352
2026-07-02 11:54:00-04:00,352.489990234375,352.489990234375,352.7049865722656,352.2699890136719,352.3299865722656,49698
2026-07-02 11:56:00-04:00,352.17999267578125,352.17999267578125,352.67999267578125,352.1401062011719,352.4849853515625,48150
2026-07-02 11:58:00-04:00,352.739990234375,352.739990234375,352.80999755859375,352.0849914550781,352.1499938964844,47022
2026-07-02 12:00:00-04:00,352.6499938964844,352.6499938964844,352.80999755859375,352.4200134277344,352.739990234375,67474
2026-07-02 12:02:00-04:00,351.75,351.75,352.7900085449219,351.75,352.625,92777
2026-07-02 12:04:00-04:00,351.8500061035156,351.8500061035156,352.1600036621094,351.70001220703125,351.7401123046875,58735
2026-07-02 12:06:00-04:00,351.29998779296875,351.29998779296875,351.82659912109375,351.19000244140625,351.79998779296875,56738
2026-07-02 12:08:00-04:00,351.17999267578125,351.17999267578125,351.4700012207031,350.94000244140625,351.1600036621094,51435
2026-07-02 12:10:00-04:00,351.19500732421875,351.19500732421875,351.3500061035156,351.0205078125,351.19000244140625,40764
2026-07-02 12:12:00-04:00,351.4200134277344,351.4200134277344,351.7300109863281,351.0299987792969,351.1499938964844,193121
2026-07-02 12:14:00-04:00,352.2300109863281,352.2300109863281,352.2300109863281,351.29998779296875,351.42999267578125,75970
2026-07-02 12:16:00-04:00,352.6300048828125,352.6300048828125,352.760009765625,352.2300109863281,352.2300109863281,80095
2026-07-02 12:18:00-04:00,352.67999267578125,352.67999267578125,352.82501220703125,352.30999755859375,352.6299133300781,49431
2026-07-02 12:20:00-04:00,352.81500244140625,352.81500244140625,353.0,352.4866943359375,352.68499755859375,38655
2026-07-02 12:22:00-04:00,352.7950134277344,352.7950134277344,352.9599914550781,352.6400146484375,352.7449951171875,34483
2026-07-02 12:24:00-04:00,352.67999267578125,352.67999267578125,352.8500061035156,352.5199890136719,352.760009765625,30301
2026-07-02 12:26:00-04:00,352.340087890625,352.340087890625,352.7900085449219,352.31500244140625,352.70001220703125,28888
2026-07-02 12:28:00-04:00,352.1099853515625,352.1099853515625,352.55999755859375,352.1099853515625,352.3900146484375,41524
2026-07-02 12:30:00-04:00,352.1549987792969,352.1549987792969,352.2300109863281,351.8949890136719,352.1050109863281,20608
2026-07-02 12:32:00-04:00,351.9750061035156,351.9750061035156,352.19000244140625,351.8500061035156,352.1549987792969,42261
2026-07-02 12:34:00-04:00,351.9849853515625,351.9849853515625,352.1300048828125,351.82000732421875,351.8999938964844,48511
2026-07-02 12:36:00-04:00,351.7601013183594,351.7601013183594,352.11199951171875,351.6300048828125,352.0400085449219,52580
2026-07-02 12:38:00-04:00,351.9800109863281,351.9800109863281,352.07000732421875,351.7518005371094,351.7850036621094,35873
2026-07-02 12:40:00-04:00,352.493408203125,352.493408203125,352.5,351.8500061035156,351.9800109863281,27200
2026-07-02 12:42:00-04:00,352.29998779296875,352.29998779296875,352.5,352.2699890136719,352.5,21959
2026-07-02 12:44:00-04:00,351.989990234375,351.989990234375,352.3251037597656,351.9100036621094,352.32501220703125,24325
2026-07-02 12:46:00-04:00,351.6300964355469,351.6300964355469,352.17999267578125,351.6000061035156,352.0199890136719,46488
2026-07-02 12:48:00-04:00,351.7799987792969,351.7799987792969,351.8299865722656,351.4200134277344,351.6300048828125,63532
2026-07-02 12:50:00-04:00,351.70001220703125,351.70001220703125,351.82000732421875,351.4700927734375,351.7799987792969,42343
2026-07-02 12:52:00-04:00,351.17999267578125,351.17999267578125,351.7090148925781,351.1700134277344,351.6499938964844,42670
2026-07-02 12:54:00-04:00,350.6400146484375,350.6400146484375,351.239990234375,350.6000061035156,351.17999267578125,58767
2026-07-02 12:56:00-04:00,351.16009521484375,351.16009521484375,351.44000244140625,350.4750061035156,350.6300048828125,47266
2026-07-02 12:58:00-04:00,350.4849853515625,350.4849853515625,351.2799987792969,350.45001220703125,351.17999267578125,43315
2026-07-02 13:00:00-04:00,351.010009765625,351.010009765625,351.0299987792969,350.3599853515625,350.4849853515625,44096
2026-07-02 13:02:00-04:00,350.6449890136719,350.6449890136719,351.5950012207031,350.6099853515625,350.9599914550781,36209
2026-07-02 13:04:00-04:00,350.42999267578125,350.42999267578125,350.80499267578125,350.3450012207031,350.67999267578125,42044
2026-07-02 13:06:00-04:00,350.8089904785156,350.8089904785156,350.8599853515625,350.32000732421875,350.4800109863281,31618
2026-07-02 13:08:00-04:00,350.81658935546875,350.81658935546875,350.9800109863281,350.590087890625,350.75,23284
2026-07-02 13:10:00-04:00,351.1300048828125,351.1300048828125,351.1499938964844,350.70001220703125,350.8299865722656,28825
2026-07-02 13:12:00-04:00,351.4100036621094,351.4100036621094,351.489990234375,351.1099853515625,351.20001220703125,40363
2026-07-02 13:14:00-04:00,351.510009765625,351.510009765625,351.8550109863281,351.3299865722656,351.4549865722656,39595
2026-07-02 13:16:00-04:00,351.42999267578125,351.42999267578125,351.697998046875,351.42498779296875,351.5199890136719,23498
2026-07-02 13:18:00-04:00,351.4549865722656,351.4549865722656,351.6300048828125,351.3500061035156,351.44000244140625,34719
2026-07-02 13:20:00-04:00,351.489990234375,351.489990234375,351.6600036621094,351.3399963378906,351.3999938964844,26188
2026-07-02 13:22:00-04:00,351.42498779296875,351.42498779296875,351.5799865722656,351.2699890136719,351.5299987792969,22567
2026-07-02 13:24:00-04:00,351.4200134277344,351.4200134277344,351.5450134277344,351.239990234375,351.42498779296875,33449
2026-07-02 13:26:00-04:00,351.6600036621094,351.6600036621094,351.8399963378906,351.3900146484375,351.3999938964844,48541
2026-07-02 13:28:00-04:00,351.92999267578125,351.92999267578125,352.1099853515625,351.6199951171875,351.6600036621094,41624
2026-07-02 13:30:00-04:00,352.17498779296875,352.17498779296875,352.2300109863281,351.7200012207031,351.947998046875,29889
2026-07-02 13:32:00-04:00,352.1300048828125,352.1300048828125,352.260009765625,352.0697937011719,352.17999267578125,19820
2026-07-02 13:34:00-04:00,352.0899963378906,352.0899963378906,352.125,351.82501220703125,352.081787109375,26616
2026-07-02 13:36:00-04:00,352.1300048828125,352.1300048828125,352.1400146484375,351.8500061035156,352.0299987792969,26557
2026-07-02 13:38:00-04:00,352.489013671875,352.489013671875,352.5400085449219,352.1400146484375,352.1499938964844,32357
2026-07-02 13:40:00-04:00,353.14990234375,353.14990234375,353.17999267578125,352.32000732421875,352.45001220703125,57654
2026-07-02 13:42:00-04:00,353.5375061035156,353.5375061035156,353.82000732421875,353.0400085449219,353.0950012207031,41103
2026-07-02 13:44:00-04:00,353.2300109863281,353.2300109863281,353.82000732421875,353.15008544921875,353.6099853515625,49157
2026-07-02 13:46:00-04:00,353.3999938964844,353.3999938964844,353.55950927734375,353.04998779296875,353.2300109863281,36231
2026-07-02 13:48:00-04:00,353.7300109863281,353.7300109863281,353.7699890136719,353.2799987792969,353.4100036621094,35893
2026-07-02 13:50:00-04:00,353.68499755859375,353.68499755859375,354.0199890136719,353.6700134277344,353.7247009277344,31758
2026-07-02 13:52:00-04:00,353.4800109863281,353.4800109863281,353.7882080078125,353.2500915527344,353.68499755859375,17343
2026-07-02 13:54:00-04:00,353.2699890136719,353.2699890136719,353.4800109863281,353.17999267578125,353.4100036621094,35543
2026-07-02 13:56:00-04:00,353.3900146484375,353.3900146484375,353.4200134277344,353.010009765625,353.20001220703125,23746
2026-07-02 13:58:00-04:00,353.3450012207031,353.3450012207031,353.45001220703125,353.2550964355469,353.4219055175781,22625
2026-07-02 14:00:00-04:00,353.3384094238281,353.3384094238281,353.5,353.1600036621094,353.3500061035156,24818
2026-07-02 14:02:00-04:00,353.6099853515625,353.6099853515625,353.8450012207031,353.2799987792969,353.2900085449219,47201
2026-07-02 14:04:00-04:00,354.06988525390625,354.06988525390625,354.07000732421875,353.4599914550781,353.6199951171875,25742
2026-07-02 14:06:00-04:00,354.19500732421875,354.19500732421875,354.489990234375,354.0050048828125,354.0050048828125,51784
2026-07-02 14:08:00-04:00,354.2099914550781,354.2099914550781,354.4700012207031,354.0,354.2398986816406,33370
2026-07-02 14:10:00-04:00,354.5150146484375,354.5150146484375,354.54998779296875,354.135009765625,354.25,23078
2026-07-02 14:12:00-04:00,354.9200134277344,354.9200134277344,355.0299072265625,354.45001220703125,354.4700012207031,52412
2026-07-02 14:14:00-04:00,354.9100036621094,354.9100036621094,355.07501220703125,354.7300109863281,354.9200134277344,32888
2026-07-02 14:16:00-04:00,354.8949890136719,354.8949890136719,355.2699890136719,354.7401123046875,354.9100036621094,39614
2026-07-02 14:18:00-04:00,354.989990234375,354.989990234375,355.0299987792969,354.67999267578125,354.8999938964844,49636
2026-07-02 14:20:00-04:00,355.0899963378906,355.0899963378906,355.260009765625,354.9400939941406,355.0050048828125,35454
2026-07-02 14:22:00-04:00,354.7889099121094,354.7889099121094,355.1499938964844,354.7300109863281,355.05999755859375,33942
2026-07-02 14:24:00-04:00,354.7550048828125,354.7550048828125,354.8900146484375,354.67999267578125,354.7699890136719,34024
2026-07-02 14:26:00-04:00,354.9200134277344,354.9200134277344,355.1000061035156,354.69000244140625,354.7749938964844,26328
2026-07-02 14:28:00-04:00,355.0899963378906,355.0899963378906,355.1000061035156,354.8999938964844,354.8999938964844,19988
2026-07-02 14:30:00-04:00,355.1000061035156,355.1000061035156,355.2300109863281,354.92999267578125,355.0150146484375,30395
2026-07-02 14:32:00-04:00,355.3399963378906,355.3399963378906,355.3550109863281,355.0899963378906,355.125,32702
2026-07-02 14:34:00-04:00,355.2799987792969,355.2799987792969,355.4700012207031,355.2073974609375,355.29998779296875,36950
2026-07-02 14:36:00-04:00,355.2749938964844,355.2749938964844,355.3699951171875,355.1600036621094,355.2850036621094,21738
2026-07-02 14:38:00-04:00,354.97900390625,354.97900390625,355.3699951171875,354.79998779296875,355.2699890136719,29249
2026-07-02 14:40:00-04:00,355.17999267578125,355.17999267578125,355.19891357421875,354.95001220703125,355.04998779296875,16901
2026-07-02 14:42:00-04:00,355.0700988769531,355.0700988769531,355.2900085449219,355.0700988769531,355.20001220703125,18008
2026-07-02 14:44:00-04:00,355.04119873046875,355.04119873046875,355.20001220703125,354.90240478515625,355.1449890136719,26063
2026-07-02 14:46:00-04:00,355.6700134277344,355.6700134277344,355.7449951171875,354.9700012207031,354.9800109863281,36126
2026-07-02 14:48:00-04:00,355.5,355.5,355.67999267578125,355.44000244140625,355.6650085449219,20721
2026-07-02 14:50:00-04:00,355.1499938964844,355.1499938964844,355.5,355.125,355.44000244140625,18105
2026-07-02 14:52:00-04:00,354.864990234375,354.864990234375,355.1700134277344,354.80010986328125,355.1700134277344,42229
2026-07-02 14:54:00-04:00,354.55999755859375,354.55999755859375,354.92999267578125,354.3299865722656,354.8699951171875,28230
2026-07-02 14:56:00-04:00,354.7137145996094,354.7137145996094,354.7799987792969,354.54998779296875,354.5899963378906,20817
2026-07-02 14:58:00-04:00,354.82501220703125,354.82501220703125,354.8999938964844,354.6400146484375,354.69000244140625,23351
2026-07-02 15:00:00-04:00,355.239990234375,355.239990234375,355.3550109863281,354.7699890136719,354.80999755859375,90195
2026-07-02 15:02:00-04:00,354.8599853515625,354.8599853515625,355.19000244140625,354.7200012207031,355.1499938964844,18742
2026-07-02 15:04:00-04:00,354.7699890136719,354.7699890136719,354.92999267578125,354.6400146484375,354.8550109863281,31795
2026-07-02 15:06:00-04:00,355.78009033203125,355.78009033203125,355.8599853515625,354.7250061035156,354.7900085449219,54913
2026-07-02 15:08:00-04:00,355.875,355.875,356.0,355.7099914550781,355.9198913574219,28709
2026-07-02 15:10:00-04:00,355.9599914550781,355.9599914550781,356.1700134277344,355.8200988769531,355.8900146484375,37070
2026-07-02 15:12:00-04:00,355.95001220703125,355.95001220703125,356.1199951171875,355.77789306640625,355.9949951171875,29751
2026-07-02 15:14:00-04:00,355.69000244140625,355.69000244140625,356.1000061035156,355.5400085449219,356.0150146484375,33066
2026-07-02 15:16:00-04:00,355.80999755859375,355.80999755859375,356.0,355.6300048828125,355.69000244140625,48702
2026-07-02 15:18:00-04:00,355.7850036621094,355.7850036621094,355.94500732421875,355.5799865722656,355.80999755859375,28592
2026-07-02 15:20:00-04:00,355.8550109863281,355.8550109863281,355.9100036621094,355.614990234375,355.7850036621094,41071
2026-07-02 15:22:00-04:00,355.7200012207031,355.7200012207031,355.8900146484375,355.60101318359375,355.79998779296875,38939
2026-07-02 15:24:00-04:00,356.1095886230469,356.1095886230469,356.1700134277344,355.6099853515625,355.7200012207031,54307
2026-07-02 15:26:00-04:00,355.67999267578125,355.67999267578125,356.260009765625,355.5950012207031,356.1499938964844,59167
2026-07-02 15:28:00-04:00,355.5899963378906,355.5899963378906,355.95001220703125,355.3006896972656,355.67999267578125,43970
2026-07-02 15:30:00-04:00,355.625,355.625,355.79998779296875,355.4700012207031,355.6199951171875,45216
2026-07-02 15:32:00-04:00,355.7900085449219,355.7900085449219,355.82000732421875,355.42999267578125,355.6300048828125,47396
2026-07-02 15:34:00-04:00,355.7099914550781,355.7099914550781,355.8999938964844,355.510009765625,355.7900085449219,49071
2026-07-02 15:36:00-04:00,355.8500061035156,355.8500061035156,355.8699951171875,355.5400085449219,355.70001220703125,42971
2026-07-02 15:38:00-04:00,355.7898864746094,355.7898864746094,356.0,355.7109069824219,355.8500061035156,47100
2026-07-02 15:40:00-04:00,355.7300109863281,355.7300109863281,355.92999267578125,355.6199951171875,355.7300109863281,75017
2026-07-02 15:42:00-04:00,355.8599853515625,355.8599853515625,355.8699951171875,355.6600036621094,355.75,39250
2026-07-02 15:44:00-04:00,355.7090148925781,355.7090148925781,355.9700012207031,355.489990234375,355.8699951171875,51483
2026-07-02 15:46:00-04:00,355.6600036621094,355.6600036621094,355.8200988769531,355.5199890136719,355.69000244140625,65095
2026-07-02 15:48:00-04:00,355.82000732421875,355.82000732421875,355.82000732421875,355.489990234375,355.6099853515625,48689
2026-07-02 15:50:00-04:00,356.0,356.0,356.79998779296875,355.30999755859375,355.8299865722656,162207
2026-07-02 15:52:00-04:00,355.8999938964844,355.8999938964844,356.3800964355469,355.82000732421875,355.989990234375,114931
2026-07-02 15:54:00-04:00,356.2900085449219,356.2900085449219,356.489990234375,355.8949890136719,355.94000244140625,166191
2026-07-02 15:56:00-04:00,356.4800109863281,356.4800109863281,356.67999267578125,356.1099853515625,356.25,288104
2026-07-02 15:58:00-04:00,355.8699951171875,355.8699951171875,356.80999755859375,355.82000732421875,356.4599914550781,741608
2026-07-06 09:30:00-04:00,358.19000244140625,358.19000244140625,360.4100036621094,357.6199951171875,358.19500732421875,838804
2026-07-06 09:32:00-04:00,358.0,358.0,359.05999755859375,357.6099853515625,358.1400146484375,113078
2026-07-06 09:34:00-04:00,357.6824951171875,357.6824951171875,358.05499267578125,356.7300109863281,357.9700012207031,123531
2026-07-06 09:36:00-04:00,357.7550048828125,357.7550048828125,358.82000732421875,357.260009765625,357.79998779296875,127512
2026-07-06 09:38:00-04:00,357.4993896484375,357.4993896484375,357.7900085449219,357.07000732421875,357.7550048828125,94864
2026-07-06 09:40:00-04:00,357.1549987792969,357.1549987792969,358.1000061035156,356.94000244140625,357.4825134277344,102252
2026-07-06 09:42:00-04:00,355.55499267578125,355.55499267578125,357.57000732421875,355.5,357.1499938964844,127349
2026-07-06 09:44:00-04:00,356.45001220703125,356.45001220703125,357.04998779296875,355.4100036621094,355.5350036621094,138741
2026-07-06 09:46:00-04:00,356.2900085449219,356.2900085449219,357.2200012207031,355.8901062011719,356.4800109863281,85773
2026-07-06 09:48:00-04:00,354.8699951171875,354.8699951171875,356.260009765625,354.7799987792969,356.20001220703125,141568
2026-07-06 09:50:00-04:00,354.9049987792969,354.9049987792969,355.2300109863281,354.3999938964844,354.8399963378906,91499
2026-07-06 09:52:00-04:00,354.80999755859375,354.80999755859375,355.07000732421875,354.5299987792969,354.8500061035156,105187
2026-07-06 09:54:00-04:00,354.55999755859375,354.55999755859375,354.9100036621094,354.3089904785156,354.80999755859375,113496
2026-07-06 09:56:00-04:00,354.95001220703125,354.95001220703125,355.239990234375,354.3900146484375,354.5249938964844,92700
2026-07-06 09:58:00-04:00,354.5050048828125,354.5050048828125,354.9200134277344,354.20001220703125,354.9200134277344,72625
2026-07-06 10:00:00-04:00,354.92999267578125,354.92999267578125,355.19000244140625,354.1994934082031,354.54998779296875,75355
2026-07-06 10:02:00-04:00,354.989990234375,354.989990234375,355.010009765625,354.510009765625,354.96990966796875,53118
2026-07-06 10:04:00-04:00,354.8703918457031,354.8703918457031,354.989990234375,354.3299865722656,354.989990234375,52638
2026-07-06 10:06:00-04:00,355.3290100097656,355.3290100097656,355.3900146484375,354.55999755859375,354.8699951171875,77255
2026-07-06 10:08:00-04:00,354.8550109863281,354.8550109863281,355.510009765625,354.69000244140625,355.2799987792969,75702
2026-07-06 10:10:00-04:00,355.05499267578125,355.05499267578125,355.4049987792969,354.5899963378906,354.8999938964844,102524
2026-07-06 10:12:00-04:00,356.1000061035156,356.1000061035156,356.1000061035156,354.8900146484375,355.05999755859375,113784
2026-07-06 10:14:00-04:00,356.260009765625,356.260009765625,356.75,356.0,356.04998779296875,79096
2026-07-06 10:16:00-04:00,355.69000244140625,355.69000244140625,356.5799865722656,355.4150085449219,356.25,73601
2026-07-06 10:18:00-04:00,355.8599853515625,355.8599853515625,355.9599914550781,355.4200134277344,355.6700134277344,78582
2026-07-06 10:20:00-04:00,356.3699951171875,356.3699951171875,356.489990234375,355.8399963378906,355.8900146484375,82894
2026-07-06 10:22:00-04:00,356.9700012207031,356.9700012207031,357.04998779296875,356.260009765625,356.3450012207031,62845
2026-07-06 10:24:00-04:00,357.4009094238281,357.4009094238281,357.4599914550781,356.739990234375,356.9800109863281,59709
2026-07-06 10:26:00-04:00,357.6700134277344,357.6700134277344,357.7300109863281,357.1499938964844,357.44000244140625,57935
2026-07-06 10:28:00-04:00,357.875,357.875,357.989990234375,357.3800048828125,357.6300048828125,60525
2026-07-06 10:30:00-04:00,357.7300109863281,357.7300109863281,358.17999267578125,357.6199951171875,357.875,81011
2026-07-06 10:32:00-04:00,358.1300048828125,358.1300048828125,358.31500244140625,357.6400146484375,357.7250061035156,53562
2026-07-06 10:34:00-04:00,358.3395080566406,358.3395080566406,358.6300048828125,358.1300048828125,358.1700134277344,48620
2026-07-06 10:36:00-04:00,358.57501220703125,358.57501220703125,358.739990234375,358.20001220703125,358.3059997558594,61551
2026-07-06 10:38:00-04:00,358.2149963378906,358.2149963378906,358.67999267578125,357.9649963378906,358.5820007324219,65350
2026-07-06 10:40:00-04:00,358.1700134277344,358.1700134277344,358.3900146484375,357.989990234375,358.2149963378906,65132
2026-07-06 10:42:00-04:00,358.1499938964844,358.1499938964844,358.1600036621094,357.8500061035156,358.1499938964844,57789
2026-07-06 10:44:00-04:00,358.1400146484375,358.1400146484375,358.3500061035156,358.0299987792969,358.125,95245
2026-07-06 10:46:00-04:00,358.2099914550781,358.2099914550781,358.42999267578125,358.0,358.1000061035156,140170
2026-07-06 10:48:00-04:00,358.7200012207031,358.7200012207031,358.8500061035156,358.1300048828125,358.2149963378906,53705
2026-07-06 10:50:00-04:00,358.47918701171875,358.47918701171875,359.1700134277344,358.3699951171875,358.739990234375,147159
2026-07-06 10:52:00-04:00,358.5199890136719,358.5199890136719,358.6400146484375,358.3399963378906,358.4800109863281,163045
2026-07-06 10:54:00-04:00,358.885009765625,358.885009765625,359.0299987792969,358.44000244140625,358.5150146484375,75687
2026-07-06 10:56:00-04:00,358.55999755859375,358.55999755859375,358.94000244140625,358.4861145019531,358.8999938964844,51476
2026-07-06 10:58:00-04:00,358.6474914550781,358.6474914550781,358.7200012207031,358.3399963378906,358.5199890136719,61329
2026-07-06 11:00:00-04:00,358.30999755859375,358.30999755859375,358.7099914550781,358.1000061035156,358.69000244140625,101388
2026-07-06 11:02:00-04:00,358.1700134277344,358.1700134277344,358.3599853515625,357.8651123046875,358.31500244140625,87442
2026-07-06 11:04:00-04:00,358.3800048828125,358.3800048828125,358.4800109863281,358.07000732421875,358.114990234375,44847
2026-07-06 11:06:00-04:00,358.79998779296875,358.79998779296875,358.79998779296875,358.3599853515625,358.3800048828125,38006
2026-07-06 11:08:00-04:00,359.2799987792969,359.2799987792969,359.489990234375,358.69000244140625,358.7694091796875,63149
2026-07-06 11:10:00-04:00,359.3550109863281,359.3550109863281,359.4100036621094,359.19500732421875,359.29998779296875,39315
2026-07-06 11:12:00-04:00,359.1400146484375,359.1400146484375,359.5,359.0299987792969,359.3550109863281,53587
2026-07-06 11:14:00-04:00,359.6199951171875,359.6199951171875,359.67999267578125,358.989990234375,359.0799865722656,50861
2026-07-06 11:16:00-04:00,359.75,359.75,359.79998779296875,359.3599853515625,359.5400085449219,67057
2026-07-06 11:18:00-04:00,359.9599914550781,359.9599914550781,360.1000061035156,359.6000061035156,359.739990234375,91931
2026-07-06 11:20:00-04:00,360.0199890136719,360.0199890136719,360.1199951171875,359.82000732421875,359.9700012207031,55287
2026-07-06 11:22:00-04:00,359.6650085449219,359.6650085449219,360.0249938964844,359.6400146484375,360.0249938964844,40771
2026-07-06 11:24:00-04:00,359.81500244140625,359.81500244140625,359.8500061035156,359.6499938964844,359.69000244140625,48284
2026-07-06 11:26:00-04:00,359.6199951171875,359.6199951171875,359.9599914550781,359.5799865722656,359.80999755859375,48115
2026-07-06 11:28:00-04:00,359.739990234375,359.739990234375,359.8299865722656,359.4805908203125,359.6400146484375,66440
2026-07-06 11:30:00-04:00,359.7799987792969,359.7799987792969,359.8599853515625,359.6099853515625,359.7900085449219,25981
2026-07-06 11:32:00-04:00,360.0801086425781,360.0801086425781,360.1600036621094,359.7099914550781,359.760009765625,63323
2026-07-06 11:34:00-04:00,360.1300048828125,360.1300048828125,360.3299865722656,359.9700012207031,360.1050109863281,47977
2026-07-06 11:36:00-04:00,360.2349853515625,360.2349853515625,360.29998779296875,360.04998779296875,360.1400146484375,47741
2026-07-06 11:38:00-04:00,360.1600036621094,360.1600036621094,360.260009765625,360.010009765625,360.260009765625,46780
2026-07-06 11:40:00-04:00,360.1549987792969,360.1549987792969,360.3999938964844,360.110107421875,360.20001220703125,38855
2026-07-06 11:42:00-04:00,360.3255920410156,360.3255920410156,360.375,360.1199951171875,360.1549987792969,74297
2026-07-06 11:44:00-04:00,360.4800109863281,360.4800109863281,360.5799865722656,360.2850036621094,360.3200988769531,41461
2026-07-06 11:46:00-04:00,360.8699951171875,360.8699951171875,361.0199890136719,360.4549865722656,360.4549865722656,88623
2026-07-06 11:48:00-04:00,360.9200134277344,360.9200134277344,360.9200134277344,360.739990234375,360.8500061035156,40148
2026-07-06 11:50:00-04:00,360.7300109863281,360.7300109863281,360.9599914550781,360.6300964355469,360.9100036621094,46702
2026-07-06 11:52:00-04:00,360.739990234375,360.739990234375,360.92999267578125,360.6600036621094,360.7449951171875,75278
2026-07-06 11:54:00-04:00,360.8500061035156,360.8500061035156,360.8800048828125,360.57000732421875,360.7200012207031,45884
2026-07-06 11:56:00-04:00,360.614990234375,360.614990234375,361.0199890136719,360.5199890136719,360.8450012207031,101350
2026-07-06 11:58:00-04:00,360.82000732421875,360.82000732421875,360.82000732421875,360.25,360.57501220703125,118096
2026-07-06 12:00:00-04:00,361.20001220703125,361.20001220703125,361.4100036621094,360.54998779296875,360.82000732421875,105366
2026-07-06 12:02:00-04:00,361.375,361.375,361.3999938964844,360.9599914550781,361.17999267578125,41103
2026-07-06 12:04:00-04:00,361.6700134277344,361.6700134277344,361.67999267578125,361.239990234375,361.3999938964844,39207
2026-07-06 12:06:00-04:00,361.67498779296875,361.67498779296875,361.8599853515625,361.6400146484375,361.739990234375,44322
2026-07-06 12:08:00-04:00,361.3999938964844,361.3999938964844,361.6700134277344,361.239990234375,361.6700134277344,71798
2026-07-06 12:10:00-04:00,361.739990234375,361.739990234375,361.7699890136719,361.3299865722656,361.42999267578125,47369
2026-07-06 12:12:00-04:00,361.5899963378906,361.5899963378906,361.7900085449219,361.5,361.739990234375,55679
2026-07-06 12:14:00-04:00,361.9649963378906,361.9649963378906,362.0400085449219,361.6050109863281,361.6199951171875,71478
2026-07-06 12:16:00-04:00,362.3500061035156,362.3500061035156,362.3699951171875,361.8999938964844,361.9800109863281,53102
2026-07-06 12:18:00-04:00,362.1449890136719,362.1449890136719,362.5,361.9800109863281,362.375,69339
2026-07-06 12:20:00-04:00,361.702392578125,361.702392578125,362.2300109863281,361.6199951171875,362.15411376953125,57937
2026-07-06 12:22:00-04:00,361.5050048828125,361.5050048828125,361.7300109863281,361.4599914550781,361.7099914550781,83914
2026-07-06 12:24:00-04:00,361.2536926269531,361.2536926269531,361.57000732421875,361.1300048828125,361.57000732421875,54639
2026-07-06 12:26:00-04:00,361.0799865722656,361.0799865722656,361.3800048828125,361.0,361.2699890136719,40702
2026-07-06 12:28:00-04:00,361.04998779296875,361.04998779296875,361.1499938964844,360.94000244140625,361.0849914550781,30389
2026-07-06 12:30:00-04:00,361.1199951171875,361.1199951171875,361.239990234375,360.989990234375,361.0350036621094,57777
2026-07-06 12:32:00-04:00,361.3900146484375,361.3900146484375,361.4100036621094,361.0,361.1099853515625,52932
2026-07-06 12:34:00-04:00,361.20001220703125,361.20001220703125,361.7200012207031,361.20001220703125,361.3699951171875,58859
2026-07-06 12:36:00-04:00,361.3800048828125,361.3800048828125,361.4200134277344,361.17999267578125,361.2200012207031,80968
2026-07-06 12:38:00-04:00,361.1400146484375,361.1400146484375,361.3800048828125,361.1199951171875,361.340087890625,24952
2026-07-06 12:40:00-04:00,361.1099853515625,361.1099853515625,361.2900085449219,361.0799865722656,361.1400146484375,68383
2026-07-06 12:42:00-04:00,361.260009765625,361.260009765625,361.31500244140625,361.1099853515625,361.135009765625,27157
2026-07-06 12:44:00-04:00,361.1199951171875,361.1199951171875,361.3599853515625,361.1099853515625,361.2795104980469,35925
2026-07-06 12:46:00-04:00,361.34600830078125,361.34600830078125,361.4100036621094,361.0899963378906,361.1499938964844,36155
2026-07-06 12:48:00-04:00,361.2749938964844,361.2749938964844,361.3800048828125,361.1600036621094,361.3500061035156,29823
2026-07-06 12:50:00-04:00,361.4599914550781,361.4599914550781,361.5199890136719,361.239990234375,361.2749938964844,47875
2026-07-06 12:52:00-04:00,361.42999267578125,361.42999267578125,361.760009765625,361.4100036621094,361.489990234375,56473
2026-07-06 12:54:00-04:00,361.5,361.5,361.6099853515625,361.1700134277344,361.4150085449219,49349
2026-07-06 12:56:00-04:00,361.2200012207031,361.2200012207031,361.5299987792969,361.20001220703125,361.489990234375,38602
2026-07-06 12:58:00-04:00,361.0199890136719,361.0199890136719,361.260009765625,360.9599914550781,361.2200012207031,34180
2026-07-06 13:00:00-04:00,361.29998779296875,361.29998779296875,361.3800048828125,361.0,361.0400085449219,33294
2026-07-06 13:02:00-04:00,361.489990234375,361.489990234375,361.54998779296875,361.239990234375,361.29998779296875,32015
2026-07-06 13:04:00-04:00,361.57000732421875,361.57000732421875,361.6300048828125,361.4599914550781,361.489990234375,26653
2026-07-06 13:06:00-04:00,361.6600036621094,361.6600036621094,361.79998779296875,361.5199890136719,361.54998779296875,26325
2026-07-06 13:08:00-04:00,362.0350036621094,362.0350036621094,362.1000061035156,361.6199951171875,361.6650085449219,50615
2026-07-06 13:10:00-04:00,362.1199951171875,362.1199951171875,362.2799987792969,361.92999267578125,362.0199890136719,137038
2026-07-06 13:12:00-04:00,361.7250061035156,361.7250061035156,362.2300109863281,361.6199951171875,362.1499938964844,33189
2026-07-06 13:14:00-04:00,361.82000732421875,361.82000732421875,361.989990234375,361.7442932128906,361.760009765625,38594
2026-07-06 13:16:00-04:00,361.5199890136719,361.5199890136719,361.92999267578125,361.5199890136719,361.8800048828125,22353
2026-07-06 13:18:00-04:00,361.5,361.5,361.5350036621094,361.2099914550781,361.5150146484375,41274
2026-07-06 13:20:00-04:00,361.4049987792969,361.4049987792969,361.56500244140625,361.30999755859375,361.4949951171875,31304
2026-07-06 13:22:00-04:00,361.3312072753906,361.3312072753906,361.55999755859375,361.32000732421875,361.45001220703125,23677
2026-07-06 13:24:00-04:00,361.5899963378906,361.5899963378906,361.6099853515625,361.239990234375,361.3550109863281,36387
2026-07-06 13:26:00-04:00,361.71258544921875,361.71258544921875,361.7449951171875,361.4800109863281,361.5849914550781,41058
2026-07-06 13:28:00-04:00,362.09588623046875,362.09588623046875,362.1700134277344,361.6499938964844,361.70001220703125,92291
2026-07-06 13:30:00-04:00,362.5199890136719,362.5199890136719,362.6300048828125,362.07000732421875,362.1199951171875,77019
2026-07-06 13:32:00-04:00,362.5,362.5,362.6495056152344,362.4200134277344,362.5,36458
2026-07-06 13:34:00-04:00,362.1099853515625,362.1099853515625,362.5199890136719,361.80999755859375,362.5199890136719,125491
2026-07-06 13:36:00-04:00,362.05999755859375,362.05999755859375,362.1700134277344,361.9700012207031,362.125,90586
2026-07-06 13:38:00-04:00,362.239990234375,362.239990234375,362.239990234375,361.9800109863281,362.07049560546875,40922
2026-07-06 13:40:00-04:00,362.0653991699219,362.0653991699219,362.2721862792969,362.04998779296875,362.19000244140625,21586
2026-07-06 13:42:00-04:00,361.8500061035156,361.8500061035156,362.1099853515625,361.6199951171875,362.1099853515625,81269
2026-07-06 13:44:00-04:00,361.80999755859375,361.80999755859375,361.8999938964844,361.7149963378906,361.79998779296875,111119
2026-07-06 13:46:00-04:00,361.80279541015625,361.80279541015625,361.9200134277344,361.6499938964844,361.79998779296875,114438
2026-07-06 13:48:00-04:00,361.7449951171875,361.7449951171875,361.8699951171875,361.68011474609375,361.8299865722656,103773
2026-07-06 13:50:00-04:00,361.864990234375,361.864990234375,361.9200134277344,361.739990234375,361.7699890136719,36396
2026-07-06 13:52:00-04:00,361.6737060546875,361.6737060546875,361.9700012207031,361.6499938964844,361.88958740234375,88445
2026-07-06 13:54:00-04:00,361.45001220703125,361.45001220703125,361.7250061035156,361.3301086425781,361.6600036621094,41998
2026-07-06 13:56:00-04:00,361.05999755859375,361.05999755859375,361.5400085449219,361.044189453125,361.4700012207031,70746
2026-07-06 13:58:00-04:00,361.7149963378906,361.7149963378906,361.7300109863281,361.010009765625,361.0199890136719,105656
2026-07-06 14:00:00-04:00,361.69000244140625,361.69000244140625,361.75,361.5299987792969,361.75,25579
2026-07-06 14:02:00-04:00,361.5400085449219,361.5400085449219,361.7799987792969,361.4800109863281,361.680908203125,38820
2026-07-06 14:04:00-04:00,361.6499938964844,361.6499938964844,361.67999267578125,361.4901123046875,361.4901123046875,30215
2026-07-06 14:06:00-04:00,361.69000244140625,361.69000244140625,361.760009765625,361.6075134277344,361.625,25988
2026-07-06 14:08:00-04:00,361.67498779296875,361.67498779296875,362.0,361.6499938964844,361.7049865722656,33046
2026-07-06 14:10:00-04:00,361.5310974121094,361.5310974121094,361.8399963378906,361.5310974121094,361.67498779296875,82618
2026-07-06 14:12:00-04:00,361.55499267578125,361.55499267578125,361.6199035644531,361.3599853515625,361.5350036621094,27048
2026-07-06 14:14:00-04:00,361.92999267578125,361.92999267578125,361.9800109863281,361.489990234375,361.5899963378906,35828
2026-07-06 14:16:00-04:00,362.1000061035156,362.1000061035156,362.13250732421875,361.8399963378906,361.92999267578125,88412
2026-07-06 14:18:00-04:00,361.6094970703125,361.6094970703125,362.25,361.5400085449219,362.1300048828125,78144
2026-07-06 14:20:00-04:00,361.5899963378906,361.5899963378906,361.6300048828125,361.3399963378906,361.6099853515625,109655
2026-07-06 14:22:00-04:00,361.82000732421875,361.82000732421875,361.8800048828125,361.5,361.5899963378906,39851
2026-07-06 14:24:00-04:00,361.9100036621094,361.9100036621094,362.0299987792969,361.760009765625,361.8299865722656,27099
2026-07-06 14:26:00-04:00,361.79998779296875,361.79998779296875,361.95001220703125,361.7200012207031,361.94000244140625,31854
2026-07-06 14:28:00-04:00,361.9700012207031,361.9700012207031,361.9812927246094,361.70001220703125,361.7799987792969,25970
2026-07-06 14:30:00-04:00,362.6600036621094,362.6600036621094,362.6700134277344,361.95001220703125,361.95001220703125,77810
2026-07-06 14:32:00-04:00,362.5000915527344,362.5000915527344,362.760009765625,362.5,362.70001220703125,34462
2026-07-06 14:34:00-04:00,362.489990234375,362.489990234375,362.5899963378906,362.3900146484375,362.5400085449219,41453
2026-07-06 14:36:00-04:00,362.4700012207031,362.4700012207031,362.5199890136719,362.3500061035156,362.510009765625,39116
2026-07-06 14:38:00-04:00,362.7749938964844,362.7749938964844,362.7799987792969,362.4700012207031,362.5,76115
2026-07-06 14:40:00-04:00,362.95001220703125,362.95001220703125,362.9800109863281,362.7799987792969,362.7799987792969,46196
2026-07-06 14:42:00-04:00,363.0,363.0,363.0799865722656,362.8599853515625,362.95001220703125,50011
2026-07-06 14:44:00-04:00,362.8999938964844,362.8999938964844,362.9800109863281,362.6499938964844,362.9800109863281,69560
2026-07-06 14:46:00-04:00,362.9700012207031,362.9700012207031,363.05999755859375,362.82000732421875,362.8800048828125,48364
2026-07-06 14:48:00-04:00,363.44000244140625,363.44000244140625,363.4800109863281,362.9200134277344,362.95001220703125,64236
2026-07-06 14:50:00-04:00,363.5899963378906,363.5899963378906,363.67999267578125,363.4100036621094,363.4599914550781,56812
2026-07-06 14:52:00-04:00,363.885009765625,363.885009765625,363.8900146484375,363.5899963378906,363.6000061035156,48040
2026-07-06 14:54:00-04:00,363.8399963378906,363.8399963378906,363.9700012207031,363.75,363.885009765625,90442
2026-07-06 14:56:00-04:00,363.8900146484375,363.8900146484375,364.04998779296875,363.7699890136719,363.8599853515625,67777
2026-07-06 14:58:00-04:00,364.1400146484375,364.1400146484375,364.1700134277344,363.8800048828125,363.8900146484375,74851
2026-07-06 15:00:00-04:00,364.18499755859375,364.18499755859375,364.25,364.0450134277344,364.1099853515625,59952
2026-07-06 15:02:00-04:00,364.3440856933594,364.3440856933594,364.3699951171875,364.1400146484375,364.2099914550781,82040
2026-07-06 15:04:00-04:00,364.55499267578125,364.55499267578125,364.56988525390625,364.1300048828125,364.375,99781
2026-07-06 15:06:00-04:00,364.54998779296875,364.54998779296875,364.8900146484375,364.489990234375,364.56988525390625,130717
2026-07-06 15:08:00-04:00,364.3550109863281,364.3550109863281,364.6199951171875,364.07049560546875,364.54998779296875,89164
2026-07-06 15:10:00-04:00,364.739990234375,364.739990234375,364.7799987792969,364.260009765625,364.3500061035156,195319
2026-07-06 15:12:00-04:00,364.4700012207031,364.4700012207031,364.760009765625,364.406494140625,364.7349853515625,100509
2026-07-06 15:14:00-04:00,364.4200134277344,364.4200134277344,364.6700134277344,364.4150085449219,364.4649963378906,97904
2026-07-06 15:16:00-04:00,364.4725036621094,364.4725036621094,364.5150146484375,364.2301025390625,364.4200134277344,70023
2026-07-06 15:18:00-04:00,364.57000732421875,364.57000732421875,364.6199951171875,364.3500061035156,364.4674987792969,100433
2026-07-06 15:20:00-04:00,364.6700134277344,364.6700134277344,364.9599914550781,364.5400085449219,364.56500244140625,254790
2026-07-06 15:22:00-04:00,364.6499938964844,364.6499938964844,364.755615234375,364.4549865722656,364.67498779296875,79075
2026-07-06 15:24:00-04:00,365.010009765625,365.010009765625,365.05999755859375,364.44000244140625,364.6300048828125,147983
2026-07-06 15:26:00-04:00,364.9100036621094,364.9100036621094,365.07000732421875,364.8399963378906,365.0150146484375,103486
2026-07-06 15:28:00-04:00,365.16009521484375,365.16009521484375,365.2300109863281,364.6199951171875,364.9100036621094,106955
2026-07-06 15:30:00-04:00,365.375,365.375,365.6000061035156,365.0,365.17498779296875,92790
2026-07-06 15:32:00-04:00,365.3599853515625,365.3599853515625,365.45001220703125,365.239990234375,365.375,75027
2026-07-06 15:34:00-04:00,365.29998779296875,365.29998779296875,365.45001220703125,365.0,365.3599853515625,90654
2026-07-06 15:36:00-04:00,365.1299133300781,365.1299133300781,365.3900146484375,365.04998779296875,365.2699890136719,231441
2026-07-06 15:38:00-04:00,365.239990234375,365.239990234375,365.3500061035156,365.1000061035156,365.1000061035156,64657
2026-07-06 15:40:00-04:00,365.1199951171875,365.1199951171875,365.2550048828125,364.9700012207031,365.2200012207031,63005
2026-07-06 15:42:00-04:00,365.125,365.125,365.2200012207031,365.010009765625,365.1000061035156,60112
2026-07-06 15:44:00-04:00,365.2049865722656,365.2049865722656,365.29998779296875,365.07000732421875,365.1300048828125,84546
2026-07-06 15:46:00-04:00,365.239990234375,365.239990234375,365.2814025878906,365.1400146484375,365.20001220703125,69159
2026-07-06 15:48:00-04:00,365.07000732421875,365.07000732421875,365.3900146484375,365.0199890136719,365.2312927246094,97401
2026-07-06 15:50:00-04:00,364.5150146484375,364.5150146484375,365.04998779296875,364.3399963378906,365.0299987792969,420339
2026-07-06 15:52:00-04:00,364.70001220703125,364.70001220703125,364.8399963378906,363.9200134277344,364.4800109863281,208392
2026-07-06 15:54:00-04:00,365.6400146484375,365.6400146484375,365.6700134277344,364.4100036621094,364.75,317901
2026-07-06 15:56:00-04:00,365.29998779296875,365.29998779296875,365.67999267578125,365.2300109863281,365.6300048828125,347136
2026-07-06 15:58:00-04:00,364.75,364.75,365.3699951171875,364.6449890136719,365.29998779296875,922436
2026-07-07 09:30:00-04:00,366.25,366.25,367.5,365.4700012207031,367.3699951171875,637325
2026-07-07 09:32:00-04:00,365.6099853515625,365.6099853515625,366.989990234375,365.07000732421875,366.2550048828125,138155
2026-07-07 09:34:00-04:00,366.510009765625,366.510009765625,367.07000732421875,364.7900085449219,365.7200012207031,161360
2026-07-07 09:36:00-04:00,367.1199951171875,367.1199951171875,367.6000061035156,366.4200134277344,366.4599914550781,118927
2026-07-07 09:38:00-04:00,367.5450134277344,367.5450134277344,367.8299865722656,367.1000061035156,367.1000061035156,137567
2026-07-07 09:40:00-04:00,367.5450134277344,367.5450134277344,368.1000061035156,366.80999755859375,367.6000061035156,138288
2026-07-07 09:42:00-04:00,368.6400146484375,368.6400146484375,369.1499938964844,367.1400146484375,367.5899963378906,215351
2026-07-07 09:44:00-04:00,368.9100036621094,368.9100036621094,369.9599914550781,368.6099853515625,368.6099853515625,161674
2026-07-07 09:46:00-04:00,369.5350036621094,369.5350036621094,370.1300048828125,368.86480712890625,368.9150085449219,171517
2026-07-07 09:48:00-04:00,369.7099914550781,369.7099914550781,370.7699890136719,369.4599914550781,369.4599914550781,119989
2026-07-07 09:50:00-04:00,370.4200134277344,370.4200134277344,370.6199951171875,369.3299865722656,369.7300109863281,148611
2026-07-07 09:52:00-04:00,369.54998779296875,369.54998779296875,370.4299011230469,369.44500732421875,370.3800048828125,89117
2026-07-07 09:54:00-04:00,370.6000061035156,370.6000061035156,370.7300109863281,369.260009765625,369.510009765625,130319
2026-07-07 09:56:00-04:00,369.6449890136719,369.6449890136719,370.8900146484375,369.2200012207031,370.6000061035156,139725
2026-07-07 09:58:00-04:00,368.93499755859375,368.93499755859375,369.8450012207031,368.04998779296875,369.67999267578125,141388
2026-07-07 10:00:00-04:00,369.1300048828125,369.1300048828125,369.5299987792969,368.92999267578125,368.9800109863281,97357
2026-07-07 10:02:00-04:00,369.29998779296875,369.29998779296875,369.4599914550781,368.55999755859375,369.0799865722656,120513
2026-07-07 10:04:00-04:00,369.0299987792969,369.0299987792969,369.6700134277344,368.7200012207031,369.2300109863281,91803
2026-07-07 10:06:00-04:00,368.7900085449219,368.7900085449219,369.1000061035156,368.448486328125,368.92999267578125,97111
2026-07-07 10:08:00-04:00,368.8399963378906,368.8399963378906,369.1499938964844,367.9284973144531,368.7749938964844,141877
2026-07-07 10:10:00-04:00,369.21051025390625,369.21051025390625,369.4700012207031,368.8030090332031,368.864990234375,81682
2026-07-07 10:12:00-04:00,369.6409912109375,369.6409912109375,369.7799987792969,368.989990234375,369.2550048828125,65190
2026-07-07 10:14:00-04:00,369.25,369.25,369.79998779296875,369.0299987792969,369.67999267578125,106987
2026-07-07 10:16:00-04:00,368.80499267578125,368.80499267578125,369.29998779296875,368.5899963378906,369.25,92247
2026-07-07 10:18:00-04:00,369.1449890136719,369.1449890136719,369.42999267578125,368.6300048828125,368.7950134277344,76316
2026-07-07 10:20:00-04:00,369.3699951171875,369.3699951171875,369.54998779296875,368.8399963378906,369.1400146484375,92994
2026-07-07 10:22:00-04:00,369.2200927734375,369.2200927734375,369.6600036621094,368.9200134277344,369.3349914550781,122922
2026-07-07 10:24:00-04:00,368.1600036621094,368.1600036621094,369.4200134277344,368.05999755859375,369.2699890136719,151708
2026-07-07 10:26:00-04:00,368.4800109863281,368.4800109863281,368.6499938964844,367.6499938964844,368.0899963378906,107582
2026-07-07 10:28:00-04:00,368.4549865722656,368.4549865722656,368.75,368.1700134277344,368.489990234375,70080
2026-07-07 10:30:00-04:00,368.31500244140625,368.31500244140625,368.5,367.8900146484375,368.3999938964844,79130
2026-07-07 10:32:00-04:00,367.5799865722656,367.5799865722656,368.4800109863281,367.4200134277344,368.32000732421875,79222
2026-07-07 10:34:00-04:00,367.3800964355469,367.3800964355469,367.8699951171875,367.3211975097656,367.6050109863281,81759
2026-07-07 10:36:00-04:00,367.69500732421875,367.69500732421875,367.82000732421875,367.2200012207031,367.3800964355469,97056
2026-07-07 10:38:00-04:00,367.19000244140625,367.19000244140625,367.9599914550781,367.1499938964844,367.7049865722656,64884
2026-07-07 10:40:00-04:00,366.4700012207031,366.4700012207031,367.3900146484375,366.3900146484375,367.17999267578125,105660
2026-07-07 10:42:00-04:00,366.54998779296875,366.54998779296875,366.70001220703125,366.1000061035156,366.45001220703125,102335
2026-07-07 10:44:00-04:00,366.57000732421875,366.57000732421875,366.82000732421875,366.41009521484375,366.5299987792969,61777
2026-07-07 10:46:00-04:00,366.3399963378906,366.3399963378906,366.5856018066406,365.9100036621094,366.55999755859375,91034
2026-07-07 10:48:00-04:00,365.7650146484375,365.7650146484375,366.3999938964844,365.739990234375,366.3550109863281,68533
2026-07-07 10:50:00-04:00,365.3399963378906,365.3399963378906,365.8599853515625,365.2300109863281,365.7900085449219,77804
2026-07-07 10:52:00-04:00,365.2799987792969,365.2799987792969,365.5400085449219,364.8399963378906,365.2699890136719,74817
2026-07-07 10:54:00-04:00,365.4049987792969,365.4049987792969,365.71600341796875,365.04998779296875,365.239990234375,77865
2026-07-07 10:56:00-04:00,365.44000244140625,365.44000244140625,365.56500244140625,365.1199951171875,365.3999938964844,74488
2026-07-07 10:58:00-04:00,364.82000732421875,364.82000732421875,365.44000244140625,364.489990234375,365.4100036621094,73750
2026-07-07 11:00:00-04:00,365.1180114746094,365.1180114746094,365.1700134277344,364.510009765625,364.82000732421875,70417
2026-07-07 11:02:00-04:00,364.8500061035156,364.8500061035156,365.1400146484375,364.6400146484375,365.07000732421875,79072
2026-07-07 11:04:00-04:00,365.1449890136719,365.1449890136719,365.2449951171875,364.82000732421875,364.885009765625,61044
2026-07-07 11:06:00-04:00,364.82501220703125,364.82501220703125,365.3699951171875,364.6400146484375,365.1449890136719,72139
2026-07-07 11:08:00-04:00,364.92999267578125,364.92999267578125,365.1000061035156,364.7049865722656,364.8999938964844,85290
2026-07-07 11:10:00-04:00,365.0,365.0,365.3599853515625,364.70001220703125,364.94000244140625,44724
2026-07-07 11:12:00-04:00,364.6300048828125,364.6300048828125,365.07000732421875,364.5199890136719,364.9949951171875,50891
2026-07-07 11:14:00-04:00,365.1499938964844,365.1499938964844,365.3894958496094,364.4200134277344,364.6000061035156,78672
2026-07-07 11:16:00-04:00,365.6099853515625,365.6099853515625,365.75,365.2200012207031,365.2300109863281,54257
2026-07-07 11:18:00-04:00,365.3800048828125,365.3800048828125,365.6400146484375,365.29998779296875,365.5899963378906,54390
2026-07-07 11:20:00-04:00,365.2300109863281,365.2300109863281,365.60809326171875,365.0,365.4150085449219,75528
2026-07-07 11:22:00-04:00,365.3399963378906,365.3399963378906,365.54998779296875,365.1099853515625,365.2099914550781,54383
2026-07-07 11:24:00-04:00,365.5849914550781,365.5849914550781,365.8299865722656,365.2900085449219,365.3699951171875,56131
2026-07-07 11:26:00-04:00,365.989990234375,365.989990234375,366.0299987792969,365.4305114746094,365.54998779296875,56186
2026-07-07 11:28:00-04:00,366.42999267578125,366.42999267578125,366.4599914550781,365.94000244140625,365.9800109863281,55540
2026-07-07 11:30:00-04:00,366.4200134277344,366.4200134277344,366.760009765625,366.3212890625,366.4100036621094,68333
2026-07-07 11:32:00-04:00,366.3299865722656,366.3299865722656,366.5400085449219,366.18011474609375,366.4150085449219,57136
2026-07-07 11:34:00-04:00,366.45001220703125,366.45001220703125,366.6000061035156,366.1300048828125,366.31500244140625,55830
2026-07-07 11:36:00-04:00,366.25,366.25,366.489990234375,366.05999755859375,366.43499755859375,54986
2026-07-07 11:38:00-04:00,366.0249938964844,366.0249938964844,366.4200134277344,366.0249938964844,366.2099914550781,29729
2026-07-07 11:40:00-04:00,365.7149963378906,365.7149963378906,366.0249938964844,365.44500732421875,366.0249938964844,56520
2026-07-07 11:42:00-04:00,365.7449951171875,365.7449951171875,365.8699951171875,365.5199890136719,365.7099914550781,52928
2026-07-07 11:44:00-04:00,366.0899963378906,366.0899963378906,366.0899963378906,365.6400146484375,365.75,42352
2026-07-07 11:46:00-04:00,365.8949890136719,365.8949890136719,366.1099853515625,365.7650146484375,366.1025085449219,32334
2026-07-07 11:48:00-04:00,366.2049865722656,366.2049865722656,366.2799987792969,365.8594970703125,365.8599853515625,50627
2026-07-07 11:50:00-04:00,365.93499755859375,365.93499755859375,366.2049865722656,365.9200134277344,366.2049865722656,38801
2026-07-07 11:52:00-04:00,366.2099914550781,366.2099914550781,366.25,365.94000244140625,365.94000244140625,39139
2026-07-07 11:54:00-04:00,366.19000244140625,366.19000244140625,366.45001220703125,366.1300048828125,366.2099914550781,47836
2026-07-07 11:56:00-04:00,366.2300109863281,366.2300109863281,366.3399963378906,366.010009765625,366.2099914550781,42092
2026-07-07 11:58:00-04:00,366.1400146484375,366.1400146484375,366.260009765625,365.9700012207031,366.2300109863281,49073
2026-07-07 12:00:00-04:00,365.7550048828125,365.7550048828125,366.30499267578125,365.6700134277344,366.1549987792969,62576
2026-07-07 12:02:00-04:00,365.2900085449219,365.2900085449219,365.739990234375,365.0299987792969,365.7200012207031,53685
2026-07-07 12:04:00-04:00,365.3399963378906,365.3399963378906,365.3900146484375,365.0299987792969,365.239990234375,55895
2026-07-07 12:06:00-04:00,365.2699890136719,365.2699890136719,365.43499755859375,365.1300048828125,365.31878662109375,35393
2026-07-07 12:08:00-04:00,365.3335876464844,365.3335876464844,365.4599914550781,365.19000244140625,365.260009765625,37308
2026-07-07 12:10:00-04:00,365.54998779296875,365.54998779296875,365.55999755859375,365.3599853515625,365.3699951171875,30482
2026-07-07 12:12:00-04:00,365.42999267578125,365.42999267578125,365.6300048828125,365.38140869140625,365.5249938964844,31980
2026-07-07 12:14:00-04:00,365.9036865234375,365.9036865234375,365.92999267578125,365.2149963378906,365.4599914550781,38014
2026-07-07 12:16:00-04:00,365.7699890136719,365.7699890136719,366.07000732421875,365.7200012207031,365.95001220703125,48238
2026-07-07 12:18:00-04:00,365.5400085449219,365.5400085449219,365.78509521484375,365.37310791015625,365.7699890136719,27248
2026-07-07 12:20:00-04:00,365.32000732421875,365.32000732421875,365.5299987792969,365.25,365.4949951171875,36308
2026-07-07 12:22:00-04:00,365.75,365.75,365.82000732421875,365.2200012207031,365.32000732421875,29113
2026-07-07 12:24:00-04:00,365.79998779296875,365.79998779296875,365.8699951171875,365.55010986328125,365.69000244140625,28425
2026-07-07 12:26:00-04:00,365.69500732421875,365.69500732421875,365.79998779296875,365.54998779296875,365.79998779296875,21929
2026-07-07 12:28:00-04:00,365.3399963378906,365.3399963378906,365.7799987792969,365.2950134277344,365.7099914550781,31980
2026-07-07 12:30:00-04:00,365.7200012207031,365.7200012207031,365.7200012207031,365.3399963378906,365.3500061035156,32870
2026-07-07 12:32:00-04:00,365.6300048828125,365.6300048828125,365.75,365.5400085449219,365.7149963378906,25154
2026-07-07 12:34:00-04:00,365.7699890136719,365.7699890136719,365.7699890136719,365.4750061035156,365.625,30101
2026-07-07 12:36:00-04:00,366.0450134277344,366.0450134277344,366.1000061035156,365.7699890136719,365.7699890136719,29153
2026-07-07 12:38:00-04:00,366.2200012207031,366.2200012207031,366.3299865722656,365.9849853515625,366.0400085449219,47515
2026-07-07 12:40:00-04:00,366.1650085449219,366.1650085449219,366.3599853515625,366.07000732421875,366.2149963378906,40532
2026-07-07 12:42:00-04:00,366.239990234375,366.239990234375,366.2699890136719,366.0,366.17999267578125,24984
2026-07-07 12:44:00-04:00,366.3299865722656,366.3299865722656,366.375,366.1282958984375,366.239990234375,40435
2026-07-07 12:46:00-04:00,366.2699890136719,366.2699890136719,366.6700134277344,366.2200012207031,366.3299865722656,43658
2026-07-07 12:48:00-04:00,366.18499755859375,366.18499755859375,366.30999755859375,366.0450134277344,366.2300109863281,25473
2026-07-07 12:50:00-04:00,366.0950012207031,366.0950012207031,366.489990234375,366.0700988769531,366.19500732421875,28066
2026-07-07 12:52:00-04:00,366.2300109863281,366.2300109863281,366.260009765625,366.07501220703125,366.0950012207031,27682
2026-07-07 12:54:00-04:00,366.75,366.75,366.75,366.1300964355469,366.2300109863281,28270
2026-07-07 12:56:00-04:00,366.94000244140625,366.94000244140625,366.95001220703125,366.5199890136719,366.7149963378906,39889
2026-07-07 12:58:00-04:00,366.30999755859375,366.30999755859375,366.95001220703125,366.2799987792969,366.94000244140625,40389
2026-07-07 13:00:00-04:00,366.150390625,366.150390625,366.45001220703125,366.1499938964844,366.2900085449219,29594
2026-07-07 13:02:00-04:00,366.29998779296875,366.29998779296875,366.29998779296875,366.05499267578125,366.1499938964844,325399
2026-07-07 13:04:00-04:00,366.2200012207031,366.2200012207031,366.30999755859375,366.1546936035156,366.29998779296875,26294
2026-07-07 13:06:00-04:00,366.2099914550781,366.2099914550781,366.3299865722656,366.1300048828125,366.20001220703125,38182
2026-07-07 13:08:00-04:00,366.1099853515625,366.1099853515625,366.2900085449219,366.0400085449219,366.260009765625,22287
2026-07-07 13:10:00-04:00,366.2099914550781,366.2099914550781,366.31500244140625,366.0799865722656,366.114990234375,25379
2026-07-07 13:12:00-04:00,366.3800048828125,366.3800048828125,366.3800048828125,366.0899963378906,366.2300109863281,31631
2026-07-07 13:14:00-04:00,366.3399963378906,366.3399963378906,366.55999755859375,366.2900085449219,366.35791015625,39599
2026-07-07 13:16:00-04:00,366.1199951171875,366.1199951171875,366.29998779296875,366.0101013183594,366.29998779296875,24063
2026-07-07 13:18:00-04:00,366.2344055175781,366.2344055175781,366.30999755859375,366.0249938964844,366.1600036621094,21623
2026-07-07 13:20:00-04:00,366.67999267578125,366.67999267578125,366.760009765625,366.2001953125,366.2300109863281,34195
2026-07-07 13:22:00-04:00,366.7699890136719,366.7699890136719,366.8349914550781,366.57000732421875,366.69000244140625,31547
2026-07-07 13:24:00-04:00,367.1199951171875,367.1199951171875,367.1199951171875,366.7449951171875,366.760009765625,34715
2026-07-07 13:26:00-04:00,366.92498779296875,366.92498779296875,367.0950012207031,366.875,367.0950012207031,26420
2026-07-07 13:28:00-04:00,366.69000244140625,366.69000244140625,366.94000244140625,366.6300964355469,366.92498779296875,34866
2026-07-07 13:30:00-04:00,366.42999267578125,366.42999267578125,366.739990234375,366.3550109863281,366.6424865722656,33371
2026-07-07 13:32:00-04:00,366.4599914550781,366.4599914550781,366.5249938964844,366.25,366.4200134277344,34286
2026-07-07 13:34:00-04:00,366.5199890136719,366.5199890136719,366.5299987792969,366.364990234375,366.4200134277344,25785
2026-07-07 13:36:00-04:00,366.4200134277344,366.4200134277344,366.6199951171875,366.4150085449219,366.5,25237
2026-07-07 13:38:00-04:00,366.4200134277344,366.4200134277344,366.4599914550781,366.29998779296875,366.42498779296875,23589
2026-07-07 13:40:00-04:00,366.3500061035156,366.3500061035156,366.489990234375,366.3500061035156,366.4200134277344,24804
2026-07-07 13:42:00-04:00,366.489990234375,366.489990234375,366.489990234375,366.0799865722656,366.3299865722656,49260
2026-07-07 13:44:00-04:00,366.6000061035156,366.6000061035156,366.6000061035156,366.40008544921875,366.489990234375,26486
2026-07-07 13:46:00-04:00,366.3349914550781,366.3349914550781,366.6499938964844,366.3299865722656,366.5849914550781,23638
2026-07-07 13:48:00-04:00,366.3500061035156,366.3500061035156,366.3800048828125,366.1199951171875,366.32501220703125,21078
2026-07-07 13:50:00-04:00,366.3800048828125,366.3800048828125,366.5,366.29998779296875,366.32000732421875,16168
2026-07-07 13:52:00-04:00,366.3301086425781,366.3301086425781,366.5,366.3299865722656,366.364990234375,20189
2026-07-07 13:54:00-04:00,366.6575012207031,366.6575012207031,366.70001220703125,366.29998779296875,366.3500061035156,20581
2026-07-07 13:56:00-04:00,366.5899963378906,366.5899963378906,366.7200012207031,366.55999755859375,366.70001220703125,29002
2026-07-07 13:58:00-04:00,366.8599853515625,366.8599853515625,366.8599853515625,366.5899963378906,366.5899963378906,36515
2026-07-07 14:00:00-04:00,367.07501220703125,367.07501220703125,367.2799987792969,366.7699890136719,366.864990234375,53660
2026-07-07 14:02:00-04:00,366.989990234375,366.989990234375,367.17999267578125,366.8999938964844,367.1000061035156,47624
2026-07-07 14:04:00-04:00,366.8500061035156,366.8500061035156,367.010009765625,366.7200012207031,366.989990234375,43551
2026-07-07 14:06:00-04:00,367.0050048828125,367.0050048828125,367.1000061035156,366.79998779296875,366.8399963378906,54361
2026-07-07 14:08:00-04:00,366.9649963378906,366.9649963378906,367.1300048828125,366.875,367.0050048828125,48148
2026-07-07 14:10:00-04:00,367.0,367.0,367.1300048828125,366.760009765625,366.9649963378906,50121
2026-07-07 14:12:00-04:00,366.2550048828125,366.2550048828125,367.1099853515625,366.19000244140625,367.0199890136719,58140
2026-07-07 14:14:00-04:00,366.3399963378906,366.3399963378906,366.45001220703125,366.1138000488281,366.2300109863281,62877
2026-07-07 14:16:00-04:00,366.5899963378906,366.5899963378906,366.6199951171875,366.29998779296875,366.30999755859375,41346
2026-07-07 14:18:00-04:00,366.3699951171875,366.3699951171875,366.6199951171875,366.25,366.5899963378906,40565
2026-07-07 14:20:00-04:00,366.04998779296875,366.04998779296875,366.42999267578125,365.8999938964844,366.3699951171875,34975
2026-07-07 14:22:00-04:00,366.06500244140625,366.06500244140625,366.2699890136719,365.8999938964844,366.04998779296875,25655
2026-07-07 14:24:00-04:00,366.17498779296875,366.17498779296875,366.2200012207031,365.8999938964844,366.06500244140625,35010
2026-07-07 14:26:00-04:00,366.0,366.0,366.260009765625,365.8800048828125,366.2099914550781,61025
2026-07-07 14:28:00-04:00,366.1099853515625,366.1099853515625,366.1415100097656,365.8399963378906,365.9700012207031,35374
2026-07-07 14:30:00-04:00,365.9599914550781,365.9599914550781,366.239990234375,365.8500061035156,366.125,73178
2026-07-07 14:32:00-04:00,365.6700134277344,365.6700134277344,365.9700012207031,365.6300048828125,365.8999938964844,59516
2026-07-07 14:34:00-04:00,365.70849609375,365.70849609375,365.7300109863281,365.2749938964844,365.6600036621094,61035
2026-07-07 14:36:00-04:00,365.6499938964844,365.6499938964844,365.760009765625,365.5,365.69000244140625,44990
2026-07-07 14:38:00-04:00,365.8299865722656,365.8299865722656,365.8999938964844,365.55999755859375,365.6250915527344,28858
2026-07-07 14:40:00-04:00,365.8500061035156,365.8500061035156,365.889892578125,365.739990234375,365.8450012207031,26077
2026-07-07 14:42:00-04:00,366.17498779296875,366.17498779296875,366.2273864746094,365.82000732421875,365.8500061035156,77730
2026-07-07 14:44:00-04:00,366.1199951171875,366.1199951171875,366.2799987792969,365.9700012207031,366.19000244140625,30388
2026-07-07 14:46:00-04:00,366.2900085449219,366.2900085449219,366.4800109863281,366.1300048828125,366.1300048828125,36092
2026-07-07 14:48:00-04:00,365.9549865722656,365.9549865722656,366.29998779296875,365.70001220703125,366.2799987792969,54316
2026-07-07 14:50:00-04:00,365.9450988769531,365.9450988769531,366.1050109863281,365.7099914550781,365.9549865722656,30508
2026-07-07 14:52:00-04:00,365.6300048828125,365.6300048828125,365.94500732421875,365.6300048828125,365.94500732421875,39283
2026-07-07 14:54:00-04:00,365.4700012207031,365.4700012207031,365.6600036621094,365.3699951171875,365.6300048828125,32740
2026-07-07 14:56:00-04:00,365.3800048828125,365.3800048828125,365.69500732421875,365.30010986328125,365.4949951171875,89500
2026-07-07 14:58:00-04:00,365.375,365.375,365.5,365.2699890136719,365.3800048828125,28545
2026-07-07 15:00:00-04:00,365.3800048828125,365.3800048828125,365.6000061035156,365.3200988769531,365.375,56566
2026-07-07 15:02:00-04:00,365.19000244140625,365.19000244140625,365.3399963378906,365.1400146484375,365.3399963378906,34980
2026-07-07 15:04:00-04:00,365.2301940917969,365.2301940917969,365.2699890136719,364.9150085449219,365.1600036621094,51839
2026-07-07 15:06:00-04:00,365.5899963378906,365.5899963378906,365.70001220703125,365.1199951171875,365.239990234375,54596
2026-07-07 15:08:00-04:00,365.45001220703125,365.45001220703125,365.69500732421875,365.4200134277344,365.6099853515625,40690
2026-07-07 15:10:00-04:00,365.5849914550781,365.5849914550781,365.70001220703125,365.42498779296875,365.4599914550781,36286
2026-07-07 15:12:00-04:00,365.5400085449219,365.5400085449219,365.6300048828125,365.3599853515625,365.6000061035156,33742
2026-07-07 15:14:00-04:00,365.635009765625,365.635009765625,365.7200012207031,365.44000244140625,365.55999755859375,38518
2026-07-07 15:16:00-04:00,365.4100036621094,365.4100036621094,365.75,365.3599853515625,365.6199951171875,46894
2026-07-07 15:18:00-04:00,365.3900146484375,365.3900146484375,365.44000244140625,365.0799865722656,365.4100036621094,82121
2026-07-07 15:20:00-04:00,365.0400085449219,365.0400085449219,365.4200134277344,364.8299865722656,365.385009765625,116775
2026-07-07 15:22:00-04:00,365.1400146484375,365.1400146484375,365.2298889160156,364.92999267578125,365.0400085449219,63379
2026-07-07 15:24:00-04:00,365.29998779296875,365.29998779296875,365.32501220703125,365.05999755859375,365.1600036621094,59666
2026-07-07 15:26:00-04:00,365.1300048828125,365.1300048828125,365.489990234375,365.1199951171875,365.2900085449219,780865
2026-07-07 15:28:00-04:00,364.95001220703125,364.95001220703125,365.29998779296875,364.8999938964844,365.135009765625,62930
2026-07-07 15:30:00-04:00,364.8999938964844,364.8999938964844,365.0400085449219,364.5400085449219,364.95001220703125,101199
2026-07-07 15:32:00-04:00,364.989990234375,364.989990234375,365.05999755859375,364.739990234375,364.94000244140625,42872
2026-07-07 15:34:00-04:00,364.63690185546875,364.63690185546875,364.989990234375,364.489990234375,364.9700927734375,74577
2026-07-07 15:36:00-04:00,364.34991455078125,364.34991455078125,364.79541015625,364.30999755859375,364.6499938964844,63865
2026-07-07 15:38:00-04:00,364.05499267578125,364.05499267578125,364.3500061035156,363.8800048828125,364.2699890136719,42299
2026-07-07 15:40:00-04:00,363.3349914550781,363.3349914550781,364.1199951171875,363.3299865722656,364.05499267578125,56395
2026-07-07 15:42:00-04:00,362.5899963378906,362.5899963378906,363.3399963378906,362.57501220703125,363.3349914550781,62260
2026-07-07 15:44:00-04:00,363.2200012207031,363.2200012207031,363.239990234375,362.42999267578125,362.6000061035156,70214
2026-07-07 15:46:00-04:00,363.0899963378906,363.0899963378906,363.3500061035156,363.0899963378906,363.2200012207031,43053
2026-07-07 15:48:00-04:00,362.8349914550781,362.8349914550781,363.1700134277344,362.67999267578125,363.07000732421875,57841
2026-07-07 15:50:00-04:00,363.7749938964844,363.7749938964844,363.9100036621094,362.8349914550781,362.8349914550781,122952
2026-07-07 15:52:00-04:00,363.6499938964844,363.6499938964844,363.7900085449219,363.4849853515625,363.7699890136719,91729
2026-07-07 15:54:00-04:00,364.4100036621094,364.4100036621094,364.8500061035156,363.6400146484375,363.6400146484375,195886
2026-07-07 15:56:00-04:00,364.1300048828125,364.1300048828125,364.625,364.0199890136719,364.3800048828125,198125
2026-07-07 15:58:00-04:00,363.6499938964844,363.6499938964844,364.135009765625,363.2200012207031,364.1000061035156,559746
2026-07-08 09:30:00-04:00,362.5050048828125,362.5050048828125,364.8399963378906,361.989990234375,362.2099914550781,837565
2026-07-08 09:32:00-04:00,361.5,361.5,362.9674987792969,360.9649963378906,362.44000244140625,154150
2026-07-08 09:34:00-04:00,360.6300048828125,360.6300048828125,361.6400146484375,359.8299865722656,361.6400146484375,127724
2026-07-08 09:36:00-04:00,361.4100036621094,361.4100036621094,362.0899963378906,360.5,360.6000061035156,68862
2026-07-08 09:38:00-04:00,360.239990234375,360.239990234375,361.6499938964844,360.03009033203125,361.4599914550781,75516
2026-07-08 09:40:00-04:00,361.260009765625,361.260009765625,361.5899963378906,360.0700988769531,360.17999267578125,76307
2026-07-08 09:42:00-04:00,361.1650085449219,361.1650085449219,361.57000732421875,360.8999938964844,361.2200012207031,58030
2026-07-08 09:44:00-04:00,361.7300109863281,361.7300109863281,362.0199890136719,361.1802978515625,361.2300109863281,72504
2026-07-08 09:46:00-04:00,361.9200134277344,361.9200134277344,362.2799987792969,360.9800109863281,361.7300109863281,91906
2026-07-08 09:48:00-04:00,360.9599914550781,360.9599914550781,361.9226989746094,360.739990234375,361.8399963378906,70825
2026-07-08 09:50:00-04:00,360.57000732421875,360.57000732421875,361.45001220703125,360.510009765625,360.96051025390625,67997
2026-07-08 09:52:00-04:00,360.2699890136719,360.2699890136719,360.8699951171875,360.1199951171875,360.5299987792969,58359
2026-07-08 09:54:00-04:00,360.54998779296875,360.54998779296875,360.54998779296875,360.0585021972656,360.2200012207031,48924
2026-07-08 09:56:00-04:00,360.4200134277344,360.4200134277344,360.739990234375,360.239990234375,360.3999938964844,45175
2026-07-08 09:58:00-04:00,359.67999267578125,359.67999267578125,360.4150085449219,359.6300048828125,360.4049987792969,70749
2026-07-08 10:00:00-04:00,359.2650146484375,359.2650146484375,359.9200134277344,359.05499267578125,359.739990234375,104695
2026-07-08 10:02:00-04:00,359.8800048828125,359.8800048828125,359.94989013671875,358.8999938964844,359.2099914550781,51459
2026-07-08 10:04:00-04:00,359.67999267578125,359.67999267578125,360.04998779296875,359.2699890136719,359.92999267578125,61379
2026-07-08 10:06:00-04:00,360.0758972167969,360.0758972167969,360.1449890136719,359.42999267578125,359.67999267578125,50829
2026-07-08 10:08:00-04:00,360.3699951171875,360.3699951171875,360.4200134277344,359.8299865722656,360.0845031738281,65351
2026-07-08 10:10:00-04:00,359.5400085449219,359.5400085449219,360.44000244140625,359.4200134277344,360.4200134277344,33308
2026-07-08 10:12:00-04:00,359.7950134277344,359.7950134277344,360.0690002441406,359.44000244140625,359.5389099121094,47970
2026-07-08 10:14:00-04:00,359.7650146484375,359.7650146484375,359.9700012207031,359.4750061035156,359.82000732421875,33924
2026-07-08 10:16:00-04:00,359.68499755859375,359.68499755859375,359.8900146484375,359.5,359.80999755859375,36235
2026-07-08 10:18:00-04:00,359.2250061035156,359.2250061035156,359.9100036621094,359.0199890136719,359.6600036621094,30926
2026-07-08 10:20:00-04:00,359.7099914550781,359.7099914550781,359.8399963378906,359.05999755859375,359.1499938964844,35959
2026-07-08 10:22:00-04:00,359.8599853515625,359.8599853515625,359.8800048828125,359.54998779296875,359.79998779296875,24187
2026-07-08 10:24:00-04:00,359.885009765625,359.885009765625,360.0,359.4800109863281,359.864990234375,23408
2026-07-08 10:26:00-04:00,359.510009765625,359.510009765625,360.0,359.2099914550781,359.9100036621094,32134
2026-07-08 10:28:00-04:00,359.07000732421875,359.07000732421875,359.5299987792969,359.07000732421875,359.4750061035156,40173
2026-07-08 10:30:00-04:00,359.0799865722656,359.0799865722656,359.57501220703125,359.010009765625,359.010009765625,35456
2026-07-08 10:32:00-04:00,359.0199890136719,359.0199890136719,359.20001220703125,358.8800048828125,359.07000732421875,33899
2026-07-08 10:34:00-04:00,358.75,358.75,359.2250061035156,358.6700134277344,359.0,41590
2026-07-08 10:36:00-04:00,358.5400085449219,358.5400085449219,358.7799987792969,358.4549865722656,358.7200012207031,48098
2026-07-08 10:38:00-04:00,358.1000061035156,358.1000061035156,358.70001220703125,358.0299987792969,358.55499267578125,36151
2026-07-08 10:40:00-04:00,358.67999267578125,358.67999267578125,358.7486877441406,358.0,358.04998779296875,48145
2026-07-08 10:42:00-04:00,358.4700012207031,358.4700012207031,358.7300109863281,358.32000732421875,358.61138916015625,18154
2026-07-08 10:44:00-04:00,358.54998779296875,358.54998779296875,358.69000244140625,358.3299865722656,358.4949951171875,37395
2026-07-08 10:46:00-04:00,359.0050048828125,359.0050048828125,359.1199951171875,358.5,358.510009765625,39973
2026-07-08 10:48:00-04:00,359.3999938964844,359.3999938964844,359.3999938964844,358.9200134277344,358.9599914550781,37270
2026-07-08 10:50:00-04:00,359.1000061035156,359.1000061035156,359.4700012207031,358.8500061035156,359.4200134277344,55201
2026-07-08 10:52:00-04:00,358.9200134277344,358.9200134277344,359.3999938964844,358.7200012207031,359.1600036621094,60429
2026-07-08 10:54:00-04:00,358.8699951171875,358.8699951171875,359.0899963378906,358.6099853515625,358.94000244140625,55663
2026-07-08 10:56:00-04:00,358.7250061035156,358.7250061035156,359.0199890136719,358.6300048828125,358.8800048828125,44234
2026-07-08 10:58:00-04:00,358.6600036621094,358.6600036621094,358.8299865722656,358.5299987792969,358.7300109863281,45822
2026-07-08 11:00:00-04:00,358.6000061035156,358.6000061035156,358.7699890136719,358.2799987792969,358.69000244140625,51189
2026-07-08 11:02:00-04:00,358.8550109863281,358.8550109863281,358.8550109863281,358.3800048828125,358.5799865722656,53982
2026-07-08 11:04:00-04:00,358.8399963378906,358.8399963378906,358.9599914550781,358.7300109863281,358.8900146484375,32311
2026-07-08 11:06:00-04:00,358.7049865722656,358.7049865722656,358.95001220703125,358.5199890136719,358.8800048828125,37001
2026-07-08 11:08:00-04:00,358.340087890625,358.340087890625,358.75,358.30999755859375,358.7099914550781,41826
2026-07-08 11:10:00-04:00,358.5799865722656,358.5799865722656,358.6700134277344,358.19049072265625,358.3450012207031,35419
2026-07-08 11:12:00-04:00,358.6650085449219,358.6650085449219,358.7149963378906,358.3999938964844,358.6099853515625,34998
2026-07-08 11:14:00-04:00,358.489990234375,358.489990234375,358.9200134277344,358.489990234375,358.6099853515625,31525
2026-07-08 11:16:00-04:00,358.5000915527344,358.5000915527344,358.760009765625,358.3399963378906,358.4200134277344,38846
2026-07-08 11:18:00-04:00,358.94500732421875,358.94500732421875,359.0150146484375,358.4800109863281,358.489990234375,32093
2026-07-08 11:20:00-04:00,359.0799865722656,359.0799865722656,359.32000732421875,358.9599914550781,358.9599914550781,63487
2026-07-08 11:22:00-04:00,358.82000732421875,358.82000732421875,359.1199951171875,358.7200012207031,359.0050048828125,50434
2026-07-08 11:24:00-04:00,358.2799987792969,358.2799987792969,358.9100036621094,358.2749938964844,358.875,49222
2026-07-08 11:26:00-04:00,357.9150085449219,357.9150085449219,358.4100036621094,357.82000732421875,358.30499267578125,80027
2026-07-08 11:28:00-04:00,358.2200012207031,358.2200012207031,358.2900085449219,357.7200012207031,357.94989013671875,67976
2026-07-08 11:30:00-04:00,357.9100036621094,357.9100036621094,358.3299865722656,357.7699890136719,358.2300109863281,41153
2026-07-08 11:32:00-04:00,357.6000061035156,357.6000061035156,358.06500244140625,357.510009765625,357.9700012207031,43961
2026-07-08 11:34:00-04:00,357.4599914550781,357.4599914550781,357.8500061035156,357.30999755859375,357.5950012207031,79132
2026-07-08 11:36:00-04:00,357.8900146484375,357.8900146484375,357.8999938964844,357.32000732421875,357.4700012207031,89359
2026-07-08 11:38:00-04:00,358.18499755859375,358.18499755859375,358.2900085449219,357.75,357.9100036621094,63206
2026-07-08 11:40:00-04:00,358.2900085449219,358.2900085449219,358.4999084472656,358.0899963378906,358.17999267578125,30988
2026-07-08 11:42:00-04:00,358.2550048828125,358.2550048828125,358.45001220703125,358.20001220703125,358.32000732421875,27613
2026-07-08 11:44:00-04:00,358.29998779296875,358.29998779296875,358.3599853515625,358.1000061035156,358.2200012207031,42469
2026-07-08 11:46:00-04:00,358.1099853515625,358.1099853515625,358.510009765625,357.8500061035156,358.3299865722656,56289
2026-07-08 11:48:00-04:00,357.75,357.75,358.2200012207031,357.6300048828125,358.2099914550781,33251
2026-07-08 11:50:00-04:00,357.6099853515625,357.6099853515625,357.8800048828125,357.4479064941406,357.7900085449219,18909
2026-07-08 11:52:00-04:00,357.42999267578125,357.42999267578125,357.6600036621094,357.3999938964844,357.6199951171875,22258
2026-07-08 11:54:00-04:00,357.1600036621094,357.1600036621094,357.46551513671875,356.94000244140625,357.46551513671875,32228
2026-07-08 11:56:00-04:00,357.260009765625,357.260009765625,357.2995910644531,357.0899963378906,357.1600036621094,15569
2026-07-08 11:58:00-04:00,357.4800109863281,357.4800109863281,357.5249938964844,357.2250061035156,357.239990234375,36959
2026-07-08 12:00:00-04:00,357.7650146484375,357.7650146484375,357.8900146484375,357.3299865722656,357.489990234375,40880
2026-07-08 12:02:00-04:00,357.42010498046875,357.42010498046875,357.739990234375,357.3450012207031,357.7300109863281,17456
2026-07-08 12:04:00-04:00,357.57501220703125,357.57501220703125,357.6400146484375,357.3599853515625,357.476806640625,16270
2026-07-08 12:06:00-04:00,357.5400085449219,357.5400085449219,357.6600036621094,357.53131103515625,357.6300048828125,8021
2026-07-08 12:08:00-04:00,357.5450134277344,357.5450134277344,357.6499938964844,357.3699951171875,357.52020263671875,28759
2026-07-08 12:10:00-04:00,357.94000244140625,357.94000244140625,358.00799560546875,357.57000732421875,357.5799865722656,31863
2026-07-08 12:12:00-04:00,358.20001220703125,358.20001220703125,358.20001220703125,357.91009521484375,357.95001220703125,37256
2026-07-08 12:14:00-04:00,358.2149963378906,358.2149963378906,358.3900146484375,357.9100036621094,358.1300048828125,22112
2026-07-08 12:16:00-04:00,358.20001220703125,358.20001220703125,358.5,358.19000244140625,358.2300109863281,37773
2026-07-08 12:18:00-04:00,358.0299987792969,358.0299987792969,358.44000244140625,357.9549865722656,358.2699890136719,18619
2026-07-08 12:20:00-04:00,357.9100036621094,357.9100036621094,358.1300048828125,357.8999938964844,358.0899963378906,20795
2026-07-08 12:22:00-04:00,358.3799133300781,358.3799133300781,358.42999267578125,357.79998779296875,357.92999267578125,15654
2026-07-08 12:24:00-04:00,358.2900085449219,358.2900085449219,358.3399963378906,358.114990234375,358.2799987792969,15712
2026-07-08 12:26:00-04:00,358.3900146484375,358.3900146484375,358.5899963378906,358.2650146484375,358.2650146484375,18172
2026-07-08 12:28:00-04:00,358.1099853515625,358.1099853515625,358.4200134277344,358.0404968261719,358.4200134277344,15171
2026-07-08 12:30:00-04:00,358.3900146484375,358.3900146484375,358.6593933105469,358.0400085449219,358.07000732421875,19714
2026-07-08 12:32:00-04:00,358.3424072265625,358.3424072265625,358.67999267578125,358.3299865722656,358.3599853515625,17541
2026-07-08 12:34:00-04:00,358.125,358.125,358.510009765625,358.07000732421875,358.389892578125,36921
2026-07-08 12:36:00-04:00,357.9100036621094,357.9100036621094,358.1400146484375,357.82501220703125,358.1300048828125,52707
2026-07-08 12:38:00-04:00,358.1400146484375,358.1400146484375,358.1400146484375,357.8399963378906,357.8800048828125,39571
2026-07-08 12:40:00-04:00,358.0150146484375,358.0150146484375,358.4100036621094,357.92999267578125,358.1650085449219,31515
2026-07-08 12:42:00-04:00,358.0950012207031,358.0950012207031,358.239990234375,358.0050048828125,358.0050048828125,16091
2026-07-08 12:44:00-04:00,358.04998779296875,358.04998779296875,358.3299865722656,358.0,358.1099853515625,20282
2026-07-08 12:46:00-04:00,358.1449890136719,358.1449890136719,358.25,357.9800109863281,358.0378112792969,23674
2026-07-08 12:48:00-04:00,358.0098876953125,358.0098876953125,358.1499938964844,357.9617004394531,358.1400146484375,13654
2026-07-08 12:50:00-04:00,358.12689208984375,358.12689208984375,358.1600036621094,357.8599853515625,358.010009765625,32009
2026-07-08 12:52:00-04:00,358.19000244140625,358.19000244140625,358.2799987792969,357.989990234375,358.19000244140625,31842
2026-07-08 12:54:00-04:00,358.3599853515625,358.3599853515625,358.3599853515625,357.94000244140625,358.20001220703125,39471
2026-07-08 12:56:00-04:00,358.385009765625,358.385009765625,358.4599914550781,358.2200012207031,358.364990234375,25915
2026-07-08 12:58:00-04:00,358.0,358.0,358.42999267578125,357.9200134277344,358.3999938964844,21735
2026-07-08 13:00:00-04:00,357.8226013183594,357.8226013183594,358.0,357.6600036621094,358.0,35138
2026-07-08 13:02:00-04:00,357.6549987792969,357.6549987792969,357.9599914550781,357.6400146484375,357.81500244140625,40825
2026-07-08 13:04:00-04:00,357.8800048828125,357.8800048828125,357.8800048828125,357.55999755859375,357.67999267578125,37963
2026-07-08 13:06:00-04:00,357.8699951171875,357.8699951171875,358.0,357.67498779296875,357.82000732421875,31574
2026-07-08 13:08:00-04:00,357.8949890136719,357.8949890136719,357.9599914550781,357.7300109863281,357.8399963378906,23554
2026-07-08 13:10:00-04:00,358.0,358.0,358.0299987792969,357.8599853515625,357.9100036621094,24998
2026-07-08 13:12:00-04:00,357.8500061035156,357.8500061035156,358.0400085449219,357.83099365234375,357.9949951171875,16075
2026-07-08 13:14:00-04:00,357.875,357.875,357.8999938964844,357.5,357.80999755859375,43596
2026-07-08 13:16:00-04:00,357.8799133300781,357.8799133300781,357.9100036621094,357.7200012207031,357.885009765625,33898
2026-07-08 13:18:00-04:00,357.94000244140625,357.94000244140625,358.0400085449219,357.80999755859375,357.8299865722656,28026
2026-07-08 13:20:00-04:00,357.93499755859375,357.93499755859375,358.04998779296875,357.760009765625,357.92999267578125,183638
2026-07-08 13:22:00-04:00,357.8900146484375,357.8900146484375,358.0299987792969,357.79998779296875,357.93499755859375,35225
2026-07-08 13:24:00-04:00,358.04998779296875,358.04998779296875,358.1099853515625,357.8599853515625,357.8699951171875,35634
2026-07-08 13:26:00-04:00,357.9100036621094,357.9100036621094,358.05999755859375,357.7799987792969,358.05999755859375,29400
2026-07-08 13:28:00-04:00,358.05999755859375,358.05999755859375,358.1600036621094,357.9100036621094,357.94000244140625,48799
2026-07-08 13:30:00-04:00,357.80999755859375,357.80999755859375,358.1099853515625,357.80999755859375,358.05999755859375,65106
2026-07-08 13:32:00-04:00,357.2799987792969,357.2799987792969,357.9100036621094,357.25,357.80999755859375,38822
2026-07-08 13:34:00-04:00,356.9739990234375,356.9739990234375,357.2799987792969,356.8299865722656,357.2799987792969,47293
2026-07-08 13:36:00-04:00,356.6050109863281,356.6050109863281,357.0,356.54998779296875,356.9100036621094,38456
2026-07-08 13:38:00-04:00,356.9100036621094,356.9100036621094,356.94000244140625,356.5799865722656,356.5950012207031,26176
2026-07-08 13:40:00-04:00,356.8800048828125,356.8800048828125,356.9700012207031,356.69500732421875,356.8800048828125,24246
2026-07-08 13:42:00-04:00,356.760009765625,356.760009765625,356.94000244140625,356.7300109863281,356.8699951171875,33678
2026-07-08 13:44:00-04:00,356.82000732421875,356.82000732421875,356.8299865722656,356.6199951171875,356.7799987792969,37199
2026-07-08 13:46:00-04:00,356.744384765625,356.744384765625,357.0199890136719,356.70001220703125,356.760009765625,50896
2026-07-08 13:48:00-04:00,356.5400085449219,356.5400085449219,356.7699890136719,356.510009765625,356.7300109863281,29400
2026-07-08 13:50:00-04:00,356.489990234375,356.489990234375,356.8699951171875,356.42999267578125,356.55999755859375,40836
2026-07-08 13:52:00-04:00,356.2300109863281,356.2300109863281,356.485107421875,356.19000244140625,356.44000244140625,30014
2026-07-08 13:54:00-04:00,355.8550109863281,355.8550109863281,356.2300109863281,355.8500061035156,356.2099914550781,55120
2026-07-08 13:56:00-04:00,355.614990234375,355.614990234375,355.8900146484375,355.5899963378906,355.8900146484375,22826
2026-07-08 13:58:00-04:00,355.6600036621094,355.6600036621094,355.8299865722656,355.5299987792969,355.5799865722656,31647
2026-07-08 14:00:00-04:00,356.0799865722656,356.0799865722656,356.1600036621094,355.5450134277344,355.6300048828125,42896
2026-07-08 14:02:00-04:00,356.17999267578125,356.17999267578125,356.31988525390625,356.043212890625,356.1000061035156,219109
2026-07-08 14:04:00-04:00,356.3999938964844,356.3999938964844,356.4200134277344,356.0887145996094,356.1099853515625,48989
2026-07-08 14:06:00-04:00,356.3699951171875,356.3699951171875,356.42999267578125,356.2099914550781,356.4100036621094,30098
2026-07-08 14:08:00-04:00,356.30499267578125,356.30499267578125,356.3699035644531,356.239990234375,356.32000732421875,18947
2026-07-08 14:10:00-04:00,356.05999755859375,356.05999755859375,356.30499267578125,355.8999938964844,356.30499267578125,42697
2026-07-08 14:12:00-04:00,355.7699890136719,355.7699890136719,356.1189880371094,355.70001220703125,356.07000732421875,38281
2026-07-08 14:14:00-04:00,355.70001220703125,355.70001220703125,356.0,355.70001220703125,355.79998779296875,31937
2026-07-08 14:16:00-04:00,355.614990234375,355.614990234375,355.75,355.55999755859375,355.7099914550781,34669
2026-07-08 14:18:00-04:00,355.42999267578125,355.42999267578125,355.625,355.29998779296875,355.5799865722656,45466
2026-07-08 14:20:00-04:00,355.18499755859375,355.18499755859375,355.44000244140625,355.114990234375,355.4049987792969,30241
2026-07-08 14:22:00-04:00,355.3900146484375,355.3900146484375,355.45001220703125,355.19000244140625,355.19000244140625,38529
2026-07-08 14:24:00-04:00,355.2449951171875,355.2449951171875,355.4599914550781,355.2449951171875,355.3699951171875,45498
2026-07-08 14:26:00-04:00,355.2900085449219,355.2900085449219,355.42999267578125,355.239990234375,355.2449951171875,38754
2026-07-08 14:28:00-04:00,355.25,355.25,355.3999938964844,355.2101135253906,355.30999755859375,26714
2026-07-08 14:30:00-04:00,355.1300048828125,355.1300048828125,355.25,355.05999755859375,355.239990234375,48948
2026-07-08 14:32:00-04:00,355.125,355.125,355.1600036621094,354.80999755859375,355.1300048828125,79733
2026-07-08 14:34:00-04:00,354.75,354.75,355.1199951171875,354.7200012207031,355.1199951171875,42336
2026-07-08 14:36:00-04:00,355.20001220703125,355.20001220703125,355.2699890136719,354.70001220703125,354.7349853515625,33607
2026-07-08 14:38:00-04:00,355.29998779296875,355.29998779296875,355.5,355.17498779296875,355.19000244140625,40385
2026-07-08 14:40:00-04:00,355.20001220703125,355.20001220703125,355.3699951171875,355.05999755859375,355.3699951171875,37995
2026-07-08 14:42:00-04:00,355.30999755859375,355.30999755859375,355.3699951171875,355.19000244140625,355.20001220703125,35017
2026-07-08 14:44:00-04:00,355.4549865722656,355.4549865722656,355.552490234375,355.2449951171875,355.29998779296875,64102
2026-07-08 14:46:00-04:00,355.56500244140625,355.56500244140625,355.56500244140625,355.2349853515625,355.4700012207031,45056
2026-07-08 14:48:00-04:00,355.6400146484375,355.6400146484375,355.69000244140625,355.3949890136719,355.5299987792969,33888
2026-07-08 14:50:00-04:00,355.70001220703125,355.70001220703125,355.70001220703125,355.5299987792969,355.6400146484375,27614
2026-07-08 14:52:00-04:00,355.625,355.625,355.8699951171875,355.5899963378906,355.70001220703125,32691
2026-07-08 14:54:00-04:00,355.7950134277344,355.7950134277344,355.8599853515625,355.6300048828125,355.6499938964844,34662
2026-07-08 14:56:00-04:00,355.80999755859375,355.80999755859375,355.8699951171875,355.7200012207031,355.7950134277344,34798
2026-07-08 14:58:00-04:00,355.70001220703125,355.70001220703125,355.79998779296875,355.5857849121094,355.78759765625,34101
2026-07-08 15:00:00-04:00,355.56500244140625,355.56500244140625,355.8599853515625,355.5299987792969,355.7250061035156,33272
2026-07-08 15:02:00-04:00,355.6600036621094,355.6600036621094,355.7099914550781,355.489990234375,355.5799865722656,28248
2026-07-08 15:04:00-04:00,355.8500061035156,355.8500061035156,355.8999938964844,355.5400085449219,355.6650085449219,27283
2026-07-08 15:06:00-04:00,355.7200012207031,355.7200012207031,356.0799865722656,355.7200012207031,355.8598937988281,35840
2026-07-08 15:08:00-04:00,355.57501220703125,355.57501220703125,355.8147888183594,355.5299987792969,355.739990234375,32981
2026-07-08 15:10:00-04:00,355.375,355.375,355.75,355.3500061035156,355.57989501953125,47919
2026-07-08 15:12:00-04:00,355.1776123046875,355.1776123046875,355.3800048828125,355.1199951171875,355.375,41507
2026-07-08 15:14:00-04:00,355.0450134277344,355.0450134277344,355.2300109863281,355.0350036621094,355.1650085449219,27319
2026-07-08 15:16:00-04:00,355.3500061035156,355.3500061035156,355.3598937988281,354.8900146484375,355.0400085449219,35571
2026-07-08 15:18:00-04:00,355.54998779296875,355.54998779296875,355.57000732421875,355.2950134277344,355.3299865722656,37042
2026-07-08 15:20:00-04:00,355.57000732421875,355.57000732421875,355.7900085449219,355.42999267578125,355.55999755859375,58753
2026-07-08 15:22:00-04:00,355.4800109863281,355.4800109863281,355.6400146484375,355.42999267578125,355.5400085449219,31118
2026-07-08 15:24:00-04:00,355.7699890136719,355.7699890136719,355.94000244140625,355.4700012207031,355.489990234375,59756
2026-07-08 15:26:00-04:00,355.80499267578125,355.80499267578125,355.8500061035156,355.6600036621094,355.7699890136719,37003
2026-07-08 15:28:00-04:00,355.69500732421875,355.69500732421875,355.8699951171875,355.6650085449219,355.80499267578125,43555
2026-07-08 15:30:00-04:00,356.0,356.0,356.0,355.6499938964844,355.69500732421875,44792
2026-07-08 15:32:00-04:00,355.9800109863281,355.9800109863281,356.0799865722656,355.8800048828125,355.9599914550781,45721
2026-07-08 15:34:00-04:00,355.9457092285156,355.9457092285156,356.05999755859375,355.840087890625,355.989990234375,38808
2026-07-08 15:36:00-04:00,356.1099853515625,356.1099853515625,356.4200134277344,355.8900146484375,355.94000244140625,71884
2026-07-08 15:38:00-04:00,356.1499938964844,356.1499938964844,356.1600036621094,355.9700012207031,356.0899963378906,29016
2026-07-08 15:40:00-04:00,356.510009765625,356.510009765625,356.54998779296875,356.1400146484375,356.1400146484375,61547
2026-07-08 15:42:00-04:00,356.6099853515625,356.6099853515625,356.6099853515625,356.3609924316406,356.510009765625,68656
2026-07-08 15:44:00-04:00,356.25,356.25,356.6400146484375,356.1600036621094,356.6000061035156,81691
2026-07-08 15:46:00-04:00,356.4200134277344,356.4200134277344,356.4700012207031,356.1300048828125,356.25,43199
2026-07-08 15:48:00-04:00,356.7749938964844,356.7749938964844,356.8500061035156,356.3349914550781,356.4100036621094,47051
2026-07-08 15:50:00-04:00,357.80999755859375,357.80999755859375,357.8900146484375,356.70001220703125,356.75,130135
2026-07-08 15:52:00-04:00,357.95001220703125,357.95001220703125,357.989990234375,357.69000244140625,357.7900085449219,98524
2026-07-08 15:54:00-04:00,359.1400146484375,359.1400146484375,359.1600036621094,357.5899963378906,357.92999267578125,262982
2026-07-08 15:56:00-04:00,359.4949951171875,359.4949951171875,359.7699890136719,359.1300048828125,359.1400146484375,260121
2026-07-08 15:58:00-04:00,358.6000061035156,358.6000061035156,359.57000732421875,358.6000061035156,359.5,655130
2026-07-09 09:30:00-04:00,353.80999755859375,353.80999755859375,354.5400085449219,351.0849914550781,351.0849914550781,893048
2026-07-09 09:32:00-04:00,354.19000244140625,354.19000244140625,354.8900146484375,352.5799865722656,353.6549987792969,129318
2026-07-09 09:34:00-04:00,354.4200134277344,354.4200134277344,354.5899963378906,353.3699951171875,354.17999267578125,115464
2026-07-09 09:36:00-04:00,355.30499267578125,355.30499267578125,356.3500061035156,354.34100341796875,354.34100341796875,101322
2026-07-09 09:38:00-04:00,355.4187927246094,355.4187927246094,355.6000061035156,354.6099853515625,355.30499267578125,90128
2026-07-09 09:40:00-04:00,354.95001220703125,354.95001220703125,355.57000732421875,354.7550048828125,355.46661376953125,115032
2026-07-09 09:42:00-04:00,355.0,355.0,355.44000244140625,354.7699890136719,355.0899963378906,77551
2026-07-09 09:44:00-04:00,354.5849914550781,354.5849914550781,355.05999755859375,354.25,354.989990234375,81796
2026-07-09 09:46:00-04:00,354.2698974609375,354.2698974609375,354.75,353.7699890136719,354.6400146484375,137125
2026-07-09 09:48:00-04:00,353.5400085449219,353.5400085449219,354.2300109863281,353.1700134277344,354.2099914550781,127951
2026-07-09 09:50:00-04:00,353.80999755859375,353.80999755859375,353.8800048828125,353.3800048828125,353.54998779296875,87392
2026-07-09 09:52:00-04:00,353.9200134277344,353.9200134277344,353.9200134277344,353.4800109863281,353.7795104980469,63768
2026-07-09 09:54:00-04:00,353.9599914550781,353.9599914550781,353.9800109863281,353.3900146484375,353.8699951171875,80797
2026-07-09 09:56:00-04:00,353.8699951171875,353.8699951171875,354.260009765625,353.510009765625,353.989990234375,105314
2026-07-09 09:58:00-04:00,353.739990234375,353.739990234375,354.0199890136719,353.3299865722656,353.82000732421875,110775
2026-07-09 10:00:00-04:00,354.06500244140625,354.06500244140625,354.44879150390625,353.2099914550781,353.7275085449219,122937
2026-07-09 10:02:00-04:00,353.2200012207031,353.2200012207031,354.2099914550781,352.2900085449219,354.010009765625,169451
2026-07-09 10:04:00-04:00,351.8550109863281,351.8550109863281,353.3699951171875,351.70001220703125,353.239990234375,99483
2026-07-09 10:06:00-04:00,351.9049987792969,351.9049987792969,352.19000244140625,351.57501220703125,351.80999755859375,66562
2026-07-09 10:08:00-04:00,351.7300109863281,351.7300109863281,352.3299865722656,351.69000244140625,351.9598083496094,104034
2026-07-09 10:10:00-04:00,350.489990234375,350.489990234375,351.82000732421875,349.44000244140625,351.7099914550781,234832
2026-07-09 10:12:00-04:00,350.7200012207031,350.7200012207031,351.17498779296875,350.29998779296875,350.5799865722656,113325
2026-07-09 10:14:00-04:00,349.8599853515625,349.8599853515625,351.0190124511719,349.82000732421875,350.69000244140625,159423
2026-07-09 10:16:00-04:00,349.6199951171875,349.6199951171875,350.2699890136719,349.3999938964844,349.8450012207031,89653
2026-07-09 10:18:00-04:00,349.3900146484375,349.3900146484375,349.9549865722656,349.2049865722656,349.6300048828125,93514
2026-07-09 10:20:00-04:00,348.9599914550781,348.9599914550781,349.82501220703125,348.6600036621094,349.3599853515625,199222
2026-07-09 10:22:00-04:00,348.9599914550781,348.9599914550781,349.20001220703125,348.79998779296875,348.989990234375,78654
2026-07-09 10:24:00-04:00,349.3800048828125,349.3800048828125,349.44000244140625,348.875,348.9599914550781,63867
2026-07-09 10:26:00-04:00,350.0849914550781,350.0849914550781,350.20001220703125,349.25,349.44000244140625,122893
2026-07-09 10:28:00-04:00,351.0,351.0,351.0,349.9200134277344,350.0849914550781,86133
2026-07-09 10:30:00-04:00,351.239990234375,351.239990234375,351.95001220703125,350.92999267578125,350.92999267578125,87536
2026-07-09 10:32:00-04:00,351.5799865722656,351.5799865722656,351.6449890136719,351.10009765625,351.2449951171875,50800
2026-07-09 10:34:00-04:00,351.9100036621094,351.9100036621094,352.1780090332031,351.44000244140625,351.57000732421875,72946
2026-07-09 10:36:00-04:00,351.6300048828125,351.6300048828125,352.0199890136719,351.57000732421875,351.9150085449219,41595
2026-07-09 10:38:00-04:00,351.45001220703125,351.45001220703125,351.81201171875,351.2900085449219,351.6700134277344,41804
2026-07-09 10:40:00-04:00,350.8900146484375,350.8900146484375,351.489990234375,350.6499938964844,351.4649963378906,67181
2026-07-09 10:42:00-04:00,350.25,350.25,350.95001220703125,350.25,350.9200134277344,50345
2026-07-09 10:44:00-04:00,349.8999938964844,349.8999938964844,350.44000244140625,349.82000732421875,350.2699890136719,59178
2026-07-09 10:46:00-04:00,350.19500732421875,350.19500732421875,350.2349853515625,349.8500061035156,349.8500061035156,50350
2026-07-09 10:48:00-04:00,350.260009765625,350.260009765625,350.4599914550781,349.7799987792969,350.239990234375,82061
2026-07-09 10:50:00-04:00,350.3399963378906,350.3399963378906,350.7099914550781,350.1000061035156,350.2449951171875,50024
2026-07-09 10:52:00-04:00,350.44000244140625,350.44000244140625,350.4649963378906,350.05999755859375,350.3500061035156,34822
2026-07-09 10:54:00-04:00,350.6300048828125,350.6300048828125,350.7799987792969,350.25,350.45001220703125,35693
2026-07-09 10:56:00-04:00,350.6549987792969,350.6549987792969,350.7300109863281,350.17999267578125,350.659912109375,33783
2026-07-09 10:58:00-04:00,350.7049865722656,350.7049865722656,350.8699035644531,350.42999267578125,350.6199951171875,309874
2026-07-09 11:00:00-04:00,350.489990234375,350.489990234375,350.9100036621094,350.375,350.693115234375,51402
2026-07-09 11:02:00-04:00,350.1000061035156,350.1000061035156,350.6600036621094,350.05999755859375,350.4949951171875,58230
2026-07-09 11:04:00-04:00,350.3999938964844,350.3999938964844,350.4999084472656,349.989990234375,350.1000061035156,59503
2026-07-09 11:06:00-04:00,350.6400146484375,350.6400146484375,350.7897033691406,350.3900146484375,350.45001220703125,42884
2026-07-09 11:08:00-04:00,351.2294921875,351.2294921875,351.3999938964844,350.4800109863281,350.6199951171875,49565
2026-07-09 11:10:00-04:00,351.1400146484375,351.1400146484375,351.3299865722656,350.92999267578125,351.2594909667969,40285
2026-07-09 11:12:00-04:00,350.6700134277344,350.6700134277344,351.05999755859375,350.5799865722656,351.05999755859375,31997
2026-07-09 11:14:00-04:00,350.1499938964844,350.1499938964844,350.7699890136719,350.1199951171875,350.7200012207031,64630
2026-07-09 11:16:00-04:00,350.2900085449219,350.2900085449219,350.69500732421875,350.0799865722656,350.1449890136719,93666
2026-07-09 11:18:00-04:00,350.4700012207031,350.4700012207031,350.67999267578125,350.0299987792969,350.25,135690
2026-07-09 11:20:00-04:00,351.0350036621094,351.0350036621094,351.1499938964844,350.3800048828125,350.4700012207031,57873
2026-07-09 11:22:00-04:00,350.9800109863281,350.9800109863281,351.25,350.82000732421875,351.0199890136719,39779
2026-07-09 11:24:00-04:00,350.989990234375,350.989990234375,351.1700134277344,350.79998779296875,350.94000244140625,37454
2026-07-09 11:26:00-04:00,351.125,351.125,351.1300048828125,350.8599853515625,350.9263916015625,40146
2026-07-09 11:28:00-04:00,351.1499938964844,351.1499938964844,351.4800109863281,351.0,351.1499938964844,62227
2026-07-09 11:30:00-04:00,351.0,351.0,351.4599914550781,351.0,351.1476135253906,34573
2026-07-09 11:32:00-04:00,350.7900085449219,350.7900085449219,351.1300048828125,350.7701110839844,350.989990234375,33458
2026-07-09 11:34:00-04:00,350.9378967285156,350.9378967285156,351.0799865722656,350.75,350.80999755859375,34521
2026-07-09 11:36:00-04:00,350.739990234375,350.739990234375,351.114990234375,350.739990234375,350.8399963378906,40809
2026-07-09 11:38:00-04:00,350.7300109863281,350.7300109863281,350.8699951171875,350.5,350.7650146484375,42540
2026-07-09 11:40:00-04:00,350.6300048828125,350.6300048828125,350.8099060058594,350.5,350.760009765625,29725
2026-07-09 11:42:00-04:00,350.6099853515625,350.6099853515625,350.7200012207031,350.5,350.55999755859375,27579
2026-07-09 11:44:00-04:00,350.510009765625,350.510009765625,350.7200012207031,350.489990234375,350.5799865722656,32552
2026-07-09 11:46:00-04:00,350.19970703125,350.19970703125,350.5799865722656,350.17999267578125,350.5799865722656,47147
2026-07-09 11:48:00-04:00,350.06500244140625,350.06500244140625,350.32000732421875,349.9100036621094,350.2200012207031,67813
2026-07-09 11:50:00-04:00,349.8301086425781,349.8301086425781,350.1000061035156,349.8299865722656,350.07501220703125,41786
2026-07-09 11:52:00-04:00,349.8800048828125,349.8800048828125,350.02508544921875,349.760009765625,349.89990234375,39595
2026-07-09 11:54:00-04:00,349.97979736328125,349.97979736328125,350.0299987792969,349.7650146484375,349.8800048828125,39399
2026-07-09 11:56:00-04:00,350.1700134277344,350.1700134277344,350.17999267578125,349.8992919921875,349.97869873046875,40669
2026-07-09 11:58:00-04:00,350.30999755859375,350.30999755859375,350.45001220703125,350.0899963378906,350.1600036621094,34056
2026-07-09 12:00:00-04:00,350.2200012207031,350.2200012207031,350.5,350.1000061035156,350.3299865722656,69044
2026-07-09 12:02:00-04:00,350.3598937988281,350.3598937988281,350.4700012207031,350.20001220703125,350.2200927734375,99292
2026-07-09 12:04:00-04:00,350.3399963378906,350.3399963378906,350.6400146484375,350.260009765625,350.3299865722656,63853
2026-07-09 12:06:00-04:00,351.2749938964844,351.2749938964844,351.2900085449219,350.2300109863281,350.29998779296875,59994
2026-07-09 12:08:00-04:00,351.1000061035156,351.1000061035156,351.37908935546875,350.8699951171875,351.2900085449219,102638
2026-07-09 12:10:00-04:00,351.3900146484375,351.3900146484375,351.6000061035156,351.0950012207031,351.0950012207031,107353
2026-07-09 12:12:00-04:00,351.25,351.25,351.45001220703125,351.0299987792969,351.35009765625,30787
2026-07-09 12:14:00-04:00,350.840087890625,350.840087890625,351.25,350.6099853515625,351.2049865722656,68210
2026-07-09 12:16:00-04:00,350.5,350.5,350.860107421875,350.32000732421875,350.860107421875,40209
2026-07-09 12:18:00-04:00,350.82501220703125,350.82501220703125,350.8299865722656,350.42999267578125,350.4700012207031,28127
2026-07-09 12:20:00-04:00,350.8949890136719,350.8949890136719,351.010009765625,350.6199951171875,350.82000732421875,35162
2026-07-09 12:22:00-04:00,351.6199951171875,351.6199951171875,351.79998779296875,350.8800048828125,350.92999267578125,58919
2026-07-09 12:24:00-04:00,351.77508544921875,351.77508544921875,351.9700012207031,351.54998779296875,351.6700134277344,32762
2026-07-09 12:26:00-04:00,351.92498779296875,351.92498779296875,352.0799865722656,351.739990234375,351.79998779296875,50904
2026-07-09 12:28:00-04:00,351.82000732421875,351.82000732421875,351.92498779296875,351.6199951171875,351.92498779296875,34291
2026-07-09 12:30:00-04:00,351.864990234375,351.864990234375,352.0799865722656,351.739990234375,351.80999755859375,38239
2026-07-09 12:32:00-04:00,352.19000244140625,352.19000244140625,352.27801513671875,351.7799987792969,351.8599853515625,28086
2026-07-09 12:34:00-04:00,351.6199951171875,351.6199951171875,352.2099914550781,351.6199951171875,352.1700134277344,27435
2026-07-09 12:36:00-04:00,352.1549987792969,352.1549987792969,352.19000244140625,351.5201110839844,351.5799865722656,23494
2026-07-09 12:38:00-04:00,352.3200988769531,352.3200988769531,352.4800109863281,352.07000732421875,352.1400146484375,37056
2026-07-09 12:40:00-04:00,352.3301086425781,352.3301086425781,352.5,352.2301025390625,352.3599853515625,53340
2026-07-09 12:42:00-04:00,352.3901062011719,352.3901062011719,352.6199035644531,352.3299865722656,352.3500061035156,28146
2026-07-09 12:44:00-04:00,352.4999084472656,352.4999084472656,352.6000061035156,352.3299865722656,352.3900146484375,22045
2026-07-09 12:46:00-04:00,352.0799865722656,352.0799865722656,352.5299987792969,352.0249938964844,352.4599914550781,44373
2026-07-09 12:48:00-04:00,352.2099914550781,352.2099914550781,352.2099914550781,352.0400085449219,352.1000061035156,25757
2026-07-09 12:50:00-04:00,352.2699890136719,352.2699890136719,352.30999755859375,352.0199890136719,352.1499938964844,24566
2026-07-09 12:52:00-04:00,352.0,352.0,352.2699890136719,352.0,352.25,28571
2026-07-09 12:54:00-04:00,352.3399963378906,352.3399963378906,352.45001220703125,351.970703125,352.0,41702
2026-07-09 12:56:00-04:00,352.0899963378906,352.0899963378906,352.30999755859375,351.90008544921875,352.30999755859375,15689
2026-07-09 12:58:00-04:00,352.364990234375,352.364990234375,352.3800048828125,351.9200134277344,352.0899963378906,17460
2026-07-09 13:00:00-04:00,352.6099853515625,352.6099853515625,352.7300109863281,352.3800048828125,352.3800048828125,57495
2026-07-09 13:02:00-04:00,352.3900146484375,352.3900146484375,352.6499938964844,352.3599853515625,352.6299133300781,24912
2026-07-09 13:04:00-04:00,352.5150146484375,352.5150146484375,352.54998779296875,352.3599853515625,352.3599853515625,24067
2026-07-09 13:06:00-04:00,352.3500061035156,352.3500061035156,352.5199890136719,352.2200012207031,352.5000915527344,32726
2026-07-09 13:08:00-04:00,352.114990234375,352.114990234375,352.4049987792969,352.07000732421875,352.3800048828125,24198
2026-07-09 13:10:00-04:00,351.989990234375,351.989990234375,352.2294921875,351.94000244140625,352.114990234375,28219
2026-07-09 13:12:00-04:00,352.0799865722656,352.0799865722656,352.1824951171875,351.9200134277344,352.010009765625,20043
2026-07-09 13:14:00-04:00,352.4200134277344,352.4200134277344,352.4200134277344,351.9906921386719,352.07000732421875,19564
2026-07-09 13:16:00-04:00,352.2699890136719,352.2699890136719,352.42498779296875,352.2200012207031,352.3999938964844,21232
2026-07-09 13:18:00-04:00,352.3299865722656,352.3299865722656,352.3299865722656,352.19500732421875,352.239990234375,12228
2026-07-09 13:20:00-04:00,352.375,352.375,352.4700012207031,352.2799987792969,352.3299865722656,12910
2026-07-09 13:22:00-04:00,352.1400146484375,352.1400146484375,352.3399963378906,352.1300048828125,352.3399963378906,23925
2026-07-09 13:24:00-04:00,352.6217956542969,352.6217956542969,352.75,352.1600036621094,352.1700134277344,49254
2026-07-09 13:26:00-04:00,352.3399963378906,352.3399963378906,352.614990234375,352.3299865722656,352.6099853515625,17116
2026-07-09 13:28:00-04:00,352.5400085449219,352.5400085449219,352.6440124511719,352.260009765625,352.30999755859375,35417
2026-07-09 13:30:00-04:00,352.4200134277344,352.4200134277344,352.67999267578125,352.4200134277344,352.5799865722656,36779
2026-07-09 13:32:00-04:00,352.7598876953125,352.7598876953125,352.760009765625,352.2799987792969,352.4599914550781,21804
2026-07-09 13:34:00-04:00,352.6400146484375,352.6400146484375,352.7300109863281,352.5199890136719,352.7250061035156,20573
2026-07-09 13:36:00-04:00,352.6600036621094,352.6600036621094,352.8299865722656,352.531005859375,352.6400146484375,30640
2026-07-09 13:38:00-04:00,352.42999267578125,352.42999267578125,352.9200134277344,352.4200134277344,352.68499755859375,41136
2026-07-09 13:40:00-04:00,352.30499267578125,352.30499267578125,352.5,352.2900085449219,352.3999938964844,28808
2026-07-09 13:42:00-04:00,352.4200134277344,352.4200134277344,352.489990234375,352.30999755859375,352.3299865722656,17323
2026-07-09 13:44:00-04:00,352.50628662109375,352.50628662109375,352.7349853515625,352.42498779296875,352.42498779296875,29352
2026-07-09 13:46:00-04:00,352.6199951171875,352.6199951171875,352.6799011230469,352.3699951171875,352.5199890136719,23506
2026-07-09 13:48:00-04:00,352.83160400390625,352.83160400390625,352.93499755859375,352.5299987792969,352.6400146484375,64265
2026-07-09 13:50:00-04:00,352.7449951171875,352.7449951171875,353.0899963378906,352.7099914550781,352.8699951171875,41454
2026-07-09 13:52:00-04:00,352.92498779296875,352.92498779296875,353.04998779296875,352.739990234375,352.7449951171875,32909
2026-07-09 13:54:00-04:00,352.9100036621094,352.9100036621094,353.0,352.8699951171875,352.92498779296875,30348
2026-07-09 13:56:00-04:00,352.82000732421875,352.82000732421875,353.0199890136719,352.69000244140625,352.9200134277344,24195
2026-07-09 13:58:00-04:00,352.92999267578125,352.92999267578125,353.0,352.75,352.8450012207031,37267
2026-07-09 14:00:00-04:00,353.3900146484375,353.3900146484375,353.3999938964844,352.92999267578125,352.92999267578125,43110
2026-07-09 14:02:00-04:00,353.3949890136719,353.3949890136719,353.6099853515625,353.3299865722656,353.42999267578125,28797
2026-07-09 14:04:00-04:00,353.7207946777344,353.7207946777344,353.760009765625,353.2699890136719,353.375,61730
2026-07-09 14:06:00-04:00,353.489990234375,353.489990234375,353.739990234375,353.45001220703125,353.7200012207031,22677
2026-07-09 14:08:00-04:00,353.7799987792969,353.7799987792969,353.7799987792969,353.3450012207031,353.4527893066406,29700
2026-07-09 14:10:00-04:00,354.07000732421875,354.07000732421875,354.1400146484375,353.760009765625,353.7950134277344,52400
2026-07-09 14:12:00-04:00,353.7900085449219,353.7900085449219,354.20001220703125,353.7349853515625,354.0899963378906,37006
2026-07-09 14:14:00-04:00,353.6499938964844,353.6499938964844,353.9800109863281,353.5799865722656,353.760009765625,34402
2026-07-09 14:16:00-04:00,353.7699890136719,353.7699890136719,353.92999267578125,353.5899963378906,353.6400146484375,36266
2026-07-09 14:18:00-04:00,354.06500244140625,354.06500244140625,354.2558898925781,353.7799987792969,353.7799987792969,33508
2026-07-09 14:20:00-04:00,354.0098876953125,354.0098876953125,354.17340087890625,353.8500061035156,354.1000061035156,37075
2026-07-09 14:22:00-04:00,353.7900085449219,353.7900085449219,354.0150146484375,353.7900085449219,353.9800109863281,23776
2026-07-09 14:24:00-04:00,353.7900085449219,353.7900085449219,353.8800048828125,353.69000244140625,353.7950134277344,36019
2026-07-09 14:26:00-04:00,353.760009765625,353.760009765625,353.8349914550781,353.55999755859375,353.7850036621094,29613
2026-07-09 14:28:00-04:00,353.80999755859375,353.80999755859375,353.8999938964844,353.6400146484375,353.8599853515625,47146
2026-07-09 14:30:00-04:00,353.8999938964844,353.8999938964844,353.92999267578125,353.510009765625,353.8599853515625,34534
2026-07-09 14:32:00-04:00,353.79998779296875,353.79998779296875,354.03900146484375,353.70001220703125,353.8900146484375,27268
2026-07-09 14:34:00-04:00,353.739990234375,353.739990234375,353.8550109863281,353.69000244140625,353.80999755859375,22691
2026-07-09 14:36:00-04:00,353.7300109863281,353.7300109863281,353.8599853515625,353.6700134277344,353.7650146484375,35091
2026-07-09 14:38:00-04:00,353.7550048828125,353.7550048828125,353.8500061035156,353.5600891113281,353.7099914550781,62891
2026-07-09 14:40:00-04:00,353.7200012207031,353.7200012207031,353.8599853515625,353.69000244140625,353.7699890136719,31890
2026-07-09 14:42:00-04:00,353.75,353.75,353.79998779296875,353.5799865722656,353.7200012207031,21469
2026-07-09 14:44:00-04:00,353.6300048828125,353.6300048828125,354.0299987792969,353.6000061035156,353.7550048828125,44517
2026-07-09 14:46:00-04:00,353.3326110839844,353.3326110839844,353.6000061035156,353.2799987792969,353.6000061035156,53995
2026-07-09 14:48:00-04:00,353.3999938964844,353.3999938964844,353.4700012207031,353.29998779296875,353.375,16548
2026-07-09 14:50:00-04:00,353.4200134277344,353.4200134277344,353.6000061035156,353.30999755859375,353.3599853515625,24478
2026-07-09 14:52:00-04:00,353.42999267578125,353.42999267578125,353.6099853515625,353.3800964355469,353.4200134277344,18225
2026-07-09 14:54:00-04:00,353.6499938964844,353.6499938964844,353.75,353.4100036621094,353.4100036621094,29669
2026-07-09 14:56:00-04:00,353.8851013183594,353.8851013183594,353.8851013183594,353.6449890136719,353.6449890136719,38005
2026-07-09 14:58:00-04:00,353.9200134277344,353.9200134277344,354.1650085449219,353.8399963378906,353.8800048828125,30724
2026-07-09 15:00:00-04:00,353.94500732421875,353.94500732421875,353.9750061035156,353.7699890136719,353.9635925292969,30994
2026-07-09 15:02:00-04:00,354.04998779296875,354.04998779296875,354.04998779296875,353.78009033203125,353.9549865722656,33031
2026-07-09 15:04:00-04:00,354.2799987792969,354.2799987792969,354.43499755859375,354.0199890136719,354.0199890136719,60142
2026-07-09 15:06:00-04:00,353.9800109863281,353.9800109863281,354.29998779296875,353.94000244140625,354.2699890136719,27904
2026-07-09 15:08:00-04:00,354.2898864746094,354.2898864746094,354.3999938964844,353.9200134277344,353.9700012207031,39483
2026-07-09 15:10:00-04:00,354.2900085449219,354.2900085449219,354.5899963378906,354.2300109863281,354.2799987792969,52384
2026-07-09 15:12:00-04:00,354.69000244140625,354.69000244140625,354.69989013671875,354.2594909667969,354.29998779296875,25292
2026-07-09 15:14:00-04:00,354.78961181640625,354.78961181640625,355.2449951171875,354.6559143066406,354.67498779296875,85537
2026-07-09 15:16:00-04:00,354.7200012207031,354.7200012207031,354.7900085449219,354.5101013183594,354.7900085449219,38989
2026-07-09 15:18:00-04:00,354.44000244140625,354.44000244140625,354.75,354.3999938964844,354.6400146484375,37720
2026-07-09 15:20:00-04:00,354.3399963378906,354.3399963378906,354.5,354.260009765625,354.3999938964844,34881
2026-07-09 15:22:00-04:00,354.2099914550781,354.2099914550781,354.3900146484375,354.1600036621094,354.3550109863281,22724
2026-07-09 15:24:00-04:00,354.25,354.25,354.3299865722656,354.1310119628906,354.2149963378906,34351
2026-07-09 15:26:00-04:00,354.9800109863281,354.9800109863281,355.05999755859375,354.2250061035156,354.2300109863281,39859
2026-07-09 15:28:00-04:00,354.9949951171875,354.9949951171875,355.1000061035156,354.8999938964844,354.9800109863281,47713
2026-07-09 15:30:00-04:00,355.3655090332031,355.3655090332031,355.4200134277344,355.0199890136719,355.0199890136719,57207
2026-07-09 15:32:00-04:00,355.44000244140625,355.44000244140625,355.5199890136719,355.30010986328125,355.3500061035156,45471
2026-07-09 15:34:00-04:00,355.3900146484375,355.3900146484375,355.67999267578125,355.3500061035156,355.44000244140625,41812
2026-07-09 15:36:00-04:00,355.3349914550781,355.3349914550781,355.510009765625,355.2799987792969,355.3800048828125,46601
2026-07-09 15:38:00-04:00,355.3599853515625,355.3599853515625,355.3599853515625,355.14129638671875,355.3301086425781,40817
2026-07-09 15:40:00-04:00,355.33099365234375,355.33099365234375,355.57000732421875,355.25,355.3699951171875,48862
2026-07-09 15:42:00-04:00,355.2449951171875,355.2449951171875,355.3699951171875,355.239990234375,355.3399963378906,30980
2026-07-09 15:44:00-04:00,355.20001220703125,355.20001220703125,355.364990234375,355.17999267578125,355.2349853515625,37948
2026-07-09 15:46:00-04:00,355.489990234375,355.489990234375,355.5400085449219,355.20001220703125,355.2300109863281,42813
2026-07-09 15:48:00-04:00,355.7550048828125,355.7550048828125,355.9299011230469,355.4949951171875,355.4949951171875,59955
2026-07-09 15:50:00-04:00,356.1199951171875,356.1199951171875,356.2699890136719,355.6099853515625,355.739990234375,121511
2026-07-09 15:52:00-04:00,356.2900085449219,356.2900085449219,356.4549865722656,355.8999938964844,356.04998779296875,136610
2026-07-09 15:54:00-04:00,356.44000244140625,356.44000244140625,356.67999267578125,356.1300048828125,356.29998779296875,192132
2026-07-09 15:56:00-04:00,356.3599853515625,356.3599853515625,356.5,356.260009765625,356.44500732421875,197334
2026-07-09 15:58:00-04:00,356.2300109863281,356.2300109863281,356.4200134277344,355.92999267578125,356.3550109863281,538786
2026-07-10 09:30:00-04:00,352.67999267578125,352.67999267578125,355.2694091796875,352.0299987792969,354.9540100097656,709339
2026-07-10 09:32:00-04:00,354.25,354.25,354.25,352.0,352.614990234375,143760
2026-07-10 09:34:00-04:00,354.3599853515625,354.3599853515625,354.6099853515625,353.67999267578125,354.1700134277344,85004
2026-07-10 09:36:00-04:00,354.5199890136719,354.5199890136719,354.9894104003906,354.1903076171875,354.4700012207031,78381
2026-07-10 09:38:00-04:00,354.67999267578125,354.67999267578125,355.0,354.1099853515625,354.6300048828125,63307
2026-07-10 09:40:00-04:00,354.54998779296875,354.54998779296875,355.2796936035156,354.4800109863281,354.7099914550781,72042
2026-07-10 09:42:00-04:00,353.92498779296875,353.92498779296875,354.6000061035156,353.42999267578125,354.5299987792969,50937
2026-07-10 09:44:00-04:00,353.364990234375,353.364990234375,354.2799987792969,353.3550109863281,353.9700012207031,73628
2026-07-10 09:46:00-04:00,354.0199890136719,354.0199890136719,354.0299987792969,353.340087890625,353.375,58340
2026-07-10 09:48:00-04:00,354.0,354.0,354.1199951171875,353.70001220703125,354.0249938964844,47254
2026-07-10 09:50:00-04:00,353.7250061035156,353.7250061035156,354.19000244140625,353.5950012207031,353.94000244140625,58234
2026-07-10 09:52:00-04:00,353.9200134277344,353.9200134277344,354.1000061035156,353.25,353.7900085449219,43986
2026-07-10 09:54:00-04:00,354.08349609375,354.08349609375,354.5150146484375,353.635009765625,353.9200134277344,67836
2026-07-10 09:56:00-04:00,354.5635986328125,354.5635986328125,354.69989013671875,354.05999755859375,354.05999755859375,59389
2026-07-10 09:58:00-04:00,354.45001220703125,354.45001220703125,354.94000244140625,354.1300048828125,354.5249938964844,81748
2026-07-10 10:00:00-04:00,353.9200134277344,353.9200134277344,355.0799865722656,353.6412048339844,354.5199890136719,73435
2026-07-10 10:02:00-04:00,354.07000732421875,354.07000732421875,354.4049987792969,353.55999755859375,353.9750061035156,68054
2026-07-10 10:04:00-04:00,353.5799865722656,353.5799865722656,354.0899963378906,353.5400085449219,354.0299987792969,60253
2026-07-10 10:06:00-04:00,352.7950134277344,352.7950134277344,353.6340026855469,352.29998779296875,353.5899963378906,97673
2026-07-10 10:08:00-04:00,353.06500244140625,353.06500244140625,353.3796081542969,352.67999267578125,352.8299865722656,55575
2026-07-10 10:10:00-04:00,354.04998779296875,354.04998779296875,354.07220458984375,353.1400146484375,353.2200012207031,68459
2026-07-10 10:12:00-04:00,353.1300048828125,353.1300048828125,354.7049865722656,353.1300048828125,354.34588623046875,59396
2026-07-10 10:14:00-04:00,353.0050048828125,353.0050048828125,353.3800048828125,352.79998779296875,353.2001037597656,50357
2026-07-10 10:16:00-04:00,352.7099914550781,352.7099914550781,353.135009765625,352.54998779296875,352.9599914550781,55099
2026-07-10 10:18:00-04:00,353.1600036621094,353.1600036621094,353.260009765625,352.6400146484375,352.6499938964844,295251
2026-07-10 10:20:00-04:00,353.19500732421875,353.19500732421875,353.4399108886719,353.1499938964844,353.2300109863281,24136
2026-07-10 10:22:00-04:00,353.1400146484375,353.1400146484375,353.17999267578125,352.8500061035156,353.1499938964844,77491
2026-07-10 10:24:00-04:00,353.1600036621094,353.1600036621094,353.5400085449219,353.0299987792969,353.1700134277344,41473
2026-07-10 10:26:00-04:00,353.5899963378906,353.5899963378906,353.714111328125,353.1398010253906,353.1549987792969,31827
2026-07-10 10:28:00-04:00,353.4049987792969,353.4049987792969,353.8299865722656,353.3599853515625,353.6700134277344,27155
2026-07-10 10:30:00-04:00,353.0899963378906,353.0899963378906,353.5400085449219,352.9599914550781,353.4049987792969,45665
2026-07-10 10:32:00-04:00,352.3550109863281,352.3550109863281,353.1400146484375,351.4200134277344,353.04998779296875,177574
2026-07-10 10:34:00-04:00,352.19000244140625,352.19000244140625,352.8599853515625,352.1600036621094,352.42999267578125,97468
2026-07-10 10:36:00-04:00,352.4200134277344,352.4200134277344,352.80999755859375,352.1700134277344,352.17999267578125,36761
2026-07-10 10:38:00-04:00,352.7099914550781,352.7099914550781,352.74920654296875,352.2099914550781,352.4700012207031,67299
2026-07-10 10:40:00-04:00,352.3399963378906,352.3399963378906,352.802490234375,352.2900085449219,352.739990234375,46906
2026-07-10 10:42:00-04:00,352.2550048828125,352.2550048828125,352.6482849121094,352.18499755859375,352.3999938964844,30526
2026-07-10 10:44:00-04:00,352.0,352.0,352.3299865722656,351.9100036621094,352.25,41525
2026-07-10 10:46:00-04:00,351.5299987792969,351.5299987792969,351.989990234375,351.5299987792969,351.9100036621094,41505
2026-07-10 10:48:00-04:00,351.95001220703125,351.95001220703125,351.989990234375,351.3999938964844,351.5400085449219,49884
2026-07-10 10:50:00-04:00,351.69500732421875,351.69500732421875,352.1499938964844,351.6099853515625,352.0,39471
2026-07-10 10:52:00-04:00,351.8299865722656,351.8299865722656,351.9100036621094,351.6499938964844,351.69500732421875,27633
2026-07-10 10:54:00-04:00,351.510009765625,351.510009765625,351.8299865722656,351.3800048828125,351.8299865722656,40618
2026-07-10 10:56:00-04:00,351.31219482421875,351.31219482421875,351.4700012207031,350.989990234375,351.4700012207031,50153
2026-07-10 10:58:00-04:00,351.07000732421875,351.07000732421875,351.3699951171875,350.9808044433594,351.3299865722656,30199
2026-07-10 11:00:00-04:00,351.2099914550781,351.2099914550781,351.32000732421875,350.9200134277344,351.07000732421875,35029
2026-07-10 11:02:00-04:00,351.0799865722656,351.0799865722656,351.3099060058594,350.9200134277344,351.1700134277344,33688
2026-07-10 11:04:00-04:00,350.989990234375,350.989990234375,351.1300048828125,350.70001220703125,350.989990234375,42202
2026-07-10 11:06:00-04:00,350.9700012207031,350.9700012207031,351.1700134277344,350.7300109863281,350.9800109863281,37955
2026-07-10 11:08:00-04:00,351.42498779296875,351.42498779296875,351.5,350.9941101074219,351.0199890136719,50635
2026-07-10 11:10:00-04:00,351.864990234375,351.864990234375,351.864990234375,351.42498779296875,351.42498779296875,37236
2026-07-10 11:12:00-04:00,351.6700134277344,351.6700134277344,351.8599853515625,351.6199951171875,351.80999755859375,18001
2026-07-10 11:14:00-04:00,351.7149963378906,351.7149963378906,351.79998779296875,351.4700012207031,351.67498779296875,29937
2026-07-10 11:16:00-04:00,351.8674011230469,351.8674011230469,352.19500732421875,351.760009765625,351.760009765625,29955
2026-07-10 11:18:00-04:00,352.0600891113281,352.0600891113281,352.1199951171875,351.79998779296875,351.8999938964844,32462
2026-07-10 11:20:00-04:00,351.79998779296875,351.79998779296875,352.0899963378906,351.739990234375,352.0899963378906,30308
2026-07-10 11:22:00-04:00,351.8450012207031,351.8450012207031,351.8999938964844,351.610107421875,351.80499267578125,19405
2026-07-10 11:24:00-04:00,352.010009765625,352.010009765625,352.05999755859375,351.6600036621094,351.7550048828125,38910
2026-07-10 11:26:00-04:00,351.94000244140625,351.94000244140625,352.2200012207031,351.8999938964844,352.010009765625,37928
2026-07-10 11:28:00-04:00,352.2300109863281,352.2300109863281,352.2300109863281,351.8399963378906,351.9599914550781,21047
2026-07-10 11:30:00-04:00,352.42498779296875,352.42498779296875,352.5299987792969,352.19000244140625,352.260009765625,42759
2026-07-10 11:32:00-04:00,352.2699890136719,352.2699890136719,352.42498779296875,352.1000061035156,352.4150085449219,19672
2026-07-10 11:34:00-04:00,352.0299987792969,352.0299987792969,352.2349853515625,352.0,352.2200012207031,27546
2026-07-10 11:36:00-04:00,352.159912109375,352.159912109375,352.29998779296875,352.0400085449219,352.0450134277344,45167
2026-07-10 11:38:00-04:00,352.0299987792969,352.0299987792969,352.1650085449219,351.79998779296875,352.125,30173
2026-07-10 11:40:00-04:00,351.8900146484375,351.8900146484375,352.3594970703125,351.8299865722656,352.0154113769531,21312
2026-07-10 11:42:00-04:00,352.239990234375,352.239990234375,352.3800048828125,351.7799987792969,351.8699951171875,35568
2026-07-10 11:44:00-04:00,351.7250061035156,351.7250061035156,352.260009765625,351.6600036621094,352.2598876953125,41298
2026-07-10 11:46:00-04:00,352.25,352.25,352.2699890136719,351.54998779296875,351.7699890136719,83049
2026-07-10 11:48:00-04:00,352.260009765625,352.260009765625,352.69000244140625,352.17999267578125,352.2300109863281,86667
2026-07-10 11:50:00-04:00,352.6000061035156,352.6000061035156,352.75,352.25,352.2500915527344,26592
2026-07-10 11:52:00-04:00,353.0400085449219,353.0400085449219,353.20001220703125,352.510009765625,352.5201110839844,57888
2026-07-10 11:54:00-04:00,352.8299865722656,352.8299865722656,353.20001220703125,352.8299865722656,353.0799865722656,65112
2026-07-10 11:56:00-04:00,352.6449890136719,352.6449890136719,352.9200134277344,352.5350036621094,352.8550109863281,17800
2026-07-10 11:58:00-04:00,352.69500732421875,352.69500732421875,352.7200012207031,352.5050048828125,352.6000061035156,35366
2026-07-10 12:00:00-04:00,352.6195983886719,352.6195983886719,352.7799987792969,352.42999267578125,352.6700134277344,21654
2026-07-10 12:02:00-04:00,352.43560791015625,352.43560791015625,352.7200012207031,352.3800048828125,352.6000061035156,14799
2026-07-10 12:04:00-04:00,352.5,352.5,352.58990478515625,352.3299865722656,352.3800048828125,34436
2026-07-10 12:06:00-04:00,352.3800048828125,352.3800048828125,352.6300048828125,352.3500061035156,352.5249938964844,19333
2026-07-10 12:08:00-04:00,352.6199951171875,352.6199951171875,352.69000244140625,352.3450012207031,352.4200134277344,15013
2026-07-10 12:10:00-04:00,352.79998779296875,352.79998779296875,352.8699951171875,352.62200927734375,352.6499938964844,20214
2026-07-10 12:12:00-04:00,353.0199890136719,353.0199890136719,353.1650085449219,352.8399963378906,352.8399963378906,23420
2026-07-10 12:14:00-04:00,353.010009765625,353.010009765625,353.1499938964844,352.94000244140625,353.0299987792969,19701
2026-07-10 12:16:00-04:00,353.02490234375,353.02490234375,353.19000244140625,352.93450927734375,352.9949951171875,21431
2026-07-10 12:18:00-04:00,353.05999755859375,353.05999755859375,353.1883850097656,352.92999267578125,353.0350036621094,17820
2026-07-10 12:20:00-04:00,352.8999938964844,352.8999938964844,353.1000061035156,352.8500061035156,353.0299987792969,14421
2026-07-10 12:22:00-04:00,353.0,353.0,353.1199951171875,352.8299865722656,352.8999938964844,25727
2026-07-10 12:24:00-04:00,352.9849853515625,352.9849853515625,353.1199951171875,352.92498779296875,352.9949951171875,26816
2026-07-10 12:26:00-04:00,352.94488525390625,352.94488525390625,353.0400085449219,352.8599853515625,352.9750061035156,26885
2026-07-10 12:28:00-04:00,352.9150085449219,352.9150085449219,353.010009765625,352.8500061035156,352.95001220703125,22416
2026-07-10 12:30:00-04:00,353.56988525390625,353.56988525390625,353.57000732421875,352.9700012207031,352.9700012207031,46347
2026-07-10 12:32:00-04:00,353.55010986328125,353.55010986328125,353.8699951171875,353.5450134277344,353.5450134277344,56598
2026-07-10 12:34:00-04:00,353.2300109863281,353.2300109863281,353.70989990234375,353.1841125488281,353.5799865722656,36482
2026-07-10 12:36:00-04:00,353.1600036621094,353.1600036621094,353.2300109863281,353.04998779296875,353.2049865722656,28884
2026-07-10 12:38:00-04:00,353.3699951171875,353.3699951171875,353.385009765625,353.1300048828125,353.1600036621094,28289
2026-07-10 12:40:00-04:00,353.6400146484375,353.6400146484375,353.7200012207031,353.3699951171875,353.3800048828125,26678
2026-07-10 12:42:00-04:00,353.8399963378906,353.8399963378906,353.889892578125,353.6199951171875,353.6700134277344,82133
2026-07-10 12:44:00-04:00,353.7674865722656,353.7674865722656,353.8500061035156,353.70001220703125,353.7782897949219,79832
2026-07-10 12:46:00-04:00,353.3399963378906,353.3399963378906,353.7799987792969,353.20001220703125,353.7300109863281,69791
2026-07-10 12:48:00-04:00,353.4292907714844,353.4292907714844,353.4800109863281,353.29998779296875,353.3699951171875,16836
2026-07-10 12:50:00-04:00,353.2715148925781,353.2715148925781,353.54998779296875,353.18011474609375,353.4200134277344,17806
2026-07-10 12:52:00-04:00,353.2049865722656,353.2049865722656,353.2900085449219,353.1300048828125,353.17999267578125,30482
2026-07-10 12:54:00-04:00,353.25,353.25,353.45001220703125,353.20001220703125,353.2099914550781,15471
2026-07-10 12:56:00-04:00,353.07000732421875,353.07000732421875,353.260009765625,353.0331115722656,353.2200012207031,11093
2026-07-10 12:58:00-04:00,353.1499938964844,353.1499938964844,353.2099914550781,353.0,353.07000732421875,35916
2026-07-10 13:00:00-04:00,352.760009765625,352.760009765625,353.168701171875,352.7200012207031,353.1600036621094,24383
2026-07-10 13:02:00-04:00,352.7500915527344,352.7500915527344,352.8500061035156,352.7200012207031,352.7200012207031,19092
2026-07-10 13:04:00-04:00,352.739990234375,352.739990234375,352.7749938964844,352.6449890136719,352.7749938964844,20099
2026-07-10 13:06:00-04:00,352.6700134277344,352.6700134277344,352.7900085449219,352.6099853515625,352.7200012207031,31185
2026-07-10 13:08:00-04:00,352.66680908203125,352.66680908203125,352.7300109863281,352.6300048828125,352.6700134277344,16594
2026-07-10 13:10:00-04:00,352.6449890136719,352.6449890136719,352.739990234375,352.54998779296875,352.6700134277344,20147
2026-07-10 13:12:00-04:00,352.5537109375,352.5537109375,352.6400146484375,352.4599914550781,352.6400146484375,18309
2026-07-10 13:14:00-04:00,352.57000732421875,352.57000732421875,352.6499938964844,352.4599914550781,352.5340881347656,30295
2026-07-10 13:16:00-04:00,352.5899963378906,352.5899963378906,352.80999755859375,352.5199890136719,352.5563049316406,47455
2026-07-10 13:18:00-04:00,352.6300048828125,352.6300048828125,352.7799072265625,352.5899963378906,352.5899963378906,20286
2026-07-10 13:20:00-04:00,352.54998779296875,352.54998779296875,352.7099914550781,352.510009765625,352.54998779296875,29962
2026-07-10 13:22:00-04:00,352.4424133300781,352.4424133300781,352.67999267578125,352.3599853515625,352.6000061035156,33115
2026-07-10 13:24:00-04:00,352.3550109863281,352.3550109863281,352.6099853515625,352.3395080566406,352.45001220703125,17247
2026-07-10 13:26:00-04:00,352.2254943847656,352.2254943847656,352.4100036621094,352.19500732421875,352.3599853515625,16339
2026-07-10 13:28:00-04:00,352.20001220703125,352.20001220703125,352.30999755859375,352.19000244140625,352.239990234375,10921
2026-07-10 13:30:00-04:00,352.05499267578125,352.05499267578125,352.239990234375,351.9200134277344,352.2099914550781,27901
2026-07-10 13:32:00-04:00,352.1700134277344,352.1700134277344,352.25,352.04998779296875,352.07501220703125,24859
2026-07-10 13:34:00-04:00,352.1300048828125,352.1300048828125,352.19000244140625,351.9200134277344,352.1499938964844,15553
2026-07-10 13:36:00-04:00,352.1600036621094,352.1600036621094,352.29998779296875,352.0299987792969,352.1300048828125,16246
2026-07-10 13:38:00-04:00,351.97760009765625,351.97760009765625,352.1698913574219,351.97760009765625,352.1449890136719,21321
2026-07-10 13:40:00-04:00,351.8599853515625,351.8599853515625,352.07000732421875,351.8599853515625,352.0,13952
2026-07-10 13:42:00-04:00,351.64739990234375,351.64739990234375,351.864990234375,351.6099853515625,351.8500061035156,29446
2026-07-10 13:44:00-04:00,351.7200012207031,351.7200012207031,351.82000732421875,351.57000732421875,351.6449890136719,36770
2026-07-10 13:46:00-04:00,351.94000244140625,351.94000244140625,351.9599914550781,351.6502990722656,351.7296142578125,20662
2026-07-10 13:48:00-04:00,351.9200134277344,351.9200134277344,351.9479064941406,351.80999755859375,351.92999267578125,24891
2026-07-10 13:50:00-04:00,352.0299987792969,352.0299987792969,352.0588073730469,351.906005859375,351.906005859375,31661
2026-07-10 13:52:00-04:00,352.0849914550781,352.0849914550781,352.1499938964844,352.010009765625,352.0350036621094,13157
2026-07-10 13:54:00-04:00,352.3299865722656,352.3299865722656,352.3900146484375,352.0799865722656,352.08099365234375,21748
2026-07-10 13:56:00-04:00,352.5199890136719,352.5199890136719,352.6000061035156,352.2699890136719,352.3299865722656,12905
2026-07-10 13:58:00-04:00,352.6449890136719,352.6449890136719,352.7799987792969,352.3900146484375,352.4800109863281,24587
2026-07-10 14:00:00-04:00,352.489990234375,352.489990234375,352.7200012207031,352.44000244140625,352.67999267578125,19635
2026-07-10 14:02:00-04:00,352.739990234375,352.739990234375,352.760009765625,352.489990234375,352.4949951171875,14233
2026-07-10 14:04:00-04:00,352.9549865722656,352.9549865722656,353.04998779296875,352.7699890136719,352.7699890136719,44769
2026-07-10 14:06:00-04:00,353.0950012207031,353.0950012207031,353.1400146484375,352.94000244140625,352.9649963378906,29175
2026-07-10 14:08:00-04:00,353.1099853515625,353.1099853515625,353.2200012207031,353.0400085449219,353.1000061035156,23904
2026-07-10 14:10:00-04:00,353.0299987792969,353.0299987792969,353.2799987792969,353.0199890136719,353.1050109863281,18510
2026-07-10 14:12:00-04:00,353.17498779296875,353.17498779296875,353.19000244140625,352.9800109863281,353.010009765625,21954
2026-07-10 14:14:00-04:00,353.20001220703125,353.20001220703125,353.29998779296875,353.1499938964844,353.17498779296875,68119
2026-07-10 14:16:00-04:00,353.125,353.125,353.298095703125,353.07501220703125,353.20001220703125,13562
2026-07-10 14:18:00-04:00,353.20001220703125,353.20001220703125,353.2699890136719,353.110107421875,353.1600036621094,32599
2026-07-10 14:20:00-04:00,353.0799865722656,353.0799865722656,353.239990234375,353.0,353.2099914550781,10508
2026-07-10 14:22:00-04:00,353.19500732421875,353.19500732421875,353.25,353.06890869140625,353.06890869140625,20022
2026-07-10 14:24:00-04:00,353.32000732421875,353.32000732421875,353.54998779296875,353.20001220703125,353.20001220703125,26478
2026-07-10 14:26:00-04:00,353.44500732421875,353.44500732421875,353.5400085449219,353.30499267578125,353.30499267578125,17297
2026-07-10 14:28:00-04:00,353.5249938964844,353.5249938964844,353.5249938964844,353.4100036621094,353.44500732421875,18893
2026-07-10 14:30:00-04:00,353.3900146484375,353.3900146484375,353.5679931640625,353.31549072265625,353.5249938964844,23286
2026-07-10 14:32:00-04:00,353.3550109863281,353.3550109863281,353.510009765625,353.29010009765625,353.385009765625,23026
2026-07-10 14:34:00-04:00,353.25,353.25,353.3900146484375,353.214599609375,353.3599853515625,15357
2026-07-10 14:36:00-04:00,353.2900085449219,353.2900085449219,353.389892578125,353.2300109863281,353.239990234375,13773
2026-07-10 14:38:00-04:00,353.3500061035156,353.3500061035156,353.4599914550781,353.2799987792969,353.29998779296875,28096
2026-07-10 14:40:00-04:00,353.3800048828125,353.3800048828125,353.5,353.3688049316406,353.3799133300781,15510
2026-07-10 14:42:00-04:00,353.7200012207031,353.7200012207031,353.7200012207031,353.3500061035156,353.3699951171875,16003
2026-07-10 14:44:00-04:00,353.6549987792969,353.6549987792969,353.760009765625,353.6369934082031,353.7200012207031,22658
2026-07-10 14:46:00-04:00,353.6199951171875,353.6199951171875,353.7099914550781,353.57501220703125,353.67999267578125,15076
2026-07-10 14:48:00-04:00,353.3699951171875,353.3699951171875,353.7250061035156,353.3699951171875,353.61639404296875,17023
2026-07-10 14:50:00-04:00,353.2049865722656,353.2049865722656,353.3800048828125,353.1000061035156,353.3800048828125,18959
2026-07-10 14:52:00-04:00,353.4075012207031,353.4075012207031,353.55999755859375,353.29998779296875,353.29998779296875,17152
2026-07-10 14:54:00-04:00,353.2449951171875,353.2449951171875,353.4700012207031,353.2449951171875,353.3800048828125,14729
2026-07-10 14:56:00-04:00,353.3900146484375,353.3900146484375,353.4949951171875,353.2200012207031,353.2200012207031,31077
2026-07-10 14:58:00-04:00,353.3999938964844,353.3999938964844,353.4100036621094,353.2650146484375,353.3999938964844,26816
2026-07-10 15:00:00-04:00,353.5249938964844,353.5249938964844,353.6307067871094,353.3999938964844,353.3999938964844,23373
2026-07-10 15:02:00-04:00,353.6600036621094,353.6600036621094,353.6600036621094,353.42999267578125,353.5,17649
2026-07-10 15:04:00-04:00,353.5199890136719,353.5199890136719,353.7200012207031,353.5,353.6549987792969,23602
2026-07-10 15:06:00-04:00,353.5799865722656,353.5799865722656,353.6199951171875,353.45001220703125,353.57000732421875,15779
2026-07-10 15:08:00-04:00,353.55999755859375,353.55999755859375,353.6700134277344,353.5,353.6099853515625,212658
2026-07-10 15:10:00-04:00,353.70001220703125,353.70001220703125,353.7250061035156,353.55499267578125,353.5899963378906,227528
2026-07-10 15:12:00-04:00,353.9150085449219,353.9150085449219,353.9200134277344,353.693115234375,353.70001220703125,33306
2026-07-10 15:14:00-04:00,353.9100036621094,353.9100036621094,353.9695129394531,353.739990234375,353.90008544921875,20210
2026-07-10 15:16:00-04:00,354.2200012207031,354.2200012207031,354.239990234375,353.82000732421875,353.9100036621094,36449
2026-07-10 15:18:00-04:00,354.18499755859375,354.18499755859375,354.3999938964844,354.1700134277344,354.2200012207031,30952
2026-07-10 15:20:00-04:00,354.18499755859375,354.18499755859375,354.3299865722656,354.1600036621094,354.19000244140625,36922
2026-07-10 15:22:00-04:00,354.20001220703125,354.20001220703125,354.2799987792969,354.1199951171875,354.17510986328125,22708
2026-07-10 15:24:00-04:00,354.3399963378906,354.3399963378906,354.3999938964844,354.0899963378906,354.18499755859375,24266
2026-07-10 15:26:00-04:00,354.1700134277344,354.1700134277344,354.3999938964844,354.1199951171875,354.3500061035156,30213
2026-07-10 15:28:00-04:00,354.25,354.25,354.3999938964844,354.1199951171875,354.1499938964844,40519
2026-07-10 15:30:00-04:00,354.1499938964844,354.1499938964844,354.2799987792969,354.04998779296875,354.2799987792969,32908
2026-07-10 15:32:00-04:00,354.4849853515625,354.4849853515625,354.4849853515625,354.1499938964844,354.1499938964844,89476
2026-07-10 15:34:00-04:00,354.2900085449219,354.2900085449219,354.5799865722656,354.25,354.4501037597656,34323
2026-07-10 15:36:00-04:00,354.25,354.25,354.3901062011719,354.2300109863281,354.30499267578125,18178
2026-07-10 15:38:00-04:00,354.1400146484375,354.1400146484375,354.2900085449219,354.1300964355469,354.25,21647
2026-07-10 15:40:00-04:00,354.2749938964844,354.2749938964844,354.30999755859375,354.0849914550781,354.1400146484375,25520
2026-07-10 15:42:00-04:00,354.2149963378906,354.2149963378906,354.3799133300781,354.1700134277344,354.260009765625,24353
2026-07-10 15:44:00-04:00,354.739990234375,354.739990234375,354.75,354.2099914550781,354.2149963378906,48829
2026-07-10 15:46:00-04:00,354.9200134277344,354.9200134277344,354.9200134277344,354.68890380859375,354.75,42796
2026-07-10 15:48:00-04:00,354.7900085449219,354.7900085449219,355.0199890136719,354.67498779296875,354.92498779296875,52333
2026-07-10 15:50:00-04:00,354.6499938964844,354.6499938964844,354.92498779296875,354.57000732421875,354.82000732421875,67027
2026-07-10 15:52:00-04:00,354.7449951171875,354.7449951171875,354.8999938964844,354.6300048828125,354.6600036621094,67992
2026-07-10 15:54:00-04:00,355.3349914550781,355.3349914550781,355.6499938964844,354.3699951171875,354.7699890136719,241031
2026-07-10 15:56:00-04:00,355.3599853515625,355.3599853515625,355.45001220703125,355.2200012207031,355.3399963378906,204825
2026-07-10 15:58:00-04:00,355.0400085449219,355.0400085449219,355.3999938964844,354.8900146484375,355.3699951171875,469094
2026-07-13 09:30:00-04:00,353.114990234375,353.114990234375,354.7294006347656,352.1199951171875,353.989990234375,447065
2026-07-13 09:32:00-04:00,352.55999755859375,352.55999755859375,353.9898986816406,352.55999755859375,353.135009765625,105014
2026-07-13 09:34:00-04:00,352.6365051269531,352.6365051269531,352.95001220703125,352.1400146484375,352.6116943359375,116837
2026-07-13 09:36:00-04:00,353.7699890136719,353.7699890136719,354.2699890136719,352.6000061035156,352.6650085449219,95170
2026-07-13 09:38:00-04:00,354.30999755859375,354.30999755859375,354.3900146484375,353.5414123535156,353.7749938964844,69238
2026-07-13 09:40:00-04:00,354.4849853515625,354.4849853515625,354.6000061035156,353.9804992675781,354.2699890136719,71638
2026-07-13 09:42:00-04:00,354.6400146484375,354.6400146484375,354.9700012207031,354.4200134277344,354.4949951171875,79514
2026-07-13 09:44:00-04:00,354.79998779296875,354.79998779296875,355.75,354.4700012207031,354.6700134277344,100914
2026-07-13 09:46:00-04:00,354.1499938964844,354.1499938964844,355.4049987792969,354.1499938964844,354.760009765625,93000
2026-07-13 09:48:00-04:00,353.57000732421875,353.57000732421875,354.32000732421875,352.75,354.19000244140625,95285
2026-07-13 09:50:00-04:00,352.1600036621094,352.1600036621094,353.7699890136719,352.05999755859375,353.67498779296875,103720
2026-07-13 09:52:00-04:00,353.489990234375,353.489990234375,353.5899963378906,352.0400085449219,352.1300048828125,87835
2026-07-13 09:54:00-04:00,353.9800109863281,353.9800109863281,354.20001220703125,353.25,353.489990234375,62936
2026-07-13 09:56:00-04:00,353.6499938964844,353.6499938964844,354.17999267578125,353.4100036621094,354.0299987792969,46982
2026-07-13 09:58:00-04:00,354.45001220703125,354.45001220703125,354.6400146484375,353.19000244140625,353.6499938964844,67015
2026-07-13 10:00:00-04:00,353.8500061035156,353.8500061035156,354.6099853515625,353.7900085449219,354.5450134277344,49271
2026-07-13 10:02:00-04:00,353.3999938964844,353.3999938964844,354.0,353.3999938964844,353.9100036621094,36302
2026-07-13 10:04:00-04:00,353.3699951171875,353.3699951171875,353.5575866699219,353.01190185546875,353.4599914550781,32883
2026-07-13 10:06:00-04:00,352.6000061035156,352.6000061035156,353.6600036621094,352.5400085449219,353.3699951171875,33973
2026-07-13 10:08:00-04:00,353.0299987792969,353.0299987792969,353.1780090332031,352.55999755859375,352.6499938964844,33973
2026-07-13 10:10:00-04:00,353.42999267578125,353.42999267578125,353.6199951171875,353.04998779296875,353.04998779296875,35690
2026-07-13 10:12:00-04:00,353.6000061035156,353.6000061035156,353.8999938964844,353.3699951171875,353.4599914550781,32536
2026-07-13 10:14:00-04:00,352.8900146484375,352.8900146484375,353.55499267578125,352.8900146484375,353.55499267578125,27301
2026-07-13 10:16:00-04:00,352.42498779296875,352.42498779296875,353.1300048828125,351.7099914550781,352.9200134277344,107630
2026-07-13 10:18:00-04:00,352.44500732421875,352.44500732421875,352.760009765625,352.260009765625,352.5350036621094,37891
2026-07-13 10:20:00-04:00,352.4800109863281,352.4800109863281,352.69000244140625,352.1000061035156,352.3999938964844,51915
2026-07-13 10:22:00-04:00,352.2099914550781,352.2099914550781,352.61090087890625,352.2099914550781,352.42999267578125,34208
2026-07-13 10:24:00-04:00,352.6000061035156,352.6000061035156,352.7200012207031,352.2099914550781,352.2749938964844,40590
2026-07-13 10:26:00-04:00,352.95001220703125,352.95001220703125,352.989990234375,352.6300048828125,352.69000244140625,16405
2026-07-13 10:28:00-04:00,353.0400085449219,353.0400085449219,353.17999267578125,352.8900146484375,353.0150146484375,23627
2026-07-13 10:30:00-04:00,352.6499938964844,352.6499938964844,353.1400146484375,352.5400085449219,353.0899963378906,33917
2026-07-13 10:32:00-04:00,352.5950012207031,352.5950012207031,352.7699890136719,352.5,352.7349853515625,18256
2026-07-13 10:34:00-04:00,352.42999267578125,352.42999267578125,352.8800048828125,352.3299865722656,352.55999755859375,45020
2026-07-13 10:36:00-04:00,352.510009765625,352.510009765625,352.6499938964844,352.3900146484375,352.4750061035156,27446
2026-07-13 10:38:00-04:00,352.2300109863281,352.2300109863281,352.44500732421875,352.2099914550781,352.42999267578125,25789
2026-07-13 10:40:00-04:00,352.2799987792969,352.2799987792969,352.2998962402344,351.8299865722656,352.2550048828125,64384
2026-07-13 10:42:00-04:00,352.17999267578125,352.17999267578125,352.36370849609375,351.92999267578125,352.28009033203125,26611
2026-07-13 10:44:00-04:00,352.0400085449219,352.0400085449219,352.260009765625,351.95001220703125,352.17999267578125,47747
2026-07-13 10:46:00-04:00,352.3999938964844,352.3999938964844,352.45001220703125,351.9700012207031,352.1000061035156,23203
2026-07-13 10:48:00-04:00,352.5799865722656,352.5799865722656,352.70001220703125,352.3599853515625,352.4599914550781,23222
2026-07-13 10:50:00-04:00,352.510009765625,352.510009765625,352.79998779296875,352.4599914550781,352.55999755859375,40305
2026-07-13 10:52:00-04:00,352.5143127441406,352.5143127441406,352.8299865722656,352.3999938964844,352.54998779296875,58259
2026-07-13 10:54:00-04:00,353.010009765625,353.010009765625,353.0450134277344,352.5350036621094,352.54998779296875,79836
2026-07-13 10:56:00-04:00,352.8299865722656,352.8299865722656,353.1400146484375,352.7900085449219,353.0350036621094,30509
2026-07-13 10:58:00-04:00,352.875,352.875,352.95001220703125,352.7300109863281,352.8299865722656,26309
2026-07-13 11:00:00-04:00,353.0249938964844,353.0249938964844,353.20001220703125,352.6700134277344,352.8999938964844,48383
2026-07-13 11:02:00-04:00,353.1400146484375,353.1400146484375,353.1400146484375,352.9599914550781,353.05999755859375,30246
2026-07-13 11:04:00-04:00,353.3699951171875,353.3699951171875,353.3901062011719,353.05999755859375,353.125,30835
2026-07-13 11:06:00-04:00,353.55999755859375,353.55999755859375,353.6549987792969,353.30999755859375,353.3599853515625,44976
2026-07-13 11:08:00-04:00,353.3399963378906,353.3399963378906,353.7699890136719,353.3399963378906,353.57000732421875,30114
2026-07-13 11:10:00-04:00,353.1050109863281,353.1050109863281,353.4599914550781,353.0,353.364990234375,34222
2026-07-13 11:12:00-04:00,352.7699890136719,352.7699890136719,353.1199951171875,352.7300109863281,353.07501220703125,63987
2026-07-13 11:14:00-04:00,352.75,352.75,352.7799072265625,352.54998779296875,352.7200012207031,52286
2026-07-13 11:16:00-04:00,352.7300109863281,352.7300109863281,352.7799987792969,352.42999267578125,352.7799987792969,26484
2026-07-13 11:18:00-04:00,352.6199951171875,352.6199951171875,352.8999938964844,352.56500244140625,352.7300109863281,28253
2026-07-13 11:20:00-04:00,352.5600891113281,352.5600891113281,352.739990234375,352.55108642578125,352.57000732421875,14067
2026-07-13 11:22:00-04:00,352.6099853515625,352.6099853515625,352.760009765625,352.5,352.54998779296875,23403
2026-07-13 11:24:00-04:00,352.2799987792969,352.2799987792969,352.69989013671875,352.2699890136719,352.6499938964844,27811
2026-07-13 11:26:00-04:00,352.5400085449219,352.5400085449219,352.5799865722656,352.1300048828125,352.2699890136719,56977
2026-07-13 11:28:00-04:00,352.6199951171875,352.6199951171875,352.7300109863281,352.4549865722656,352.4599914550781,21705
2026-07-13 11:30:00-04:00,352.4150085449219,352.4150085449219,352.635009765625,352.2200012207031,352.625,17206
2026-07-13 11:32:00-04:00,352.2300109863281,352.2300109863281,352.4100036621094,352.1000061035156,352.4100036621094,34212
2026-07-13 11:34:00-04:00,352.2900085449219,352.2900085449219,352.489990234375,352.2301025390625,352.239990234375,39432
2026-07-13 11:36:00-04:00,352.2799072265625,352.2799072265625,352.32000732421875,352.05999755859375,352.1700134277344,34782
2026-07-13 11:38:00-04:00,352.44500732421875,352.44500732421875,352.55999755859375,352.1199951171875,352.239990234375,17512
2026-07-13 11:40:00-04:00,352.7699890136719,352.7699890136719,352.8599853515625,352.44000244140625,352.44000244140625,20054
2026-07-13 11:42:00-04:00,352.4508972167969,352.4508972167969,352.82000732421875,352.44500732421875,352.82000732421875,21423
2026-07-13 11:44:00-04:00,352.2799987792969,352.2799987792969,352.4200134277344,352.19000244140625,352.4200134277344,20950
2026-07-13 11:46:00-04:00,352.30999755859375,352.30999755859375,352.3599853515625,352.2300109863281,352.2699890136719,24862
2026-07-13 11:48:00-04:00,352.3949890136719,352.3949890136719,352.3999938964844,352.25,352.29998779296875,17835
2026-07-13 11:50:00-04:00,352.2749938964844,352.2749938964844,352.4599914550781,352.2200012207031,352.3900146484375,22645
2026-07-13 11:52:00-04:00,352.42999267578125,352.42999267578125,352.4800109863281,352.2099914550781,352.239990234375,32052
2026-07-13 11:54:00-04:00,352.82501220703125,352.82501220703125,352.8500061035156,352.3699951171875,352.44500732421875,17493
2026-07-13 11:56:00-04:00,352.7250061035156,352.7250061035156,352.8999938964844,352.67999267578125,352.864990234375,31828
2026-07-13 11:58:00-04:00,352.7900085449219,352.7900085449219,352.8299865722656,352.55499267578125,352.7250061035156,39327
2026-07-13 12:00:00-04:00,353.0299987792969,353.0299987792969,353.0400085449219,352.739990234375,352.8599853515625,36714
2026-07-13 12:02:00-04:00,353.0469970703125,353.0469970703125,353.1099853515625,352.7699890136719,353.0400085449219,22896
2026-07-13 12:04:00-04:00,352.82000732421875,352.82000732421875,353.1099853515625,352.6400146484375,353.05999755859375,21555
2026-07-13 12:06:00-04:00,352.8900146484375,352.8900146484375,353.05999755859375,352.7900085449219,352.80999755859375,24480
2026-07-13 12:08:00-04:00,353.0400085449219,353.0400085449219,353.1050109863281,352.7401123046875,352.8951110839844,19635
2026-07-13 12:10:00-04:00,353.05499267578125,353.05499267578125,353.1700134277344,353.0,353.1099853515625,23959
2026-07-13 12:12:00-04:00,353.0899963378906,353.0899963378906,353.1199951171875,352.9100036621094,353.0299987792969,21902
2026-07-13 12:14:00-04:00,353.3900146484375,353.3900146484375,353.3900146484375,353.0400085449219,353.1099853515625,30195
2026-07-13 12:16:00-04:00,353.2699890136719,353.2699890136719,353.4200134277344,353.1099853515625,353.3901062011719,27982
2026-07-13 12:18:00-04:00,353.44000244140625,353.44000244140625,353.44000244140625,353.1600036621094,353.32000732421875,27424
2026-07-13 12:20:00-04:00,353.0700988769531,353.0700988769531,353.4700012207031,353.010009765625,353.3699951171875,30407
2026-07-13 12:22:00-04:00,353.1449890136719,353.1449890136719,353.2799987792969,353.02679443359375,353.1099853515625,20676
2026-07-13 12:24:00-04:00,353.1499938964844,353.1499938964844,353.2699890136719,352.989990234375,353.1300048828125,39439
2026-07-13 12:26:00-04:00,353.04998779296875,353.04998779296875,353.32000732421875,352.9700012207031,353.1499938964844,19434
2026-07-13 12:28:00-04:00,353.5,353.5,353.5,353.03021240234375,353.03021240234375,26568
2026-07-13 12:30:00-04:00,353.32000732421875,353.32000732421875,353.45001220703125,353.1499938964844,353.4100036621094,41183
2026-07-13 12:32:00-04:00,353.4200134277344,353.4200134277344,353.4200134277344,353.1499938964844,353.2340087890625,22399
2026-07-13 12:34:00-04:00,353.0450134277344,353.0450134277344,353.3699951171875,353.0,353.3599853515625,28676
2026-07-13 12:36:00-04:00,353.1199951171875,353.1199951171875,353.2250061035156,352.94000244140625,353.0799865722656,26478
2026-07-13 12:38:00-04:00,353.4700012207031,353.4700012207031,353.6499938964844,353.0249938964844,353.1700134277344,29616
2026-07-13 12:40:00-04:00,353.489990234375,353.489990234375,353.6099853515625,353.3450012207031,353.4599914550781,13727
2026-07-13 12:42:00-04:00,353.80999755859375,353.80999755859375,353.8800048828125,353.4555969238281,353.4800109863281,24460
2026-07-13 12:44:00-04:00,354.1050109863281,354.1050109863281,354.17999267578125,353.7200012207031,353.8399963378906,25347
2026-07-13 12:46:00-04:00,353.7349853515625,353.7349853515625,354.05499267578125,353.7200012207031,354.0450134277344,28435
2026-07-13 12:48:00-04:00,353.3999938964844,353.3999938964844,353.75,353.3197021484375,353.7254943847656,29011
2026-07-13 12:50:00-04:00,352.7099914550781,352.7099914550781,353.3999938964844,352.6199951171875,353.3599853515625,44639
2026-07-13 12:52:00-04:00,352.55999755859375,352.55999755859375,352.6400146484375,352.4100036621094,352.6000061035156,23632
2026-07-13 12:54:00-04:00,352.6199951171875,352.6199951171875,352.6600036621094,352.4150085449219,352.5249938964844,22111
2026-07-13 12:56:00-04:00,352.8299865722656,352.8299865722656,352.8399963378906,352.6050109863281,352.6499938964844,19689
2026-07-13 12:58:00-04:00,352.88238525390625,352.88238525390625,353.04998779296875,352.57000732421875,352.8299865722656,24579
2026-07-13 13:00:00-04:00,352.9800109863281,352.9800109863281,353.0400085449219,352.80999755859375,352.8949890136719,20715
2026-07-13 13:02:00-04:00,353.1300048828125,353.1300048828125,353.17999267578125,352.7900085449219,352.93499755859375,17123
2026-07-13 13:04:00-04:00,352.8800048828125,352.8800048828125,353.0799865722656,352.7500915527344,353.0799865722656,19649
2026-07-13 13:06:00-04:00,353.0199890136719,353.0199890136719,353.0299987792969,352.8349914550781,352.92999267578125,9312
2026-07-13 13:08:00-04:00,353.0199890136719,353.0199890136719,353.0799865722656,352.95001220703125,353.0400085449219,9248
2026-07-13 13:10:00-04:00,353.25,353.25,353.3399963378906,353.04998779296875,353.04998779296875,17245
2026-07-13 13:12:00-04:00,353.3999938964844,353.3999938964844,353.3999938964844,353.17999267578125,353.25,24517
2026-07-13 13:14:00-04:00,353.3800048828125,353.3800048828125,353.54998779296875,353.1099853515625,353.3949890136719,19588
2026-07-13 13:16:00-04:00,353.7699890136719,353.7699890136719,353.82000732421875,353.3550109863281,353.3550109863281,22189
2026-07-13 13:18:00-04:00,353.8487854003906,353.8487854003906,353.9179992675781,353.739990234375,353.7699890136719,21623
2026-07-13 13:20:00-04:00,353.8418884277344,353.8418884277344,353.94500732421875,353.70001220703125,353.864990234375,19141
2026-07-13 13:22:00-04:00,353.6700134277344,353.6700134277344,354.010009765625,353.6099853515625,353.8999938964844,25394
2026-07-13 13:24:00-04:00,353.70001220703125,353.70001220703125,353.70001220703125,353.4599914550781,353.6650085449219,20627
2026-07-13 13:26:00-04:00,353.55999755859375,353.55999755859375,353.8949890136719,353.5299987792969,353.75,18483
2026-07-13 13:28:00-04:00,353.3999938964844,353.3999938964844,353.69000244140625,353.3999938964844,353.6000061035156,19595
2026-07-13 13:30:00-04:00,352.95001220703125,352.95001220703125,353.5,352.8299865722656,353.42999267578125,42718
2026-07-13 13:32:00-04:00,352.9400939941406,352.9400939941406,353.1700134277344,352.93499755859375,352.9599914550781,37464
2026-07-13 13:34:00-04:00,352.6650085449219,352.6650085449219,352.9599914550781,352.5299987792969,352.94000244140625,26057
2026-07-13 13:36:00-04:00,352.8800048828125,352.8800048828125,353.1099853515625,352.6600036621094,352.6600036621094,56427
2026-07-13 13:38:00-04:00,352.94000244140625,352.94000244140625,352.94000244140625,352.5799865722656,352.7799987792969,35342
2026-07-13 13:40:00-04:00,353.2049865722656,353.2049865722656,353.2699890136719,352.8851013183594,352.8999938964844,23288
2026-07-13 13:42:00-04:00,353.19000244140625,353.19000244140625,353.260009765625,353.0249938964844,353.2099914550781,55429
2026-07-13 13:44:00-04:00,353.3599853515625,353.3599853515625,353.3999938964844,353.05999755859375,353.20001220703125,22101
2026-07-13 13:46:00-04:00,353.19000244140625,353.19000244140625,353.3699035644531,352.94000244140625,353.3599853515625,23388
2026-07-13 13:48:00-04:00,353.260009765625,353.260009765625,353.2699890136719,353.04998779296875,353.18499755859375,10747
2026-07-13 13:50:00-04:00,353.2900085449219,353.2900085449219,353.3999938964844,353.1199951171875,353.260009765625,17468
2026-07-13 13:52:00-04:00,353.1199951171875,353.1199951171875,353.3500061035156,353.04998779296875,353.2799987792969,27983
2026-07-13 13:54:00-04:00,353.17999267578125,353.17999267578125,353.20001220703125,353.010009765625,353.1099853515625,20334
2026-07-13 13:56:00-04:00,352.8999938964844,352.8999938964844,353.19000244140625,352.80999755859375,353.19000244140625,17770
2026-07-13 13:58:00-04:00,352.8299865722656,352.8299865722656,352.9700012207031,352.7699890136719,352.8800048828125,15173
2026-07-13 14:00:00-04:00,352.7749938964844,352.7749938964844,352.9599914550781,352.7099914550781,352.8301086425781,21482
2026-07-13 14:02:00-04:00,352.7799987792969,352.7799987792969,352.9100036621094,352.6600036621094,352.739990234375,15910
2026-07-13 14:04:00-04:00,352.7550048828125,352.7550048828125,352.8500061035156,352.55999755859375,352.80999755859375,37016
2026-07-13 14:06:00-04:00,352.9200134277344,352.9200134277344,353.0,352.7349853515625,352.7900085449219,13362
2026-07-13 14:08:00-04:00,352.8599853515625,352.8599853515625,352.9949951171875,352.8599853515625,352.9599914550781,14821
2026-07-13 14:10:00-04:00,352.8599853515625,352.8599853515625,352.989990234375,352.79998779296875,352.8678894042969,29945
2026-07-13 14:12:00-04:00,353.25,353.25,353.2749938964844,352.8299865722656,352.8599853515625,39695
2026-07-13 14:14:00-04:00,353.489990234375,353.489990234375,353.69000244140625,353.2298889160156,353.239990234375,23520
2026-07-13 14:16:00-04:00,353.4100036621094,353.4100036621094,353.55999755859375,353.3800048828125,353.4601135253906,30276
2026-07-13 14:18:00-04:00,353.1700134277344,353.1700134277344,353.4599914550781,352.9700012207031,353.3999938964844,20582
2026-07-13 14:20:00-04:00,353.0199890136719,353.0199890136719,353.2799987792969,352.9700012207031,353.19000244140625,23524
2026-07-13 14:22:00-04:00,353.1499938964844,353.1499938964844,353.2099914550781,352.9700012207031,353.0299987792969,19957
2026-07-13 14:24:00-04:00,353.4049987792969,353.4049987792969,353.43499755859375,353.1400146484375,353.1449890136719,26444
2026-07-13 14:26:00-04:00,353.260009765625,353.260009765625,353.4695129394531,353.1549987792969,353.3699951171875,26671
2026-07-13 14:28:00-04:00,353.114990234375,353.114990234375,353.3399963378906,353.0,353.2349853515625,37646
2026-07-13 14:30:00-04:00,353.07000732421875,353.07000732421875,353.1300048828125,352.95001220703125,353.114990234375,40299
2026-07-13 14:32:00-04:00,352.8699951171875,352.8699951171875,353.1000061035156,352.8500061035156,353.07000732421875,49673
2026-07-13 14:34:00-04:00,352.5899963378906,352.5899963378906,352.885009765625,352.56500244140625,352.8599853515625,33906
2026-07-13 14:36:00-04:00,352.6700134277344,352.6700134277344,352.8699951171875,352.5400085449219,352.5899963378906,37920
2026-07-13 14:38:00-04:00,353.0350036621094,353.0350036621094,353.0799865722656,352.69000244140625,352.7200012207031,26746
2026-07-13 14:40:00-04:00,352.7994079589844,352.7994079589844,353.0450134277344,352.6715087890625,353.0400085449219,29073
2026-07-13 14:42:00-04:00,352.8699951171875,352.8699951171875,352.9100036621094,352.7650146484375,352.7699890136719,24363
2026-07-13 14:44:00-04:00,352.7699890136719,352.7699890136719,352.8999938964844,352.6400146484375,352.8900146484375,35563
2026-07-13 14:46:00-04:00,352.45001220703125,352.45001220703125,352.8349914550781,352.4200134277344,352.82000732421875,20977
2026-07-13 14:48:00-04:00,352.5011901855469,352.5011901855469,352.5299987792969,352.2799987792969,352.46099853515625,19584
2026-07-13 14:50:00-04:00,352.6499938964844,352.6499938964844,352.69000244140625,352.4700012207031,352.5249938964844,15901
2026-07-13 14:52:00-04:00,352.68499755859375,352.68499755859375,352.80999755859375,352.635009765625,352.635009765625,14059
2026-07-13 14:54:00-04:00,352.639892578125,352.639892578125,352.7694091796875,352.6199951171875,352.6946105957031,11593
2026-07-13 14:56:00-04:00,352.5,352.5,352.6700134277344,352.5,352.6400146484375,20736
2026-07-13 14:58:00-04:00,352.29998779296875,352.29998779296875,352.489990234375,352.239990234375,352.489990234375,18012
2026-07-13 15:00:00-04:00,352.31500244140625,352.31500244140625,352.3399963378906,352.0199890136719,352.2900085449219,37848
2026-07-13 15:02:00-04:00,352.4100036621094,352.4100036621094,352.4599914550781,352.30670166015625,352.3399963378906,16728
2026-07-13 15:04:00-04:00,352.385986328125,352.385986328125,352.54998779296875,352.385986328125,352.3999938964844,16338
2026-07-13 15:06:00-04:00,352.6499938964844,352.6499938964844,352.67999267578125,352.3949890136719,352.3949890136719,30378
2026-07-13 15:08:00-04:00,352.79998779296875,352.79998779296875,352.80999755859375,352.6099853515625,352.69000244140625,21543
2026-07-13 15:10:00-04:00,352.7300109863281,352.7300109863281,352.9100036621094,352.6600036621094,352.83880615234375,22354
2026-07-13 15:12:00-04:00,352.260009765625,352.260009765625,352.75,352.07000732421875,352.75,35938
2026-07-13 15:14:00-04:00,352.2550048828125,352.2550048828125,352.30999755859375,352.1400146484375,352.1600036621094,25042
2026-07-13 15:16:00-04:00,352.28448486328125,352.28448486328125,352.32000732421875,352.1000061035156,352.2550048828125,31235
2026-07-13 15:18:00-04:00,352.1050109863281,352.1050109863281,352.29998779296875,352.0799865722656,352.25,23391
2026-07-13 15:20:00-04:00,352.0299987792969,352.0299987792969,352.239990234375,351.8999938964844,352.1199951171875,46095
2026-07-13 15:22:00-04:00,351.8299865722656,351.8299865722656,352.0299987792969,351.7200012207031,351.9800109863281,40186
2026-07-13 15:24:00-04:00,351.7099914550781,351.7099914550781,351.9599914550781,351.6000061035156,351.7900085449219,18610
2026-07-13 15:26:00-04:00,351.6700134277344,351.6700134277344,351.760009765625,351.3999938964844,351.7099914550781,42409
2026-07-13 15:28:00-04:00,351.6300048828125,351.6300048828125,351.7349853515625,351.3599853515625,351.6499938964844,75113
2026-07-13 15:30:00-04:00,351.3999938964844,351.3999938964844,351.6499938964844,351.239990234375,351.6000061035156,40428
2026-07-13 15:32:00-04:00,351.3125,351.3125,351.5,351.2200012207031,351.3900146484375,32247
2026-07-13 15:34:00-04:00,350.9200134277344,350.9200134277344,351.2799987792969,350.885009765625,351.2799987792969,41651
2026-07-13 15:36:00-04:00,350.510009765625,350.510009765625,350.9049987792969,350.3800048828125,350.9049987792969,45410
2026-07-13 15:38:00-04:00,350.54998779296875,350.54998779296875,350.55999755859375,350.4100036621094,350.510009765625,30771
2026-07-13 15:40:00-04:00,350.6199951171875,350.6199951171875,350.7099914550781,350.4750061035156,350.50830078125,34837
2026-07-13 15:42:00-04:00,350.489990234375,350.489990234375,350.5,350.489990234375,350.5,59097
2026-07-13 15:44:00-04:00,350.739990234375,350.739990234375,350.7699890136719,350.41900634765625,350.4800109863281,54520
2026-07-13 15:46:00-04:00,350.6400146484375,350.6400146484375,350.8500061035156,350.6099853515625,350.7522888183594,48114
2026-07-13 15:48:00-04:00,350.55999755859375,350.55999755859375,350.81500244140625,350.5,350.6300048828125,72895
2026-07-13 15:50:00-04:00,350.2637023925781,350.2637023925781,350.6000061035156,349.989990234375,350.5400085449219,145766
2026-07-13 15:52:00-04:00,350.1199951171875,350.1199951171875,350.3999938964844,349.989990234375,350.2699890136719,120135
2026-07-13 15:54:00-04:00,350.6000061035156,350.6000061035156,350.6700134277344,349.8399963378906,350.1000061035156,167229
2026-07-13 15:56:00-04:00,350.6400146484375,350.6400146484375,350.75,350.510009765625,350.6000061035156,144144
2026-07-13 15:58:00-04:00,350.6705017089844,350.6705017089844,350.95001220703125,350.5400085449219,350.6300048828125,359016
2026-07-14 09:30:00-04:00,351.1300048828125,351.1300048828125,352.0799865722656,348.8399963378906,348.8399963378906,628175
2026-07-14 09:32:00-04:00,351.3900146484375,351.3900146484375,351.9700012207031,350.80999755859375,351.2099914550781,68216
2026-07-14 09:34:00-04:00,350.6650085449219,350.6650085449219,351.44000244140625,350.0199890136719,351.385009765625,51110
2026-07-14 09:36:00-04:00,350.7799987792969,350.7799987792969,350.8999938964844,350.2900085449219,350.6700134277344,59638
2026-07-14 09:38:00-04:00,350.760009765625,350.760009765625,351.0,350.3399963378906,350.8800048828125,51240
2026-07-14 09:40:00-04:00,351.29998779296875,351.29998779296875,351.3550109863281,350.2601013183594,350.7283020019531,58759
2026-07-14 09:42:00-04:00,351.7200012207031,351.7200012207031,351.9200134277344,351.1199951171875,351.3500061035156,73875
2026-07-14 09:44:00-04:00,352.385009765625,352.385009765625,352.7099914550781,351.4599914550781,351.7300109863281,101472
2026-07-14 09:46:00-04:00,351.1549987792969,351.1549987792969,352.42999267578125,351.01141357421875,352.4100036621094,65372
2026-07-14 09:48:00-04:00,350.6400146484375,350.6400146484375,351.3999938964844,350.19000244140625,351.1268005371094,145721
2026-07-14 09:50:00-04:00,351.3299865722656,351.3299865722656,351.6099853515625,350.69000244140625,350.7300109863281,29171
2026-07-14 09:52:00-04:00,351.07000732421875,351.07000732421875,351.5,350.67999267578125,351.2699890136719,21802
2026-07-14 09:54:00-04:00,350.95001220703125,350.95001220703125,351.3399963378906,350.8399963378906,351.05999755859375,33314
2026-07-14 09:56:00-04:00,351.510009765625,351.510009765625,351.7300109863281,350.9100036621094,350.9100036621094,28182
2026-07-14 09:58:00-04:00,351.59100341796875,351.59100341796875,351.75,351.2214050292969,351.57000732421875,22806
2026-07-14 10:00:00-04:00,351.3900146484375,351.3900146484375,351.8995056152344,351.32000732421875,351.6724853515625,31803
2026-07-14 10:02:00-04:00,351.4549865722656,351.4549865722656,351.82000732421875,350.95001220703125,351.385009765625,41153
2026-07-14 10:04:00-04:00,351.4220886230469,351.4220886230469,351.6099853515625,351.1600036621094,351.4800109863281,33196
2026-07-14 10:06:00-04:00,351.8399963378906,351.8399963378906,352.1000061035156,351.2300109863281,351.3999938964844,54900
2026-07-14 10:08:00-04:00,351.9200134277344,351.9200134277344,352.29998779296875,351.739990234375,351.7699890136719,52282
2026-07-14 10:10:00-04:00,351.5799865722656,351.5799865722656,351.885009765625,351.3949890136719,351.885009765625,24276
2026-07-14 10:12:00-04:00,351.96240234375,351.96240234375,352.0899963378906,351.5299987792969,351.5400085449219,29125
2026-07-14 10:14:00-04:00,352.1000061035156,352.1000061035156,352.6400146484375,351.8800048828125,351.94000244140625,49949
2026-07-14 10:16:00-04:00,351.8500061035156,351.8500061035156,352.010009765625,351.510009765625,352.010009765625,42145
2026-07-14 10:18:00-04:00,351.94000244140625,351.94000244140625,352.2900085449219,351.739990234375,351.787109375,43279
2026-07-14 10:20:00-04:00,352.55999755859375,352.55999755859375,352.79998779296875,351.9700012207031,351.9700012207031,43489
2026-07-14 10:22:00-04:00,353.0899963378906,353.0899963378906,353.0899963378906,352.2850036621094,352.6099853515625,52142
2026-07-14 10:24:00-04:00,353.489990234375,353.489990234375,353.510009765625,352.9200134277344,352.9800109863281,65491
2026-07-14 10:26:00-04:00,353.94000244140625,353.94000244140625,354.0899963378906,353.42999267578125,353.489990234375,50561
2026-07-14 10:28:00-04:00,353.7699890136719,353.7699890136719,353.94970703125,353.5201110839844,353.9100036621094,45637
2026-07-14 10:30:00-04:00,353.7550048828125,353.7550048828125,354.1549987792969,353.56060791015625,353.75,54088
2026-07-14 10:32:00-04:00,354.25,354.25,354.5299072265625,353.831787109375,353.831787109375,47706
2026-07-14 10:34:00-04:00,354.34869384765625,354.34869384765625,355.2099914550781,354.1099853515625,354.239990234375,125411
2026-07-14 10:36:00-04:00,354.739990234375,354.739990234375,354.92999267578125,354.3450012207031,354.3699951171875,38418
2026-07-14 10:38:00-04:00,354.6050109863281,354.6050109863281,354.7799987792969,354.25,354.6600036621094,37720
2026-07-14 10:40:00-04:00,355.0799865722656,355.0799865722656,355.2699890136719,354.69500732421875,354.69500732421875,40430
2026-07-14 10:42:00-04:00,354.70001220703125,354.70001220703125,355.1199951171875,354.5199890136719,355.0199890136719,55888
2026-07-14 10:44:00-04:00,354.9150085449219,354.9150085449219,354.989990234375,354.54998779296875,354.69769287109375,39930
2026-07-14 10:46:00-04:00,354.5801086425781,354.5801086425781,355.0199890136719,354.4800109863281,354.92059326171875,49610
2026-07-14 10:48:00-04:00,354.5299987792969,354.5299987792969,354.8004150390625,354.3710021972656,354.55999755859375,45102
2026-07-14 10:50:00-04:00,354.2749938964844,354.2749938964844,354.57000732421875,354.0799865722656,354.5199890136719,42033
2026-07-14 10:52:00-04:00,354.5249938964844,354.5249938964844,354.79998779296875,354.2900085449219,354.32000732421875,49193
2026-07-14 10:54:00-04:00,354.510009765625,354.510009765625,354.68499755859375,354.125,354.5899963378906,26402
2026-07-14 10:56:00-04:00,354.82000732421875,354.82000732421875,354.8900146484375,354.1900939941406,354.4599914550781,21151
2026-07-14 10:58:00-04:00,354.8299865722656,354.8299865722656,354.8900146484375,354.6200866699219,354.7799987792969,31073
2026-07-14 11:00:00-04:00,355.17999267578125,355.17999267578125,355.5199890136719,354.82000732421875,354.8699951171875,50568
2026-07-14 11:02:00-04:00,355.05999755859375,355.05999755859375,355.32989501953125,354.9400939941406,355.2449951171875,24247
2026-07-14 11:04:00-04:00,355.2799987792969,355.2799987792969,355.7799987792969,354.93499755859375,355.0299987792969,55889
2026-07-14 11:06:00-04:00,355.42999267578125,355.42999267578125,355.5299987792969,355.1600036621094,355.239990234375,27781
2026-07-14 11:08:00-04:00,355.67999267578125,355.67999267578125,355.9100036621094,355.43499755859375,355.4898986816406,44753
2026-07-14 11:10:00-04:00,355.8500061035156,355.8500061035156,355.8800048828125,355.5299987792969,355.67999267578125,31897
2026-07-14 11:12:00-04:00,355.8550109863281,355.8550109863281,355.92999267578125,355.69000244140625,355.7799987792969,38411
2026-07-14 11:14:00-04:00,355.9200134277344,355.9200134277344,355.98199462890625,355.7300109863281,355.9100036621094,21243
2026-07-14 11:16:00-04:00,355.8900146484375,355.8900146484375,355.9700012207031,355.69000244140625,355.9599914550781,25632
2026-07-14 11:18:00-04:00,355.3299865722656,355.3299865722656,355.864990234375,355.29998779296875,355.864990234375,35943
2026-07-14 11:20:00-04:00,355.5249938964844,355.5249938964844,355.67999267578125,355.1499938964844,355.30999755859375,38325
2026-07-14 11:22:00-04:00,355.3699951171875,355.3699951171875,355.5050048828125,355.0799865722656,355.489990234375,40846
2026-07-14 11:24:00-04:00,355.4049987792969,355.4049987792969,355.6600036621094,355.2051086425781,355.3500061035156,29101
2026-07-14 11:26:00-04:00,355.5,355.5,355.54998779296875,355.3349914550781,355.3800048828125,16787
2026-07-14 11:28:00-04:00,355.7099914550781,355.7099914550781,355.8299865722656,355.4800109863281,355.4999084472656,203744
2026-07-14 11:30:00-04:00,356.05999755859375,356.05999755859375,356.1199951171875,355.6600036621094,355.7200012207031,48655
2026-07-14 11:32:00-04:00,355.3800048828125,355.3800048828125,356.0899963378906,355.3800048828125,356.04998779296875,31666
2026-07-14 11:34:00-04:00,355.1549987792969,355.1549987792969,355.67999267578125,355.04998779296875,355.3800048828125,33117
2026-07-14 11:36:00-04:00,355.260009765625,355.260009765625,355.43499755859375,355.0400085449219,355.1300048828125,24020
2026-07-14 11:38:00-04:00,354.6499938964844,354.6499938964844,355.32989501953125,354.5199890136719,355.25,39953
2026-07-14 11:40:00-04:00,353.9599914550781,353.9599914550781,354.7099914550781,353.8999938964844,354.6099853515625,61887
2026-07-14 11:42:00-04:00,353.7756042480469,353.7756042480469,353.9599914550781,353.45001220703125,353.94000244140625,28265
2026-07-14 11:44:00-04:00,354.0,354.0,354.2200012207031,353.6700134277344,353.79998779296875,24968
2026-07-14 11:46:00-04:00,354.17999267578125,354.17999267578125,354.19000244140625,353.989990234375,353.989990234375,22269
2026-07-14 11:48:00-04:00,353.82000732421875,353.82000732421875,354.239990234375,353.7349853515625,354.1549987792969,32213
2026-07-14 11:50:00-04:00,353.8999938964844,353.8999938964844,354.1099853515625,353.739990234375,353.8699951171875,17882
2026-07-14 11:52:00-04:00,354.1203918457031,354.1203918457031,354.2799987792969,353.7900085449219,353.94000244140625,14000
2026-07-14 11:54:00-04:00,353.9049987792969,353.9049987792969,354.19000244140625,353.7401123046875,354.19000244140625,20074
2026-07-14 11:56:00-04:00,353.8450012207031,353.8450012207031,354.3800048828125,353.7900085449219,353.9100036621094,23229
2026-07-14 11:58:00-04:00,353.8299865722656,353.8299865722656,353.94000244140625,353.6700134277344,353.7799987792969,35716
2026-07-14 12:00:00-04:00,353.2699890136719,353.2699890136719,353.8900146484375,353.2699890136719,353.8800048828125,25000
2026-07-14 12:02:00-04:00,353.05499267578125,353.05499267578125,353.32000732421875,352.94000244140625,353.25,30136
2026-07-14 12:04:00-04:00,353.3599853515625,353.3599853515625,353.3599853515625,352.9800109863281,353.0199890136719,33085
2026-07-14 12:06:00-04:00,353.4100036621094,353.4100036621094,353.54998779296875,353.20001220703125,353.2749938964844,20862
2026-07-14 12:08:00-04:00,353.57501220703125,353.57501220703125,353.752197265625,353.375,353.375,23184
2026-07-14 12:10:00-04:00,353.5350036621094,353.5350036621094,353.70001220703125,353.42999267578125,353.6199951171875,14859
2026-07-14 12:12:00-04:00,353.7099914550781,353.7099914550781,353.80499267578125,353.4800109863281,353.5,16071
2026-07-14 12:14:00-04:00,353.55999755859375,353.55999755859375,353.8999938964844,353.53961181640625,353.75,21187
2026-07-14 12:16:00-04:00,353.5751037597656,353.5751037597656,353.6099853515625,353.3949890136719,353.55999755859375,17104
2026-07-14 12:18:00-04:00,353.45001220703125,353.45001220703125,353.6600036621094,353.3900146484375,353.614990234375,15448
2026-07-14 12:20:00-04:00,353.0899963378906,353.0899963378906,353.4519958496094,353.0,353.4519958496094,25586
2026-07-14 12:22:00-04:00,353.0799865722656,353.0799865722656,353.260009765625,352.92999267578125,353.0799865722656,20248
2026-07-14 12:24:00-04:00,353.0799865722656,353.0799865722656,353.1199951171875,352.94000244140625,353.0299987792969,20138
2026-07-14 12:26:00-04:00,353.3999938964844,353.3999938964844,353.5,353.07000732421875,353.1400146484375,18760
2026-07-14 12:28:00-04:00,353.29998779296875,353.29998779296875,353.44000244140625,353.2300109863281,353.3900146484375,26837
2026-07-14 12:30:00-04:00,352.7850036621094,352.7850036621094,353.3900146484375,352.7099914550781,353.2850036621094,32245
2026-07-14 12:32:00-04:00,352.4649963378906,352.4649963378906,352.8699951171875,352.2699890136719,352.7799987792969,31269
2026-07-14 12:34:00-04:00,352.82000732421875,352.82000732421875,352.8349914550781,352.4200134277344,352.4750061035156,48000
2026-07-14 12:36:00-04:00,352.9599914550781,352.9599914550781,353.1300048828125,352.7900085449219,352.79998779296875,55426
2026-07-14 12:38:00-04:00,353.5994873046875,353.5994873046875,353.5994873046875,352.82000732421875,352.9200134277344,30218
2026-07-14 12:40:00-04:00,353.739990234375,353.739990234375,353.8367004394531,353.57501220703125,353.57501220703125,53309
2026-07-14 12:42:00-04:00,353.75,353.75,353.8599853515625,353.55999755859375,353.7200012207031,16816
2026-07-14 12:44:00-04:00,353.7550048828125,353.7550048828125,354.0799865722656,353.70001220703125,353.739990234375,17114
2026-07-14 12:46:00-04:00,353.7900085449219,353.7900085449219,353.7900085449219,353.4700012207031,353.7200012207031,22975
2026-07-14 12:48:00-04:00,353.7300109863281,353.7300109863281,353.739990234375,353.4800109863281,353.739990234375,26833
2026-07-14 12:50:00-04:00,353.67999267578125,353.67999267578125,353.78900146484375,353.6700134277344,353.7049865722656,24265
2026-07-14 12:52:00-04:00,353.80999755859375,353.80999755859375,353.92999267578125,353.57000732421875,353.6400146484375,16022
2026-07-14 12:54:00-04:00,353.92010498046875,353.92010498046875,353.9700012207031,353.5799865722656,353.75,15715
2026-07-14 12:56:00-04:00,354.0150146484375,354.0150146484375,354.1799011230469,353.8900146484375,353.92999267578125,18579
2026-07-14 12:58:00-04:00,353.9700012207031,353.9700012207031,354.05999755859375,353.9552917480469,354.04998779296875,14102
2026-07-14 13:00:00-04:00,354.1499938964844,354.1499938964844,354.1700134277344,353.8700866699219,353.92999267578125,20215
2026-07-14 13:02:00-04:00,354.2149963378906,354.2149963378906,354.5,354.1600036621094,354.1700134277344,32467
2026-07-14 13:04:00-04:00,354.30999755859375,354.30999755859375,354.489990234375,354.2200012207031,354.2300109863281,20297
2026-07-14 13:06:00-04:00,354.260009765625,354.260009765625,354.42999267578125,354.17999267578125,354.29010009765625,27487
2026-07-14 13:08:00-04:00,354.5199890136719,354.5199890136719,354.57501220703125,354.2200012207031,354.33990478515625,25485
2026-07-14 13:10:00-04:00,354.489990234375,354.489990234375,354.54998779296875,354.3699951171875,354.54998779296875,20028
2026-07-14 13:12:00-04:00,354.8299865722656,354.8299865722656,354.8599853515625,354.3399963378906,354.4649963378906,49921
2026-07-14 13:14:00-04:00,354.6000061035156,354.6000061035156,354.8599853515625,354.3999938964844,354.79998779296875,38191
2026-07-14 13:16:00-04:00,354.82000732421875,354.82000732421875,354.989990234375,354.6199951171875,354.6199951171875,24664
2026-07-14 13:18:00-04:00,355.010009765625,355.010009765625,355.1499938964844,354.8299865722656,354.8500061035156,27500
2026-07-14 13:20:00-04:00,355.1199951171875,355.1199951171875,355.2200012207031,354.9765930175781,354.9800109863281,20326
2026-07-14 13:22:00-04:00,355.54998779296875,355.54998779296875,355.54998779296875,355.07000732421875,355.1199951171875,21957
2026-07-14 13:24:00-04:00,355.8349914550781,355.8349914550781,356.1000061035156,355.54998779296875,355.54998779296875,35769
2026-07-14 13:26:00-04:00,355.989990234375,355.989990234375,356.0400085449219,355.7799987792969,355.7799987792969,20044
2026-07-14 13:28:00-04:00,356.1199951171875,356.1199951171875,356.20001220703125,355.9200134277344,355.9700012207031,36124
2026-07-14 13:30:00-04:00,356.45001220703125,356.45001220703125,356.7200012207031,356.10919189453125,356.135009765625,57513
2026-07-14 13:32:00-04:00,356.42999267578125,356.42999267578125,356.54998779296875,356.2699890136719,356.42010498046875,35732
2026-07-14 13:34:00-04:00,356.1449890136719,356.1449890136719,356.7099914550781,356.1400146484375,356.4100036621094,34512
2026-07-14 13:36:00-04:00,356.1400146484375,356.1400146484375,356.17999267578125,355.8699951171875,356.1449890136719,53736
2026-07-14 13:38:00-04:00,356.0,356.0,356.2699890136719,355.9599914550781,356.135009765625,37081
2026-07-14 13:40:00-04:00,355.8999938964844,355.8999938964844,356.0899963378906,355.8399963378906,355.9599914550781,17651
2026-07-14 13:42:00-04:00,355.9100036621094,355.9100036621094,355.92498779296875,355.6705017089844,355.8804931640625,14440
2026-07-14 13:44:00-04:00,355.9700012207031,355.9700012207031,356.06500244140625,355.7799987792969,355.8800048828125,47954
2026-07-14 13:46:00-04:00,355.7900085449219,355.7900085449219,355.9649963378906,355.6199951171875,355.9649963378906,50595
2026-07-14 13:48:00-04:00,355.80999755859375,355.80999755859375,356.1000061035156,355.7804870605469,355.8450012207031,37210
2026-07-14 13:50:00-04:00,355.4200134277344,355.4200134277344,355.8599853515625,355.4200134277344,355.81500244140625,42449
2026-07-14 13:52:00-04:00,355.42999267578125,355.42999267578125,355.6300048828125,355.2900085449219,355.4150085449219,19537
2026-07-14 13:54:00-04:00,355.2950134277344,355.2950134277344,355.5400085449219,355.2950134277344,355.42498779296875,38025
2026-07-14 13:56:00-04:00,355.4825134277344,355.4825134277344,355.57000732421875,355.2601013183594,355.2601013183594,77823
2026-07-14 13:58:00-04:00,355.4100036621094,355.4100036621094,355.6499938964844,355.3800048828125,355.4800109863281,25565
2026-07-14 14:00:00-04:00,354.9504089355469,354.9504089355469,355.4800109863281,354.8399963378906,355.3800048828125,24944
2026-07-14 14:02:00-04:00,355.2799987792969,355.2799987792969,355.2900085449219,354.760009765625,354.94000244140625,29603
2026-07-14 14:04:00-04:00,355.0400085449219,355.0400085449219,355.3113098144531,354.9200134277344,355.260009765625,18049
2026-07-14 14:06:00-04:00,355.0899963378906,355.0899963378906,355.1700134277344,354.9599914550781,355.0199890136719,23717
2026-07-14 14:08:00-04:00,355.1300048828125,355.1300048828125,355.20001220703125,355.0199890136719,355.0899963378906,208207
2026-07-14 14:10:00-04:00,355.0,355.0,355.31500244140625,355.0,355.1199951171875,19249
2026-07-14 14:12:00-04:00,354.760009765625,354.760009765625,355.0498962402344,354.7330017089844,355.0498962402344,27823
2026-07-14 14:14:00-04:00,355.0899963378906,355.0899963378906,355.0899963378906,354.7101135253906,354.739990234375,17453
2026-07-14 14:16:00-04:00,355.05499267578125,355.05499267578125,355.2300109863281,355.0,355.0849914550781,18154
2026-07-14 14:18:00-04:00,355.0400085449219,355.0400085449219,355.1199951171875,354.8699951171875,355.0299987792969,22511
2026-07-14 14:20:00-04:00,355.19000244140625,355.19000244140625,355.2449951171875,355.010009765625,355.0400085449219,14969
2026-07-14 14:22:00-04:00,355.0799865722656,355.0799865722656,355.17999267578125,354.9700012207031,355.17999267578125,19310
2026-07-14 14:24:00-04:00,355.3299865722656,355.3299865722656,355.44989013671875,355.010009765625,355.010009765625,23813
2026-07-14 14:26:00-04:00,355.69000244140625,355.69000244140625,355.69000244140625,355.29071044921875,355.29071044921875,21670
2026-07-14 14:28:00-04:00,355.17999267578125,355.17999267578125,355.7445068359375,355.1700134277344,355.6600036621094,29630
2026-07-14 14:30:00-04:00,354.94500732421875,354.94500732421875,355.17999267578125,354.8299865722656,355.1700134277344,38750
2026-07-14 14:32:00-04:00,354.8900146484375,354.8900146484375,355.04998779296875,354.81500244140625,354.94500732421875,31276
2026-07-14 14:34:00-04:00,354.7699890136719,354.7699890136719,355.0050048828125,354.70001220703125,354.9100036621094,29176
2026-07-14 14:36:00-04:00,355.2900085449219,355.2900085449219,355.2900085449219,354.67999267578125,354.7550048828125,79921
2026-07-14 14:38:00-04:00,355.4360046386719,355.4360046386719,355.489990234375,355.30499267578125,355.30499267578125,33760
2026-07-14 14:40:00-04:00,355.2349853515625,355.2349853515625,355.4150085449219,354.8500061035156,355.3900146484375,56382
2026-07-14 14:42:00-04:00,355.2449951171875,355.2449951171875,355.3599853515625,355.1549987792969,355.2699890136719,14435
2026-07-14 14:44:00-04:00,355.17999267578125,355.17999267578125,355.2699890136719,355.1174011230469,355.19000244140625,20210
2026-07-14 14:46:00-04:00,355.3699951171875,355.3699951171875,355.3900146484375,355.1401062011719,355.1700134277344,21583
2026-07-14 14:48:00-04:00,355.4096984863281,355.4096984863281,355.55999755859375,355.3500061035156,355.3900146484375,28118
2026-07-14 14:50:00-04:00,355.6499938964844,355.6499938964844,355.7099914550781,355.3599853515625,355.364990234375,28467
2026-07-14 14:52:00-04:00,355.80499267578125,355.80499267578125,355.8999938964844,355.6499938964844,355.6600036621094,22558
2026-07-14 14:54:00-04:00,355.80450439453125,355.80450439453125,355.94000244140625,355.66290283203125,355.79998779296875,31119
2026-07-14 14:56:00-04:00,355.94500732421875,355.94500732421875,356.0899963378906,355.760009765625,355.84210205078125,29741
2026-07-14 14:58:00-04:00,355.9549865722656,355.9549865722656,355.9700012207031,355.7406921386719,355.8900146484375,37478
2026-07-14 15:00:00-04:00,356.44000244140625,356.44000244140625,356.54998779296875,355.92999267578125,355.94000244140625,37546
2026-07-14 15:02:00-04:00,356.67999267578125,356.67999267578125,356.79998779296875,356.3999938964844,356.4601135253906,37305
2026-07-14 15:04:00-04:00,356.8349914550781,356.8349914550781,356.94000244140625,356.6499938964844,356.6701965332031,35815
2026-07-14 15:06:00-04:00,356.7601013183594,356.7601013183594,357.0400085449219,356.70361328125,356.79998779296875,32075
2026-07-14 15:08:00-04:00,356.9700012207031,356.9700012207031,357.1549987792969,356.8005065917969,356.81048583984375,30768
2026-07-14 15:10:00-04:00,356.7200012207031,356.7200012207031,357.1199951171875,356.6600036621094,356.9599914550781,31204
2026-07-14 15:12:00-04:00,356.8599853515625,356.8599853515625,357.0,356.6700134277344,356.7099914550781,32522
2026-07-14 15:14:00-04:00,356.760009765625,356.760009765625,357.0799865722656,356.6199951171875,356.8900146484375,29697
2026-07-14 15:16:00-04:00,356.8999938964844,356.8999938964844,356.95001220703125,356.69000244140625,356.7200012207031,20718
2026-07-14 15:18:00-04:00,356.7200012207031,356.7200012207031,356.9800109863281,356.5,356.9100036621094,39732
2026-07-14 15:20:00-04:00,356.6600036621094,356.6600036621094,356.8999938964844,356.6300048828125,356.7449951171875,36257
2026-07-14 15:22:00-04:00,357.07000732421875,357.07000732421875,357.1099853515625,356.6600036621094,356.6600036621094,38915
2026-07-14 15:24:00-04:00,357.0201110839844,357.0201110839844,357.1400146484375,357.0201110839844,357.04998779296875,28559
2026-07-14 15:26:00-04:00,357.1400146484375,357.1400146484375,357.20001220703125,356.8999938964844,357.047607421875,32048
2026-07-14 15:28:00-04:00,357.30499267578125,357.30499267578125,357.3699951171875,357.1400146484375,357.1700134277344,34015
2026-07-14 15:30:00-04:00,357.0400085449219,357.0400085449219,357.29998779296875,356.80499267578125,357.2799987792969,68672
2026-07-14 15:32:00-04:00,357.1400146484375,357.1400146484375,357.4299011230469,356.94000244140625,356.989990234375,42670
2026-07-14 15:34:00-04:00,357.135009765625,357.135009765625,357.2300109863281,357.0600891113281,357.125,32868
2026-07-14 15:36:00-04:00,357.33050537109375,357.33050537109375,357.55999755859375,357.1050109863281,357.1499938964844,64730
2026-07-14 15:38:00-04:00,357.3299865722656,357.3299865722656,357.5299987792969,357.2300109863281,357.32000732421875,44216
2026-07-14 15:40:00-04:00,357.4750061035156,357.4750061035156,357.5899963378906,357.3599853515625,357.3599853515625,55490
2026-07-14 15:42:00-04:00,357.260009765625,357.260009765625,357.510009765625,357.1600036621094,357.489990234375,84456
2026-07-14 15:44:00-04:00,357.45001220703125,357.45001220703125,357.6000061035156,357.0799865722656,357.2799987792969,84923
2026-07-14 15:46:00-04:00,357.3999938964844,357.3999938964844,357.6199951171875,357.3399963378906,357.45001220703125,54440
2026-07-14 15:48:00-04:00,357.52801513671875,357.52801513671875,357.6000061035156,357.3399963378906,357.409912109375,50440
2026-07-14 15:50:00-04:00,357.5799865722656,357.5799865722656,357.8699951171875,357.3500061035156,357.5899963378906,108047
2026-07-14 15:52:00-04:00,357.2550048828125,357.2550048828125,357.5799865722656,356.9811096191406,357.55499267578125,97406
2026-07-14 15:54:00-04:00,357.3500061035156,357.3500061035156,357.3800048828125,356.9599914550781,357.239990234375,138102
2026-07-14 15:56:00-04:00,357.6199951171875,357.6199951171875,357.6549987792969,357.2699890136719,357.3299865722656,151470
2026-07-14 15:58:00-04:00,357.3800048828125,357.3800048828125,357.6700134277344,357.1700134277344,357.6449890136719,299363
2026-07-15 09:30:00-04:00,359.44000244140625,359.44000244140625,360.5,355.6700134277344,355.9150085449219,694922
2026-07-15 09:32:00-04:00,360.9549865722656,360.9549865722656,361.67999267578125,359.5498962402344,359.5498962402344,99616
2026-07-15 09:34:00-04:00,360.3999938964844,360.3999938964844,360.9573059082031,359.7799987792969,360.80999755859375,96574
2026-07-15 09:36:00-04:00,361.31500244140625,361.31500244140625,361.760009765625,360.3399963378906,360.5,90107
2026-07-15 09:38:00-04:00,361.3349914550781,361.3349914550781,362.05999755859375,360.9599914550781,361.4200134277344,76128
2026-07-15 09:40:00-04:00,361.5799865722656,361.5799865722656,362.0799865722656,361.1199951171875,361.31500244140625,62242
2026-07-15 09:42:00-04:00,361.7099914550781,361.7099914550781,361.8699951171875,360.5799865722656,361.6400146484375,52174
2026-07-15 09:44:00-04:00,362.0950012207031,362.0950012207031,362.2698059082031,361.6600036621094,361.7200012207031,66220
2026-07-15 09:46:00-04:00,362.04998779296875,362.04998779296875,362.2699890136719,361.662109375,362.1199951171875,90511
2026-07-15 09:48:00-04:00,361.17999267578125,361.17999267578125,362.2799987792969,360.75,362.0350036621094,108698
2026-07-15 09:50:00-04:00,360.9949951171875,360.9949951171875,361.2699890136719,360.5050048828125,361.0799865722656,83854
2026-07-15 09:52:00-04:00,361.1400146484375,361.1400146484375,361.5,360.8500061035156,361.1099853515625,59817
2026-07-15 09:54:00-04:00,361.8349914550781,361.8349914550781,362.0199890136719,361.19500732421875,361.20001220703125,72555
2026-07-15 09:56:00-04:00,361.7705993652344,361.7705993652344,362.4100036621094,361.6099853515625,362.0199890136719,150250
2026-07-15 09:58:00-04:00,361.82501220703125,361.82501220703125,361.889892578125,361.2699890136719,361.7300109863281,79715
2026-07-15 10:00:00-04:00,363.10418701171875,363.10418701171875,363.1400146484375,361.760009765625,361.8949890136719,90058
2026-07-15 10:02:00-04:00,363.05999755859375,363.05999755859375,363.3999938964844,362.5,363.0199890136719,104081
2026-07-15 10:04:00-04:00,363.04998779296875,363.04998779296875,363.4750061035156,362.7200012207031,363.05999755859375,92457
2026-07-15 10:06:00-04:00,362.9549865722656,362.9549865722656,363.239990234375,362.7349853515625,363.04998779296875,62980
2026-07-15 10:08:00-04:00,362.7300109863281,362.7300109863281,363.010009765625,362.6000061035156,362.9800109863281,85428
2026-07-15 10:10:00-04:00,362.9505920410156,362.9505920410156,363.3800048828125,362.55999755859375,362.7699890136719,84782
2026-07-15 10:12:00-04:00,364.0199890136719,364.0199890136719,364.29998779296875,362.94000244140625,362.9849853515625,144679
2026-07-15 10:14:00-04:00,364.2099914550781,364.2099914550781,364.45001220703125,363.3500061035156,364.0398864746094,84386
2026-07-15 10:16:00-04:00,364.2049865722656,364.2049865722656,364.9599914550781,363.739990234375,364.1700134277344,102245
2026-07-15 10:18:00-04:00,364.7699890136719,364.7699890136719,364.79998779296875,363.53009033203125,364.2049865722656,78394
2026-07-15 10:20:00-04:00,364.29998779296875,364.29998779296875,364.8699951171875,364.010009765625,364.8699951171875,64523
2026-07-15 10:22:00-04:00,363.260009765625,363.260009765625,364.6300048828125,363.1700134277344,364.260009765625,65638
2026-07-15 10:24:00-04:00,362.69000244140625,362.69000244140625,363.260009765625,362.4700012207031,363.260009765625,77651
2026-07-15 10:26:00-04:00,363.4599914550781,363.4599914550781,363.55999755859375,362.6199951171875,362.75,85296
2026-07-15 10:28:00-04:00,364.2099914550781,364.2099914550781,364.6499938964844,363.3900146484375,363.4599914550781,102998
2026-07-15 10:30:00-04:00,365.1600036621094,365.1600036621094,365.1600036621094,364.1300048828125,364.2349853515625,95336
2026-07-15 10:32:00-04:00,365.3500061035156,365.3500061035156,365.3999938964844,364.7919921875,365.0799865722656,100471
2026-07-15 10:34:00-04:00,366.1322021484375,366.1322021484375,366.2300109863281,365.0902099609375,365.45001220703125,136780
2026-07-15 10:36:00-04:00,366.5299987792969,366.5299987792969,366.95001220703125,366.0199890136719,366.1199951171875,141139
2026-07-15 10:38:00-04:00,367.05999755859375,367.05999755859375,367.1300048828125,366.29998779296875,366.5299987792969,124276
2026-07-15 10:40:00-04:00,366.4849853515625,366.4849853515625,367.239990234375,366.3800048828125,367.0,118892
2026-07-15 10:42:00-04:00,365.6700134277344,365.6700134277344,366.4700012207031,365.3599853515625,366.45001220703125,93520
2026-07-15 10:44:00-04:00,365.364990234375,365.364990234375,365.8999938964844,365.0,365.6400146484375,88469
2026-07-15 10:46:00-04:00,365.57000732421875,365.57000732421875,366.17999267578125,365.25,365.30999755859375,126454
2026-07-15 10:48:00-04:00,365.6925964355469,365.6925964355469,366.0150146484375,365.510009765625,365.5950012207031,100717
2026-07-15 10:50:00-04:00,365.2799987792969,365.2799987792969,365.8699951171875,365.25,365.7449951171875,99454
2026-07-15 10:52:00-04:00,365.54998779296875,365.54998779296875,365.6050109863281,365.1300048828125,365.3699951171875,79923
2026-07-15 10:54:00-04:00,365.3905944824219,365.3905944824219,365.6400146484375,365.1000061035156,365.5350036621094,60915
2026-07-15 10:56:00-04:00,365.4100036621094,365.4100036621094,365.6300048828125,365.1400146484375,365.45001220703125,71761
2026-07-15 10:58:00-04:00,365.31500244140625,365.31500244140625,365.6300048828125,365.260009765625,365.385009765625,70383
2026-07-15 11:00:00-04:00,365.69000244140625,365.69000244140625,365.7099914550781,365.17999267578125,365.31500244140625,73186
2026-07-15 11:02:00-04:00,366.94000244140625,366.94000244140625,366.9800109863281,365.6000061035156,365.69000244140625,129049
2026-07-15 11:04:00-04:00,367.1650085449219,367.1650085449219,367.4599914550781,366.7001037597656,366.94000244140625,107469
2026-07-15 11:06:00-04:00,367.44000244140625,367.44000244140625,367.7900085449219,366.8399963378906,367.1650085449219,89797
2026-07-15 11:08:00-04:00,367.7099914550781,367.7099914550781,367.80999755859375,367.0899963378906,367.44000244140625,77072
2026-07-15 11:10:00-04:00,367.5899963378906,367.5899963378906,368.25,367.43499755859375,367.7099914550781,116619
2026-07-15 11:12:00-04:00,367.93499755859375,367.93499755859375,368.0,367.55999755859375,367.6000061035156,54138
2026-07-15 11:14:00-04:00,367.8800048828125,367.8800048828125,368.1300048828125,367.7900085449219,367.9849853515625,96893
2026-07-15 11:16:00-04:00,367.69000244140625,367.69000244140625,368.1099853515625,367.6000061035156,367.8599853515625,76813
2026-07-15 11:18:00-04:00,367.79998779296875,367.79998779296875,367.9800109863281,367.4849853515625,367.7049865722656,66842
2026-07-15 11:20:00-04:00,368.0,368.0,368.05999755859375,367.79998779296875,367.8299865722656,61407
2026-07-15 11:22:00-04:00,367.9200134277344,367.9200134277344,367.9800109863281,367.3699951171875,367.9800109863281,91045
2026-07-15 11:24:00-04:00,369.3299865722656,369.3299865722656,369.3299865722656,367.9800109863281,367.9800109863281,142268
2026-07-15 11:26:00-04:00,369.1653137207031,369.1653137207031,369.44000244140625,368.80999755859375,369.32000732421875,71875
2026-07-15 11:28:00-04:00,369.3900146484375,369.3900146484375,369.57000732421875,368.8963928222656,369.18499755859375,74182
2026-07-15 11:30:00-04:00,369.4649963378906,369.4649963378906,369.69000244140625,369.1700134277344,369.5,94521
2026-07-15 11:32:00-04:00,370.4695129394531,370.4695129394531,370.5299987792969,369.4100036621094,369.4700012207031,145998
2026-07-15 11:34:00-04:00,370.42340087890625,370.42340087890625,370.4700012207031,370.010009765625,370.44500732421875,94408
2026-07-15 11:36:00-04:00,370.55999755859375,370.55999755859375,370.6400146484375,370.07000732421875,370.3900146484375,65445
2026-07-15 11:38:00-04:00,370.1300048828125,370.1300048828125,370.6000061035156,369.8699951171875,370.55999755859375,85309
2026-07-15 11:40:00-04:00,369.93499755859375,369.93499755859375,370.1098937988281,369.6099853515625,370.0299987792969,62324
2026-07-15 11:42:00-04:00,370.0599060058594,370.0599060058594,370.3900146484375,369.9599914550781,369.9599914550781,61156
2026-07-15 11:44:00-04:00,370.1700134277344,370.1700134277344,370.20001220703125,369.7699890136719,370.0404052734375,52715
2026-07-15 11:46:00-04:00,370.5,370.5,370.86920166015625,370.1000061035156,370.1390075683594,113116
2026-07-15 11:48:00-04:00,370.0350036621094,370.0350036621094,370.58990478515625,369.8399963378906,370.4700012207031,104806
2026-07-15 11:50:00-04:00,369.4700012207031,369.4700012207031,370.1000061035156,369.3900146484375,370.0350036621094,57430
2026-07-15 11:52:00-04:00,369.2699890136719,369.2699890136719,369.510009765625,368.760009765625,369.510009765625,84434
2026-07-15 11:54:00-04:00,369.5,369.5,369.510009765625,369.20001220703125,369.2900085449219,41877
2026-07-15 11:56:00-04:00,369.718994140625,369.718994140625,369.718994140625,369.32000732421875,369.4549865722656,42247
2026-07-15 11:58:00-04:00,370.1199951171875,370.1199951171875,370.5400085449219,369.70001220703125,369.7099914550781,69078
2026-07-15 12:00:00-04:00,369.8999938964844,369.8999938964844,370.1404113769531,369.80999755859375,370.1099853515625,37493
2026-07-15 12:02:00-04:00,369.80499267578125,369.80499267578125,369.9599914550781,369.6600036621094,369.8949890136719,53404
2026-07-15 12:04:00-04:00,370.760009765625,370.760009765625,370.80999755859375,369.7099914550781,369.8399963378906,63653
2026-07-15 12:06:00-04:00,370.4767150878906,370.4767150878906,370.94000244140625,370.2860107421875,370.79998779296875,57007
2026-07-15 12:08:00-04:00,370.6600036621094,370.6600036621094,370.7300109863281,370.110107421875,370.4200134277344,63502
2026-07-15 12:10:00-04:00,371.45001220703125,371.45001220703125,371.6000061035156,370.6099853515625,370.75,118386
2026-07-15 12:12:00-04:00,371.3537902832031,371.3537902832031,371.5,371.0199890136719,371.3900146484375,84172
2026-07-15 12:14:00-04:00,370.9750061035156,370.9750061035156,371.4200134277344,370.8900146484375,371.3299865722656,72051
2026-07-15 12:16:00-04:00,371.25,371.25,371.3399963378906,370.9200134277344,370.9200134277344,63771
2026-07-15 12:18:00-04:00,371.17999267578125,371.17999267578125,371.54998779296875,371.0299987792969,371.25,60035
2026-07-15 12:20:00-04:00,370.9375,370.9375,371.4505920410156,370.8999938964844,371.2049865722656,53993
2026-07-15 12:22:00-04:00,371.1499938964844,371.1499938964844,371.3299865722656,370.75,370.9549865722656,51659
2026-07-15 12:24:00-04:00,371.7850036621094,371.7850036621094,371.8699951171875,371.19000244140625,371.2099914550781,76717
2026-07-15 12:26:00-04:00,371.57000732421875,371.57000732421875,372.1343078613281,371.5,371.760009765625,79740
2026-07-15 12:28:00-04:00,371.2349853515625,371.2349853515625,371.6700134277344,371.20001220703125,371.5849914550781,66411
2026-07-15 12:30:00-04:00,370.8299865722656,370.8299865722656,371.5,370.7300109863281,371.260009765625,77672
2026-07-15 12:32:00-04:00,370.8800048828125,370.8800048828125,371.135009765625,370.6400146484375,370.7900085449219,57471
2026-07-15 12:34:00-04:00,370.8999938964844,370.8999938964844,371.3500061035156,370.7099914550781,370.8900146484375,48855
2026-07-15 12:36:00-04:00,371.0199890136719,371.0199890136719,371.2099914550781,370.6650085449219,370.95001220703125,87147
2026-07-15 12:38:00-04:00,371.4700012207031,371.4700012207031,371.6199951171875,371.0199890136719,371.0199890136719,87820
2026-07-15 12:40:00-04:00,371.46710205078125,371.46710205078125,371.5299987792969,371.0400085449219,371.3800048828125,50357
2026-07-15 12:42:00-04:00,370.9849853515625,370.9849853515625,371.5899963378906,370.8599853515625,371.53900146484375,45788
2026-07-15 12:44:00-04:00,370.7474060058594,370.7474060058594,371.1499938964844,370.66009521484375,371.0,45319
2026-07-15 12:46:00-04:00,370.30999755859375,370.30999755859375,371.44000244140625,370.17999267578125,370.7300109863281,90502
2026-07-15 12:48:00-04:00,370.82501220703125,370.82501220703125,370.82501220703125,370.2799987792969,370.3299865722656,42765
2026-07-15 12:50:00-04:00,370.1600036621094,370.1600036621094,371.0,370.110107421875,370.8348083496094,40197
2026-07-15 12:52:00-04:00,370.239990234375,370.239990234375,370.30999755859375,369.7300109863281,370.135009765625,72166
2026-07-15 12:54:00-04:00,370.0299987792969,370.0299987792969,370.45001220703125,369.94000244140625,370.1400146484375,44485
2026-07-15 12:56:00-04:00,370.3599853515625,370.3599853515625,370.42498779296875,370.0799865722656,370.0799865722656,29834
2026-07-15 12:58:00-04:00,370.92498779296875,370.92498779296875,370.92498779296875,370.29998779296875,370.3299865722656,34104
2026-07-15 13:00:00-04:00,370.8399963378906,370.8399963378906,371.2799987792969,370.8399963378906,370.92498779296875,41550
2026-07-15 13:02:00-04:00,370.4800109863281,370.4800109863281,370.92999267578125,370.4800109863281,370.8800048828125,35919
2026-07-15 13:04:00-04:00,370.6400146484375,370.6400146484375,370.6600036621094,370.2799987792969,370.4800109863281,44886
2026-07-15 13:06:00-04:00,370.80999755859375,370.80999755859375,370.8500061035156,370.55999755859375,370.6400146484375,33246
2026-07-15 13:08:00-04:00,370.7699890136719,370.7699890136719,371.0899963378906,370.70001220703125,370.79998779296875,37165
2026-07-15 13:10:00-04:00,370.4110107421875,370.4110107421875,370.83990478515625,370.3999938964844,370.7699890136719,28300
2026-07-15 13:12:00-04:00,370.3599853515625,370.3599853515625,370.55999755859375,370.17999267578125,370.510009765625,73466
2026-07-15 13:14:00-04:00,369.9049987792969,369.9049987792969,370.3800048828125,369.8800048828125,370.3599853515625,48417
2026-07-15 13:16:00-04:00,369.29998779296875,369.29998779296875,369.9599914550781,369.25,369.9599914550781,50013
2026-07-15 13:18:00-04:00,369.6400146484375,369.6400146484375,369.7300109863281,369.20001220703125,369.2799987792969,43950
2026-07-15 13:20:00-04:00,369.2950134277344,369.2950134277344,369.8299865722656,369.1099853515625,369.70989990234375,55495
2026-07-15 13:22:00-04:00,369.4800109863281,369.4800109863281,369.510009765625,368.8500061035156,369.2950134277344,43117
2026-07-15 13:24:00-04:00,369.32000732421875,369.32000732421875,369.54998779296875,369.2799987792969,369.44000244140625,47685
2026-07-15 13:26:00-04:00,369.2699890136719,369.2699890136719,369.3349914550781,369.0899963378906,369.2799987792969,45449
2026-07-15 13:28:00-04:00,369.55999755859375,369.55999755859375,369.67999267578125,369.19158935546875,369.2799987792969,37258
2026-07-15 13:30:00-04:00,369.4599914550781,369.4599914550781,369.5849914550781,369.30999755859375,369.54998779296875,41495
2026-07-15 13:32:00-04:00,368.7699890136719,368.7699890136719,369.4700012207031,368.7699890136719,369.4599914550781,35085
2026-07-15 13:34:00-04:00,368.80999755859375,368.80999755859375,369.0899963378906,368.6400146484375,368.7699890136719,49258
2026-07-15 13:36:00-04:00,369.1199951171875,369.1199951171875,369.260009765625,368.4750061035156,368.8699035644531,53739
2026-07-15 13:38:00-04:00,369.114990234375,369.114990234375,369.3800048828125,369.0299987792969,369.1199951171875,54014
2026-07-15 13:40:00-04:00,369.2200012207031,369.2200012207031,369.3999938964844,369.1051940917969,369.1492004394531,55425
2026-07-15 13:42:00-04:00,369.32000732421875,369.32000732421875,369.4200134277344,369.1300048828125,369.25,40723
2026-07-15 13:44:00-04:00,369.44000244140625,369.44000244140625,369.54998779296875,369.2699890136719,369.3500061035156,39284
2026-07-15 13:46:00-04:00,369.57000732421875,369.57000732421875,369.6000061035156,369.0450134277344,369.4100036621094,36977
2026-07-15 13:48:00-04:00,370.0249938964844,370.0249938964844,370.2699890136719,369.3900146484375,369.5299987792969,84870
2026-07-15 13:50:00-04:00,370.42999267578125,370.42999267578125,370.5249938964844,369.94000244140625,369.9800109863281,82319
2026-07-15 13:52:00-04:00,370.7149963378906,370.7149963378906,370.7900085449219,370.16009521484375,370.4599914550781,56620
2026-07-15 13:54:00-04:00,370.6000061035156,370.6000061035156,370.9700012207031,370.6000061035156,370.75,38889
2026-07-15 13:56:00-04:00,370.67999267578125,370.67999267578125,370.8299865722656,370.57000732421875,370.6000061035156,40209
2026-07-15 13:58:00-04:00,370.92498779296875,370.92498779296875,370.9800109863281,370.6050109863281,370.70001220703125,32518
2026-07-15 14:00:00-04:00,370.8900146484375,370.8900146484375,371.0299987792969,370.739990234375,370.9649963378906,39843
2026-07-15 14:02:00-04:00,370.9100036621094,370.9100036621094,371.1199951171875,370.8699951171875,370.8699951171875,40349
2026-07-15 14:04:00-04:00,370.7900085449219,370.7900085449219,370.8999938964844,370.375,370.8999938964844,39954
2026-07-15 14:06:00-04:00,370.5704040527344,370.5704040527344,370.9200134277344,370.42999267578125,370.7900085449219,37786
2026-07-15 14:08:00-04:00,370.70001220703125,370.70001220703125,370.8399963378906,370.54998779296875,370.57501220703125,72818
2026-07-15 14:10:00-04:00,370.7799987792969,370.7799987792969,370.80999755859375,370.37811279296875,370.7650146484375,46114
2026-07-15 14:12:00-04:00,370.875,370.875,371.05999755859375,370.75,370.80999755859375,35294
2026-07-15 14:14:00-04:00,371.3299865722656,371.3299865722656,371.3299865722656,370.8800048828125,370.8999938964844,43899
2026-07-15 14:16:00-04:00,371.489990234375,371.489990234375,371.6000061035156,371.2099914550781,371.260009765625,46214
2026-07-15 14:18:00-04:00,371.5950012207031,371.5950012207031,371.7099914550781,371.3500061035156,371.4801025390625,52507
2026-07-15 14:20:00-04:00,371.8900146484375,371.8900146484375,371.989990234375,371.5400085449219,371.55999755859375,49966
2026-07-15 14:22:00-04:00,371.8949890136719,371.8949890136719,372.1400146484375,371.8500061035156,371.8800048828125,62087
2026-07-15 14:24:00-04:00,371.2749938964844,371.2749938964844,371.9100036621094,371.2099914550781,371.9100036621094,54961
2026-07-15 14:26:00-04:00,371.2749938964844,371.2749938964844,371.3800048828125,371.1600036621094,371.25,33563
2026-07-15 14:28:00-04:00,371.0400085449219,371.0400085449219,371.3299865722656,371.010009765625,371.2699890136719,41377
2026-07-15 14:30:00-04:00,371.1000061035156,371.1000061035156,371.20001220703125,370.9200134277344,371.0249938964844,38314
2026-07-15 14:32:00-04:00,371.1300048828125,371.1300048828125,371.1700134277344,371.0,371.09991455078125,27619
2026-07-15 14:34:00-04:00,371.2149963378906,371.2149963378906,371.2799987792969,371.0899963378906,371.1199951171875,34134
2026-07-15 14:36:00-04:00,371.0799865722656,371.0799865722656,371.32000732421875,371.0799865722656,371.17999267578125,39695
2026-07-15 14:38:00-04:00,371.3800048828125,371.3800048828125,371.3800048828125,371.05999755859375,371.0799865722656,30425
2026-07-15 14:40:00-04:00,371.375,371.375,371.4100036621094,371.25,371.3599853515625,30056
2026-07-15 14:42:00-04:00,371.2699890136719,371.2699890136719,371.3699951171875,371.1099853515625,371.3699951171875,38990
2026-07-15 14:44:00-04:00,370.6199951171875,370.6199951171875,371.2799987792969,370.55499267578125,371.2799987792969,64111
2026-07-15 14:46:00-04:00,370.1199951171875,370.1199951171875,370.6499938964844,369.9700012207031,370.6199951171875,64196
2026-07-15 14:48:00-04:00,370.0,370.0,370.29998779296875,369.82000732421875,370.1499938964844,53189
2026-07-15 14:50:00-04:00,370.1000061035156,370.1000061035156,370.2699890136719,369.92999267578125,369.9649963378906,40888
2026-07-15 14:52:00-04:00,369.45001220703125,369.45001220703125,370.32000732421875,369.42999267578125,370.1400146484375,70505
2026-07-15 14:54:00-04:00,369.43499755859375,369.43499755859375,369.5199890136719,369.239990234375,369.45001220703125,37946
2026-07-15 14:56:00-04:00,369.2049865722656,369.2049865722656,369.5,369.2049865722656,369.4599914550781,50155
2026-07-15 14:58:00-04:00,369.2300109863281,369.2300109863281,369.4700012207031,369.2300109863281,369.239990234375,50378
2026-07-15 15:00:00-04:00,369.7200012207031,369.7200012207031,369.80999755859375,369.1300048828125,369.2300109863281,48272
2026-07-15 15:02:00-04:00,369.510986328125,369.510986328125,369.7900085449219,369.510986328125,369.7349853515625,39669
2026-07-15 15:04:00-04:00,369.2699890136719,369.2699890136719,369.6199951171875,369.0400085449219,369.5450134277344,59490
2026-07-15 15:06:00-04:00,368.9700012207031,368.9700012207031,369.3999938964844,368.8900146484375,369.2799987792969,47386
2026-07-15 15:08:00-04:00,369.2203063964844,369.2203063964844,369.3999938964844,368.9100036621094,369.05999755859375,77306
2026-07-15 15:10:00-04:00,369.25,369.25,369.4700012207031,369.19000244140625,369.2699890136719,52028
2026-07-15 15:12:00-04:00,369.2099914550781,369.2099914550781,369.6600036621094,369.1000061035156,369.30999755859375,64468
2026-07-15 15:14:00-04:00,369.31500244140625,369.31500244140625,369.3800048828125,369.0480041503906,369.2099914550781,46554
2026-07-15 15:16:00-04:00,369.4700012207031,369.4700012207031,369.6199951171875,369.2900085449219,369.2900085449219,54591
2026-07-15 15:18:00-04:00,369.3599853515625,369.3599853515625,369.8399963378906,369.3599853515625,369.4949951171875,72417
2026-07-15 15:20:00-04:00,369.3999938964844,369.3999938964844,369.55999755859375,369.3299865722656,369.45001220703125,67590
2026-07-15 15:22:00-04:00,369.4200134277344,369.4200134277344,369.6600036621094,369.3999938964844,369.3999938964844,61628
2026-07-15 15:24:00-04:00,369.0899963378906,369.0899963378906,369.44500732421875,369.0899963378906,369.44500732421875,48431
2026-07-15 15:26:00-04:00,369.1400146484375,369.1400146484375,369.1950988769531,368.8699951171875,369.0799865722656,57432
2026-07-15 15:28:00-04:00,369.2950134277344,369.2950134277344,369.3299865722656,368.9800109863281,369.125,65523
2026-07-15 15:30:00-04:00,368.7699890136719,368.7699890136719,369.3399963378906,368.75,369.239990234375,70511
2026-07-15 15:32:00-04:00,368.9999084472656,368.9999084472656,369.0,368.4700012207031,368.75,66604
2026-07-15 15:34:00-04:00,369.3999938964844,369.3999938964844,369.489990234375,368.94000244140625,368.9800109863281,58572
2026-07-15 15:36:00-04:00,369.5,369.5,369.9200134277344,369.3900146484375,369.3999938964844,84612
2026-07-15 15:38:00-04:00,369.5799865722656,369.5799865722656,369.6400146484375,369.3599853515625,369.44000244140625,52150
2026-07-15 15:40:00-04:00,369.760009765625,369.760009765625,369.7799987792969,369.4700012207031,369.5799865722656,80047
2026-07-15 15:42:00-04:00,369.57000732421875,369.57000732421875,370.07000732421875,369.5299987792969,369.739990234375,63108
2026-07-15 15:44:00-04:00,369.6700134277344,369.6700134277344,369.94879150390625,369.3599853515625,369.6000061035156,110145
2026-07-15 15:46:00-04:00,368.8999938964844,368.8999938964844,369.6199951171875,368.8999938964844,369.6099853515625,86149
2026-07-15 15:48:00-04:00,368.55499267578125,368.55499267578125,368.8999938964844,368.1900939941406,368.8900146484375,90731
2026-07-15 15:50:00-04:00,369.1400146484375,369.1400146484375,369.32000732421875,368.4599914550781,368.6000061035156,190157
2026-07-15 15:52:00-04:00,369.79998779296875,369.79998779296875,369.8999938964844,369.1499938964844,369.1499938964844,170991
2026-07-15 15:54:00-04:00,370.30999755859375,370.30999755859375,370.42999267578125,369.2349853515625,369.8399963378906,321323
2026-07-15 15:56:00-04:00,370.2799987792969,370.2799987792969,370.55999755859375,370.1199951171875,370.30999755859375,399127
2026-07-15 15:58:00-04:00,370.239990234375,370.239990234375,370.3900146484375,370.0400085449219,370.2799987792969,593574
2026-07-16 09:30:00-04:00,373.7699890136719,373.7699890136719,374.3500061035156,371.78009033203125,372.1600036621094,905041
2026-07-16 09:32:00-04:00,370.5,370.5,374.06500244140625,369.80810546875,373.7699890136719,167825
2026-07-16 09:34:00-04:00,369.06988525390625,369.06988525390625,371.2300109863281,368.7300109863281,370.5199890136719,184514
2026-07-16 09:36:00-04:00,371.45001220703125,371.45001220703125,371.95001220703125,368.8999938964844,369.0,152447
2026-07-16 09:38:00-04:00,371.05499267578125,371.05499267578125,371.82000732421875,370.43011474609375,371.4549865722656,96378
2026-07-16 09:40:00-04:00,369.0,369.0,371.3399963378906,368.9291076660156,371.1098937988281,131349
2026-07-16 09:42:00-04:00,369.1741943359375,369.1741943359375,369.4649963378906,368.3699951171875,368.95001220703125,106622
2026-07-16 09:44:00-04:00,369.3800048828125,369.3800048828125,369.7900085449219,368.760009765625,369.20001220703125,95309
2026-07-16 09:46:00-04:00,370.44000244140625,370.44000244140625,370.7300109863281,369.1300048828125,369.2799987792969,79476
2026-07-16 09:48:00-04:00,370.13751220703125,370.13751220703125,370.6099853515625,369.8399963378906,370.3699951171875,97272
2026-07-16 09:50:00-04:00,369.6199951171875,369.6199951171875,370.0950012207031,369.3699951171875,370.04998779296875,74517
2026-07-16 09:52:00-04:00,370.4800109863281,370.4800109863281,370.4800109863281,369.5693054199219,369.69000244140625,61605
2026-07-16 09:54:00-04:00,370.0249938964844,370.0249938964844,370.5299987792969,369.56719970703125,370.4800109863281,82270
2026-07-16 09:56:00-04:00,370.1400146484375,370.1400146484375,370.9100036621094,369.8999938964844,370.0350036621094,82255
2026-07-16 09:58:00-04:00,369.9800109863281,369.9800109863281,370.239990234375,369.760009765625,370.1600036621094,79402
2026-07-16 10:00:00-04:00,369.8900146484375,369.8900146484375,370.05499267578125,369.1700134277344,369.9800109863281,80891
2026-07-16 10:02:00-04:00,370.1300048828125,370.1300048828125,370.1700134277344,369.760009765625,369.9219970703125,86656
2026-07-16 10:04:00-04:00,369.89910888671875,369.89910888671875,370.3900146484375,369.676513671875,370.1499938964844,74280
2026-07-16 10:06:00-04:00,369.5,369.5,369.875,369.1499938964844,369.875,81153
2026-07-16 10:08:00-04:00,369.8800048828125,369.8800048828125,369.92999267578125,368.79998779296875,369.6000061035156,95230
2026-07-16 10:10:00-04:00,369.8999938964844,369.8999938964844,370.1099853515625,369.5899963378906,369.8999938964844,75475
2026-07-16 10:12:00-04:00,370.1050109863281,370.1050109863281,370.2900085449219,369.67999267578125,369.8900146484375,73329
2026-07-16 10:14:00-04:00,370.54998779296875,370.54998779296875,370.5899963378906,369.79998779296875,370.0400085449219,73823
2026-07-16 10:16:00-04:00,370.8699951171875,370.8699951171875,371.0,370.5115966796875,370.5115966796875,85759
2026-07-16 10:18:00-04:00,371.1112060546875,371.1112060546875,371.3299865722656,370.7200012207031,370.75,75726
2026-07-16 10:20:00-04:00,371.2200012207031,371.2200012207031,371.67999267578125,370.989990234375,371.1300048828125,78595
2026-07-16 10:22:00-04:00,371.2099914550781,371.2099914550781,371.3800048828125,370.94000244140625,371.25,79092
2026-07-16 10:24:00-04:00,371.30999755859375,371.30999755859375,371.4800109863281,371.0101013183594,371.3299865722656,52150
2026-07-16 10:26:00-04:00,371.7900085449219,371.7900085449219,371.9700012207031,371.010009765625,371.2850036621094,90825
2026-07-16 10:28:00-04:00,372.239990234375,372.239990234375,372.42999267578125,371.75,371.7900085449219,119898
2026-07-16 10:30:00-04:00,373.3900146484375,373.3900146484375,373.4585876464844,372.29998779296875,372.32000732421875,142493
2026-07-16 10:32:00-04:00,373.9100036621094,373.9100036621094,374.1000061035156,373.3299865722656,373.385009765625,173059
2026-07-16 10:34:00-04:00,373.3599853515625,373.3599853515625,374.0400085449219,373.32000732421875,373.9100036621094,120266
2026-07-16 10:36:00-04:00,373.2250061035156,373.2250061035156,373.80999755859375,373.135009765625,373.3356018066406,113077
2026-07-16 10:38:00-04:00,373.18798828125,373.18798828125,373.6300048828125,373.1600036621094,373.2200012207031,80953
2026-07-16 10:40:00-04:00,372.6000061035156,372.6000061035156,373.4800109863281,372.6000061035156,373.239990234375,94700
2026-07-16 10:42:00-04:00,373.0400085449219,373.0400085449219,373.5299987792969,372.5,372.614990234375,57686
2026-07-16 10:44:00-04:00,371.8500061035156,371.8500061035156,373.1684875488281,371.8399963378906,373.1000061035156,83619
2026-07-16 10:46:00-04:00,372.44000244140625,372.44000244140625,372.5,371.8500061035156,371.8500061035156,56016
2026-07-16 10:48:00-04:00,372.4920959472656,372.4920959472656,372.7099914550781,372.3299865722656,372.3999938964844,104678
2026-07-16 10:50:00-04:00,372.260009765625,372.260009765625,372.8092956542969,372.2001037597656,372.4700927734375,77946
2026-07-16 10:52:00-04:00,372.5899963378906,372.5899963378906,372.9800109863281,372.2900085449219,372.2900085449219,85278
2026-07-16 10:54:00-04:00,371.3900146484375,371.3900146484375,372.6099853515625,370.8118896484375,372.5799865722656,136059
2026-07-16 10:56:00-04:00,371.9097900390625,371.9097900390625,372.0,371.3500061035156,371.3900146484375,56396
2026-07-16 10:58:00-04:00,372.1499938964844,372.1499938964844,372.3299865722656,371.8299865722656,371.864990234375,66713
2026-07-16 11:00:00-04:00,372.1400146484375,372.1400146484375,372.6300048828125,371.7001037597656,372.2250061035156,45484
2026-07-16 11:02:00-04:00,372.19000244140625,372.19000244140625,372.5199890136719,372.1099853515625,372.1400146484375,53753
2026-07-16 11:04:00-04:00,372.04998779296875,372.04998779296875,372.3500061035156,371.760009765625,372.239990234375,62219
2026-07-16 11:06:00-04:00,371.0957946777344,371.0957946777344,371.989990234375,371.0899963378906,371.95001220703125,38467
2026-07-16 11:08:00-04:00,371.3599853515625,371.3599853515625,371.45001220703125,370.8599853515625,371.1554870605469,48912
2026-07-16 11:10:00-04:00,371.3699951171875,371.3699951171875,371.7152099609375,371.25,371.3655090332031,33296
2026-07-16 11:12:00-04:00,371.29998779296875,371.29998779296875,371.6300048828125,371.2699890136719,371.3699951171875,39253
2026-07-16 11:14:00-04:00,371.4870910644531,371.4870910644531,371.5,371.1099853515625,371.3299865722656,63336
2026-07-16 11:16:00-04:00,371.4200134277344,371.4200134277344,371.5599060058594,371.2099914550781,371.4549865722656,49421
2026-07-16 11:18:00-04:00,371.7301025390625,371.7301025390625,371.8599853515625,371.3800048828125,371.4150085449219,38070
2026-07-16 11:20:00-04:00,371.6300048828125,371.6300048828125,371.8999938964844,371.3819885253906,371.75,123395
2026-07-16 11:22:00-04:00,371.239990234375,371.239990234375,371.7300109863281,371.18499755859375,371.6099853515625,117838
2026-07-16 11:24:00-04:00,371.82000732421875,371.82000732421875,371.9150085449219,371.1099853515625,371.20001220703125,63208
2026-07-16 11:26:00-04:00,371.5299987792969,371.5299987792969,371.9200134277344,371.3800048828125,371.8299865722656,56553
2026-07-16 11:28:00-04:00,371.05999755859375,371.05999755859375,371.5419921875,371.0,371.5299987792969,168623
2026-07-16 11:30:00-04:00,371.19000244140625,371.19000244140625,371.19000244140625,370.50048828125,371.1099853515625,84859
2026-07-16 11:32:00-04:00,371.510009765625,371.510009765625,371.7300109863281,371.1499938964844,371.20001220703125,40981
2026-07-16 11:34:00-04:00,371.239990234375,371.239990234375,371.55999755859375,371.010009765625,371.55499267578125,42223
2026-07-16 11:36:00-04:00,370.8699951171875,370.8699951171875,371.30999755859375,370.8699951171875,371.239990234375,27549
2026-07-16 11:38:00-04:00,370.8399963378906,370.8399963378906,370.989990234375,370.7699890136719,370.864990234375,34586
2026-07-16 11:40:00-04:00,370.94000244140625,370.94000244140625,371.07000732421875,370.8349914550781,370.8699951171875,28462
2026-07-16 11:42:00-04:00,371.05499267578125,371.05499267578125,371.4100036621094,370.9100036621094,370.9200134277344,33979
2026-07-16 11:44:00-04:00,371.44000244140625,371.44000244140625,371.6300048828125,370.989990234375,371.04998779296875,40204
2026-07-16 11:46:00-04:00,371.17999267578125,371.17999267578125,371.7300109863281,371.1400146484375,371.3999938964844,50602
2026-07-16 11:48:00-04:00,371.2200012207031,371.2200012207031,371.3031921386719,370.92999267578125,371.18499755859375,38801
2026-07-16 11:50:00-04:00,372.1600036621094,372.1600036621094,372.260009765625,371.2900085449219,371.2900085449219,64085
2026-07-16 11:52:00-04:00,371.92999267578125,371.92999267578125,372.3900146484375,371.8599853515625,372.1600036621094,42084
2026-07-16 11:54:00-04:00,371.489990234375,371.489990234375,371.8800048828125,371.2200012207031,371.8800048828125,36624
2026-07-16 11:56:00-04:00,371.7300109863281,371.7300109863281,372.12689208984375,371.4700012207031,371.489990234375,37330
2026-07-16 11:58:00-04:00,370.81500244140625,370.81500244140625,371.760009765625,370.67999267578125,371.7449951171875,98450
2026-07-16 12:00:00-04:00,370.3399963378906,370.3399963378906,370.8900146484375,369.82000732421875,370.7900085449219,54177
2026-07-16 12:02:00-04:00,370.67999267578125,370.67999267578125,370.70001220703125,370.1600036621094,370.3800048828125,31800
2026-07-16 12:04:00-04:00,369.7799987792969,369.7799987792969,370.6199951171875,369.760009765625,370.6199951171875,74394
2026-07-16 12:06:00-04:00,370.1099853515625,370.1099853515625,370.2950134277344,369.6300048828125,369.760009765625,140572
2026-07-16 12:08:00-04:00,369.7049865722656,369.7049865722656,370.3399963378906,369.7049865722656,370.1199951171875,42218
2026-07-16 12:10:00-04:00,369.9700012207031,369.9700012207031,370.0799865722656,369.375,369.7200012207031,64935
2026-07-16 12:12:00-04:00,370.4100036621094,370.4100036621094,370.4200134277344,369.9599914550781,370.0249938964844,36053
2026-07-16 12:14:00-04:00,370.5400085449219,370.5400085449219,370.7200012207031,370.3299865722656,370.45001220703125,58044
2026-07-16 12:16:00-04:00,370.8900146484375,370.8900146484375,371.04998779296875,370.476806640625,370.510009765625,32871
2026-07-16 12:18:00-04:00,370.69000244140625,370.69000244140625,371.1400146484375,370.55999755859375,370.8999938964844,34470
2026-07-16 12:20:00-04:00,370.69000244140625,370.69000244140625,370.8299865722656,370.4700012207031,370.7699890136719,40447
2026-07-16 12:22:00-04:00,370.1050109863281,370.1050109863281,370.6700134277344,369.92999267578125,370.6549987792969,55856
2026-07-16 12:24:00-04:00,369.9700012207031,369.9700012207031,370.20001220703125,369.69000244140625,370.0199890136719,52292
2026-07-16 12:26:00-04:00,370.2099914550781,370.2099914550781,370.5,369.760009765625,369.94000244140625,73169
2026-07-16 12:28:00-04:00,370.8550109863281,370.8550109863281,370.9100036621094,370.6099853515625,370.69000244140625,33483
2026-07-16 12:30:00-04:00,370.989990234375,370.989990234375,371.1499938964844,370.739990234375,370.8800048828125,42093
2026-07-16 12:32:00-04:00,370.5497131347656,370.5497131347656,371.0199890136719,370.45001220703125,370.9599914550781,45179
2026-07-16 12:34:00-04:00,371.0249938964844,371.0249938964844,371.0249938964844,370.4599914550781,370.489990234375,30096
2026-07-16 12:36:00-04:00,370.79998779296875,370.79998779296875,371.07000732421875,370.53009033203125,371.04998779296875,52618
2026-07-16 12:38:00-04:00,370.739990234375,370.739990234375,371.07000732421875,370.7200012207031,370.8399963378906,38801
2026-07-16 12:40:00-04:00,370.6300048828125,370.6300048828125,370.8699951171875,370.5799865722656,370.7749938964844,29373
2026-07-16 12:42:00-04:00,370.68499755859375,370.68499755859375,370.79998779296875,370.4800109863281,370.6300048828125,28402
2026-07-16 12:44:00-04:00,370.70001220703125,370.70001220703125,370.9100036621094,370.6050109863281,370.68499755859375,32582
2026-07-16 12:46:00-04:00,370.93499755859375,370.93499755859375,371.1199951171875,370.6499938964844,370.67999267578125,40099
2026-07-16 12:48:00-04:00,370.8900146484375,370.8900146484375,371.1499938964844,370.760009765625,370.9700012207031,32959
2026-07-16 12:50:00-04:00,371.2200012207031,371.2200012207031,371.3699951171875,370.8900146484375,370.9100036621094,39262
2026-07-16 12:52:00-04:00,371.6700134277344,371.6700134277344,371.67999267578125,371.1300048828125,371.17999267578125,23204
2026-07-16 12:54:00-04:00,371.54998779296875,371.54998779296875,371.6650085449219,371.3299865722656,371.6549987792969,34809
2026-07-16 12:56:00-04:00,371.3500061035156,371.3500061035156,371.56500244140625,371.2799987792969,371.55999755859375,24436
2026-07-16 12:58:00-04:00,371.19500732421875,371.19500732421875,371.3299865722656,370.8900146484375,371.2799987792969,48449
2026-07-16 13:00:00-04:00,371.17999267578125,371.17999267578125,371.239990234375,370.8900146484375,371.18499755859375,23209
2026-07-16 13:02:00-04:00,371.010009765625,371.010009765625,371.1600036621094,370.9549865722656,371.1099853515625,21525
2026-07-16 13:04:00-04:00,370.69000244140625,370.69000244140625,371.19989013671875,370.6700134277344,370.989990234375,37830
2026-07-16 13:06:00-04:00,370.80999755859375,370.80999755859375,370.9750061035156,370.6400146484375,370.760009765625,49062
2026-07-16 13:08:00-04:00,370.57000732421875,370.57000732421875,370.94000244140625,370.55999755859375,370.8799133300781,56464
2026-07-16 13:10:00-04:00,370.2950134277344,370.2950134277344,370.6600036621094,370.25,370.5799865722656,44650
2026-07-16 13:12:00-04:00,370.4599914550781,370.4599914550781,370.55999755859375,370.2900085449219,370.3399963378906,38366
2026-07-16 13:14:00-04:00,370.5000915527344,370.5000915527344,370.6099853515625,370.3299865722656,370.42999267578125,29002
2026-07-16 13:16:00-04:00,370.6400146484375,370.6400146484375,370.6400146484375,370.4147033691406,370.5299987792969,19952
2026-07-16 13:18:00-04:00,370.83990478515625,370.83990478515625,370.9599914550781,370.62060546875,370.62060546875,27075
2026-07-16 13:20:00-04:00,370.92169189453125,370.92169189453125,371.0799865722656,370.70001220703125,370.7950134277344,34498
2026-07-16 13:22:00-04:00,370.8500061035156,370.8500061035156,370.9599914550781,370.7200012207031,370.9599914550781,29531
2026-07-16 13:24:00-04:00,370.95001220703125,370.95001220703125,370.9800109863281,370.7850036621094,370.9200134277344,46910
2026-07-16 13:26:00-04:00,371.1400146484375,371.1400146484375,371.1899108886719,370.8800048828125,370.95001220703125,26209
2026-07-16 13:28:00-04:00,371.19000244140625,371.19000244140625,371.2200012207031,371.010009765625,371.125,37337
2026-07-16 13:30:00-04:00,371.3900146484375,371.3900146484375,371.4100036621094,371.1400146484375,371.1400146484375,37176
2026-07-16 13:32:00-04:00,371.0400085449219,371.0400085449219,371.4800109863281,371.0,371.4100036621094,30398
2026-07-16 13:34:00-04:00,371.0799865722656,371.0799865722656,371.17999267578125,370.9549865722656,371.04998779296875,19207
2026-07-16 13:36:00-04:00,370.75,370.75,371.07000732421875,370.75,371.07000732421875,19705
2026-07-16 13:38:00-04:00,370.6400146484375,370.6400146484375,370.8500061035156,370.6099853515625,370.7641906738281,23917
2026-07-16 13:40:00-04:00,370.7200012207031,370.7200012207031,370.739990234375,370.5,370.6300048828125,45747
2026-07-16 13:42:00-04:00,370.6600036621094,370.6600036621094,370.9100036621094,370.5199890136719,370.6741943359375,42128
2026-07-16 13:44:00-04:00,371.20001220703125,371.20001220703125,371.20001220703125,370.7149963378906,370.7200012207031,36823
2026-07-16 13:46:00-04:00,371.510009765625,371.510009765625,371.5799865722656,371.18499755859375,371.18499755859375,47557
2026-07-16 13:48:00-04:00,371.1000061035156,371.1000061035156,371.4649963378906,371.02508544921875,371.4649963378906,25808
2026-07-16 13:50:00-04:00,371.1600036621094,371.1600036621094,371.2699890136719,370.9700012207031,371.1199951171875,24652
2026-07-16 13:52:00-04:00,371.06500244140625,371.06500244140625,371.3399963378906,371.0199890136719,371.125,36886
2026-07-16 13:54:00-04:00,371.1050109863281,371.1050109863281,371.2900085449219,371.06500244140625,371.06500244140625,48502
2026-07-16 13:56:00-04:00,370.989990234375,370.989990234375,371.17999267578125,370.95001220703125,371.0799865722656,28062
2026-07-16 13:58:00-04:00,370.92999267578125,370.92999267578125,371.1000061035156,370.9200134277344,370.9949951171875,31022
2026-07-16 14:00:00-04:00,370.9150085449219,370.9150085449219,370.9700012207031,370.7099914550781,370.9599914550781,48749
2026-07-16 14:02:00-04:00,370.57000732421875,370.57000732421875,370.94000244140625,370.489990234375,370.9200134277344,97983
2026-07-16 14:04:00-04:00,370.0299987792969,370.0299987792969,370.5199890136719,369.9700012207031,370.489990234375,54719
2026-07-16 14:06:00-04:00,364.67999267578125,364.67999267578125,370.0400085449219,364.4200134277344,370.0299987792969,270937
2026-07-16 14:08:00-04:00,361.3999938964844,361.3999938964844,365.3800048828125,361.18011474609375,364.7749938964844,410610
2026-07-16 14:10:00-04:00,362.2101135253906,362.2101135253906,364.33660888671875,360.7119140625,361.4100036621094,409911
2026-07-16 14:12:00-04:00,363.25,363.25,363.260009765625,360.739990234375,362.4049987792969,322069
2026-07-16 14:14:00-04:00,364.04998779296875,364.04998779296875,364.2900085449219,363.0899963378906,363.25,299493
2026-07-16 14:16:00-04:00,364.3500061035156,364.3500061035156,365.3900146484375,363.9700012207031,364.04998779296875,197433
2026-07-16 14:18:00-04:00,362.7550048828125,362.7550048828125,364.8599853515625,362.4200134277344,364.25,174625
2026-07-16 14:20:00-04:00,362.92999267578125,362.92999267578125,363.3599853515625,362.04010009765625,362.6499938964844,129574
2026-07-16 14:22:00-04:00,362.0299987792969,362.0299987792969,363.6499938964844,361.32000732421875,362.9100036621094,154651
2026-07-16 14:24:00-04:00,360.39990234375,360.39990234375,362.1650085449219,359.760009765625,361.94000244140625,229449
2026-07-16 14:26:00-04:00,359.0299987792969,359.0299987792969,360.7699890136719,358.9100036621094,360.2099914550781,350084
2026-07-16 14:28:00-04:00,360.8999938964844,360.8999938964844,361.32000732421875,358.79998779296875,359.05999755859375,230697
2026-07-16 14:30:00-04:00,360.5899963378906,360.5899963378906,361.0799865722656,359.9100036621094,360.8299865722656,131780
2026-07-16 14:32:00-04:00,360.5050048828125,360.5050048828125,361.57000732421875,359.8900146484375,360.5975036621094,95365
2026-07-16 14:34:00-04:00,360.5899963378906,360.5899963378906,360.7499084472656,359.9100036621094,360.5050048828125,107911
2026-07-16 14:36:00-04:00,359.0249938964844,359.0249938964844,360.57000732421875,358.7699890136719,360.55999755859375,135563
2026-07-16 14:38:00-04:00,358.5439147949219,358.5439147949219,359.625,358.3810119628906,359.17498779296875,144925
2026-07-16 14:40:00-04:00,359.2850036621094,359.2850036621094,359.99969482421875,357.81500244140625,358.6000061035156,134768
2026-07-16 14:42:00-04:00,359.30999755859375,359.30999755859375,360.17999267578125,359.0899963378906,359.389892578125,121193
2026-07-16 14:44:00-04:00,359.57000732421875,359.57000732421875,360.0899963378906,358.69000244140625,359.30999755859375,113547
2026-07-16 14:46:00-04:00,358.8399963378906,358.8399963378906,359.739990234375,358.730712890625,359.6575927734375,117491
2026-07-16 14:48:00-04:00,358.55999755859375,358.55999755859375,359.1000061035156,358.3299865722656,358.8599853515625,59616
2026-07-16 14:50:00-04:00,357.92999267578125,357.92999267578125,358.6499938964844,357.67999267578125,358.5199890136719,128127
2026-07-16 14:52:00-04:00,357.6062927246094,357.6062927246094,357.97930908203125,357.0799865722656,357.97930908203125,82978
2026-07-16 14:54:00-04:00,356.7101135253906,356.7101135253906,357.69000244140625,356.5799865722656,357.5400085449219,94369
2026-07-16 14:56:00-04:00,356.3999938964844,356.3999938964844,357.05999755859375,356.2601013183594,356.7449951171875,99157
2026-07-16 14:58:00-04:00,356.0697021484375,356.0697021484375,356.5400085449219,355.9100036621094,356.3299865722656,152939
2026-07-16 15:00:00-04:00,355.3900146484375,355.3900146484375,356.0899963378906,354.8299865722656,356.0199890136719,157321
2026-07-16 15:02:00-04:00,355.79998779296875,355.79998779296875,356.6044921875,355.2300109863281,355.3699951171875,195111
2026-07-16 15:04:00-04:00,356.31500244140625,356.31500244140625,356.4599914550781,355.4049987792969,355.739990234375,135443
2026-07-16 15:06:00-04:00,355.8800048828125,355.8800048828125,356.2900085449219,355.3999938964844,356.25,129442
2026-07-16 15:08:00-04:00,354.17498779296875,354.17498779296875,355.8999938964844,354.1000061035156,355.82000732421875,142038
2026-07-16 15:10:00-04:00,353.6000061035156,353.6000061035156,354.5199890136719,353.25,354.25,224124
2026-07-16 15:12:00-04:00,353.6400146484375,353.6400146484375,353.79998779296875,353.0249938964844,353.7080078125,197302
2026-07-16 15:14:00-04:00,353.2749938964844,353.2749938964844,353.6499938964844,352.70001220703125,353.6400146484375,136148
2026-07-16 15:16:00-04:00,352.3699951171875,352.3699951171875,353.5,352.110107421875,353.2749938964844,141735
2026-07-16 15:18:00-04:00,353.20989990234375,353.20989990234375,353.20989990234375,351.70001220703125,352.4700012207031,178847
2026-07-16 15:20:00-04:00,352.55999755859375,352.55999755859375,353.20001220703125,352.0,353.0950012207031,97460
2026-07-16 15:22:00-04:00,352.6099853515625,352.6099853515625,353.3299865722656,352.5799865722656,352.6600036621094,104195
2026-07-16 15:24:00-04:00,353.260009765625,353.260009765625,353.4385986328125,351.8299865722656,352.6099853515625,119641
2026-07-16 15:26:00-04:00,353.1117858886719,353.1117858886719,353.6099853515625,352.19000244140625,353.256103515625,155785
2026-07-16 15:28:00-04:00,353.6099853515625,353.6099853515625,354.260009765625,352.9700927734375,353.1424865722656,121087
2026-07-16 15:30:00-04:00,353.739990234375,353.739990234375,354.1000061035156,353.42498779296875,353.6099853515625,363262
2026-07-16 15:32:00-04:00,354.05999755859375,354.05999755859375,354.3717956542969,353.4230041503906,353.7449951171875,146373
2026-07-16 15:34:00-04:00,353.5450134277344,353.5450134277344,354.2300109863281,353.3599853515625,354.19000244140625,138040
2026-07-16 15:36:00-04:00,353.8900146484375,353.8900146484375,353.9200134277344,353.1000061035156,353.5899963378906,108883
2026-07-16 15:38:00-04:00,354.239990234375,354.239990234375,354.70001220703125,353.92999267578125,353.9599914550781,114835
2026-07-16 15:40:00-04:00,353.7998962402344,353.7998962402344,354.30999755859375,353.6099853515625,354.239990234375,104601
2026-07-16 15:42:00-04:00,353.43499755859375,353.43499755859375,354.2300109863281,353.3800048828125,353.7900085449219,133660
2026-07-16 15:44:00-04:00,352.95001220703125,352.95001220703125,353.75,352.6099853515625,353.3999938964844,159604
2026-07-16 15:46:00-04:00,352.9599914550781,352.9599914550781,353.2900085449219,352.75,352.9200134277344,165845
2026-07-16 15:48:00-04:00,353.114990234375,353.114990234375,353.32000732421875,352.7099914550781,353.010009765625,124975
2026-07-16 15:50:00-04:00,354.07501220703125,354.07501220703125,354.42498779296875,353.125,353.1300048828125,357444
2026-07-16 15:52:00-04:00,353.5700988769531,353.5700988769531,354.260009765625,353.55999755859375,354.1300048828125,204732
2026-07-16 15:54:00-04:00,353.0899963378906,353.0899963378906,353.7099914550781,352.7200012207031,353.57000732421875,299080
2026-07-16 15:56:00-04:00,353.2850036621094,353.2850036621094,353.510009765625,352.9849853515625,353.1300048828125,303599
2026-07-16 15:58:00-04:00,353.80999755859375,353.80999755859375,354.05999755859375,353.260009765625,353.30999755859375,495146
2026-07-17 09:30:00-04:00,346.6650085449219,346.6650085449219,348.1700134277344,344.489990234375,345.760009765625,2376161
2026-07-17 09:32:00-04:00,345.5899963378906,345.5899963378906,347.1099853515625,345.1099853515625,346.5899963378906,203411
2026-07-17 09:34:00-04:00,345.1199951171875,345.1199951171875,345.739990234375,344.4599914550781,345.5950012207031,190400
2026-07-17 09:36:00-04:00,344.34991455078125,344.34991455078125,345.19000244140625,343.8299865722656,345.19000244140625,192776
2026-07-17 09:38:00-04:00,343.30999755859375,343.30999755859375,344.260009765625,342.684814453125,344.2550048828125,240276
2026-07-17 09:40:00-04:00,343.2300109863281,343.2300109863281,343.6099853515625,342.70001220703125,343.30499267578125,155920
2026-07-17 09:42:00-04:00,342.26690673828125,342.26690673828125,343.3900146484375,342.0284118652344,343.3299865722656,176238
2026-07-17 09:44:00-04:00,341.8399963378906,341.8399963378906,342.3949890136719,341.125,342.30499267578125,197820
2026-07-17 09:46:00-04:00,342.6300048828125,342.6300048828125,342.82000732421875,341.8800964355469,341.927490234375,145027
2026-07-17 09:48:00-04:00,343.2850036621094,343.2850036621094,343.3900146484375,342.1300048828125,342.6300048828125,706156
2026-07-17 09:50:00-04:00,343.4200134277344,343.4200134277344,343.6099853515625,342.9849853515625,343.2749938964844,132423
2026-07-17 09:52:00-04:00,344.54998779296875,344.54998779296875,344.69000244140625,343.2699890136719,343.5,134800
2026-07-17 09:54:00-04:00,345.3500061035156,345.3500061035156,345.3900146484375,344.3550109863281,344.5050048828125,158652
2026-07-17 09:56:00-04:00,345.5299987792969,345.5299987792969,345.7099914550781,344.6700134277344,345.3450012207031,132661
2026-07-17 09:58:00-04:00,346.0849914550781,346.0849914550781,346.0899963378906,345.06610107421875,345.5199890136719,136795
2026-07-17 10:00:00-04:00,346.6050109863281,346.6050109863281,346.94000244140625,346.04998779296875,346.05999755859375,361050
2026-07-17 10:02:00-04:00,346.4100036621094,346.4100036621094,346.989990234375,346.1600036621094,346.614990234375,88842
2026-07-17 10:04:00-04:00,346.80999755859375,346.80999755859375,347.010009765625,346.3699951171875,346.42999267578125,81932
2026-07-17 10:06:00-04:00,346.8599853515625,346.8599853515625,346.8890075683594,346.30999755859375,346.7900085449219,87254
2026-07-17 10:08:00-04:00,346.2149963378906,346.2149963378906,346.89990234375,345.8999938964844,346.8599853515625,103478
2026-07-17 10:10:00-04:00,346.07000732421875,346.07000732421875,346.6300048828125,345.67498779296875,346.1700134277344,394346
2026-07-17 10:12:00-04:00,346.375,346.375,346.760009765625,346.04998779296875,346.04998779296875,63339
2026-07-17 10:14:00-04:00,346.6050109863281,346.6050109863281,346.7049865722656,346.20001220703125,346.4190979003906,84538
2026-07-17 10:16:00-04:00,344.8522033691406,344.8522033691406,346.5400085449219,344.75,346.5400085449219,99649
2026-07-17 10:18:00-04:00,344.3550109863281,344.3550109863281,344.9700012207031,344.0346984863281,344.885009765625,88914
2026-07-17 10:20:00-04:00,344.5400085449219,344.5400085449219,344.6499938964844,344.0299987792969,344.3550109863281,74033
2026-07-17 10:22:00-04:00,345.6000061035156,345.6000061035156,345.6000061035156,344.4849853515625,344.6081848144531,74358
2026-07-17 10:24:00-04:00,345.6549987792969,345.6549987792969,346.1499938964844,345.42999267578125,345.5150146484375,68971
2026-07-17 10:26:00-04:00,345.29998779296875,345.29998779296875,345.9700012207031,345.29998779296875,345.70001220703125,198839
2026-07-17 10:28:00-04:00,344.7900085449219,344.7900085449219,345.6199951171875,344.7001037597656,345.3699951171875,64113
2026-07-17 10:30:00-04:00,344.8699951171875,344.8699951171875,344.989990234375,344.3999938964844,344.80499267578125,144992
2026-07-17 10:32:00-04:00,344.6199951171875,344.6199951171875,345.0400085449219,344.510009765625,344.9200134277344,51930
2026-07-17 10:34:00-04:00,344.9100036621094,344.9100036621094,345.05999755859375,344.5799865722656,344.6400146484375,52503
2026-07-17 10:36:00-04:00,344.79998779296875,344.79998779296875,345.1099853515625,344.7300109863281,344.95001220703125,42149
2026-07-17 10:38:00-04:00,345.79998779296875,345.79998779296875,345.79998779296875,344.8450012207031,344.8699951171875,63433
2026-07-17 10:40:00-04:00,345.95001220703125,345.95001220703125,345.95001220703125,345.5249938964844,345.7950134277344,53024
2026-07-17 10:42:00-04:00,345.8450012207031,345.8450012207031,346.1199951171875,345.4800109863281,345.9599914550781,58889
2026-07-17 10:44:00-04:00,347.3999938964844,347.3999938964844,347.6199951171875,345.7900085449219,345.7900085449219,198970
2026-07-17 10:46:00-04:00,347.260009765625,347.260009765625,347.5199890136719,346.7099914550781,347.4200134277344,78797
2026-07-17 10:48:00-04:00,346.75,346.75,347.2547912597656,346.7200012207031,347.2200012207031,50316
2026-07-17 10:50:00-04:00,346.2699890136719,346.2699890136719,346.9100036621094,346.2699890136719,346.75,53855
2026-07-17 10:52:00-04:00,345.6351013183594,345.6351013183594,346.3758850097656,345.6300048828125,346.2699890136719,78571
2026-07-17 10:54:00-04:00,345.864990234375,345.864990234375,345.9800109863281,345.6600036621094,345.6700134277344,40667
2026-07-17 10:56:00-04:00,345.70269775390625,345.70269775390625,345.95001220703125,345.375,345.8399963378906,43760
2026-07-17 10:58:00-04:00,345.30999755859375,345.30999755859375,345.739990234375,345.05999755859375,345.6499938964844,44440
2026-07-17 11:00:00-04:00,345.04998779296875,345.04998779296875,345.80560302734375,344.69000244140625,345.29998779296875,83725
2026-07-17 11:02:00-04:00,344.54998779296875,344.54998779296875,345.2099914550781,344.54998779296875,345.1199951171875,60034
2026-07-17 11:04:00-04:00,345.32501220703125,345.32501220703125,345.3489990234375,344.510009765625,344.510009765625,312825
2026-07-17 11:06:00-04:00,345.4501037597656,345.4501037597656,345.6505126953125,345.05999755859375,345.2799987792969,28093
2026-07-17 11:08:00-04:00,345.7900085449219,345.7900085449219,345.8999938964844,345.42999267578125,345.5,27029
2026-07-17 11:10:00-04:00,346.0400085449219,346.0400085449219,346.3500061035156,345.7701110839844,345.78570556640625,86620
2026-07-17 11:12:00-04:00,345.43499755859375,345.43499755859375,346.0450134277344,345.3900146484375,346.0450134277344,55637
2026-07-17 11:14:00-04:00,345.79998779296875,345.79998779296875,345.92999267578125,345.3399963378906,345.44000244140625,45369
2026-07-17 11:16:00-04:00,345.5199890136719,345.5199890136719,345.9100036621094,345.3999938964844,345.82000732421875,31774
2026-07-17 11:18:00-04:00,345.8550109863281,345.8550109863281,346.04998779296875,345.4800109863281,345.4800109863281,26124
2026-07-17 11:20:00-04:00,345.70001220703125,345.70001220703125,345.8900146484375,345.5199890136719,345.8900146484375,43688
2026-07-17 11:22:00-04:00,345.67498779296875,345.67498779296875,345.9200134277344,345.5799865722656,345.739990234375,26115
2026-07-17 11:24:00-04:00,346.55999755859375,346.55999755859375,346.5799865722656,345.6300048828125,345.70001220703125,45666
2026-07-17 11:26:00-04:00,346.29998779296875,346.29998779296875,346.7900085449219,346.0899963378906,346.5899963378906,58319
2026-07-17 11:28:00-04:00,346.6000061035156,346.6000061035156,346.739990234375,346.1449890136719,346.25,25092
2026-07-17 11:30:00-04:00,347.3500061035156,347.3500061035156,347.3551940917969,346.5950012207031,346.7049865722656,44721
2026-07-17 11:32:00-04:00,347.0400085449219,347.0400085449219,347.460693359375,346.8299865722656,347.3500061035156,59717
2026-07-17 11:34:00-04:00,346.4750061035156,346.4750061035156,347.0400085449219,346.27789306640625,346.9700012207031,81328
2026-07-17 11:36:00-04:00,346.3399963378906,346.3399963378906,346.70001220703125,346.3399963378906,346.45001220703125,60049
2026-07-17 11:38:00-04:00,346.8785095214844,346.8785095214844,347.0400085449219,346.3699951171875,346.4200134277344,24909
2026-07-17 11:40:00-04:00,347.25,347.25,347.3550109863281,346.8500061035156,346.89801025390625,30928
2026-07-17 11:42:00-04:00,347.17999267578125,347.17999267578125,347.4700012207031,347.04998779296875,347.2099914550781,45192
2026-07-17 11:44:00-04:00,347.1000061035156,347.1000061035156,347.5400085449219,347.07000732421875,347.2099914550781,35386
2026-07-17 11:46:00-04:00,347.5799865722656,347.5799865722656,347.7900085449219,347.0400085449219,347.0899963378906,126095
2026-07-17 11:48:00-04:00,347.04998779296875,347.04998779296875,347.6549987792969,346.9100036621094,347.5899963378906,39276
2026-07-17 11:50:00-04:00,347.0856018066406,347.0856018066406,347.4599914550781,346.8699951171875,346.989990234375,30544
2026-07-17 11:52:00-04:00,346.6400146484375,346.6400146484375,347.1099853515625,346.53619384765625,347.07501220703125,25104
2026-07-17 11:54:00-04:00,347.2550048828125,347.2550048828125,347.2799987792969,346.5799865722656,346.6600036621094,26909
2026-07-17 11:56:00-04:00,347.17498779296875,347.17498779296875,347.2799987792969,346.8599853515625,347.260009765625,41788
2026-07-17 11:58:00-04:00,346.851806640625,346.851806640625,347.239990234375,346.69000244140625,347.1700134277344,32102
2026-07-17 12:00:00-04:00,346.0799865722656,346.0799865722656,347.0299987792969,346.0199890136719,346.8999938964844,97770
2026-07-17 12:02:00-04:00,345.93560791015625,345.93560791015625,346.0899963378906,345.6099853515625,346.0799865722656,59545
2026-07-17 12:04:00-04:00,345.8999938964844,345.8999938964844,345.92999267578125,345.510009765625,345.8924865722656,140159
2026-07-17 12:06:00-04:00,345.92010498046875,345.92010498046875,346.3399963378906,345.82000732421875,345.8500061035156,33405
2026-07-17 12:08:00-04:00,346.1000061035156,346.1000061035156,346.2900085449219,345.7099914550781,345.8999938964844,41948
2026-07-17 12:10:00-04:00,345.80999755859375,345.80999755859375,346.2200012207031,345.80999755859375,346.0950012207031,50686
2026-07-17 12:12:00-04:00,345.67498779296875,345.67498779296875,346.1000061035156,345.5439147949219,345.8699951171875,63707
2026-07-17 12:14:00-04:00,345.70001220703125,345.70001220703125,345.8349914550781,345.5450134277344,345.60699462890625,195223
2026-07-17 12:16:00-04:00,345.94000244140625,345.94000244140625,346.0299987792969,345.3599853515625,345.67999267578125,65715
2026-07-17 12:18:00-04:00,346.2449951171875,346.2449951171875,346.2900085449219,345.8450012207031,345.9114074707031,94942
2026-07-17 12:20:00-04:00,346.2300109863281,346.2300109863281,346.4700012207031,345.93560791015625,346.20001220703125,47909
2026-07-17 12:22:00-04:00,345.5899963378906,345.5899963378906,346.2349853515625,345.5,346.2349853515625,48138
2026-07-17 12:24:00-04:00,345.4700012207031,345.4700012207031,345.6799011230469,345.30999755859375,345.6050109863281,56420
2026-07-17 12:26:00-04:00,346.1400146484375,346.1400146484375,346.25,345.364990234375,345.489990234375,46377
2026-07-17 12:28:00-04:00,346.1600036621094,346.1600036621094,346.739990234375,346.1449890136719,346.1700134277344,46517
2026-07-17 12:30:00-04:00,346.0350036621094,346.0350036621094,346.239990234375,345.8399963378906,346.1449890136719,47069
2026-07-17 12:32:00-04:00,345.7499084472656,345.7499084472656,346.29998779296875,345.7300109863281,346.0450134277344,33228
2026-07-17 12:34:00-04:00,345.45001220703125,345.45001220703125,345.7300109863281,345.40008544921875,345.7300109863281,36178
2026-07-17 12:36:00-04:00,345.80499267578125,345.80499267578125,345.8851013183594,345.25,345.4700012207031,65852
2026-07-17 12:38:00-04:00,346.2300109863281,346.2300109863281,346.2300109863281,345.760009765625,345.8399963378906,35686
2026-07-17 12:40:00-04:00,345.92999267578125,345.92999267578125,346.4849853515625,345.8999938964844,346.2250061035156,47880
2026-07-17 12:42:00-04:00,346.0199890136719,346.0199890136719,346.19000244140625,345.80999755859375,345.95001220703125,28103
2026-07-17 12:44:00-04:00,345.9200134277344,345.9200134277344,346.0400085449219,345.885009765625,346.0350036621094,25416
2026-07-17 12:46:00-04:00,345.70001220703125,345.70001220703125,345.9100036621094,345.6400146484375,345.9100036621094,27713
2026-07-17 12:48:00-04:00,346.04998779296875,346.04998779296875,346.0799865722656,345.7250061035156,345.7250061035156,31478
2026-07-17 12:50:00-04:00,346.1700134277344,346.1700134277344,346.1700134277344,345.8500061035156,346.05499267578125,44019
2026-07-17 12:52:00-04:00,346.3949890136719,346.3949890136719,346.55999755859375,346.0799865722656,346.1449890136719,43410
2026-07-17 12:54:00-04:00,346.2699890136719,346.2699890136719,346.70001220703125,346.15301513671875,346.364990234375,33319
2026-07-17 12:56:00-04:00,346.45001220703125,346.45001220703125,346.56988525390625,346.1600036621094,346.25,35399
2026-07-17 12:58:00-04:00,346.7099914550781,346.7099914550781,346.9291076660156,346.4700012207031,346.4700012207031,31645
2026-07-17 13:00:00-04:00,346.4555969238281,346.4555969238281,347.23480224609375,346.4555969238281,346.7099914550781,39130
2026-07-17 13:02:00-04:00,346.4150085449219,346.4150085449219,346.4649963378906,346.30999755859375,346.44000244140625,31015
2026-07-17 13:04:00-04:00,345.9150085449219,345.9150085449219,346.42999267578125,345.80999755859375,346.42999267578125,34730
2026-07-17 13:06:00-04:00,345.8599853515625,345.8599853515625,346.08990478515625,345.7685852050781,345.94000244140625,120693
2026-07-17 13:08:00-04:00,345.6499938964844,345.6499938964844,345.9100036621094,345.55999755859375,345.8349914550781,49303
2026-07-17 13:10:00-04:00,345.70001220703125,345.70001220703125,345.864990234375,345.5299987792969,345.5942077636719,59268
2026-07-17 13:12:00-04:00,345.56689453125,345.56689453125,345.739990234375,345.510009765625,345.70001220703125,38470
2026-07-17 13:14:00-04:00,345.67999267578125,345.67999267578125,345.69500732421875,345.3599853515625,345.54998779296875,44399
2026-07-17 13:16:00-04:00,345.6260070800781,345.6260070800781,345.7699890136719,345.5199890136719,345.6650085449219,65163
2026-07-17 13:18:00-04:00,345.4599914550781,345.4599914550781,345.635009765625,345.3699951171875,345.55499267578125,34831
2026-07-17 13:20:00-04:00,345.32501220703125,345.32501220703125,345.4800109863281,345.1700134277344,345.45001220703125,41222
2026-07-17 13:22:00-04:00,345.2200012207031,345.2200012207031,345.5350036621094,345.1300964355469,345.3299865722656,31039
2026-07-17 13:24:00-04:00,345.04998779296875,345.04998779296875,345.2200012207031,344.9200134277344,345.2200012207031,114753
2026-07-17 13:26:00-04:00,345.02508544921875,345.02508544921875,345.1499938964844,344.95001220703125,345.04998779296875,64178
2026-07-17 13:28:00-04:00,344.8900146484375,344.8900146484375,345.20001220703125,344.82501220703125,345.07000732421875,223566
2026-07-17 13:30:00-04:00,344.739990234375,344.739990234375,345.0450134277344,344.739990234375,344.8900146484375,81593
2026-07-17 13:32:00-04:00,344.4949951171875,344.4949951171875,344.7900085449219,344.489990234375,344.7200012207031,50249
2026-07-17 13:34:00-04:00,344.4599914550781,344.4599914550781,344.79998779296875,344.3999938964844,344.4949951171875,54243
2026-07-17 13:36:00-04:00,344.5,344.5,344.7799987792969,344.3999938964844,344.4949951171875,122563
2026-07-17 13:38:00-04:00,344.2650146484375,344.2650146484375,344.57000732421875,344.1700134277344,344.5,60282
2026-07-17 13:40:00-04:00,343.989990234375,343.989990234375,344.30999755859375,343.75,344.260009765625,86131
2026-07-17 13:42:00-04:00,343.7200012207031,343.7200012207031,344.2362976074219,343.54998779296875,343.9949951171875,83135
2026-07-17 13:44:00-04:00,343.57000732421875,343.57000732421875,343.7273864746094,343.44000244140625,343.7200012207031,75875
2026-07-17 13:46:00-04:00,343.9100036621094,343.9100036621094,343.9100036621094,343.3500061035156,343.5,73842
2026-07-17 13:48:00-04:00,343.70001220703125,343.70001220703125,343.9200134277344,343.489990234375,343.9100036621094,69767
2026-07-17 13:50:00-04:00,343.25,343.25,343.7793884277344,343.1300048828125,343.69500732421875,63215
2026-07-17 13:52:00-04:00,342.8900146484375,342.8900146484375,343.3800048828125,342.8399963378906,343.2550048828125,110560
2026-07-17 13:54:00-04:00,342.95001220703125,342.95001220703125,343.1199951171875,342.7900085449219,342.8900146484375,141101
2026-07-17 13:56:00-04:00,343.7149963378906,343.7149963378906,343.7950134277344,342.9100036621094,342.94500732421875,69898
2026-07-17 13:58:00-04:00,343.3699951171875,343.3699951171875,343.67999267578125,343.25,343.67999267578125,72820
2026-07-17 14:00:00-04:00,343.3500061035156,343.3500061035156,343.4649963378906,343.05999755859375,343.3599853515625,58431
2026-07-17 14:02:00-04:00,344.0299987792969,344.0299987792969,344.0400085449219,343.30999755859375,343.3699951171875,92921
2026-07-17 14:04:00-04:00,343.8800048828125,343.8800048828125,344.2200012207031,343.6199951171875,344.0,44406
2026-07-17 14:06:00-04:00,343.57000732421875,343.57000732421875,343.8999938964844,343.44000244140625,343.885009765625,39179
2026-07-17 14:08:00-04:00,343.1400146484375,343.1400146484375,343.57830810546875,343.0199890136719,343.56500244140625,59690
2026-07-17 14:10:00-04:00,343.0400085449219,343.0400085449219,343.260009765625,342.8399963378906,343.1449890136719,91783
2026-07-17 14:12:00-04:00,342.75,342.75,343.0199890136719,342.5799865722656,343.0,70697
2026-07-17 14:14:00-04:00,342.32000732421875,342.32000732421875,342.9049987792969,342.32000732421875,342.8487854003906,74599
2026-07-17 14:16:00-04:00,343.1700134277344,343.1700134277344,343.2300109863281,342.3500061035156,342.3500061035156,54553
2026-07-17 14:18:00-04:00,343.0150146484375,343.0150146484375,343.2250061035156,342.8800048828125,343.1700134277344,59538
2026-07-17 14:20:00-04:00,343.18499755859375,343.18499755859375,343.3699035644531,342.989990234375,343.0150146484375,159034
2026-07-17 14:22:00-04:00,343.2650146484375,343.2650146484375,343.4599914550781,343.1099853515625,343.2149963378906,98926
2026-07-17 14:24:00-04:00,343.5899963378906,343.5899963378906,343.60888671875,343.1199951171875,343.3299865722656,30199
2026-07-17 14:26:00-04:00,343.69500732421875,343.69500732421875,343.7420959472656,343.42449951171875,343.62530517578125,38378
2026-07-17 14:28:00-04:00,343.739990234375,343.739990234375,343.80999755859375,343.6099853515625,343.69500732421875,54363
2026-07-17 14:30:00-04:00,343.8999938964844,343.8999938964844,344.0299072265625,343.7900085449219,343.7900085449219,52396
2026-07-17 14:32:00-04:00,344.0899963378906,344.0899963378906,344.1499938964844,343.7449951171875,343.96990966796875,56945
2026-07-17 14:34:00-04:00,344.3800048828125,344.3800048828125,344.3800048828125,344.1000061035156,344.1199951171875,35690
2026-07-17 14:36:00-04:00,344.6000061035156,344.6000061035156,344.6199951171875,344.29998779296875,344.3299865722656,87386
2026-07-17 14:38:00-04:00,344.489990234375,344.489990234375,344.9599914550781,344.4100036621094,344.5799865722656,111146
2026-07-17 14:40:00-04:00,344.1300048828125,344.1300048828125,344.5199890136719,344.07000732421875,344.4494934082031,31242
2026-07-17 14:42:00-04:00,344.06829833984375,344.06829833984375,344.44000244140625,344.0400085449219,344.20001220703125,29407
2026-07-17 14:44:00-04:00,343.9200134277344,343.9200134277344,344.2699890136719,343.8999938964844,344.07501220703125,40510
2026-07-17 14:46:00-04:00,344.05499267578125,344.05499267578125,344.1300048828125,343.70001220703125,343.8800048828125,37859
2026-07-17 14:48:00-04:00,344.43499755859375,344.43499755859375,344.44000244140625,344.0400085449219,344.05499267578125,49036
2026-07-17 14:50:00-04:00,344.5849914550781,344.5849914550781,344.6600036621094,344.3900146484375,344.43499755859375,49559
2026-07-17 14:52:00-04:00,344.4599914550781,344.4599914550781,344.75,344.4100036621094,344.6000061035156,34792
2026-07-17 14:54:00-04:00,344.2699890136719,344.2699890136719,344.5400085449219,344.260009765625,344.4599914550781,27822
2026-07-17 14:56:00-04:00,344.4700012207031,344.4700012207031,344.5,344.20001220703125,344.2699890136719,45883
2026-07-17 14:58:00-04:00,344.6700134277344,344.6700134277344,344.7384033203125,344.28009033203125,344.45001220703125,37649
2026-07-17 15:00:00-04:00,344.3900146484375,344.3900146484375,344.9100036621094,344.30999755859375,344.6700134277344,62041
2026-07-17 15:02:00-04:00,344.70001220703125,344.70001220703125,344.7149963378906,344.1199951171875,344.3999938964844,45185
2026-07-17 15:04:00-04:00,344.4849853515625,344.4849853515625,344.739990234375,344.29998779296875,344.739990234375,36325
2026-07-17 15:06:00-04:00,344.2749938964844,344.2749938964844,344.6300048828125,344.16009521484375,344.4800109863281,36122
2026-07-17 15:08:00-04:00,344.6372985839844,344.6372985839844,344.777099609375,344.2875061035156,344.2875061035156,45751
2026-07-17 15:10:00-04:00,344.7300109863281,344.7300109863281,344.8299865722656,344.54998779296875,344.625,41135
2026-07-17 15:12:00-04:00,344.5350036621094,344.5350036621094,344.760009765625,344.5,344.75,38629
2026-07-17 15:14:00-04:00,344.56500244140625,344.56500244140625,344.739990234375,344.3999938964844,344.5400085449219,35626
2026-07-17 15:16:00-04:00,344.8299865722656,344.8299865722656,344.8599853515625,344.57000732421875,344.6000061035156,62331
2026-07-17 15:18:00-04:00,344.75,344.75,344.83221435546875,344.4700012207031,344.83221435546875,53807
2026-07-17 15:20:00-04:00,344.6099853515625,344.6099853515625,344.75,344.41009521484375,344.75,35248
2026-07-17 15:22:00-04:00,344.5400085449219,344.5400085449219,344.7650146484375,344.3900146484375,344.6099853515625,30757
2026-07-17 15:24:00-04:00,344.4200134277344,344.4200134277344,344.57000732421875,344.3399963378906,344.5400085449219,38213
2026-07-17 15:26:00-04:00,344.4949951171875,344.4949951171875,344.5799865722656,344.3299865722656,344.4100036621094,41160
2026-07-17 15:28:00-04:00,344.989990234375,344.989990234375,345.1199951171875,344.4949951171875,344.4949951171875,63563
2026-07-17 15:30:00-04:00,344.7200012207031,344.7200012207031,345.2200012207031,344.6199951171875,344.9750061035156,58230
2026-07-17 15:32:00-04:00,344.5199890136719,344.5199890136719,344.7149963378906,344.3301086425781,344.7099914550781,50965
2026-07-17 15:34:00-04:00,344.3800048828125,344.3800048828125,344.5299987792969,344.2900085449219,344.510009765625,59197
2026-07-17 15:36:00-04:00,343.8999938964844,343.8999938964844,344.45001220703125,343.7799987792969,344.42999267578125,52374
2026-07-17 15:38:00-04:00,343.79998779296875,343.79998779296875,343.9100036621094,343.7099914550781,343.9100036621094,61389
2026-07-17 15:40:00-04:00,344.3299865722656,344.3299865722656,344.3699951171875,343.739990234375,343.8800048828125,56638
2026-07-17 15:42:00-04:00,344.42999267578125,344.42999267578125,344.4800109863281,344.1099853515625,344.3299865722656,49202
2026-07-17 15:44:00-04:00,344.67999267578125,344.67999267578125,344.8900146484375,344.4599914550781,344.4599914550781,76384
2026-07-17 15:46:00-04:00,344.80999755859375,344.80999755859375,345.0400085449219,344.5299987792969,344.7099914550781,55392
2026-07-17 15:48:00-04:00,345.2099914550781,345.2099914550781,345.2300109863281,344.739990234375,344.93499755859375,63752
2026-07-17 15:50:00-04:00,345.3900146484375,345.3900146484375,345.43951416015625,345.0899963378906,345.2099914550781,98981
2026-07-17 15:52:00-04:00,345.2099914550781,345.2099914550781,345.5899963378906,345.0799865722656,345.4100036621094,150713
2026-07-17 15:54:00-04:00,346.4700012207031,346.4700012207031,346.4700012207031,345.07000732421875,345.2200012207031,283687
2026-07-17 15:56:00-04:00,346.6050109863281,346.6050109863281,346.8900146484375,346.44000244140625,346.4700012207031,216203
2026-07-17 15:58:00-04:00,346.1199951171875,346.1199951171875,346.6700134277344,345.9599914550781,346.6050109863281,597831
2026-07-20 09:30:00-04:00,352.9599914550781,352.9599914550781,353.7099914550781,352.510009765625,353.30999755859375,658102
2026-07-20 09:32:00-04:00,353.3450012207031,353.3450012207031,353.8800048828125,352.8500061035156,352.9100036621094,138307
2026-07-20 09:34:00-04:00,355.42498779296875,355.42498779296875,355.989990234375,353.17999267578125,353.3599853515625,184317
2026-07-20 09:36:00-04:00,356.510009765625,356.510009765625,356.5408020019531,355.19000244140625,355.42999267578125,115915
2026-07-20 09:38:00-04:00,356.7799987792969,356.7799987792969,356.8999938964844,355.6499938964844,356.5299987792969,154113
2026-07-20 09:40:00-04:00,356.9100036621094,356.9100036621094,357.25,356.1700134277344,356.6702880859375,113911
2026-07-20 09:42:00-04:00,357.4700012207031,357.4700012207031,358.2322998046875,356.8699951171875,356.9549865722656,135151
2026-07-20 09:44:00-04:00,358.5400085449219,358.5400085449219,358.8999938964844,357.3399963378906,357.385009765625,142685
2026-07-20 09:46:00-04:00,358.614990234375,358.614990234375,358.9200134277344,358.1700134277344,358.54998779296875,155655
2026-07-20 09:48:00-04:00,357.7850036621094,357.7850036621094,358.6600036621094,357.67999267578125,358.614990234375,159353
2026-07-20 09:50:00-04:00,357.260009765625,357.260009765625,357.8999938964844,357.14129638671875,357.75,112043
2026-07-20 09:52:00-04:00,357.7300109863281,357.7300109863281,357.7850036621094,356.4100036621094,357.29998779296875,144475
2026-07-20 09:54:00-04:00,358.20001220703125,358.20001220703125,358.20001220703125,357.0400085449219,357.69000244140625,104321
2026-07-20 09:56:00-04:00,358.1698913574219,358.1698913574219,358.260009765625,357.55999755859375,358.17498779296875,89163
2026-07-20 09:58:00-04:00,358.07000732421875,358.07000732421875,358.3999938964844,357.9100036621094,358.0299987792969,119733
2026-07-20 10:00:00-04:00,358.0400085449219,358.0400085449219,358.42999267578125,357.8500061035156,358.1700134277344,76617
2026-07-20 10:02:00-04:00,359.125,359.125,359.3599853515625,357.8500061035156,358.07501220703125,107395
2026-07-20 10:04:00-04:00,358.56500244140625,358.56500244140625,359.45989990234375,358.5,359.1400146484375,85315
2026-07-20 10:06:00-04:00,358.70001220703125,358.70001220703125,358.8999938964844,358.510009765625,358.55999755859375,54284
2026-07-20 10:08:00-04:00,358.5199890136719,358.5199890136719,358.9700012207031,358.30999755859375,358.6499938964844,79059
2026-07-20 10:10:00-04:00,358.4649963378906,358.4649963378906,358.6700134277344,358.1400146484375,358.5398864746094,69855
2026-07-20 10:12:00-04:00,358.1700134277344,358.1700134277344,358.5716857910156,357.79998779296875,358.3599853515625,60286
2026-07-20 10:14:00-04:00,359.3399963378906,359.3399963378906,359.4200134277344,358.1499938964844,358.20001220703125,63642
2026-07-20 10:16:00-04:00,358.20001220703125,358.20001220703125,359.489990234375,358.1000061035156,359.32000732421875,72489
2026-07-20 10:18:00-04:00,358.19000244140625,358.19000244140625,358.75,358.0,358.32000732421875,82191
2026-07-20 10:20:00-04:00,358.8599853515625,358.8599853515625,358.92999267578125,358.0799865722656,358.135009765625,61565
2026-07-20 10:22:00-04:00,358.43499755859375,358.43499755859375,358.95001220703125,357.92999267578125,358.92498779296875,52970
2026-07-20 10:24:00-04:00,358.25,358.25,358.6925048828125,358.1000061035156,358.44000244140625,48056
2026-07-20 10:26:00-04:00,358.6300048828125,358.6300048828125,358.7699890136719,358.1499938964844,358.29998779296875,64228
2026-07-20 10:28:00-04:00,358.30999755859375,358.30999755859375,358.8299865722656,358.2799987792969,358.6000061035156,61205
2026-07-20 10:30:00-04:00,358.5,358.5,358.9049987792969,358.2300109863281,358.3599853515625,42301
2026-07-20 10:32:00-04:00,358.0050048828125,358.0050048828125,358.5050048828125,357.80999755859375,358.45001220703125,58657
2026-07-20 10:34:00-04:00,357.635009765625,357.635009765625,358.2699890136719,357.260009765625,358.0050048828125,60749
2026-07-20 10:36:00-04:00,357.351806640625,357.351806640625,357.8900146484375,357.2799987792969,357.6477966308594,42177
2026-07-20 10:38:00-04:00,357.5199890136719,357.5199890136719,357.8013000488281,357.35198974609375,357.3699951171875,24174
2026-07-20 10:40:00-04:00,357.260009765625,357.260009765625,358.1000061035156,357.2099914550781,357.5350036621094,43452
2026-07-20 10:42:00-04:00,356.5899963378906,356.5899963378906,357.32000732421875,356.5899963378906,357.2699890136719,64772
2026-07-20 10:44:00-04:00,356.9200134277344,356.9200134277344,356.9599914550781,356.29010009765625,356.625,46356
2026-07-20 10:46:00-04:00,356.9599914550781,356.9599914550781,357.2698974609375,356.8727111816406,356.9200134277344,36654
2026-07-20 10:48:00-04:00,356.30999755859375,356.30999755859375,357.2298889160156,356.2401123046875,356.94000244140625,46254
2026-07-20 10:50:00-04:00,356.2900085449219,356.2900085449219,356.5249938964844,356.20001220703125,356.3349914550781,31351
2026-07-20 10:52:00-04:00,356.30999755859375,356.30999755859375,356.54998779296875,356.25,356.2900085449219,33876
2026-07-20 10:54:00-04:00,356.25,356.25,356.5799865722656,356.1499938964844,356.32501220703125,27560
2026-07-20 10:56:00-04:00,356.2149963378906,356.2149963378906,356.27508544921875,355.7799987792969,356.27508544921875,46478
2026-07-20 10:58:00-04:00,356.1000061035156,356.1000061035156,356.4599914550781,355.8800048828125,356.2149963378906,39421
2026-07-20 11:00:00-04:00,356.1099853515625,356.1099853515625,356.2900085449219,355.92999267578125,356.1099853515625,38008
2026-07-20 11:02:00-04:00,356.3900146484375,356.3900146484375,356.4599914550781,355.7699890136719,356.1000061035156,30029
2026-07-20 11:04:00-04:00,356.0199890136719,356.0199890136719,356.375,356.0199890136719,356.375,41603
2026-07-20 11:06:00-04:00,356.2117919921875,356.2117919921875,356.3642883300781,355.8005065917969,356.010009765625,44035
2026-07-20 11:08:00-04:00,356.7900085449219,356.7900085449219,356.8450012207031,355.9700012207031,356.2449951171875,74326
2026-07-20 11:10:00-04:00,356.69000244140625,356.69000244140625,356.7950134277344,356.55999755859375,356.7900085449219,41448
2026-07-20 11:12:00-04:00,356.75,356.75,356.94000244140625,356.3599853515625,356.6499938964844,54980
2026-07-20 11:14:00-04:00,356.3800048828125,356.3800048828125,356.7550048828125,356.135009765625,356.7550048828125,27680
2026-07-20 11:16:00-04:00,356.17999267578125,356.17999267578125,356.4200134277344,355.8999938964844,356.36749267578125,25630
2026-07-20 11:18:00-04:00,356.239990234375,356.239990234375,356.3999938964844,356.090087890625,356.1549987792969,26885
2026-07-20 11:20:00-04:00,356.1400146484375,356.1400146484375,356.260009765625,356.07000732421875,356.2300109863281,23166
2026-07-20 11:22:00-04:00,356.2200012207031,356.2200012207031,356.2799987792969,356.05999755859375,356.1449890136719,26758
2026-07-20 11:24:00-04:00,356.5398864746094,356.5398864746094,356.70001220703125,356.2300109863281,356.2449951171875,40569
2026-07-20 11:26:00-04:00,355.95001220703125,355.95001220703125,356.4750061035156,355.95001220703125,356.4750061035156,44289
2026-07-20 11:28:00-04:00,356.7099914550781,356.7099914550781,356.7099914550781,355.7724914550781,355.94000244140625,45083
2026-07-20 11:30:00-04:00,356.7799987792969,356.7799987792969,356.8399963378906,356.45001220703125,356.69000244140625,57004
2026-07-20 11:32:00-04:00,356.8399963378906,356.8399963378906,357.0799865722656,356.7099914550781,356.7699890136719,34919
2026-07-20 11:34:00-04:00,357.227294921875,357.227294921875,357.3800048828125,356.7900085449219,356.8699951171875,53147
2026-07-20 11:36:00-04:00,356.9599914550781,356.9599914550781,357.5,356.9100036621094,357.2101135253906,43299
2026-07-20 11:38:00-04:00,357.1400146484375,357.1400146484375,357.42999267578125,356.9599914550781,356.9599914550781,24256
2026-07-20 11:40:00-04:00,357.0350036621094,357.0350036621094,357.2200012207031,356.83099365234375,357.1499938964844,25292
2026-07-20 11:42:00-04:00,356.8599853515625,356.8599853515625,357.17999267578125,356.8599853515625,357.04998779296875,20380
2026-07-20 11:44:00-04:00,356.92999267578125,356.92999267578125,357.1400146484375,356.760009765625,356.8500061035156,28453
2026-07-20 11:46:00-04:00,357.0166931152344,357.0166931152344,357.1400146484375,356.760498046875,356.9200134277344,28821
2026-07-20 11:48:00-04:00,356.31500244140625,356.31500244140625,356.9700012207031,356.2799987792969,356.95001220703125,27128
2026-07-20 11:50:00-04:00,356.69000244140625,356.69000244140625,356.69000244140625,356.30999755859375,356.30999755859375,26518
2026-07-20 11:52:00-04:00,357.0199890136719,357.0199890136719,357.1300048828125,356.67999267578125,356.69000244140625,24134
2026-07-20 11:54:00-04:00,356.7200012207031,356.7200012207031,357.0899963378906,356.6700134277344,357.05499267578125,38827
2026-07-20 11:56:00-04:00,356.5,356.5,356.82000732421875,356.43499755859375,356.7300109863281,36163
2026-07-20 11:58:00-04:00,356.2699890136719,356.2699890136719,356.69500732421875,356.2300109863281,356.510009765625,36927
2026-07-20 12:00:00-04:00,356.1499938964844,356.1499938964844,356.3900146484375,356.05999755859375,356.25311279296875,33814
2026-07-20 12:02:00-04:00,355.6650085449219,355.6650085449219,356.1499938964844,355.3699951171875,356.1499938964844,46783
2026-07-20 12:04:00-04:00,355.75,355.75,355.9700012207031,355.610107421875,355.7300109863281,38538
2026-07-20 12:06:00-04:00,355.635009765625,355.635009765625,355.9045104980469,355.510009765625,355.7799987792969,44255
2026-07-20 12:08:00-04:00,355.659912109375,355.659912109375,355.75,355.5199890136719,355.6600036621094,36567
2026-07-20 12:10:00-04:00,355.20001220703125,355.20001220703125,355.6199951171875,355.0799865722656,355.6199951171875,44244
2026-07-20 12:12:00-04:00,355.2200012207031,355.2200012207031,355.6000061035156,355.1199951171875,355.20440673828125,59269
2026-07-20 12:14:00-04:00,354.989990234375,354.989990234375,355.3299865722656,354.9200134277344,355.2250061035156,48042
2026-07-20 12:16:00-04:00,355.2300109863281,355.2300109863281,355.2900085449219,354.75,354.9700012207031,34517
2026-07-20 12:18:00-04:00,355.44000244140625,355.44000244140625,355.5899963378906,355.1099853515625,355.239990234375,32899
2026-07-20 12:20:00-04:00,355.2200012207031,355.2200012207031,355.4815979003906,355.2200012207031,355.4750061035156,27111
2026-07-20 12:22:00-04:00,355.3147888183594,355.3147888183594,355.3492126464844,355.2099914550781,355.2900085449219,19014
2026-07-20 12:24:00-04:00,355.010009765625,355.010009765625,355.3299865722656,354.93499755859375,355.30499267578125,25879
2026-07-20 12:26:00-04:00,354.8999938964844,354.8999938964844,354.9399108886719,354.7099914550781,354.92999267578125,22463
2026-07-20 12:28:00-04:00,354.95001220703125,354.95001220703125,355.07000732421875,354.78009033203125,354.9599914550781,18941
2026-07-20 12:30:00-04:00,355.0400085449219,355.0400085449219,355.32000732421875,354.9700012207031,354.9700012207031,24574
2026-07-20 12:32:00-04:00,354.6700134277344,354.6700134277344,355.0899963378906,354.6400146484375,354.9849853515625,37979
2026-07-20 12:34:00-04:00,355.06500244140625,355.06500244140625,355.17999267578125,354.6300048828125,354.67999267578125,19221
2026-07-20 12:36:00-04:00,355.1719055175781,355.1719055175781,355.21209716796875,354.9599914550781,355.0799865722656,18440
2026-07-20 12:38:00-04:00,355.3599853515625,355.3599853515625,355.4700012207031,355.0899963378906,355.1549987792969,22333
2026-07-20 12:40:00-04:00,354.6650085449219,354.6650085449219,355.6600036621094,354.07000732421875,355.3320007324219,98162
2026-07-20 12:42:00-04:00,355.2799987792969,355.2799987792969,355.3299865722656,354.6199951171875,354.7699890136719,25679
2026-07-20 12:44:00-04:00,354.6300048828125,354.6300048828125,355.33990478515625,354.5249938964844,355.33990478515625,49449
2026-07-20 12:46:00-04:00,354.9599914550781,354.9599914550781,355.0799865722656,354.5799865722656,354.635009765625,31534
2026-07-20 12:48:00-04:00,355.2699890136719,355.2699890136719,355.3999938964844,354.9599914550781,354.9599914550781,40358
2026-07-20 12:50:00-04:00,354.875,354.875,355.30999755859375,354.8299865722656,355.30999755859375,41824
2026-07-20 12:52:00-04:00,354.8800048828125,354.8800048828125,354.9013977050781,354.6600036621094,354.79998779296875,34057
2026-07-20 12:54:00-04:00,354.385009765625,354.385009765625,354.92999267578125,354.2099914550781,354.864990234375,41568
2026-07-20 12:56:00-04:00,354.4849853515625,354.4849853515625,354.489990234375,354.32000732421875,354.4100036621094,24457
2026-07-20 12:58:00-04:00,354.2799987792969,354.2799987792969,354.7200012207031,354.2099914550781,354.4849853515625,37992
2026-07-20 13:00:00-04:00,353.70220947265625,353.70220947265625,354.3299865722656,353.6099853515625,354.281005859375,65708
2026-07-20 13:02:00-04:00,353.30999755859375,353.30999755859375,353.7749938964844,353.2799987792969,353.67498779296875,39575
2026-07-20 13:04:00-04:00,353.19000244140625,353.19000244140625,353.3299865722656,353.0899963378906,353.3299865722656,47229
2026-07-20 13:06:00-04:00,353.135009765625,353.135009765625,353.239990234375,352.95001220703125,353.1600036621094,47157
2026-07-20 13:08:00-04:00,353.1950988769531,353.1950988769531,353.260009765625,353.05999755859375,353.135009765625,39327
2026-07-20 13:10:00-04:00,352.5,352.5,353.239990234375,352.5,353.19500732421875,58801
2026-07-20 13:12:00-04:00,352.375,352.375,352.55999755859375,352.34490966796875,352.5,40260
2026-07-20 13:14:00-04:00,352.1650085449219,352.1650085449219,352.4100036621094,352.0299987792969,352.4100036621094,38070
2026-07-20 13:16:00-04:00,352.3500061035156,352.3500061035156,352.3500061035156,351.8900146484375,352.1700134277344,50249
2026-07-20 13:18:00-04:00,352.44989013671875,352.44989013671875,352.63690185546875,352.2699890136719,352.4200134277344,47241
2026-07-20 13:20:00-04:00,352.75,352.75,352.8183898925781,352.10009765625,352.3699951171875,29216
2026-07-20 13:22:00-04:00,352.92498779296875,352.92498779296875,353.1600036621094,352.7601013183594,352.80999755859375,45420
2026-07-20 13:24:00-04:00,352.5849914550781,352.5849914550781,352.92999267578125,352.3905029296875,352.92498779296875,25090
2026-07-20 13:26:00-04:00,352.42999267578125,352.42999267578125,352.6549987792969,352.3999938964844,352.58990478515625,19831
2026-07-20 13:28:00-04:00,352.510009765625,352.510009765625,352.6300048828125,352.3800048828125,352.4599914550781,20051
2026-07-20 13:30:00-04:00,352.3800048828125,352.3800048828125,352.6400146484375,352.30010986328125,352.5350036621094,31889
2026-07-20 13:32:00-04:00,352.3599853515625,352.3599853515625,352.5050048828125,352.31500244140625,352.3981018066406,18476
2026-07-20 13:34:00-04:00,352.3699951171875,352.3699951171875,352.47198486328125,352.3399963378906,352.3599853515625,20458
2026-07-20 13:36:00-04:00,352.5849914550781,352.5849914550781,352.6099853515625,352.17010498046875,352.3999938964844,48839
2026-07-20 13:38:00-04:00,352.5,352.5,352.6449890136719,352.45001220703125,352.5849914550781,31929
2026-07-20 13:40:00-04:00,352.6600036621094,352.6600036621094,352.7699890136719,352.43011474609375,352.5,18895
2026-07-20 13:42:00-04:00,352.8800048828125,352.8800048828125,352.9198913574219,352.6199951171875,352.6600036621094,32656
2026-07-20 13:44:00-04:00,353.1700134277344,353.1700134277344,353.2349853515625,352.8399963378906,352.8900146484375,33159
2026-07-20 13:46:00-04:00,353.0299987792969,353.0299987792969,353.17999267578125,352.70001220703125,353.1600036621094,40424
2026-07-20 13:48:00-04:00,353.07501220703125,353.07501220703125,353.20989990234375,353.0,353.05499267578125,25505
2026-07-20 13:50:00-04:00,353.0899963378906,353.0899963378906,353.1899108886719,352.989990234375,353.07501220703125,27232
2026-07-20 13:52:00-04:00,353.364990234375,353.364990234375,353.38861083984375,353.0899963378906,353.1199951171875,33420
2026-07-20 13:54:00-04:00,353.2300109863281,353.2300109863281,353.5,353.0262145996094,353.364990234375,26141
2026-07-20 13:56:00-04:00,352.989990234375,352.989990234375,353.2300109863281,352.95001220703125,353.18499755859375,30488
2026-07-20 13:58:00-04:00,352.8900146484375,352.8900146484375,353.010009765625,352.80499267578125,352.9800109863281,136752
2026-07-20 14:00:00-04:00,353.0828857421875,353.0828857421875,353.2699890136719,352.8900146484375,352.8900146484375,23318
2026-07-20 14:02:00-04:00,352.875,352.875,353.1400146484375,352.70001220703125,353.1400146484375,30677
2026-07-20 14:04:00-04:00,352.80999755859375,352.80999755859375,352.94500732421875,352.6700134277344,352.875,36295
2026-07-20 14:06:00-04:00,352.6199951171875,352.6199951171875,352.81500244140625,352.54998779296875,352.81500244140625,54833
2026-07-20 14:08:00-04:00,352.79998779296875,352.79998779296875,352.8599853515625,352.5,352.6199951171875,27150
2026-07-20 14:10:00-04:00,352.6499938964844,352.6499938964844,352.7799987792969,352.4800109863281,352.7799987792969,27419
2026-07-20 14:12:00-04:00,352.4150085449219,352.4150085449219,352.6700134277344,352.25,352.6499938964844,31116
2026-07-20 14:14:00-04:00,352.6600036621094,352.6600036621094,352.7550048828125,352.3900146484375,352.42498779296875,20805
2026-07-20 14:16:00-04:00,352.8699951171875,352.8699951171875,353.0,352.590087890625,352.6719055175781,24725
2026-07-20 14:18:00-04:00,352.5299987792969,352.5299987792969,352.8699951171875,352.4599914550781,352.8599853515625,29311
2026-07-20 14:20:00-04:00,352.3999938964844,352.3999938964844,352.6099853515625,352.2500915527344,352.5299987792969,35161
2026-07-20 14:22:00-04:00,352.0203857421875,352.0203857421875,352.44000244140625,352.0199890136719,352.4100036621094,25694
2026-07-20 14:24:00-04:00,351.9898986816406,351.9898986816406,352.0799865722656,351.7699890136719,352.0400085449219,30345
2026-07-20 14:26:00-04:00,351.75,351.75,351.9798889160156,351.5801086425781,351.9798889160156,35730
2026-07-20 14:28:00-04:00,351.75,351.75,351.822998046875,351.6099853515625,351.7200012207031,30401
2026-07-20 14:30:00-04:00,351.44000244140625,351.44000244140625,351.70001220703125,351.25,351.70001220703125,35900
2026-07-20 14:32:00-04:00,351.2250061035156,351.2250061035156,351.4798889160156,351.1600036621094,351.4100036621094,33589
2026-07-20 14:34:00-04:00,351.2099914550781,351.2099914550781,351.2799987792969,351.0751037597656,351.2250061035156,26873
2026-07-20 14:36:00-04:00,351.25,351.25,351.3840026855469,351.17999267578125,351.19000244140625,26952
2026-07-20 14:38:00-04:00,351.17999267578125,351.17999267578125,351.3699951171875,351.1199951171875,351.260009765625,37356
2026-07-20 14:40:00-04:00,350.8550109863281,350.8550109863281,351.2300109863281,350.67999267578125,351.17498779296875,71886
2026-07-20 14:42:00-04:00,350.82501220703125,350.82501220703125,350.9649963378906,350.7049865722656,350.8550109863281,48224
2026-07-20 14:44:00-04:00,350.54998779296875,350.54998779296875,350.9198913574219,350.510009765625,350.7900085449219,43145
2026-07-20 14:46:00-04:00,350.98431396484375,350.98431396484375,351.0498962402344,350.4601135253906,350.5299987792969,35503
2026-07-20 14:48:00-04:00,351.0299987792969,351.0299987792969,351.1300048828125,350.81500244140625,350.9801025390625,33802
2026-07-20 14:50:00-04:00,351.04998779296875,351.04998779296875,351.1300048828125,350.92999267578125,350.9800109863281,24547
2026-07-20 14:52:00-04:00,351.0849914550781,351.0849914550781,351.25,350.9599914550781,351.0199890136719,22745
2026-07-20 14:54:00-04:00,350.9700012207031,350.9700012207031,351.1000061035156,350.9200134277344,351.0950012207031,32608
2026-07-20 14:56:00-04:00,351.19000244140625,351.19000244140625,351.2074890136719,350.8988952636719,351.0,28591
2026-07-20 14:58:00-04:00,351.3500061035156,351.3500061035156,351.4200134277344,351.1199951171875,351.17999267578125,63072
2026-07-20 15:00:00-04:00,351.7250061035156,351.7250061035156,351.82000732421875,351.2799987792969,351.30999755859375,54998
2026-07-20 15:02:00-04:00,351.6499938964844,351.6499938964844,351.79998779296875,351.5799865722656,351.7300109863281,42393
2026-07-20 15:04:00-04:00,351.7550048828125,351.7550048828125,351.8900146484375,351.54998779296875,351.6600036621094,38839
2026-07-20 15:06:00-04:00,351.75,351.75,352.0150146484375,351.6700134277344,351.7699890136719,42668
2026-07-20 15:08:00-04:00,352.0799865722656,352.0799865722656,352.1499938964844,351.55499267578125,351.739990234375,30180
2026-07-20 15:10:00-04:00,352.05999755859375,352.05999755859375,352.2699890136719,351.9800109863281,352.04998779296875,33703
2026-07-20 15:12:00-04:00,351.9049987792969,351.9049987792969,352.29998779296875,351.8500061035156,352.0299987792969,49885
2026-07-20 15:14:00-04:00,351.7049865722656,351.7049865722656,351.92999267578125,351.6099853515625,351.90509033203125,29802
2026-07-20 15:16:00-04:00,351.8800048828125,351.8800048828125,351.989990234375,351.7001037597656,351.7001037597656,19028
2026-07-20 15:18:00-04:00,351.6400146484375,351.6400146484375,351.8699951171875,351.6400146484375,351.8699951171875,15596
2026-07-20 15:20:00-04:00,351.6300048828125,351.6300048828125,351.760009765625,351.5899963378906,351.6600036621094,15828
2026-07-20 15:22:00-04:00,351.82000732421875,351.82000732421875,351.8500061035156,351.6099853515625,351.6449890136719,21227
2026-07-20 15:24:00-04:00,351.7300109863281,351.7300109863281,351.9100036621094,351.6499938964844,351.7699890136719,21800
2026-07-20 15:26:00-04:00,351.75,351.75,351.8291015625,351.5799865722656,351.7200012207031,25676
2026-07-20 15:28:00-04:00,351.8999938964844,351.8999938964844,352.1000061035156,351.55999755859375,351.7799987792969,42249
2026-07-20 15:30:00-04:00,352.5199890136719,352.5199890136719,352.55999755859375,351.8999938964844,351.95001220703125,30917
2026-07-20 15:32:00-04:00,352.4800109863281,352.4800109863281,352.7099914550781,352.4599914550781,352.510009765625,34802
2026-07-20 15:34:00-04:00,352.44000244140625,352.44000244140625,352.5799865722656,352.32000732421875,352.5198974609375,22391
2026-07-20 15:36:00-04:00,352.42999267578125,352.42999267578125,352.5299987792969,352.3599853515625,352.4150085449219,25321
2026-07-20 15:38:00-04:00,352.5950012207031,352.5950012207031,352.8599853515625,352.4100036621094,352.5098876953125,33410
2026-07-20 15:40:00-04:00,352.68499755859375,352.68499755859375,352.68499755859375,352.4200134277344,352.5950012207031,28617
2026-07-20 15:42:00-04:00,352.6199951171875,352.6199951171875,352.7900085449219,352.4100036621094,352.6700134277344,25493
2026-07-20 15:44:00-04:00,352.2550048828125,352.2550048828125,352.6549987792969,352.19049072265625,352.63250732421875,55919
2026-07-20 15:46:00-04:00,352.55999755859375,352.55999755859375,352.8800048828125,352.17999267578125,352.2149963378906,78815
2026-07-20 15:48:00-04:00,352.3999938964844,352.3999938964844,352.6400146484375,352.18499755859375,352.57501220703125,50687
2026-07-20 15:50:00-04:00,351.9700012207031,351.9700012207031,352.3299865722656,351.42999267578125,352.3299865722656,107291
2026-07-20 15:52:00-04:00,351.7699890136719,351.7699890136719,352.010009765625,351.70001220703125,351.9649963378906,84845
2026-07-20 15:54:00-04:00,351.9800109863281,351.9800109863281,352.1300048828125,351.239990234375,351.7699890136719,162851
2026-07-20 15:56:00-04:00,351.5400085449219,351.5400085449219,352.1099853515625,351.5,351.9700012207031,183075
2026-07-20 15:58:00-04:00,351.510009765625,351.510009765625,351.6199951171875,351.1000061035156,351.5400085449219,408825
2026-07-21 09:30:00-04:00,349.31500244140625,349.31500244140625,350.67999267578125,346.88189697265625,350.55999755859375,1038901
2026-07-21 09:32:00-04:00,349.8699951171875,349.8699951171875,350.5400085449219,348.8500061035156,349.3500061035156,126557
2026-07-21 09:34:00-04:00,348.875,348.875,350.0,348.6099853515625,349.8924865722656,97487
2026-07-21 09:36:00-04:00,348.114990234375,348.114990234375,349.5150146484375,347.7099914550781,348.94000244140625,109628
2026-07-21 09:38:00-04:00,349.32501220703125,349.32501220703125,349.6000061035156,348.1199951171875,348.1600036621094,85802
2026-07-21 09:40:00-04:00,349.239990234375,349.239990234375,349.70001220703125,348.9057922363281,349.3472900390625,85675
2026-07-21 09:42:00-04:00,349.20001220703125,349.20001220703125,349.8500061035156,349.0,349.19500732421875,78563
2026-07-21 09:44:00-04:00,348.7349853515625,348.7349853515625,349.7799987792969,348.6900939941406,349.07501220703125,66520
2026-07-21 09:46:00-04:00,348.56500244140625,348.56500244140625,348.95001220703125,348.42999267578125,348.760009765625,53901
2026-07-21 09:48:00-04:00,347.8398132324219,347.8398132324219,348.6099853515625,347.5400085449219,348.6000061035156,106198
2026-07-21 09:50:00-04:00,347.7950134277344,347.7950134277344,348.1300048828125,347.75,347.92999267578125,66773
2026-07-21 09:52:00-04:00,348.69500732421875,348.69500732421875,348.8251037597656,347.7300109863281,347.7699890136719,87498
2026-07-21 09:54:00-04:00,348.57501220703125,348.57501220703125,348.8900146484375,348.4599914550781,348.7099914550781,44708
2026-07-21 09:56:00-04:00,348.6499938964844,348.6499938964844,348.89898681640625,348.3500061035156,348.5199890136719,26153
2026-07-21 09:58:00-04:00,349.1449890136719,349.1449890136719,349.489990234375,348.510009765625,348.6000061035156,52886
2026-07-21 10:00:00-04:00,348.7699890136719,348.7699890136719,349.2799987792969,348.6600036621094,349.2149963378906,64402
2026-07-21 10:02:00-04:00,348.8341064453125,348.8341064453125,349.0,348.6300048828125,348.864990234375,44410
2026-07-21 10:04:00-04:00,349.17999267578125,349.17999267578125,349.44830322265625,348.8999938964844,348.94000244140625,64975
2026-07-21 10:06:00-04:00,348.6950988769531,348.6950988769531,349.3800048828125,348.6600036621094,349.19000244140625,43912
2026-07-21 10:08:00-04:00,349.010009765625,349.010009765625,349.180908203125,348.5,348.7300109863281,49744
2026-07-21 10:10:00-04:00,348.6000061035156,348.6000061035156,348.9700012207031,348.3900146484375,348.9700012207031,44673
2026-07-21 10:12:00-04:00,348.84051513671875,348.84051513671875,348.9800109863281,348.54998779296875,348.6400146484375,45080
2026-07-21 10:14:00-04:00,348.6099853515625,348.6099853515625,349.07000732421875,348.3999938964844,348.8599853515625,44628
2026-07-21 10:16:00-04:00,348.82000732421875,348.82000732421875,348.82000732421875,348.04998779296875,348.6099853515625,69735
2026-07-21 10:18:00-04:00,348.7650146484375,348.7650146484375,348.9800109863281,348.55999755859375,348.7900085449219,47432
2026-07-21 10:20:00-04:00,348.8800048828125,348.8800048828125,348.94000244140625,348.5506896972656,348.7900085449219,44685
2026-07-21 10:22:00-04:00,349.1675109863281,349.1675109863281,349.4992980957031,348.82000732421875,348.9200134277344,60862
2026-07-21 10:24:00-04:00,348.8900146484375,348.8900146484375,349.25,348.5899963378906,349.19000244140625,33264
2026-07-21 10:26:00-04:00,348.92999267578125,348.92999267578125,348.9800109863281,348.564697265625,348.8900146484375,38832
2026-07-21 10:28:00-04:00,348.8099060058594,348.8099060058594,349.0799865722656,348.6300048828125,348.95001220703125,52148
2026-07-21 10:30:00-04:00,348.8023986816406,348.8023986816406,348.8099060058594,348.489990234375,348.739990234375,29806
2026-07-21 10:32:00-04:00,348.5400085449219,348.5400085449219,348.80999755859375,348.30108642578125,348.79998779296875,50950
2026-07-21 10:34:00-04:00,348.20001220703125,348.20001220703125,348.6000061035156,348.1099853515625,348.5400085449219,50948
2026-07-21 10:36:00-04:00,348.4700012207031,348.4700012207031,348.5,348.0299987792969,348.2099914550781,52562
2026-07-21 10:38:00-04:00,348.1400146484375,348.1400146484375,348.489990234375,347.95001220703125,348.489990234375,78690
2026-07-21 10:40:00-04:00,347.5050048828125,347.5050048828125,348.3299865722656,347.4100036621094,348.1050109863281,57072
2026-07-21 10:42:00-04:00,347.7049865722656,347.7049865722656,347.8085021972656,347.30999755859375,347.5050048828125,52342
2026-07-21 10:44:00-04:00,347.8500061035156,347.8500061035156,347.9700012207031,347.54998779296875,347.6499938964844,44422
2026-07-21 10:46:00-04:00,348.07000732421875,348.07000732421875,348.3172912597656,347.864990234375,347.864990234375,37953
2026-07-21 10:48:00-04:00,348.32000732421875,348.32000732421875,348.5,347.95001220703125,348.0639953613281,46657
2026-07-21 10:50:00-04:00,348.8699951171875,348.8699951171875,348.9599914550781,348.2799987792969,348.3200988769531,45453
2026-07-21 10:52:00-04:00,348.95001220703125,348.95001220703125,348.9849853515625,348.80999755859375,348.8999938964844,56237
2026-07-21 10:54:00-04:00,348.8500061035156,348.8500061035156,349.125,348.69000244140625,348.9049987792969,49948
2026-07-21 10:56:00-04:00,348.1099853515625,348.1099853515625,348.92999267578125,348.1000061035156,348.89410400390625,41838
2026-07-21 10:58:00-04:00,348.2980041503906,348.2980041503906,348.3800048828125,348.1000061035156,348.17999267578125,29279
2026-07-21 11:00:00-04:00,348.1700134277344,348.1700134277344,349.6700134277344,347.57000732421875,348.32000732421875,167131
2026-07-21 11:02:00-04:00,347.5400085449219,347.5400085449219,348.2300109863281,347.3599853515625,348.20001220703125,47471
2026-07-21 11:04:00-04:00,347.5899963378906,347.5899963378906,347.8399963378906,347.4100036621094,347.5299987792969,41207
2026-07-21 11:06:00-04:00,348.0299987792969,348.0299987792969,348.1600036621094,347.4949951171875,347.5249938964844,24983
2026-07-21 11:08:00-04:00,348.260009765625,348.260009765625,348.29998779296875,347.739990234375,348.04998779296875,46934
2026-07-21 11:10:00-04:00,348.1549987792969,348.1549987792969,348.3599853515625,348.0299987792969,348.2099914550781,33757
2026-07-21 11:12:00-04:00,347.9949951171875,347.9949951171875,348.260009765625,347.989990234375,348.1600036621094,41799
2026-07-21 11:14:00-04:00,348.04998779296875,348.04998779296875,348.1499938964844,347.95001220703125,347.9700012207031,52906
2026-07-21 11:16:00-04:00,348.1099853515625,348.1099853515625,348.1099853515625,347.94000244140625,348.07000732421875,47068
2026-07-21 11:18:00-04:00,347.9049987792969,347.9049987792969,348.385009765625,347.8800048828125,348.0799865722656,42346
2026-07-21 11:20:00-04:00,347.7300109863281,347.7300109863281,348.1700134277344,347.55999755859375,347.9049987792969,47960
2026-07-21 11:22:00-04:00,347.9070129394531,347.9070129394531,347.989990234375,347.6700134277344,347.82000732421875,38521
2026-07-21 11:24:00-04:00,347.4599914550781,347.4599914550781,347.9700012207031,347.3800048828125,347.9617004394531,43669
2026-07-21 11:26:00-04:00,347.6400146484375,347.6400146484375,347.69000244140625,347.25,347.44000244140625,46143
2026-07-21 11:28:00-04:00,347.45001220703125,347.45001220703125,347.69989013671875,347.3399963378906,347.69989013671875,42776
2026-07-21 11:30:00-04:00,347.78948974609375,347.78948974609375,347.8900146484375,347.29998779296875,347.40509033203125,59582
2026-07-21 11:32:00-04:00,347.6000061035156,347.6000061035156,347.80999755859375,347.44000244140625,347.739990234375,48558
2026-07-21 11:34:00-04:00,348.3399963378906,348.3399963378906,348.4800109863281,347.5199890136719,347.55999755859375,91242
2026-07-21 11:36:00-04:00,348.67999267578125,348.67999267578125,348.7799987792969,348.3100891113281,348.3100891113281,55852
2026-07-21 11:38:00-04:00,348.3999938964844,348.3999938964844,348.8599853515625,348.3999938964844,348.6700134277344,59471
2026-07-21 11:40:00-04:00,348.4649963378906,348.4649963378906,348.6700134277344,348.3500061035156,348.4200134277344,32835
2026-07-21 11:42:00-04:00,348.8200988769531,348.8200988769531,348.9599914550781,348.3500061035156,348.3999938964844,30369
2026-07-21 11:44:00-04:00,348.8399963378906,348.8399963378906,348.9599914550781,348.75,348.8500061035156,44865
2026-07-21 11:46:00-04:00,348.6499938964844,348.6499938964844,348.8299865722656,348.5199890136719,348.81500244140625,34016
2026-07-21 11:48:00-04:00,348.6000061035156,348.6000061035156,348.7099914550781,348.42999267578125,348.614990234375,48402
2026-07-21 11:50:00-04:00,348.7699890136719,348.7699890136719,348.82000732421875,348.5400085449219,348.5799865722656,26864
2026-07-21 11:52:00-04:00,349.0299987792969,349.0299987792969,349.0299987792969,348.7900085449219,348.7900085449219,47245
2026-07-21 11:54:00-04:00,349.0700988769531,349.0700988769531,349.239990234375,348.8399963378906,349.0199890136719,59052
2026-07-21 11:56:00-04:00,349.1050109863281,349.1050109863281,349.32000732421875,349.0400085449219,349.1199951171875,32957
2026-07-21 11:58:00-04:00,348.6400146484375,348.6400146484375,349.1054992675781,348.51300048828125,349.1000061035156,50787
2026-07-21 12:00:00-04:00,348.6600036621094,348.6600036621094,348.8999938964844,348.5899963378906,348.6400146484375,25790
2026-07-21 12:02:00-04:00,348.56988525390625,348.56988525390625,348.7699890136719,348.510009765625,348.635009765625,20776
2026-07-21 12:04:00-04:00,348.44000244140625,348.44000244140625,348.57000732421875,348.2701110839844,348.55499267578125,44354
2026-07-21 12:06:00-04:00,348.41839599609375,348.41839599609375,348.5799865722656,348.2300109863281,348.42999267578125,35627
2026-07-21 12:08:00-04:00,348.5400085449219,348.5400085449219,348.54998779296875,348.3399963378906,348.3800048828125,34023
2026-07-21 12:10:00-04:00,348.489990234375,348.489990234375,348.5799865722656,348.4150085449219,348.54998779296875,31683
2026-07-21 12:12:00-04:00,348.6199951171875,348.6199951171875,348.68499755859375,348.3800048828125,348.5400085449219,26593
2026-07-21 12:14:00-04:00,348.75,348.75,348.8599853515625,348.5799865722656,348.6199951171875,49972
2026-07-21 12:16:00-04:00,348.3699951171875,348.3699951171875,348.7300109863281,348.3299865722656,348.7200012207031,78011
2026-07-21 12:18:00-04:00,348.6400146484375,348.6400146484375,348.6600036621094,348.2699890136719,348.3599853515625,35961
2026-07-21 12:20:00-04:00,348.6000061035156,348.6000061035156,348.82000732421875,348.6000061035156,348.6400146484375,39411
2026-07-21 12:22:00-04:00,348.5398864746094,348.5398864746094,348.7699890136719,348.4599914550781,348.6000061035156,30369
2026-07-21 12:24:00-04:00,348.6499938964844,348.6499938964844,348.7200012207031,348.4100036621094,348.510009765625,47996
2026-07-21 12:26:00-04:00,348.7650146484375,348.7650146484375,348.8299865722656,348.625,348.6400146484375,24080
2026-07-21 12:28:00-04:00,348.9100036621094,348.9100036621094,349.0,348.7900085449219,348.79998779296875,40084
2026-07-21 12:30:00-04:00,348.7650146484375,348.7650146484375,349.0199890136719,348.75,348.8900146484375,59026
2026-07-21 12:32:00-04:00,349.0150146484375,349.0150146484375,349.05999755859375,348.6600036621094,348.7300109863281,25503
2026-07-21 12:34:00-04:00,348.9798889160156,348.9798889160156,349.1650085449219,348.94000244140625,349.04998779296875,88886
2026-07-21 12:36:00-04:00,349.2239990234375,349.2239990234375,349.2900085449219,348.9700012207031,348.9750061035156,38122
2026-07-21 12:38:00-04:00,349.0350036621094,349.0350036621094,349.239990234375,349.0,349.20001220703125,31130
2026-07-21 12:40:00-04:00,348.9700012207031,348.9700012207031,349.07000732421875,348.8800048828125,349.04998779296875,30029
2026-07-21 12:42:00-04:00,349.010009765625,349.010009765625,349.0382995605469,348.8951110839844,348.9599914550781,36469
2026-07-21 12:44:00-04:00,348.864990234375,348.864990234375,349.04998779296875,348.8450012207031,348.9949951171875,29685
2026-07-21 12:46:00-04:00,348.9100036621094,348.9100036621094,348.9200134277344,348.5199890136719,348.8399963378906,38910
2026-07-21 12:48:00-04:00,348.6199951171875,348.6199951171875,348.9200134277344,348.6199951171875,348.9100036621094,56265
2026-07-21 12:50:00-04:00,348.2616882324219,348.2616882324219,348.739990234375,348.1705017089844,348.6099853515625,75213
2026-07-21 12:52:00-04:00,348.5400085449219,348.5400085449219,348.6000061035156,348.20001220703125,348.260009765625,70438
2026-07-21 12:54:00-04:00,348.81500244140625,348.81500244140625,348.8699951171875,348.5299987792969,348.5400085449219,51388
2026-07-21 12:56:00-04:00,348.7699890136719,348.7699890136719,348.94000244140625,348.6000061035156,348.79010009765625,49238
2026-07-21 12:58:00-04:00,348.6000061035156,348.6000061035156,348.84991455078125,348.54998779296875,348.7300109863281,32655
2026-07-21 13:00:00-04:00,348.9100036621094,348.9100036621094,348.9100036621094,348.510009765625,348.6099853515625,37890
2026-07-21 13:02:00-04:00,348.7300109863281,348.7300109863281,348.9100036621094,348.67999267578125,348.9100036621094,65067
2026-07-21 13:04:00-04:00,348.4444885253906,348.4444885253906,348.75,348.44000244140625,348.75,28317
2026-07-21 13:06:00-04:00,348.125,348.125,348.4649963378906,348.1000061035156,348.4649963378906,39139
2026-07-21 13:08:00-04:00,348.2099914550781,348.2099914550781,348.29998779296875,348.05499267578125,348.0899963378906,34396
2026-07-21 13:10:00-04:00,348.1700134277344,348.1700134277344,348.30999755859375,348.1499938964844,348.23529052734375,29388
2026-07-21 13:12:00-04:00,348.32501220703125,348.32501220703125,348.3399963378906,348.1499938964844,348.1499938964844,29271
2026-07-21 13:14:00-04:00,348.2699890136719,348.2699890136719,348.4200134277344,348.2200012207031,348.3450012207031,34702
2026-07-21 13:16:00-04:00,348.32501220703125,348.32501220703125,348.4200134277344,348.2300109863281,348.2699890136719,28617
2026-07-21 13:18:00-04:00,348.3482971191406,348.3482971191406,348.44000244140625,348.30999755859375,348.3500061035156,61384
2026-07-21 13:20:00-04:00,348.3800048828125,348.3800048828125,348.45001220703125,348.30999755859375,348.3699951171875,26014
2026-07-21 13:22:00-04:00,348.364990234375,348.364990234375,348.4200134277344,348.32000732421875,348.3800048828125,28411
2026-07-21 13:24:00-04:00,348.32501220703125,348.32501220703125,348.4100036621094,348.30999755859375,348.3900146484375,27473
2026-07-21 13:26:00-04:00,348.360107421875,348.360107421875,348.4100036621094,348.32501220703125,348.32501220703125,23779
2026-07-21 13:28:00-04:00,348.32501220703125,348.32501220703125,348.45001220703125,348.30999755859375,348.3599853515625,28378
2026-07-21 13:30:00-04:00,348.3700866699219,348.3700866699219,348.3900146484375,348.17999267578125,348.30999755859375,35751
2026-07-21 13:32:00-04:00,348.4949951171875,348.4949951171875,348.57000732421875,348.2900085449219,348.3699951171875,119426
2026-07-21 13:34:00-04:00,348.3500061035156,348.3500061035156,348.5400085449219,348.3399963378906,348.4599914550781,35964
2026-07-21 13:36:00-04:00,348.3550109863281,348.3550109863281,348.4100036621094,348.32000732421875,348.3399963378906,26777
2026-07-21 13:38:00-04:00,348.510009765625,348.510009765625,348.5299987792969,348.32000732421875,348.32379150390625,35611
2026-07-21 13:40:00-04:00,348.5400085449219,348.5400085449219,348.6499938964844,348.510009765625,348.5350036621094,35590
2026-07-21 13:42:00-04:00,348.5,348.5,348.5400085449219,348.3599853515625,348.5400085449219,21321
2026-07-21 13:44:00-04:00,348.2749938964844,348.2749938964844,348.5400085449219,348.2699890136719,348.5150146484375,31549
2026-07-21 13:46:00-04:00,348.29998779296875,348.29998779296875,348.3399963378906,348.25,348.2500915527344,24768
2026-07-21 13:48:00-04:00,348.45001220703125,348.45001220703125,348.5,348.2699890136719,348.30999755859375,25659
2026-07-21 13:50:00-04:00,348.4100036621094,348.4100036621094,348.5799865722656,348.3999938964844,348.42010498046875,28513
2026-07-21 13:52:00-04:00,348.41009521484375,348.41009521484375,348.5199890136719,348.3800048828125,348.4100036621094,26228
2026-07-21 13:54:00-04:00,348.3949890136719,348.3949890136719,348.5,348.3800048828125,348.4200134277344,26419
2026-07-21 13:56:00-04:00,348.4700012207031,348.4700012207031,348.5050048828125,348.3399963378906,348.3999938964844,30040
2026-07-21 13:58:00-04:00,348.42999267578125,348.42999267578125,348.4949951171875,348.4200134277344,348.4800109863281,21050
2026-07-21 14:00:00-04:00,348.3800048828125,348.3800048828125,348.45001220703125,348.2799987792969,348.44000244140625,34177
2026-07-21 14:02:00-04:00,348.29998779296875,348.29998779296875,348.4200134277344,348.25,348.3800048828125,43811
2026-07-21 14:04:00-04:00,348.3299865722656,348.3299865722656,348.4200134277344,348.29998779296875,348.3399963378906,24551
2026-07-21 14:06:00-04:00,348.3450012207031,348.3450012207031,348.489990234375,348.29998779296875,348.32000732421875,45474
2026-07-21 14:08:00-04:00,348.32000732421875,348.32000732421875,348.42999267578125,348.32000732421875,348.3450012207031,41125
2026-07-21 14:10:00-04:00,348.30999755859375,348.30999755859375,348.4649963378906,348.20001220703125,348.32000732421875,38474
2026-07-21 14:12:00-04:00,348.3399963378906,348.3399963378906,348.4184875488281,348.2799987792969,348.2799987792969,34043
2026-07-21 14:14:00-04:00,348.1400146484375,348.1400146484375,348.3349914550781,348.1400146484375,348.3349914550781,29179
2026-07-21 14:16:00-04:00,348.2349853515625,348.2349853515625,348.260009765625,348.0799865722656,348.1300048828125,36416
2026-07-21 14:18:00-04:00,348.1700134277344,348.1700134277344,348.2900085449219,348.1499938964844,348.2349853515625,25318
2026-07-21 14:20:00-04:00,348.1549987792969,348.1549987792969,348.25,348.1000061035156,348.1600036621094,32752
2026-07-21 14:22:00-04:00,348.375,348.375,348.375,348.1507873535156,348.1549987792969,22020
2026-07-21 14:24:00-04:00,348.2300109863281,348.2300109863281,348.4750061035156,348.2300109863281,348.3999938964844,58287
2026-07-21 14:26:00-04:00,348.1600036621094,348.1600036621094,348.25,348.07000732421875,348.25,24393
2026-07-21 14:28:00-04:00,348.20001220703125,348.20001220703125,348.2200012207031,348.0799865722656,348.1499938964844,26910
2026-07-21 14:30:00-04:00,348.05999755859375,348.05999755859375,348.2099914550781,348.04998779296875,348.20001220703125,28211
2026-07-21 14:32:00-04:00,347.9700012207031,347.9700012207031,348.05999755859375,347.8299865722656,348.04998779296875,71496
2026-07-21 14:34:00-04:00,347.94000244140625,347.94000244140625,348.0,347.8599853515625,347.9800109863281,22488
2026-07-21 14:36:00-04:00,347.9649963378906,347.9649963378906,348.125,347.9649963378906,347.9750061035156,25840
2026-07-21 14:38:00-04:00,348.0050048828125,348.0050048828125,348.1440124511719,347.9800109863281,347.9949951171875,31667
2026-07-21 14:40:00-04:00,347.7799987792969,347.7799987792969,348.0132141113281,347.7799987792969,348.0132141113281,49401
2026-07-21 14:42:00-04:00,348.07000732421875,348.07000732421875,348.0899963378906,347.7200012207031,347.79998779296875,36862
2026-07-21 14:44:00-04:00,348.010009765625,348.010009765625,348.1000061035156,347.8735046386719,348.1000061035156,33958
2026-07-21 14:46:00-04:00,347.94000244140625,347.94000244140625,348.0199890136719,347.8999938964844,347.989990234375,26506
2026-07-21 14:48:00-04:00,348.0198974609375,348.0198974609375,348.04998779296875,347.94000244140625,347.9700012207031,44430
2026-07-21 14:50:00-04:00,347.9100036621094,347.9100036621094,348.0199890136719,347.80999755859375,348.0050048828125,24176
2026-07-21 14:52:00-04:00,347.8349914550781,347.8349914550781,347.9999084472656,347.82000732421875,347.9049987792969,19099
2026-07-21 14:54:00-04:00,348.2449951171875,348.2449951171875,348.2900085449219,347.7500915527344,347.8500061035156,65067
2026-07-21 14:56:00-04:00,347.9599914550781,347.9599914550781,348.3599853515625,347.92999267578125,348.2300109863281,39823
2026-07-21 14:58:00-04:00,347.9100036621094,347.9100036621094,347.989990234375,347.7909851074219,347.9744873046875,27938
2026-07-21 15:00:00-04:00,347.8800048828125,347.8800048828125,348.010009765625,347.8500061035156,347.9599914550781,25521
2026-07-21 15:02:00-04:00,348.0400085449219,348.0400085449219,348.1300048828125,347.79998779296875,347.8999938964844,31916
2026-07-21 15:04:00-04:00,348.2900085449219,348.2900085449219,348.2900085449219,348.0,348.0249938964844,28162
2026-07-21 15:06:00-04:00,348.4700012207031,348.4700012207031,348.6000061035156,348.17999267578125,348.25,72878
2026-07-21 15:08:00-04:00,348.55999755859375,348.55999755859375,348.7049865722656,348.4599914550781,348.4700012207031,43332
2026-07-21 15:10:00-04:00,348.3900146484375,348.3900146484375,348.5799865722656,348.1099853515625,348.5400085449219,38764
2026-07-21 15:12:00-04:00,348.5199890136719,348.5199890136719,348.6600036621094,348.3800048828125,348.3999938964844,40760
2026-07-21 15:14:00-04:00,348.7001037597656,348.7001037597656,348.95001220703125,348.489990234375,348.5249938964844,46827
2026-07-21 15:16:00-04:00,348.739990234375,348.739990234375,348.8599853515625,348.57000732421875,348.7799987792969,48449
2026-07-21 15:18:00-04:00,348.79998779296875,348.79998779296875,348.8599853515625,348.68499755859375,348.70001220703125,31952
2026-07-21 15:20:00-04:00,348.5398864746094,348.5398864746094,348.82000732421875,348.5199890136719,348.79998779296875,31987
2026-07-21 15:22:00-04:00,348.43499755859375,348.43499755859375,348.59991455078125,348.3800048828125,348.510009765625,25833
2026-07-21 15:24:00-04:00,348.5199890136719,348.5199890136719,348.5799865722656,348.4100036621094,348.43499755859375,30740
2026-07-21 15:26:00-04:00,348.6260986328125,348.6260986328125,348.689208984375,348.510009765625,348.5400085449219,32657
2026-07-21 15:28:00-04:00,348.79998779296875,348.79998779296875,348.8424987792969,348.6400146484375,348.6400146484375,52341
2026-07-21 15:30:00-04:00,348.7799987792969,348.7799987792969,349.0150146484375,348.7799987792969,348.8299865722656,64734
2026-07-21 15:32:00-04:00,348.75,348.75,348.8500061035156,348.6700134277344,348.7799987792969,49508
2026-07-21 15:34:00-04:00,348.4100036621094,348.4100036621094,348.7799987792969,348.3299865722656,348.7650146484375,49401
2026-07-21 15:36:00-04:00,348.364990234375,348.364990234375,348.489990234375,348.3299865722656,348.4100036621094,41639
2026-07-21 15:38:00-04:00,348.4100036621094,348.4100036621094,348.45001220703125,348.30999755859375,348.364990234375,62413
2026-07-21 15:40:00-04:00,348.1650085449219,348.1650085449219,348.3999938964844,348.1650085449219,348.3999938964844,47139
2026-07-21 15:42:00-04:00,348.2799987792969,348.2799987792969,348.29998779296875,347.9200134277344,348.1700134277344,73518
2026-07-21 15:44:00-04:00,348.04998779296875,348.04998779296875,348.4200134277344,348.04998779296875,348.268798828125,51965
2026-07-21 15:46:00-04:00,348.0,348.0,348.139892578125,347.8999938964844,348.06500244140625,57833
2026-07-21 15:48:00-04:00,348.17498779296875,348.17498779296875,348.21929931640625,347.8999938964844,347.9800109863281,57587
2026-07-21 15:50:00-04:00,347.54998779296875,347.54998779296875,348.29998779296875,347.4100036621094,348.1499938964844,145251
2026-07-21 15:52:00-04:00,347.2799987792969,347.2799987792969,347.6400146484375,347.25,347.5299987792969,109752
2026-07-21 15:54:00-04:00,346.385009765625,346.385009765625,347.3399963378906,346.3399963378906,347.29998779296875,309622
2026-07-21 15:56:00-04:00,346.2349853515625,346.2349853515625,346.6199951171875,346.2200012207031,346.385009765625,205672
2026-07-21 15:58:00-04:00,346.19000244140625,346.19000244140625,346.3599853515625,346.010009765625,346.2300109863281,504948
2026-07-22 09:30:00-04:00,346.4100036621094,346.4100036621094,348.0,345.6700134277344,347.2699890136719,601878
2026-07-22 09:32:00-04:00,347.19989013671875,347.19989013671875,347.4649963378906,345.94000244140625,346.3999938964844,110683
2026-07-22 09:34:00-04:00,346.80499267578125,346.80499267578125,347.4200134277344,346.25,347.0899963378906,93449
2026-07-22 09:36:00-04:00,347.0400085449219,347.0400085449219,347.5675048828125,346.25,346.7099914550781,129007
2026-07-22 09:38:00-04:00,346.19500732421875,346.19500732421875,347.1600036621094,345.8299865722656,347.0849914550781,82485
2026-07-22 09:40:00-04:00,345.760498046875,345.760498046875,346.2099914550781,345.68011474609375,346.1199951171875,94769
2026-07-22 09:42:00-04:00,346.3500061035156,346.3500061035156,346.3800048828125,345.7200012207031,345.8699951171875,91855
2026-07-22 09:44:00-04:00,346.8599853515625,346.8599853515625,346.9100036621094,346.1000061035156,346.3678894042969,79626
2026-07-22 09:46:00-04:00,347.0799865722656,347.0799865722656,347.3999938964844,346.8800048828125,346.9200134277344,118749
2026-07-22 09:48:00-04:00,347.9599914550781,347.9599914550781,348.1000061035156,347.04998779296875,347.1499938964844,85080
2026-07-22 09:50:00-04:00,347.2533874511719,347.2533874511719,348.1199951171875,347.1300048828125,347.92498779296875,73856
2026-07-22 09:52:00-04:00,347.2550048828125,347.2550048828125,347.5400085449219,346.75,347.239990234375,75236
2026-07-22 09:54:00-04:00,346.8299865722656,346.8299865722656,347.3999938964844,346.79998779296875,347.2550048828125,66514
2026-07-22 09:56:00-04:00,347.3999938964844,347.3999938964844,347.4800109863281,346.7200012207031,346.8900146484375,59325
2026-07-22 09:58:00-04:00,347.82000732421875,347.82000732421875,347.82000732421875,347.20001220703125,347.3999938964844,70223
2026-07-22 10:00:00-04:00,348.4599914550781,348.4599914550781,348.58990478515625,347.55999755859375,347.8399963378906,122632
2026-07-22 10:02:00-04:00,348.3399963378906,348.3399963378906,348.739990234375,348.1199951171875,348.489990234375,97102
2026-07-22 10:04:00-04:00,349.04010009765625,349.04010009765625,349.1098937988281,348.0400085449219,348.3399963378906,108034
2026-07-22 10:06:00-04:00,348.8999938964844,348.8999938964844,349.45001220703125,348.8999938964844,349.0799865722656,127773
2026-07-22 10:08:00-04:00,348.2550048828125,348.2550048828125,348.9486999511719,348.25,348.9200134277344,54065
2026-07-22 10:10:00-04:00,347.3800048828125,347.3800048828125,348.4798889160156,347.3800048828125,348.2900085449219,67105
2026-07-22 10:12:00-04:00,347.70001220703125,347.70001220703125,347.7799072265625,347.1099853515625,347.3399963378906,115492
2026-07-22 10:14:00-04:00,347.6199035644531,347.6199035644531,347.95001220703125,347.510009765625,347.760009765625,62720
2026-07-22 10:16:00-04:00,347.82000732421875,347.82000732421875,347.82501220703125,347.3949890136719,347.6199951171875,52605
2026-07-22 10:18:00-04:00,347.6300048828125,347.6300048828125,348.1600036621094,347.5199890136719,347.7701110839844,59776
2026-07-22 10:20:00-04:00,347.55999755859375,347.55999755859375,347.8598937988281,347.5199890136719,347.5899963378906,44039
2026-07-22 10:22:00-04:00,347.2699890136719,347.2699890136719,347.6600036621094,346.9100036621094,347.614990234375,63942
2026-07-22 10:24:00-04:00,347.2250061035156,347.2250061035156,347.54998779296875,346.94000244140625,347.2699890136719,58896
2026-07-22 10:26:00-04:00,346.8900146484375,346.8900146484375,347.2200012207031,346.75,347.1900939941406,58030
2026-07-22 10:28:00-04:00,347.385009765625,347.385009765625,347.489990234375,346.82000732421875,346.8500061035156,88314
2026-07-22 10:30:00-04:00,347.8999938964844,347.8999938964844,347.8999938964844,347.04998779296875,347.385009765625,406631
2026-07-22 10:32:00-04:00,348.1650085449219,348.1650085449219,348.2099914550781,347.760009765625,347.85369873046875,88528
2026-07-22 10:34:00-04:00,347.9200134277344,347.9200134277344,348.1650085449219,347.82000732421875,348.1650085449219,67116
2026-07-22 10:36:00-04:00,347.7200012207031,347.7200012207031,348.05999755859375,347.65008544921875,347.97320556640625,70571
2026-07-22 10:38:00-04:00,347.6700134277344,347.6700134277344,347.94989013671875,347.4800109863281,347.7049865722656,48026
2026-07-22 10:40:00-04:00,347.4599914550781,347.4599914550781,347.80499267578125,347.4200134277344,347.70001220703125,83744
2026-07-22 10:42:00-04:00,347.69500732421875,347.69500732421875,347.82000732421875,347.42999267578125,347.42999267578125,124738
2026-07-22 10:44:00-04:00,347.5299987792969,347.5299987792969,347.8599853515625,347.2900085449219,347.7300109863281,68816
2026-07-22 10:46:00-04:00,347.760009765625,347.760009765625,347.8599853515625,347.4849853515625,347.6000061035156,31281
2026-07-22 10:48:00-04:00,347.5849914550781,347.5849914550781,347.82000732421875,347.4200134277344,347.7650146484375,42036
2026-07-22 10:50:00-04:00,347.67999267578125,347.67999267578125,347.8399963378906,347.5199890136719,347.5299987792969,29689
2026-07-22 10:52:00-04:00,347.5199890136719,347.5199890136719,347.7950134277344,347.5199890136719,347.67999267578125,30547
2026-07-22 10:54:00-04:00,346.7950134277344,346.7950134277344,347.55499267578125,346.7699890136719,347.55499267578125,101487
2026-07-22 10:56:00-04:00,347.0799865722656,347.0799865722656,347.0849914550781,346.7200012207031,346.8299865722656,78957
2026-07-22 10:58:00-04:00,347.4200134277344,347.4200134277344,347.55999755859375,347.1300048828125,347.1300048828125,37815
2026-07-22 11:00:00-04:00,347.6650085449219,347.6650085449219,347.8900146484375,347.3900146484375,347.3999938964844,63455
2026-07-22 11:02:00-04:00,347.5799865722656,347.5799865722656,347.989990234375,347.57000732421875,347.6700134277344,58092
2026-07-22 11:04:00-04:00,347.7449951171875,347.7449951171875,347.82501220703125,347.5849914550781,347.6000061035156,45873
2026-07-22 11:06:00-04:00,347.70001220703125,347.70001220703125,347.8800048828125,347.6300048828125,347.7099914550781,55692
2026-07-22 11:08:00-04:00,347.42999267578125,347.42999267578125,347.739990234375,347.4100036621094,347.739990234375,40031
2026-07-22 11:10:00-04:00,347.42498779296875,347.42498779296875,347.75,347.2099914550781,347.42999267578125,64963
2026-07-22 11:12:00-04:00,346.7699890136719,346.7699890136719,347.46990966796875,346.6000061035156,347.4599914550781,58452
2026-07-22 11:14:00-04:00,347.010009765625,347.010009765625,347.3299865722656,346.7449951171875,346.75,55286
2026-07-22 11:16:00-04:00,346.6499938964844,346.6499938964844,347.04998779296875,346.6499938964844,347.0400085449219,51161
2026-07-22 11:18:00-04:00,346.82000732421875,346.82000732421875,346.8599853515625,346.3599853515625,346.6000061035156,55365
2026-07-22 11:20:00-04:00,346.9700012207031,346.9700012207031,347.04998779296875,346.6400146484375,346.8399963378906,44708
2026-07-22 11:22:00-04:00,347.07000732421875,347.07000732421875,347.1700134277344,346.7304992675781,346.9700012207031,40546
2026-07-22 11:24:00-04:00,347.05999755859375,347.05999755859375,347.2250061035156,346.9700012207031,347.0,25740
2026-07-22 11:26:00-04:00,346.79998779296875,346.79998779296875,347.1050109863281,346.79998779296875,347.04998779296875,36299
2026-07-22 11:28:00-04:00,346.67498779296875,346.67498779296875,346.8699951171875,346.5299987792969,346.8599853515625,46004
2026-07-22 11:30:00-04:00,346.6499938964844,346.6499938964844,346.82000732421875,346.510009765625,346.67498779296875,42606
2026-07-22 11:32:00-04:00,346.30499267578125,346.30499267578125,346.70001220703125,346.2099914550781,346.6099853515625,61884
2026-07-22 11:34:00-04:00,346.3900146484375,346.3900146484375,346.45001220703125,346.20001220703125,346.2703857421875,56176
2026-07-22 11:36:00-04:00,346.3500061035156,346.3500061035156,346.4800109863281,346.20001220703125,346.3900146484375,58890
2026-07-22 11:38:00-04:00,346.55999755859375,346.55999755859375,346.55999755859375,346.25,346.3399963378906,59682
2026-07-22 11:40:00-04:00,346.7099914550781,346.7099914550781,346.864990234375,346.510009765625,346.54998779296875,64865
2026-07-22 11:42:00-04:00,346.57501220703125,346.57501220703125,347.07000732421875,346.57501220703125,346.7101135253906,48731
2026-07-22 11:44:00-04:00,346.7099914550781,346.7099914550781,346.73040771484375,346.3500061035156,346.55999755859375,41269
2026-07-22 11:46:00-04:00,346.760009765625,346.760009765625,346.7799987792969,346.6300048828125,346.6716003417969,25662
2026-07-22 11:48:00-04:00,346.80999755859375,346.80999755859375,346.92999267578125,346.6099853515625,346.75,41575
2026-07-22 11:50:00-04:00,346.8800048828125,346.8800048828125,347.1199951171875,346.8399963378906,346.8949890136719,59527
2026-07-22 11:52:00-04:00,346.8599853515625,346.8599853515625,347.0098876953125,346.79998779296875,346.84979248046875,52661
2026-07-22 11:54:00-04:00,346.94000244140625,346.94000244140625,347.0450134277344,346.7178039550781,346.8500061035156,50879
2026-07-22 11:56:00-04:00,346.9200134277344,346.9200134277344,346.9798889160156,346.80999755859375,346.8900146484375,38727
2026-07-22 11:58:00-04:00,347.1300048828125,347.1300048828125,347.1400146484375,346.8500061035156,346.9200134277344,40018
2026-07-22 12:00:00-04:00,346.7099914550781,346.7099914550781,347.1199951171875,346.70001220703125,347.1199951171875,37156
2026-07-22 12:02:00-04:00,346.7900085449219,346.7900085449219,346.8900146484375,346.6600036621094,346.7264099121094,57047
2026-07-22 12:04:00-04:00,346.69500732421875,346.69500732421875,346.82000732421875,346.55999755859375,346.7349853515625,52252
2026-07-22 12:06:00-04:00,346.95001220703125,346.95001220703125,346.95050048828125,346.6499938964844,346.7001037597656,48830
2026-07-22 12:08:00-04:00,346.7550048828125,346.7550048828125,346.95001220703125,346.6499938964844,346.93499755859375,37257
2026-07-22 12:10:00-04:00,346.7950134277344,346.7950134277344,346.8500061035156,346.6499938964844,346.80999755859375,33680
2026-07-22 12:12:00-04:00,346.8799133300781,346.8799133300781,346.9695129394531,346.7699890136719,346.7950134277344,30093
2026-07-22 12:14:00-04:00,347.2449951171875,347.2449951171875,347.32000732421875,346.8399963378906,346.8550109863281,49858
2026-07-22 12:16:00-04:00,347.30999755859375,347.30999755859375,347.5199890136719,347.1604919433594,347.2449951171875,47657
2026-07-22 12:18:00-04:00,347.4674987792969,347.4674987792969,347.5400085449219,347.20001220703125,347.30999755859375,33414
2026-07-22 12:20:00-04:00,347.44000244140625,347.44000244140625,347.5895080566406,347.30499267578125,347.45001220703125,51373
2026-07-22 12:22:00-04:00,347.42498779296875,347.42498779296875,347.6700134277344,347.3800048828125,347.43499755859375,59692
2026-07-22 12:24:00-04:00,347.39990234375,347.39990234375,347.55999755859375,347.239990234375,347.45001220703125,30026
2026-07-22 12:26:00-04:00,347.45001220703125,347.45001220703125,347.5,347.3299865722656,347.3500061035156,26074
2026-07-22 12:28:00-04:00,347.2900085449219,347.2900085449219,347.45111083984375,347.2799987792969,347.44000244140625,29655
2026-07-22 12:30:00-04:00,347.0150146484375,347.0150146484375,347.3299865722656,346.989990234375,347.2850036621094,32641
2026-07-22 12:32:00-04:00,347.0450134277344,347.0450134277344,347.1000061035156,346.82000732421875,346.9800109863281,39245
2026-07-22 12:34:00-04:00,347.1597900390625,347.1597900390625,347.29998779296875,347.0350036621094,347.0899963378906,24768
2026-07-22 12:36:00-04:00,347.20001220703125,347.20001220703125,347.46978759765625,347.1000061035156,347.1300048828125,31747
2026-07-22 12:38:00-04:00,347.0299987792969,347.0299987792969,347.2049865722656,347.0,347.2049865722656,21632
2026-07-22 12:40:00-04:00,347.0,347.0,347.114990234375,346.95001220703125,347.0450134277344,28367
2026-07-22 12:42:00-04:00,346.8699951171875,346.8699951171875,347.1400146484375,346.75,346.9849853515625,55706
2026-07-22 12:44:00-04:00,347.0350036621094,347.0350036621094,347.04998779296875,346.78009033203125,346.875,32746
2026-07-22 12:46:00-04:00,347.32501220703125,347.32501220703125,347.32501220703125,346.9700927734375,347.0199890136719,36039
2026-07-22 12:48:00-04:00,347.2850036621094,347.2850036621094,347.44000244140625,347.239990234375,347.34991455078125,20643
2026-07-22 12:50:00-04:00,347.0899963378906,347.0899963378906,347.3299865722656,347.06500244140625,347.32000732421875,28391
2026-07-22 12:52:00-04:00,346.8900146484375,346.8900146484375,347.1199951171875,346.8900146484375,347.07000732421875,21111
2026-07-22 12:54:00-04:00,347.125,347.125,347.1499938964844,346.8800048828125,346.8800048828125,51267
2026-07-22 12:56:00-04:00,347.2300109863281,347.2300109863281,347.32000732421875,347.03399658203125,347.1050109863281,38040
2026-07-22 12:58:00-04:00,347.06988525390625,347.06988525390625,347.239990234375,347.04998779296875,347.19000244140625,22515
2026-07-22 13:00:00-04:00,347.1000061035156,347.1000061035156,347.16400146484375,346.92999267578125,347.0450134277344,158296
2026-07-22 13:02:00-04:00,346.739990234375,346.739990234375,347.07000732421875,346.70001220703125,347.0535888671875,35592
2026-07-22 13:04:00-04:00,346.7449951171875,346.7449951171875,346.8450012207031,346.6700134277344,346.7330017089844,40180
2026-07-22 13:06:00-04:00,346.79998779296875,346.79998779296875,346.80999755859375,346.6300048828125,346.7449951171875,36078
2026-07-22 13:08:00-04:00,346.7401123046875,346.7401123046875,346.83990478515625,346.69000244140625,346.7701110839844,30031
2026-07-22 13:10:00-04:00,346.8399963378906,346.8399963378906,346.9100036621094,346.7200012207031,346.7799987792969,42337
2026-07-22 13:12:00-04:00,346.95001220703125,346.95001220703125,347.0400085449219,346.81829833984375,346.8349914550781,27712
2026-07-22 13:14:00-04:00,347.1650085449219,347.1650085449219,347.260009765625,346.95001220703125,346.95001220703125,67657
2026-07-22 13:16:00-04:00,347.4599914550781,347.4599914550781,347.5199890136719,347.15631103515625,347.17498779296875,66490
2026-07-22 13:18:00-04:00,347.4150085449219,347.4150085449219,347.5400085449219,347.3800048828125,347.4700012207031,51915
2026-07-22 13:20:00-04:00,347.4750061035156,347.4750061035156,347.5799865722656,347.32000732421875,347.45001220703125,36628
2026-07-22 13:22:00-04:00,347.4150085449219,347.4150085449219,347.5,347.2799987792969,347.4549865722656,41557
2026-07-22 13:24:00-04:00,347.3949890136719,347.3949890136719,347.6274108886719,347.3399963378906,347.4599914550781,35160
2026-07-22 13:26:00-04:00,347.18499755859375,347.18499755859375,347.42999267578125,347.1400146484375,347.3949890136719,30843
2026-07-22 13:28:00-04:00,347.0899963378906,347.0899963378906,347.2300109863281,347.0450134277344,347.17999267578125,27136
2026-07-22 13:30:00-04:00,346.93499755859375,346.93499755859375,347.1700134277344,346.8999938964844,347.0899963378906,37989
2026-07-22 13:32:00-04:00,347.3800048828125,347.3800048828125,347.4150085449219,346.8900146484375,346.93499755859375,45597
2026-07-22 13:34:00-04:00,347.2449951171875,347.2449951171875,347.42999267578125,347.2099914550781,347.385009765625,30111
2026-07-22 13:36:00-04:00,347.30010986328125,347.30010986328125,347.364990234375,347.1300048828125,347.260009765625,25744
2026-07-22 13:38:00-04:00,347.5299987792969,347.5299987792969,347.5350036621094,347.2300109863281,347.3299865722656,33631
2026-07-22 13:40:00-04:00,347.18499755859375,347.18499755859375,347.54998779296875,347.18499755859375,347.54998779296875,23715
2026-07-22 13:42:00-04:00,347.1199951171875,347.1199951171875,347.2200012207031,347.04998779296875,347.1600036621094,31170
2026-07-22 13:44:00-04:00,347.1000061035156,347.1000061035156,347.17999267578125,347.07000732421875,347.1050109863281,26032
2026-07-22 13:46:00-04:00,346.9200134277344,346.9200134277344,347.239990234375,346.8699951171875,347.1097106933594,66022
2026-07-22 13:48:00-04:00,346.79998779296875,346.79998779296875,347.04998779296875,346.739990234375,346.8949890136719,40123
2026-07-22 13:50:00-04:00,346.9200134277344,346.9200134277344,346.9700012207031,346.70001220703125,346.7699890136719,30929
2026-07-22 13:52:00-04:00,346.8599853515625,346.8599853515625,346.96990966796875,346.8110046386719,346.8949890136719,34951
2026-07-22 13:54:00-04:00,346.7300109863281,346.7300109863281,346.9800109863281,346.70001220703125,346.8349914550781,47914
2026-07-22 13:56:00-04:00,346.4700012207031,346.4700012207031,346.760009765625,346.42999267578125,346.739990234375,64990
2026-07-22 13:58:00-04:00,346.32000732421875,346.32000732421875,346.4700012207031,346.239990234375,346.4700012207031,47526
2026-07-22 14:00:00-04:00,346.3599853515625,346.3599853515625,346.43951416015625,346.2076110839844,346.239990234375,32387
2026-07-22 14:02:00-04:00,346.19500732421875,346.19500732421875,346.409912109375,346.0199890136719,346.3399963378906,53910
2026-07-22 14:04:00-04:00,346.2900085449219,346.2900085449219,346.45001220703125,346.1199951171875,346.19500732421875,45124
2026-07-22 14:06:00-04:00,346.5199890136719,346.5199890136719,346.55999755859375,346.20001220703125,346.25,34804
2026-07-22 14:08:00-04:00,346.2799987792969,346.2799987792969,346.54998779296875,346.2401123046875,346.54998779296875,52006
2026-07-22 14:10:00-04:00,346.1413879394531,346.1413879394531,346.3299865722656,346.05999755859375,346.2900085449219,41367
2026-07-22 14:12:00-04:00,346.1099853515625,346.1099853515625,346.1429138183594,345.8999938964844,346.0899963378906,66206
2026-07-22 14:14:00-04:00,345.8800048828125,345.8800048828125,346.0899963378906,345.7699890136719,346.07000732421875,49621
2026-07-22 14:16:00-04:00,345.70001220703125,345.70001220703125,346.0199890136719,345.69500732421875,345.8500061035156,54355
2026-07-22 14:18:00-04:00,345.7900085449219,345.7900085449219,345.8599853515625,345.7200012207031,345.7200012207031,39946
2026-07-22 14:20:00-04:00,345.8345947265625,345.8345947265625,345.8800048828125,345.7200012207031,345.7799987792969,26100
2026-07-22 14:22:00-04:00,345.7398986816406,345.7398986816406,345.8599853515625,345.6000061035156,345.8500061035156,32362
2026-07-22 14:24:00-04:00,345.8399963378906,345.8399963378906,345.8500061035156,345.6499938964844,345.7149963378906,33971
2026-07-22 14:26:00-04:00,345.927001953125,345.927001953125,345.9800109863281,345.760009765625,345.8299865722656,38042
2026-07-22 14:28:00-04:00,345.9100036621094,345.9100036621094,346.0299987792969,345.8844909667969,345.93499755859375,38655
2026-07-22 14:30:00-04:00,346.0350036621094,346.0350036621094,346.1400146484375,345.8550109863281,345.95001220703125,60331
2026-07-22 14:32:00-04:00,345.7087097167969,345.7087097167969,346.0426940917969,345.5400085449219,346.0426940917969,44341
2026-07-22 14:34:00-04:00,346.1300048828125,346.1300048828125,346.17999267578125,345.69000244140625,345.705810546875,47604
2026-07-22 14:36:00-04:00,346.05999755859375,346.05999755859375,346.1700134277344,345.9599914550781,346.1499938964844,31852
2026-07-22 14:38:00-04:00,346.114990234375,346.114990234375,346.1400146484375,345.94000244140625,346.0400085449219,48004
2026-07-22 14:40:00-04:00,346.17010498046875,346.17010498046875,346.19500732421875,346.010009765625,346.114990234375,57595
2026-07-22 14:42:00-04:00,346.05999755859375,346.05999755859375,346.2799987792969,345.9849853515625,346.20001220703125,39607
2026-07-22 14:44:00-04:00,346.214599609375,346.214599609375,346.2327880859375,345.95001220703125,346.0199890136719,42028
2026-07-22 14:46:00-04:00,346.27911376953125,346.27911376953125,346.3294982910156,346.1400146484375,346.1400146484375,32340
2026-07-22 14:48:00-04:00,346.385009765625,346.385009765625,346.55999755859375,346.2300109863281,346.25,43685
2026-07-22 14:50:00-04:00,346.3550109863281,346.3550109863281,346.4800109863281,346.20001220703125,346.385009765625,62863
2026-07-22 14:52:00-04:00,346.215087890625,346.215087890625,346.3900146484375,346.05499267578125,346.389892578125,45712
2026-07-22 14:54:00-04:00,346.20001220703125,346.20001220703125,346.2799987792969,346.1600036621094,346.2149963378906,43312
2026-07-22 14:56:00-04:00,346.04998779296875,346.04998779296875,346.2300109863281,346.0,346.20001220703125,52723
2026-07-22 14:58:00-04:00,345.6600036621094,345.6600036621094,346.0950012207031,345.6199951171875,346.04998779296875,61487
2026-07-22 15:00:00-04:00,345.07501220703125,345.07501220703125,345.70001220703125,345.052001953125,345.6899108886719,112210
2026-07-22 15:02:00-04:00,345.3559875488281,345.3559875488281,345.3800048828125,345.05999755859375,345.1000061035156,53366
2026-07-22 15:04:00-04:00,345.260009765625,345.260009765625,345.57000732421875,345.1700134277344,345.3500061035156,76880
2026-07-22 15:06:00-04:00,345.5950012207031,345.5950012207031,345.6499938964844,345.2948913574219,345.2948913574219,43651
2026-07-22 15:08:00-04:00,345.47918701171875,345.47918701171875,345.6700134277344,345.3800048828125,345.6099853515625,54256
2026-07-22 15:10:00-04:00,345.3999938964844,345.3999938964844,345.67999267578125,345.3800048828125,345.44000244140625,77542
2026-07-22 15:12:00-04:00,345.41680908203125,345.41680908203125,345.4599914550781,345.2699890136719,345.3699951171875,79882
2026-07-22 15:14:00-04:00,345.2799987792969,345.2799987792969,345.5425109863281,345.2300109863281,345.3949890136719,56540
2026-07-22 15:16:00-04:00,345.0199890136719,345.0199890136719,345.2699890136719,345.0199890136719,345.239990234375,65705
2026-07-22 15:18:00-04:00,345.0350036621094,345.0350036621094,345.2200012207031,344.9200134277344,345.0199890136719,158692
2026-07-22 15:20:00-04:00,344.989990234375,344.989990234375,345.1099853515625,344.7799987792969,345.0199890136719,67200
2026-07-22 15:22:00-04:00,344.9150085449219,344.9150085449219,345.0299987792969,344.8599853515625,344.9700012207031,90285
2026-07-22 15:24:00-04:00,344.9599914550781,344.9599914550781,345.0899963378906,344.7300109863281,344.9150085449219,75380
2026-07-22 15:26:00-04:00,344.8800048828125,344.8800048828125,345.07000732421875,344.7200012207031,344.9800109863281,57503
2026-07-22 15:28:00-04:00,344.8500061035156,344.8500061035156,345.1000061035156,344.75,344.8800048828125,54050
2026-07-22 15:30:00-04:00,344.6600036621094,344.6600036621094,345.04998779296875,344.6400146484375,344.8599853515625,79837
2026-07-22 15:32:00-04:00,344.6351013183594,344.6351013183594,344.69000244140625,344.3800048828125,344.6400146484375,106120
2026-07-22 15:34:00-04:00,344.510009765625,344.510009765625,344.8702087402344,344.5,344.643798828125,89743
2026-07-22 15:36:00-04:00,344.60479736328125,344.60479736328125,344.639892578125,344.0199890136719,344.510009765625,89955
2026-07-22 15:38:00-04:00,344.54998779296875,344.54998779296875,344.6700134277344,344.5,344.6300048828125,94175
2026-07-22 15:40:00-04:00,344.9200134277344,344.9200134277344,345.0,344.5201110839844,344.5201110839844,100302
2026-07-22 15:42:00-04:00,344.7799987792969,344.7799987792969,345.1700134277344,344.7300109863281,344.92498779296875,95382
2026-07-22 15:44:00-04:00,344.8913879394531,344.8913879394531,345.20001220703125,344.79998779296875,344.8599853515625,113554
2026-07-22 15:46:00-04:00,344.4700012207031,344.4700012207031,344.8900146484375,344.3800048828125,344.8599853515625,94911
2026-07-22 15:48:00-04:00,344.07000732421875,344.07000732421875,344.489990234375,344.07000732421875,344.4599914550781,145016
2026-07-22 15:50:00-04:00,343.54998779296875,343.54998779296875,344.4200134277344,343.4700012207031,344.1099853515625,244889
2026-07-22 15:52:00-04:00,343.739990234375,343.739990234375,343.94000244140625,343.57000732421875,343.5899963378906,158888
2026-07-22 15:54:00-04:00,342.260009765625,342.260009765625,343.8900146484375,342.25,343.69000244140625,395127
2026-07-22 15:56:00-04:00,341.889892578125,341.889892578125,342.7298889160156,341.6400146484375,342.260009765625,424542
2026-07-22 15:58:00-04:00,341.9100036621094,341.9100036621094,342.6600036621094,341.7200012207031,341.8900146484375,813757
2026-07-23 09:30:00-04:00,321.9599914550781,321.9599914550781,324.3900146484375,320.3999938964844,321.6700134277344,5565040
2026-07-23 09:32:00-04:00,321.17498779296875,321.17498779296875,323.6099853515625,320.6099853515625,321.9601135253906,866891
2026-07-23 09:34:00-04:00,320.70941162109375,320.70941162109375,321.7591857910156,320.1400146484375,321.260009765625,701768
2026-07-23 09:36:00-04:00,320.82000732421875,320.82000732421875,322.19000244140625,320.5,320.7095031738281,738061
2026-07-23 09:38:00-04:00,321.9750061035156,321.9750061035156,322.3699951171875,320.7699890136719,320.8349914550781,433165
2026-07-23 09:40:00-04:00,321.010009765625,321.010009765625,322.4599914550781,320.739990234375,321.9700012207031,550070
2026-07-23 09:42:00-04:00,320.7699890136719,320.7699890136719,321.7900085449219,320.30999755859375,321.010009765625,478129
2026-07-23 09:44:00-04:00,319.7900085449219,319.7900085449219,321.5199890136719,319.44000244140625,320.79998779296875,732453
2026-07-23 09:46:00-04:00,319.1700134277344,319.1700134277344,320.4200134277344,318.8301086425781,319.75,438570
2026-07-23 09:48:00-04:00,318.2950134277344,318.2950134277344,319.3500061035156,318.2699890136719,319.17498779296875,253704
