Datetime,Adj Close,Close,High,Low,Open,Volume
,NVDA,NVDA,NVDA,NVDA,NVDA,NVDA
2026-06-04 09:30:00-04:00,213.02000427246094,213.02000427246094,214.0,212.72000122070312,213.90499877929688,9142690
2026-06-04 09:32:00-04:00,213.9217071533203,213.9217071533203,214.0,212.77200317382812,213.0399932861328,1562524
2026-06-04 09:34:00-04:00,214.3249969482422,214.3249969482422,214.83999633789062,213.64979553222656,213.92999267578125,1590347
2026-06-04 09:36:00-04:00,215.39999389648438,215.39999389648438,215.5800018310547,214.14010620117188,214.36000061035156,1720000
2026-06-04 09:38:00-04:00,215.08990478515625,215.08990478515625,215.72999572753906,215.0,215.41000366210938,1548965
2026-06-04 09:40:00-04:00,213.8000030517578,213.8000030517578,215.50990295410156,213.6699981689453,215.0625,1465795
2026-06-04 09:42:00-04:00,213.27000427246094,213.27000427246094,214.33999633789062,213.07000732421875,213.7949981689453,1437190
2026-06-04 09:44:00-04:00,213.10000610351562,213.10000610351562,213.61990356445312,212.6199951171875,213.25999450683594,1350780
2026-06-04 09:46:00-04:00,213.19000244140625,213.19000244140625,213.82000732421875,212.91000366210938,213.09500122070312,1182982
2026-06-04 09:48:00-04:00,212.5500030517578,212.5500030517578,213.4698944091797,212.39010620117188,213.17999267578125,1319441
2026-06-04 09:50:00-04:00,213.3000030517578,213.3000030517578,213.3300018310547,212.35000610351562,212.52000427246094,1296298
2026-06-04 09:52:00-04:00,212.60000610351562,212.60000610351562,213.39999389648438,212.39999389648438,213.2949981689453,1194854
2026-06-04 09:54:00-04:00,212.35000610351562,212.35000610351562,213.00999450683594,212.30999755859375,212.60000610351562,966282
2026-06-04 09:56:00-04:00,212.75999450683594,212.75999450683594,212.94000244140625,212.1199951171875,212.33200073242188,1058890
2026-06-04 09:58:00-04:00,212.3350067138672,212.3350067138672,212.90499877929688,212.2301025390625,212.75999450683594,950898
2026-06-04 10:00:00-04:00,212.33999633789062,212.33999633789062,212.72000122070312,212.0399932861328,212.27999877929688,1149650
2026-06-04 10:02:00-04:00,211.52499389648438,211.52499389648438,212.33999633789062,211.5,212.3300018310547,1742955
2026-06-04 10:04:00-04:00,211.56500244140625,211.56500244140625,211.61399841308594,210.97000122070312,211.50999450683594,2015067
2026-06-04 10:06:00-04:00,211.68499755859375,211.68499755859375,211.89999389648438,211.32040405273438,211.58999633789062,1397554
2026-06-04 10:08:00-04:00,211.9001007080078,211.9001007080078,212.1199951171875,211.58999633789062,211.6300048828125,1018263
2026-06-04 10:10:00-04:00,212.4600067138672,212.4600067138672,212.64999389648438,211.85000610351562,211.94000244140625,1066383
2026-06-04 10:12:00-04:00,212.7100067138672,212.7100067138672,212.8000030517578,212.1134033203125,212.4499969482422,834038
2026-06-04 10:14:00-04:00,212.86000061035156,212.86000061035156,213.0,212.5399932861328,212.7100067138672,824810
2026-06-04 10:16:00-04:00,213.15499877929688,213.15499877929688,213.27999877929688,212.64999389648438,212.8699951171875,935506
2026-06-04 10:18:00-04:00,212.77000427246094,212.77000427246094,213.1649932861328,212.76010131835938,213.16000366210938,675059
2026-06-04 10:20:00-04:00,213.0449981689453,213.0449981689453,213.3000030517578,212.6300048828125,212.77999877929688,759552
2026-06-04 10:22:00-04:00,213.23989868164062,213.23989868164062,213.3000030517578,212.88999938964844,213.0500030517578,613119
2026-06-04 10:24:00-04:00,213.4600067138672,213.4600067138672,213.5399932861328,213.10000610351562,213.22500610351562,758789
2026-06-04 10:26:00-04:00,213.55999755859375,213.55999755859375,213.60000610351562,213.22999572753906,213.42999267578125,717858
2026-06-04 10:28:00-04:00,213.48989868164062,213.48989868164062,213.6199951171875,213.33999633789062,213.55499267578125,629196
2026-06-04 10:30:00-04:00,213.55999755859375,213.55999755859375,213.75,213.22000122070312,213.4600067138672,744897
2026-06-04 10:32:00-04:00,213.63999938964844,213.63999938964844,213.85000610351562,213.39999389648438,213.5800018310547,711942
2026-06-04 10:34:00-04:00,213.6199951171875,213.6199951171875,213.88999938964844,213.60000610351562,213.63999938964844,813647
2026-06-04 10:36:00-04:00,214.1280059814453,214.1280059814453,214.1649932861328,213.6300048828125,213.66000366210938,623372
2026-06-04 10:38:00-04:00,213.9600067138672,213.9600067138672,214.17999267578125,213.6300048828125,214.1280059814453,577626
2026-06-04 10:40:00-04:00,214.49000549316406,214.49000549316406,214.6199951171875,213.9199981689453,213.9199981689453,717346
2026-06-04 10:42:00-04:00,214.42999267578125,214.42999267578125,214.5800018310547,214.22000122070312,214.5,638827
2026-06-04 10:44:00-04:00,214.55999755859375,214.55999755859375,214.75,214.13099670410156,214.4250030517578,617992
2026-06-04 10:46:00-04:00,214.89999389648438,214.89999389648438,214.97000122070312,214.52000427246094,214.55999755859375,826482
2026-06-04 10:48:00-04:00,214.8300018310547,214.8300018310547,214.92999267578125,214.42999267578125,214.8800048828125,514551
2026-06-04 10:50:00-04:00,214.77499389648438,214.77499389648438,214.86000061035156,214.47999572753906,214.8000030517578,629951
2026-06-04 10:52:00-04:00,214.52000427246094,214.52000427246094,214.76800537109375,214.36000061035156,214.76499938964844,483142
2026-06-04 10:54:00-04:00,214.92050170898438,214.92050170898438,214.97000122070312,214.50999450683594,214.5102996826172,615357
2026-06-04 10:56:00-04:00,215.11000061035156,215.11000061035156,215.1199951171875,214.77000427246094,214.94000244140625,650713
2026-06-04 10:58:00-04:00,215.41000366210938,215.41000366210938,215.42999267578125,215.0,215.10499572753906,651255
2026-06-04 11:00:00-04:00,215.41000366210938,215.41000366210938,215.52000427246094,215.19000244140625,215.39999389648438,750887
2026-06-04 11:02:00-04:00,215.4199981689453,215.4199981689453,215.5050048828125,215.2100067138672,215.41200256347656,479599
2026-06-04 11:04:00-04:00,215.5749969482422,215.5749969482422,215.72000122070312,215.2700958251953,215.42999267578125,560112
2026-06-04 11:06:00-04:00,215.69000244140625,215.69000244140625,215.6999969482422,215.4550018310547,215.55999755859375,618619
2026-06-04 11:08:00-04:00,215.7100067138672,215.7100067138672,215.92880249023438,215.52999877929688,215.6800994873047,826849
2026-06-04 11:10:00-04:00,215.63999938964844,215.63999938964844,215.8699951171875,215.52999877929688,215.72000122070312,665659
2026-06-04 11:12:00-04:00,215.35499572753906,215.35499572753906,215.84669494628906,215.24000549316406,215.6300048828125,593611
2026-06-04 11:14:00-04:00,215.8321990966797,215.8321990966797,216.0,215.33999633789062,215.35499572753906,789010
2026-06-04 11:16:00-04:00,215.60000610351562,215.60000610351562,215.8800048828125,215.4199981689453,215.8350067138672,551624
2026-06-04 11:18:00-04:00,215.81500244140625,215.81500244140625,215.8397979736328,215.4499969482422,215.58999633789062,623827
2026-06-04 11:20:00-04:00,215.6999969482422,215.6999969482422,215.94000244140625,215.5800018310547,215.82000732421875,594327
2026-06-04 11:22:00-04:00,215.8699951171875,215.8699951171875,215.94000244140625,215.65139770507812,215.69000244140625,533647
2026-06-04 11:24:00-04:00,215.9499969482422,215.9499969482422,216.2100067138672,215.88009643554688,215.88009643554688,748074
2026-06-04 11:26:00-04:00,216.0,216.0,216.08999633789062,215.75999450683594,215.9499969482422,523510
2026-06-04 11:28:00-04:00,215.97669982910156,215.97669982910156,216.14999389648438,215.72999572753906,216.01010131835938,423466
2026-06-04 11:30:00-04:00,215.8800048828125,215.8800048828125,216.0,215.67999267578125,215.98500061035156,448549
2026-06-04 11:32:00-04:00,216.1699981689453,216.1699981689453,216.36000061035156,215.85000610351562,215.8800048828125,688608
2026-06-04 11:34:00-04:00,216.38999938964844,216.38999938964844,216.4600067138672,216.17999267578125,216.1800994873047,620017
2026-06-04 11:36:00-04:00,216.21499633789062,216.21499633789062,216.5,216.17999267578125,216.39999389648438,604993
2026-06-04 11:38:00-04:00,216.10000610351562,216.10000610351562,216.32000732421875,216.0399932861328,216.2449951171875,435940
2026-06-04 11:40:00-04:00,216.64500427246094,216.64500427246094,216.64999389648438,216.08999633789062,216.11000061035156,564444
2026-06-04 11:42:00-04:00,216.72500610351562,216.72500610351562,216.8000030517578,216.5399932861328,216.65989685058594,557132
2026-06-04 11:44:00-04:00,216.42999267578125,216.42999267578125,216.75,216.406005859375,216.72500610351562,519071
2026-06-04 11:46:00-04:00,216.2550048828125,216.2550048828125,216.6999969482422,216.10000610351562,216.4199981689453,443123
2026-06-04 11:48:00-04:00,216.39999389648438,216.39999389648438,216.6199951171875,216.1699981689453,216.2449951171875,1774265
2026-06-04 11:50:00-04:00,216.83389282226562,216.83389282226562,216.89999389648438,216.10000610351562,216.4199981689453,911044
2026-06-04 11:52:00-04:00,217.77000427246094,217.77000427246094,217.80499267578125,216.8000946044922,216.83030700683594,1342750
2026-06-04 11:54:00-04:00,217.25,217.25,217.85000610351562,217.0800018310547,217.75999450683594,1119915
2026-06-04 11:56:00-04:00,217.41009521484375,217.41009521484375,217.49000549316406,216.89999389648438,217.24000549316406,664198
2026-06-04 11:58:00-04:00,217.6298065185547,217.6298065185547,217.72000122070312,217.37010192871094,217.44000244140625,634398
2026-06-04 12:00:00-04:00,217.77999877929688,217.77999877929688,217.82760620117188,217.29010009765625,217.6199951171875,1346875
2026-06-04 12:02:00-04:00,217.69500732421875,217.69500732421875,217.85000610351562,217.42010498046875,217.781005859375,551502
2026-06-04 12:04:00-04:00,217.28500366210938,217.28500366210938,217.70989990234375,217.2801055908203,217.69500732421875,462464
2026-06-04 12:06:00-04:00,217.5050048828125,217.5050048828125,217.82000732421875,217.22999572753906,217.2906951904297,670816
2026-06-04 12:08:00-04:00,217.5500030517578,217.5500030517578,217.72000122070312,217.3800048828125,217.50999450683594,451054
2026-06-04 12:10:00-04:00,217.59500122070312,217.59500122070312,217.65499877929688,217.27000427246094,217.5500030517578,415772
2026-06-04 12:12:00-04:00,217.69000244140625,217.69000244140625,217.7899932861328,217.5200958251953,217.5832977294922,629437
2026-06-04 12:14:00-04:00,217.75999450683594,217.75999450683594,217.89999389648438,217.60000610351562,217.6999969482422,528411
2026-06-04 12:16:00-04:00,218.17999267578125,218.17999267578125,218.25,217.6300048828125,217.77000427246094,2643996
2026-06-04 12:18:00-04:00,217.97000122070312,217.97000122070312,218.2899932861328,217.89999389648438,218.17999267578125,506953
2026-06-04 12:20:00-04:00,218.02000427246094,218.02000427246094,218.10000610351562,217.68870544433594,217.97500610351562,1034382
2026-06-04 12:22:00-04:00,218.00999450683594,218.00999450683594,218.12989807128906,217.8300018310547,218.03700256347656,415869
2026-06-04 12:24:00-04:00,217.9250030517578,217.9250030517578,218.0800018310547,217.75,218.01499938964844,475907
2026-06-04 12:26:00-04:00,218.0500030517578,218.0500030517578,218.1999969482422,217.9199981689453,217.9199981689453,803764
2026-06-04 12:28:00-04:00,217.63980102539062,217.63980102539062,218.05499267578125,217.5399932861328,218.0500030517578,452514
2026-06-04 12:30:00-04:00,217.36000061035156,217.36000061035156,217.66000366210938,217.3000030517578,217.63499450683594,664414
2026-06-04 12:32:00-04:00,218.0,218.0,218.04730224609375,217.36000061035156,217.36000061035156,543297
2026-06-04 12:34:00-04:00,218.02999877929688,218.02999877929688,218.08949279785156,217.8249969482422,218.00010681152344,517222
2026-06-04 12:36:00-04:00,217.98500061035156,217.98500061035156,218.17999267578125,217.9600067138672,218.029296875,383710
2026-06-04 12:38:00-04:00,218.24000549316406,218.24000549316406,218.24000549316406,217.96499633789062,217.98500061035156,384944
2026-06-04 12:40:00-04:00,218.2993927001953,218.2993927001953,218.30999755859375,217.86000061035156,218.22000122070312,616547
2026-06-04 12:42:00-04:00,218.2624053955078,218.2624053955078,218.38999938964844,218.1199951171875,218.29010009765625,1908039
2026-06-04 12:44:00-04:00,218.22000122070312,218.22000122070312,218.44000244140625,218.16000366210938,218.26499938964844,485004
2026-06-04 12:46:00-04:00,218.19000244140625,218.19000244140625,218.35000610351562,218.07000732421875,218.2100067138672,360980
2026-06-04 12:48:00-04:00,218.4394073486328,218.4394073486328,218.5399932861328,218.14999389648438,218.17999267578125,588480
2026-06-04 12:50:00-04:00,218.72000122070312,218.72000122070312,218.75,218.33999633789062,218.44000244140625,1141082
2026-06-04 12:52:00-04:00,218.7899932861328,218.7899932861328,218.94000244140625,218.57000732421875,218.71499633789062,521445
2026-06-04 12:54:00-04:00,218.41000366210938,218.41000366210938,218.8300018310547,218.375,218.7969970703125,531221
2026-06-04 12:56:00-04:00,218.22999572753906,218.22999572753906,218.49989318847656,218.17999267578125,218.4199981689453,409045
2026-06-04 12:58:00-04:00,218.25,218.25,218.42999267578125,218.13999938964844,218.22000122070312,428827
2026-06-04 13:00:00-04:00,218.63999938964844,218.63999938964844,218.67999267578125,218.0800018310547,218.2519989013672,502965
2026-06-04 13:02:00-04:00,218.33999633789062,218.33999633789062,218.64999389648438,218.22999572753906,218.64990234375,577043
2026-06-04 13:04:00-04:00,218.02999877929688,218.02999877929688,218.36990356445312,218.0,218.3300018310547,434321
2026-06-04 13:06:00-04:00,218.0699005126953,218.0699005126953,218.14990234375,217.97000122070312,218.02999877929688,425141
2026-06-04 13:08:00-04:00,218.14439392089844,218.14439392089844,218.1959991455078,218.04110717773438,218.06509399414062,347382
2026-06-04 13:10:00-04:00,218.47149658203125,218.47149658203125,218.5,218.11000061035156,218.14999389648438,501767
2026-06-04 13:12:00-04:00,218.6300048828125,218.6300048828125,218.67999267578125,218.49989318847656,218.49989318847656,397525
2026-06-04 13:14:00-04:00,219.0850067138672,219.0850067138672,219.1750030517578,218.64500427246094,218.64999389648438,904168
2026-06-04 13:16:00-04:00,219.25999450683594,219.25999450683594,219.4698944091797,219.05999755859375,219.0709991455078,1456188
2026-06-04 13:18:00-04:00,218.9949951171875,218.9949951171875,219.3134002685547,218.9300994873047,219.26499938964844,559262
2026-06-04 13:20:00-04:00,218.65499877929688,218.65499877929688,218.9949951171875,218.5500030517578,218.99070739746094,544356
2026-06-04 13:22:00-04:00,218.72999572753906,218.72999572753906,218.75999450683594,218.54989624023438,218.63499450683594,358442
2026-06-04 13:24:00-04:00,218.7799072265625,218.7799072265625,218.80999755859375,218.61000061035156,218.73989868164062,320298
2026-06-04 13:26:00-04:00,218.83999633789062,218.83999633789062,219.0399932861328,218.64500427246094,218.77999877929688,461992
2026-06-04 13:28:00-04:00,218.85009765625,218.85009765625,218.97999572753906,218.79010009765625,218.84500122070312,264169
2026-06-04 13:30:00-04:00,219.12969970703125,219.12969970703125,219.189697265625,218.72000122070312,218.86000061035156,519130
2026-06-04 13:32:00-04:00,219.43499755859375,219.43499755859375,219.74000549316406,219.0500030517578,219.1199951171875,854227
2026-06-04 13:34:00-04:00,219.2100067138672,219.2100067138672,219.47999572753906,219.1199951171875,219.43499755859375,439507
2026-06-04 13:36:00-04:00,218.97000122070312,218.97000122070312,219.29989624023438,218.91000366210938,219.22000122070312,423346
2026-06-04 13:38:00-04:00,218.98500061035156,218.98500061035156,219.1699981689453,218.8699951171875,218.97000122070312,435525
2026-06-04 13:40:00-04:00,219.11000061035156,219.11000061035156,219.1699981689453,218.94000244140625,218.9600067138672,270573
2026-06-04 13:42:00-04:00,219.26010131835938,219.26010131835938,219.44000244140625,219.08009338378906,219.11000061035156,419852
2026-06-04 13:44:00-04:00,219.25999450683594,219.25999450683594,219.36000061035156,219.1999969482422,219.27000427246094,261675
2026-06-04 13:46:00-04:00,219.210693359375,219.210693359375,219.36000061035156,219.13999938964844,219.2899932861328,281511
2026-06-04 13:48:00-04:00,219.36000061035156,219.36000061035156,219.47999572753906,219.22999572753906,219.23989868164062,363698
2026-06-04 13:50:00-04:00,219.2899932861328,219.2899932861328,219.36990356445312,219.1699981689453,219.35069274902344,335436
2026-06-04 13:52:00-04:00,219.1699981689453,219.1699981689453,219.3800048828125,219.16000366210938,219.28500366210938,288805
2026-06-04 13:54:00-04:00,219.52999877929688,219.52999877929688,219.5399932861328,219.14999389648438,219.16990661621094,401831
2026-06-04 13:56:00-04:00,219.49000549316406,219.49000549316406,219.62969970703125,219.47999572753906,219.51499938964844,390271
2026-06-04 13:58:00-04:00,219.75999450683594,219.75999450683594,219.77000427246094,219.49000549316406,219.4949951171875,399737
2026-06-04 14:00:00-04:00,220.0207977294922,220.0207977294922,220.0800018310547,219.6999969482422,219.76499938964844,1243946
2026-06-04 14:02:00-04:00,220.06500244140625,220.06500244140625,220.1300048828125,220.0,220.0449981689453,550725
2026-06-04 14:04:00-04:00,220.2550048828125,220.2550048828125,220.3000030517578,219.9438018798828,220.06500244140625,698679
2026-06-04 14:06:00-04:00,220.08009338378906,220.08009338378906,220.3000030517578,220.05999755859375,220.2550048828125,962228
2026-06-04 14:08:00-04:00,220.28860473632812,220.28860473632812,220.32000732421875,219.9250030517578,220.0800018310547,496489
2026-06-04 14:10:00-04:00,220.57000732421875,220.57000732421875,220.5800018310547,220.2100067138672,220.2899932861328,566560
2026-06-04 14:12:00-04:00,220.389892578125,220.389892578125,220.64999389648438,220.33999633789062,220.57000732421875,481634
2026-06-04 14:14:00-04:00,220.1649932861328,220.1649932861328,220.4199981689453,220.0500030517578,220.37010192871094,477404
2026-06-04 14:16:00-04:00,220.0198974609375,220.0198974609375,220.25,219.92999267578125,220.14999389648438,377363
2026-06-04 14:18:00-04:00,220.5399932861328,220.5399932861328,220.64999389648438,220.02000427246094,220.02000427246094,587893
2026-06-04 14:20:00-04:00,220.38009643554688,220.38009643554688,220.5500030517578,220.27999877929688,220.5301055908203,379793
2026-06-04 14:22:00-04:00,220.1649932861328,220.1649932861328,220.40780639648438,220.13999938964844,220.3843994140625,302936
2026-06-04 14:24:00-04:00,220.252197265625,220.252197265625,220.42999267578125,220.1199951171875,220.16990661621094,451501
2026-06-04 14:26:00-04:00,220.70010375976562,220.70010375976562,220.75,220.25,220.25999450683594,540234
2026-06-04 14:28:00-04:00,220.73989868164062,220.73989868164062,220.92999267578125,220.7100067138672,220.7100067138672,629886
2026-06-04 14:30:00-04:00,220.02999877929688,220.02999877929688,220.86500549316406,220.02000427246094,220.73500061035156,779483
2026-06-04 14:32:00-04:00,220.01499938964844,220.01499938964844,220.1486053466797,219.96009826660156,220.0279998779297,563594
2026-06-04 14:34:00-04:00,220.02000427246094,220.02000427246094,220.25,220.0,220.01010131835938,488304
2026-06-04 14:36:00-04:00,220.08999633789062,220.08999633789062,220.27999877929688,219.9801025390625,220.02000427246094,905492
2026-06-04 14:38:00-04:00,220.1699981689453,220.1699981689453,220.27000427246094,220.02000427246094,220.07000732421875,440396
2026-06-04 14:40:00-04:00,220.3903045654297,220.3903045654297,220.39999389648438,220.07000732421875,220.17999267578125,455302
2026-06-04 14:42:00-04:00,220.67059326171875,220.67059326171875,220.6999969482422,220.3800048828125,220.39500427246094,444702
2026-06-04 14:44:00-04:00,220.43820190429688,220.43820190429688,220.70899963378906,220.4199981689453,220.67990112304688,1119279
2026-06-04 14:46:00-04:00,220.6999969482422,220.6999969482422,220.77000427246094,220.4199981689453,220.44000244140625,359500
2026-06-04 14:48:00-04:00,220.66009521484375,220.66009521484375,220.77000427246094,220.5800018310547,220.7100067138672,326859
2026-06-04 14:50:00-04:00,220.83990478515625,220.83990478515625,220.85000610351562,220.62010192871094,220.66009521484375,293678
2026-06-04 14:52:00-04:00,220.72999572753906,220.72999572753906,220.83999633789062,220.64999389648438,220.83999633789062,219935
2026-06-04 14:54:00-04:00,220.4499969482422,220.4499969482422,220.73899841308594,220.4499969482422,220.72000122070312,312265
2026-06-04 14:56:00-04:00,220.25999450683594,220.25999450683594,220.6199951171875,220.25,220.4600067138672,363430
2026-06-04 14:58:00-04:00,220.47999572753906,220.47999572753906,220.52000427246094,220.16000366210938,220.26499938964844,429507
2026-06-04 15:00:00-04:00,220.6999969482422,220.6999969482422,220.7899932861328,220.48500061035156,220.48500061035156,331266
2026-06-04 15:02:00-04:00,221.19500732421875,221.19500732421875,221.1999969482422,220.6999969482422,220.71299743652344,944676
2026-06-04 15:04:00-04:00,221.4250030517578,221.4250030517578,221.42999267578125,221.1199951171875,221.19500732421875,605858
2026-06-04 15:06:00-04:00,221.4300994873047,221.4300994873047,221.60000610351562,221.3502960205078,221.4250030517578,582272
2026-06-04 15:08:00-04:00,221.2050018310547,221.2050018310547,221.47000122070312,221.00999450683594,221.44000244140625,594184
2026-06-04 15:10:00-04:00,220.91000366210938,220.91000366210938,221.22999572753906,220.8800048828125,221.2100067138672,393023
2026-06-04 15:12:00-04:00,220.71499633789062,220.71499633789062,221.0998992919922,220.6699981689453,220.90499877929688,523840
2026-06-04 15:14:00-04:00,220.75,220.75,220.9698944091797,220.7100067138672,220.72000122070312,349844
2026-06-04 15:16:00-04:00,220.47999572753906,220.47999572753906,220.80999755859375,220.41000366210938,220.74000549316406,467552
2026-06-04 15:18:00-04:00,220.4250030517578,220.4250030517578,220.61000061035156,220.38999938964844,220.47279357910156,900762
2026-06-04 15:20:00-04:00,220.22000122070312,220.22000122070312,220.4600067138672,220.21009826660156,220.4250030517578,390273
2026-06-04 15:22:00-04:00,220.23500061035156,220.23500061035156,220.3699951171875,220.17999267578125,220.22000122070312,402791
2026-06-04 15:24:00-04:00,220.0800018310547,220.0800018310547,220.27000427246094,220.02000427246094,220.23500061035156,519167
2026-06-04 15:26:00-04:00,220.25,220.25,220.27000427246094,219.9600067138672,220.07009887695312,505842
2026-06-04 15:28:00-04:00,220.22000122070312,220.22000122070312,220.3000030517578,220.19000244140625,220.27000427246094,356125
2026-06-04 15:30:00-04:00,220.17999267578125,220.17999267578125,220.4199981689453,220.12010192871094,220.22999572753906,481082
2026-06-04 15:32:00-04:00,220.26499938964844,220.26499938964844,220.39999389648438,220.17999267578125,220.18899536132812,353302
2026-06-04 15:34:00-04:00,220.00900268554688,220.00900268554688,220.27999877929688,220.0,220.26499938964844,509159
2026-06-04 15:36:00-04:00,219.8699951171875,219.8699951171875,220.11000061035156,219.80999755859375,220.0050048828125,524745
2026-06-04 15:38:00-04:00,219.92010498046875,219.92010498046875,219.92999267578125,219.7100067138672,219.87010192871094,521779
2026-06-04 15:40:00-04:00,219.88999938964844,219.88999938964844,220.00999450683594,219.75030517578125,219.94000244140625,514342
2026-06-04 15:42:00-04:00,219.97000122070312,219.97000122070312,219.99000549316406,219.77999877929688,219.88499450683594,354609
2026-06-04 15:44:00-04:00,219.71499633789062,219.71499633789062,220.0449981689453,219.67999267578125,219.96499633789062,504994
2026-06-04 15:46:00-04:00,219.69000244140625,219.69000244140625,219.88999938964844,219.6300048828125,219.71009826660156,497017
2026-06-04 15:48:00-04:00,219.75,219.75,219.80999755859375,214.75,219.69000244140625,528541
2026-06-04 15:50:00-04:00,219.16000366210938,219.16000366210938,219.85000610351562,219.03500366210938,219.72000122070312,895989
2026-06-04 15:52:00-04:00,219.30499267578125,219.30499267578125,219.30499267578125,218.91000366210938,219.16000366210938,935500
2026-06-04 15:54:00-04:00,218.9199981689453,218.9199981689453,219.4499969482422,218.6999969482422,219.3000030517578,1534387
2026-06-04 15:56:00-04:00,218.85000610351562,218.85000610351562,219.11000061035156,218.7899932861328,218.9149932861328,1348222
2026-06-04 15:58:00-04:00,218.71499633789062,218.71499633789062,218.9600067138672,218.5500030517578,218.85000610351562,3090434
2026-06-05 09:30:00-04:00,214.1750030517578,214.1750030517578,214.8699951171875,212.86000061035156,214.42999267578125,10897108
2026-06-05 09:32:00-04:00,214.10000610351562,214.10000610351562,214.47000122070312,213.5,214.18499755859375,1508507
2026-06-05 09:34:00-04:00,214.0,214.0,214.5,213.6999969482422,214.09010314941406,1311493
2026-06-05 09:36:00-04:00,213.6999969482422,213.6999969482422,214.0500030517578,213.5,214.0,1189589
2026-06-05 09:38:00-04:00,213.77999877929688,213.77999877929688,213.8000030517578,213.16000366210938,213.67999267578125,1153938
2026-06-05 09:40:00-04:00,213.05499267578125,213.05499267578125,213.8000030517578,213.00999450683594,213.77459716796875,1083691
2026-06-05 09:42:00-04:00,213.83999633789062,213.83999633789062,213.88999938964844,213.0399932861328,213.05499267578125,1232577
2026-06-05 09:44:00-04:00,213.36000061035156,213.36000061035156,213.98399353027344,213.13999938964844,213.8699951171875,1104596
2026-06-05 09:46:00-04:00,213.19500732421875,213.19500732421875,213.44000244140625,213.07000732421875,213.35499572753906,797731
2026-06-05 09:48:00-04:00,213.0500030517578,213.0500030517578,213.27999877929688,212.85000610351562,213.17999267578125,1141930
2026-06-05 09:50:00-04:00,213.5449981689453,213.5449981689453,213.6199951171875,212.9499969482422,213.0500030517578,1066947
2026-06-05 09:52:00-04:00,213.6999053955078,213.6999053955078,213.75999450683594,213.32000732421875,213.5399932861328,922284
2026-06-05 09:54:00-04:00,213.13499450683594,213.13499450683594,213.77000427246094,213.10499572753906,213.6999969482422,868009
2026-06-05 09:56:00-04:00,212.74000549316406,212.74000549316406,213.1699981689453,212.61000061035156,213.13499450683594,1054694
2026-06-05 09:58:00-04:00,211.9774932861328,211.9774932861328,212.75999450683594,211.95010375976562,212.74000549316406,1788684
2026-06-05 10:00:00-04:00,211.93499755859375,211.93499755859375,212.3000030517578,211.71009826660156,211.99000549316406,1490909
2026-06-05 10:02:00-04:00,212.10000610351562,212.10000610351562,212.32000732421875,211.8249969482422,211.93499755859375,1088832
2026-06-05 10:04:00-04:00,211.9149932861328,211.9149932861328,212.1699981689453,211.6699981689453,212.08999633789062,1068800
2026-06-05 10:06:00-04:00,212.08999633789062,212.08999633789062,212.1199951171875,211.5424041748047,211.88999938964844,1040769
2026-06-05 10:08:00-04:00,212.42999267578125,212.42999267578125,212.5399932861328,211.97999572753906,212.08999633789062,1020805
2026-06-05 10:10:00-04:00,212.10009765625,212.10009765625,212.47999572753906,211.8300018310547,212.427001953125,916327
2026-06-05 10:12:00-04:00,212.1501007080078,212.1501007080078,212.35000610351562,211.67999267578125,212.1300048828125,1710523
2026-06-05 10:14:00-04:00,212.74000549316406,212.74000549316406,212.80999755859375,212.125,212.16000366210938,891326
2026-06-05 10:16:00-04:00,212.54010009765625,212.54010009765625,212.75999450683594,212.3699951171875,212.72500610351562,741543
2026-06-05 10:18:00-04:00,212.9250030517578,212.9250030517578,212.97999572753906,212.32260131835938,212.5500030517578,674444
2026-06-05 10:20:00-04:00,212.52000427246094,212.52000427246094,212.9499969482422,212.34500122070312,212.9250030517578,684353
2026-06-05 10:22:00-04:00,211.94500732421875,211.94500732421875,212.52999877929688,211.47999572753906,212.52999877929688,1156945
2026-06-05 10:24:00-04:00,211.21499633789062,211.21499633789062,212.08999633789062,211.1999969482422,211.95010375976562,981301
2026-06-05 10:26:00-04:00,211.1300048828125,211.1300048828125,211.3300018310547,210.99000549316406,211.1999969482422,1404716
2026-06-05 10:28:00-04:00,211.2550048828125,211.2550048828125,211.27000427246094,211.02000427246094,211.13400268554688,758549
2026-06-05 10:30:00-04:00,211.6199951171875,211.6199951171875,211.66000366210938,211.13999938964844,211.24090576171875,830546
2026-06-05 10:32:00-04:00,211.49009704589844,211.49009704589844,211.8000030517578,211.22999572753906,211.614501953125,915999
2026-06-05 10:34:00-04:00,212.0,212.0,212.0399932861328,211.4199981689453,211.50999450683594,745632
2026-06-05 10:36:00-04:00,211.97999572753906,211.97999572753906,212.13999938964844,211.7899932861328,212.00509643554688,751167
2026-06-05 10:38:00-04:00,211.80999755859375,211.80999755859375,212.02000427246094,211.52999877929688,211.9949951171875,735572
2026-06-05 10:40:00-04:00,211.4199981689453,211.4199981689453,211.83949279785156,211.27999877929688,211.8350067138672,718997
2026-06-05 10:42:00-04:00,211.1699981689453,211.1699981689453,211.4499053955078,211.0800018310547,211.42999267578125,678675
2026-06-05 10:44:00-04:00,211.43499755859375,211.43499755859375,211.5500030517578,210.8800048828125,211.16000366210938,852870
2026-06-05 10:46:00-04:00,210.54989624023438,210.54989624023438,211.5,210.5,211.43020629882812,1048471
2026-06-05 10:48:00-04:00,210.67999267578125,210.67999267578125,210.88499450683594,210.4499969482422,210.55999755859375,856521
2026-06-05 10:50:00-04:00,211.05499267578125,211.05499267578125,211.139892578125,210.47000122070312,210.6649932861328,1104039
2026-06-05 10:52:00-04:00,210.81500244140625,210.81500244140625,211.05999755859375,210.72000122070312,211.05999755859375,568472
2026-06-05 10:54:00-04:00,210.67999267578125,210.67999267578125,211.0,210.63999938964844,210.8249969482422,413353
2026-06-05 10:56:00-04:00,210.9600067138672,210.9600067138672,211.11000061035156,210.61000061035156,210.67999267578125,697888
2026-06-05 10:58:00-04:00,210.7899932861328,210.7899932861328,211.02999877929688,210.6699981689453,210.97000122070312,560807
2026-06-05 11:00:00-04:00,210.3800048828125,210.3800048828125,210.92990112304688,210.35000610351562,210.7949981689453,810491
2026-06-05 11:02:00-04:00,210.36000061035156,210.36000061035156,210.42990112304688,210.16000366210938,210.3699951171875,738759
2026-06-05 11:04:00-04:00,210.13499450683594,210.13499450683594,210.625,210.1199951171875,210.36000061035156,611327
2026-06-05 11:06:00-04:00,209.88999938964844,209.88999938964844,210.3800048828125,209.8300018310547,210.1300048828125,1935334
2026-06-05 11:08:00-04:00,209.98500061035156,209.98500061035156,210.1999969482422,209.80999755859375,209.89999389648438,740380
2026-06-05 11:10:00-04:00,209.7301025390625,209.7301025390625,210.16000366210938,209.69000244140625,209.99000549316406,905075
2026-06-05 11:12:00-04:00,209.6300048828125,209.6300048828125,209.9398956298828,209.58999633789062,209.72500610351562,747557
2026-06-05 11:14:00-04:00,209.30999755859375,209.30999755859375,209.75,209.28599548339844,209.61000061035156,1009556
2026-06-05 11:16:00-04:00,209.6649932861328,209.6649932861328,209.6746063232422,209.13009643554688,209.30999755859375,1081189
2026-06-05 11:18:00-04:00,209.5399932861328,209.5399932861328,209.66000366210938,209.39999389648438,209.65989685058594,553196
2026-06-05 11:20:00-04:00,208.92120361328125,208.92120361328125,209.5800018310547,208.80999755859375,209.5449981689453,1446860
2026-06-05 11:22:00-04:00,208.7100067138672,208.7100067138672,208.92999267578125,208.5,208.92999267578125,1244058
2026-06-05 11:24:00-04:00,208.76499938964844,208.76499938964844,208.88780212402344,208.60000610351562,208.7299041748047,867258
2026-06-05 11:26:00-04:00,208.63999938964844,208.63999938964844,208.85000610351562,208.5500030517578,208.78500366210938,812528
2026-06-05 11:28:00-04:00,208.7100067138672,208.7100067138672,208.77000427246094,208.49000549316406,208.64500427246094,935530
2026-06-05 11:30:00-04:00,208.8000030517578,208.8000030517578,208.83999633789062,208.44000244140625,208.6999969482422,1087004
2026-06-05 11:32:00-04:00,208.24000549316406,208.24000549316406,208.82000732421875,208.22000122070312,208.7899932861328,1299180
2026-06-05 11:34:00-04:00,208.3800048828125,208.3800048828125,208.57000732421875,208.0800018310547,208.24000549316406,898330
2026-06-05 11:36:00-04:00,207.8800048828125,207.8800048828125,208.42990112304688,207.8800048828125,208.38999938964844,1330577
2026-06-05 11:38:00-04:00,207.77999877929688,207.77999877929688,207.97999572753906,207.6699981689453,207.88999938964844,930769
2026-06-05 11:40:00-04:00,207.55419921875,207.55419921875,208.0198974609375,207.5399932861328,207.78500366210938,954524
2026-06-05 11:42:00-04:00,208.1750030517578,208.1750030517578,208.25,207.5301055908203,207.55499267578125,1289016
2026-06-05 11:44:00-04:00,208.47000122070312,208.47000122070312,208.49630737304688,207.99009704589844,208.17999267578125,745027
2026-06-05 11:46:00-04:00,208.55999755859375,208.55999755859375,208.92999267578125,208.38999938964844,208.47999572753906,982585
2026-06-05 11:48:00-04:00,208.58999633789062,208.58999633789062,208.67999267578125,208.22999572753906,208.5500030517578,611885
2026-06-05 11:50:00-04:00,208.8300018310547,208.8300018310547,208.8699951171875,208.52999877929688,208.5850067138672,636920
2026-06-05 11:52:00-04:00,208.98500061035156,208.98500061035156,209.07000732421875,208.6199951171875,208.82000732421875,652770
2026-06-05 11:54:00-04:00,209.0050048828125,209.0050048828125,209.139892578125,208.83999633789062,208.99989318847656,729717
2026-06-05 11:56:00-04:00,209.30999755859375,209.30999755859375,209.33999633789062,208.97999572753906,209.0,638060
2026-06-05 11:58:00-04:00,209.3300018310547,209.3300018310547,209.3800048828125,209.08999633789062,209.32000732421875,638074
2026-06-05 12:00:00-04:00,208.75,208.75,209.33999633789062,208.75,209.33999633789062,734725
2026-06-05 12:02:00-04:00,208.91000366210938,208.91000366210938,209.0800018310547,208.66000366210938,208.74729919433594,544634
2026-06-05 12:04:00-04:00,208.58999633789062,208.58999633789062,209.0050048828125,208.55999755859375,208.90499877929688,484447
2026-06-05 12:06:00-04:00,208.66009521484375,208.66009521484375,208.7449951171875,208.5,208.59869384765625,578797
2026-06-05 12:08:00-04:00,208.3800048828125,208.3800048828125,208.67999267578125,208.36500549316406,208.6750030517578,550988
2026-06-05 12:10:00-04:00,208.61000061035156,208.61000061035156,208.61000061035156,208.22000122070312,208.35000610351562,632754
2026-06-05 12:12:00-04:00,208.94009399414062,208.94009399414062,208.97000122070312,208.3699951171875,208.60000610351562,507430
2026-06-05 12:14:00-04:00,208.55999755859375,208.55999755859375,208.9600067138672,208.55999755859375,208.94009399414062,488801
2026-06-05 12:16:00-04:00,208.47999572753906,208.47999572753906,208.55999755859375,208.22999572753906,208.55020141601562,693687
2026-06-05 12:18:00-04:00,208.33999633789062,208.33999633789062,208.50999450683594,208.25010681152344,208.47000122070312,1433314
2026-06-05 12:20:00-04:00,208.71009826660156,208.71009826660156,208.72999572753906,208.24020385742188,208.34500122070312,735362
2026-06-05 12:22:00-04:00,209.02999877929688,209.02999877929688,209.0800018310547,208.6699981689453,208.72000122070312,708415
2026-06-05 12:24:00-04:00,208.99000549316406,208.99000549316406,209.1114044189453,208.75,209.02999877929688,562352
2026-06-05 12:26:00-04:00,208.97900390625,208.97900390625,209.1999969482422,208.94000244140625,209.0,480792
2026-06-05 12:28:00-04:00,208.72999572753906,208.72999572753906,209.00999450683594,208.72030639648438,208.96499633789062,424227
2026-06-05 12:30:00-04:00,208.35000610351562,208.35000610351562,208.8000030517578,208.35000610351562,208.74949645996094,569695
2026-06-05 12:32:00-04:00,207.93299865722656,207.93299865722656,208.36000061035156,207.77000427246094,208.35499572753906,1042321
2026-06-05 12:34:00-04:00,208.0850067138672,208.0850067138672,208.14999389648438,207.7801055908203,207.9199981689453,660431
2026-06-05 12:36:00-04:00,207.99000549316406,207.99000549316406,208.10009765625,207.67999267578125,208.07000732421875,800419
2026-06-05 12:38:00-04:00,207.6999969482422,207.6999969482422,208.14999389648438,207.6199951171875,208.00999450683594,933372
2026-06-05 12:40:00-04:00,207.3249969482422,207.3249969482422,207.82000732421875,207.2100067138672,207.6999969482422,1112446
2026-06-05 12:42:00-04:00,207.25,207.25,207.5,207.2100067138672,207.3300018310547,679376
2026-06-05 12:44:00-04:00,206.97000122070312,206.97000122070312,207.43499755859375,206.8300018310547,207.24000549316406,1413397
2026-06-05 12:46:00-04:00,207.0399932861328,207.0399932861328,207.3300018310547,206.92999267578125,206.99000549316406,1205952
2026-06-05 12:48:00-04:00,207.47500610351562,207.47500610351562,207.49000549316406,206.63999938964844,207.02059936523438,1305726
2026-06-05 12:50:00-04:00,207.65989685058594,207.65989685058594,207.6699981689453,207.16090393066406,207.47000122070312,888026
2026-06-05 12:52:00-04:00,208.02999877929688,208.02999877929688,208.0399932861328,207.5290069580078,207.64500427246094,792653
2026-06-05 12:54:00-04:00,207.84500122070312,207.84500122070312,208.3249969482422,207.72999572753906,208.0399932861328,988447
2026-06-05 12:56:00-04:00,208.17010498046875,208.17010498046875,208.19000244140625,207.72999572753906,207.86000061035156,840776
2026-06-05 12:58:00-04:00,208.13999938964844,208.13999938964844,208.1999969482422,207.9199981689453,208.18499755859375,427316
2026-06-05 13:00:00-04:00,207.7899932861328,207.7899932861328,208.14999389648438,207.75999450683594,208.14990234375,480616
2026-06-05 13:02:00-04:00,207.76499938964844,207.76499938964844,207.8699951171875,207.52999877929688,207.7949981689453,679743
2026-06-05 13:04:00-04:00,207.4949951171875,207.4949951171875,207.9720001220703,207.4499969482422,207.77999877929688,647249
2026-06-05 13:06:00-04:00,207.4499969482422,207.4499969482422,207.5659942626953,207.23500061035156,207.50999450683594,482872
2026-06-05 13:08:00-04:00,207.35499572753906,207.35499572753906,207.52999877929688,207.22000122070312,207.44000244140625,651613
2026-06-05 13:10:00-04:00,206.98500061035156,206.98500061035156,207.4199981689453,206.97999572753906,207.35989379882812,639695
2026-06-05 13:12:00-04:00,207.16000366210938,207.16000366210938,207.3300018310547,206.8300018310547,207.0,617873
2026-06-05 13:14:00-04:00,207.24429321289062,207.24429321289062,207.3000030517578,207.02999877929688,207.16000366210938,444310
2026-06-05 13:16:00-04:00,207.09010314941406,207.09010314941406,207.24000549316406,206.80999755859375,207.24000549316406,681071
2026-06-05 13:18:00-04:00,207.29510498046875,207.29510498046875,207.31500244140625,206.92869567871094,207.08999633789062,483553
2026-06-05 13:20:00-04:00,207.16000366210938,207.16000366210938,207.3199005126953,206.85009765625,207.3199005126953,823043
2026-06-05 13:22:00-04:00,207.83009338378906,207.83009338378906,207.85989379882812,207.10000610351562,207.16000366210938,655353
2026-06-05 13:24:00-04:00,207.3800048828125,207.3800048828125,207.8699951171875,207.3800048828125,207.8350067138672,465523
2026-06-05 13:26:00-04:00,207.82000732421875,207.82000732421875,207.83999633789062,207.35000610351562,207.3800048828125,584212
2026-06-05 13:28:00-04:00,207.7449951171875,207.7449951171875,207.92990112304688,207.58999633789062,207.82000732421875,502781
2026-06-05 13:30:00-04:00,207.72999572753906,207.72999572753906,207.83999633789062,207.5800018310547,207.69500732421875,395791
2026-06-05 13:32:00-04:00,207.80999755859375,207.80999755859375,207.86000061035156,207.51010131835938,207.72999572753906,422654
2026-06-05 13:34:00-04:00,208.35499572753906,208.35499572753906,208.3800048828125,207.72000122070312,207.7899932861328,666927
2026-06-05 13:36:00-04:00,208.67990112304688,208.67990112304688,208.7100067138672,208.3000030517578,208.35000610351562,672490
2026-06-05 13:38:00-04:00,208.7100067138672,208.7100067138672,208.79849243164062,208.6179962158203,208.67999267578125,478758
2026-06-05 13:40:00-04:00,208.49000549316406,208.49000549316406,208.97000122070312,208.38999938964844,208.74000549316406,657886
2026-06-05 13:42:00-04:00,207.97999572753906,207.97999572753906,208.5399932861328,207.89999389648438,208.48500061035156,693394
2026-06-05 13:44:00-04:00,207.94000244140625,207.94000244140625,208.1300048828125,207.78700256347656,207.985107421875,567639
2026-06-05 13:46:00-04:00,208.16990661621094,208.16990661621094,208.24000549316406,207.91000366210938,207.9499969482422,532520
2026-06-05 13:48:00-04:00,207.71499633789062,207.71499633789062,208.17999267578125,207.6199951171875,208.1501007080078,707068
2026-06-05 13:50:00-04:00,207.72000122070312,207.72000122070312,207.86000061035156,207.63999938964844,207.70010375976562,348871
2026-06-05 13:52:00-04:00,207.83999633789062,207.83999633789062,207.8800048828125,207.66000366210938,207.72650146484375,315036
2026-06-05 13:54:00-04:00,207.91000366210938,207.91000366210938,207.9600067138672,207.67999267578125,207.8300018310547,376475
2026-06-05 13:56:00-04:00,207.9199981689453,207.9199981689453,208.11500549316406,207.8249969482422,207.91000366210938,428217
2026-06-05 13:58:00-04:00,207.97000122070312,207.97000122070312,208.08999633789062,207.8300018310547,207.93499755859375,320363
2026-06-05 14:00:00-04:00,207.89999389648438,207.89999389648438,208.07000732421875,207.77000427246094,207.97999572753906,384518
2026-06-05 14:02:00-04:00,207.33299255371094,207.33299255371094,207.92999267578125,207.22999572753906,207.91099548339844,686736
2026-06-05 14:04:00-04:00,207.01499938964844,207.01499938964844,207.35000610351562,206.9600067138672,207.3300018310547,701902
2026-06-05 14:06:00-04:00,207.00010681152344,207.00010681152344,207.1199951171875,206.93499755859375,207.00999450683594,599152
2026-06-05 14:08:00-04:00,206.86000061035156,206.86000061035156,207.05999755859375,206.8300018310547,207.02000427246094,514219
2026-06-05 14:10:00-04:00,206.7700958251953,206.7700958251953,207.02999877929688,206.7301025390625,206.8699951171875,955061
2026-06-05 14:12:00-04:00,206.5500030517578,206.5500030517578,206.7899932861328,206.4499969482422,206.7700958251953,995885
2026-06-05 14:14:00-04:00,206.4499053955078,206.4499053955078,206.76499938964844,206.36000061035156,206.5500030517578,726233
2026-06-05 14:16:00-04:00,206.4300994873047,206.4300994873047,206.5399932861328,206.25999450683594,206.4199981689453,743373
2026-06-05 14:18:00-04:00,206.25999450683594,206.25999450683594,206.60000610351562,206.10000610351562,206.44500732421875,767436
2026-06-05 14:20:00-04:00,206.30990600585938,206.30990600585938,206.4499969482422,206.02000427246094,206.24000549316406,812205
2026-06-05 14:22:00-04:00,206.42999267578125,206.42999267578125,206.5,206.11000061035156,206.3000030517578,483926
2026-06-05 14:24:00-04:00,206.0800018310547,206.0800018310547,206.42999267578125,205.97000122070312,206.4199981689453,929598
2026-06-05 14:26:00-04:00,205.97999572753906,205.97999572753906,206.08009338378906,205.7899932861328,206.07080078125,883272
2026-06-05 14:28:00-04:00,206.01499938964844,206.01499938964844,206.19000244140625,205.8800048828125,205.97999572753906,570467
2026-06-05 14:30:00-04:00,205.9600067138672,205.9600067138672,206.13999938964844,205.8300018310547,206.00999450683594,459087
2026-06-05 14:32:00-04:00,205.60479736328125,205.60479736328125,205.9600067138672,205.41000366210938,205.9499969482422,935375
2026-06-05 14:34:00-04:00,205.25999450683594,205.25999450683594,205.69000244140625,205.22000122070312,205.6199951171875,758351
2026-06-05 14:36:00-04:00,205.28500366210938,205.28500366210938,205.5500030517578,205.1999969482422,205.2449951171875,693144
2026-06-05 14:38:00-04:00,205.3800048828125,205.3800048828125,205.4600067138672,204.83999633789062,205.28500366210938,1778091
2026-06-05 14:40:00-04:00,205.04510498046875,205.04510498046875,205.4149932861328,205.0399932861328,205.4149932861328,673263
2026-06-05 14:42:00-04:00,205.17999267578125,205.17999267578125,205.25,204.89999389648438,205.02999877929688,701107
2026-06-05 14:44:00-04:00,205.11000061035156,205.11000061035156,205.5,205.0301055908203,205.19000244140625,808154
2026-06-05 14:46:00-04:00,204.8800048828125,204.8800048828125,205.3300018310547,204.8800048828125,205.12939453125,823587
2026-06-05 14:48:00-04:00,205.4199981689453,205.4199981689453,205.5500030517578,204.77999877929688,204.8699951171875,1023345
2026-06-05 14:50:00-04:00,205.110107421875,205.110107421875,205.52000427246094,204.85000610351562,205.4149932861328,680913
2026-06-05 14:52:00-04:00,204.88999938964844,204.88999938964844,205.1699981689453,204.6999969482422,205.10000610351562,858860
2026-06-05 14:54:00-04:00,205.5399932861328,205.5399932861328,205.55999755859375,204.83999633789062,204.89010620117188,837638
2026-06-05 14:56:00-04:00,205.66000366210938,205.66000366210938,206.0399932861328,205.3800048828125,205.55499267578125,1013199
2026-06-05 14:58:00-04:00,205.88999938964844,205.88999938964844,205.97000122070312,205.5399932861328,205.64500427246094,845442
2026-06-05 15:00:00-04:00,205.67739868164062,205.67739868164062,206.0,205.32000732421875,205.89999389648438,922036
2026-06-05 15:02:00-04:00,205.94749450683594,205.94749450683594,205.97999572753906,205.41000366210938,205.6699981689453,570918
2026-06-05 15:04:00-04:00,206.2100067138672,206.2100067138672,206.2100067138672,205.75999450683594,205.92999267578125,751778
2026-06-05 15:06:00-04:00,205.9698944091797,205.9698944091797,206.32000732421875,205.9199981689453,206.17999267578125,869458
2026-06-05 15:08:00-04:00,205.7899932861328,205.7899932861328,206.0500030517578,205.50999450683594,205.94009399414062,977601
2026-06-05 15:10:00-04:00,205.05999755859375,205.05999755859375,205.86000061035156,205.0,205.78599548339844,971404
2026-06-05 15:12:00-04:00,205.02000427246094,205.02000427246094,205.17999267578125,204.8701934814453,205.0500030517578,923765
2026-06-05 15:14:00-04:00,204.88999938964844,204.88999938964844,205.22999572753906,204.80999755859375,205.0200958251953,951037
2026-06-05 15:16:00-04:00,204.60000610351562,204.60000610351562,204.9290008544922,204.60000610351562,204.88699340820312,896957
2026-06-05 15:18:00-04:00,204.89999389648438,204.89999389648438,205.07000732421875,204.33999633789062,204.60000610351562,1149480
2026-06-05 15:20:00-04:00,205.25999450683594,205.25999450683594,205.36000061035156,204.7100067138672,204.89999389648438,801396
2026-06-05 15:22:00-04:00,204.99969482421875,204.99969482421875,205.24000549316406,204.8800048828125,205.24000549316406,1171254
2026-06-05 15:24:00-04:00,205.92999267578125,205.92999267578125,206.0,205.00999450683594,205.00999450683594,1127902
2026-06-05 15:26:00-04:00,206.05999755859375,206.05999755859375,206.139892578125,205.6300048828125,205.9001007080078,891301
2026-06-05 15:28:00-04:00,206.3800048828125,206.3800048828125,206.38999938964844,205.9199981689453,206.02000427246094,914508
2026-06-05 15:30:00-04:00,206.17999267578125,206.17999267578125,206.4499969482422,205.94009399414062,206.389892578125,908564
2026-06-05 15:32:00-04:00,205.875,205.875,206.17999267578125,205.63999938964844,206.17999267578125,884531
2026-06-05 15:34:00-04:00,206.39999389648438,206.39999389648438,206.49000549316406,205.82969665527344,205.86000061035156,803237
2026-06-05 15:36:00-04:00,206.5500030517578,206.5500030517578,206.57000732421875,206.10000610351562,206.41000366210938,1083039
2026-06-05 15:38:00-04:00,206.7050018310547,206.7050018310547,206.75999450683594,206.2100067138672,206.55990600585938,895908
2026-06-05 15:40:00-04:00,205.69000244140625,205.69000244140625,206.72999572753906,205.58999633789062,206.6999969482422,1124794
2026-06-05 15:42:00-04:00,205.8699951171875,205.8699951171875,205.97999572753906,205.58999633789062,205.69000244140625,1002850
2026-06-05 15:44:00-04:00,206.25,206.25,206.3300018310547,205.72000122070312,205.8699951171875,883936
2026-06-05 15:46:00-04:00,206.24000549316406,206.24000549316406,206.36000061035156,205.97999572753906,206.24000549316406,701762
2026-06-05 15:48:00-04:00,206.0500030517578,206.0500030517578,206.5399932861328,206.0500030517578,206.24899291992188,934769
2026-06-05 15:50:00-04:00,206.3800048828125,206.3800048828125,206.75999450683594,205.9600067138672,206.0800018310547,1764177
2026-06-05 15:52:00-04:00,205.69009399414062,205.69009399414062,206.48049926757812,205.69000244140625,206.39999389648438,1450604
2026-06-05 15:54:00-04:00,206.13499450683594,206.13499450683594,206.38999938964844,205.7100067138672,205.7100067138672,1842502
2026-06-05 15:56:00-04:00,205.89999389648438,205.89999389648438,206.27000427246094,205.64999389648438,206.1199951171875,2427195
2026-06-05 15:58:00-04:00,205.10499572753906,205.10499572753906,205.88499450683594,205.0800018310547,205.8800048828125,4756427
2026-06-08 09:30:00-04:00,209.02999877929688,209.02999877929688,210.389892578125,208.8101043701172,210.17999267578125,17178567
2026-06-08 09:32:00-04:00,208.30999755859375,208.30999755859375,209.33009338378906,208.1999969482422,209.04249572753906,1924076
2026-06-08 09:34:00-04:00,209.1199951171875,209.1199951171875,209.3260040283203,208.2200927734375,208.30999755859375,1412242
2026-06-08 09:36:00-04:00,208.8052978515625,208.8052978515625,209.3300018310547,208.24929809570312,209.11000061035156,1273423
2026-06-08 09:38:00-04:00,208.60000610351562,208.60000610351562,209.6199951171875,208.41000366210938,208.82000732421875,1339919
2026-06-08 09:40:00-04:00,208.7550048828125,208.7550048828125,209.10000610351562,208.49000549316406,208.60000610351562,981568
2026-06-08 09:42:00-04:00,208.94000244140625,208.94000244140625,209.4199981689453,208.41000366210938,208.75,922623
2026-06-08 09:44:00-04:00,208.35000610351562,208.35000610351562,209.02999877929688,208.17999267578125,208.93499755859375,868706
2026-06-08 09:46:00-04:00,208.55999755859375,208.55999755859375,209.24000549316406,208.25999450683594,208.35000610351562,1105808
2026-06-08 09:48:00-04:00,208.64999389648438,208.64999389648438,208.75999450683594,208.10000610351562,208.5679931640625,917791
2026-06-08 09:50:00-04:00,208.2550048828125,208.2550048828125,208.7100067138672,208.10000610351562,208.67550659179688,839706
2026-06-08 09:52:00-04:00,208.6699981689453,208.6699981689453,208.67999267578125,208.05999755859375,208.24000549316406,879079
2026-06-08 09:54:00-04:00,207.2899932861328,207.2899932861328,208.85000610351562,207.27000427246094,208.69000244140625,1489875
2026-06-08 09:56:00-04:00,206.74000549316406,206.74000549316406,207.44000244140625,206.7100067138672,207.2899932861328,1150667
2026-06-08 09:58:00-04:00,206.2799072265625,206.2799072265625,206.7729034423828,206.1844940185547,206.74000549316406,1140602
2026-06-08 10:00:00-04:00,206.60960388183594,206.60960388183594,206.67999267578125,206.0,206.27000427246094,1192492
2026-06-08 10:02:00-04:00,206.67999267578125,206.67999267578125,206.97999572753906,206.5200958251953,206.61000061035156,954423
2026-06-08 10:04:00-04:00,206.57350158691406,206.57350158691406,206.67999267578125,206.2949981689453,206.6649932861328,809906
2026-06-08 10:06:00-04:00,206.9199981689453,206.9199981689453,207.25,206.50999450683594,206.5449981689453,848941
2026-06-08 10:08:00-04:00,207.00999450683594,207.00999450683594,207.1699981689453,206.72999572753906,206.93499755859375,746951
2026-06-08 10:10:00-04:00,206.9550018310547,206.9550018310547,207.10000610351562,206.8300018310547,207.00999450683594,566409
2026-06-08 10:12:00-04:00,207.27999877929688,207.27999877929688,207.4709930419922,206.6699981689453,206.9199981689453,780187
2026-06-08 10:14:00-04:00,206.74000549316406,206.74000549316406,207.44000244140625,206.5500030517578,207.26400756835938,722648
2026-06-08 10:16:00-04:00,206.99000549316406,206.99000549316406,207.08999633789062,206.6300048828125,206.72999572753906,555428
2026-06-08 10:18:00-04:00,207.08999633789062,207.08999633789062,207.1199951171875,206.7801055908203,206.97999572753906,511391
2026-06-08 10:20:00-04:00,207.2299041748047,207.2299041748047,207.3000030517578,206.80999755859375,207.08999633789062,706865
2026-06-08 10:22:00-04:00,207.4210968017578,207.4210968017578,207.44000244140625,206.822998046875,207.22999572753906,575610
2026-06-08 10:24:00-04:00,207.39500427246094,207.39500427246094,207.49000549316406,207.01710510253906,207.3800048828125,521939
2026-06-08 10:26:00-04:00,207.81500244140625,207.81500244140625,207.9499969482422,207.32000732421875,207.3800048828125,739724
2026-06-08 10:28:00-04:00,207.8249969482422,207.8249969482422,207.99000549316406,207.52999877929688,207.8249969482422,724617
2026-06-08 10:30:00-04:00,207.76499938964844,207.76499938964844,207.91250610351562,207.47000122070312,207.8350067138672,533007
2026-06-08 10:32:00-04:00,207.75,207.75,207.85989379882812,207.6699981689453,207.75999450683594,347112
2026-06-08 10:34:00-04:00,208.5,208.5,208.52999877929688,207.72000122070312,207.74000549316406,750762
2026-06-08 10:36:00-04:00,208.58999633789062,208.58999633789062,208.6999969482422,208.1999969482422,208.51109313964844,707684
2026-06-08 10:38:00-04:00,208.47500610351562,208.47500610351562,208.6199951171875,208.22000122070312,208.60000610351562,644029
2026-06-08 10:40:00-04:00,208.13999938964844,208.13999938964844,208.49000549316406,208.05999755859375,208.46499633789062,455170
2026-06-08 10:42:00-04:00,208.1699981689453,208.1699981689453,208.2899932861328,207.92999267578125,208.1300048828125,573289
2026-06-08 10:44:00-04:00,208.25999450683594,208.25999450683594,208.3000030517578,208.0500030517578,208.17999267578125,450482
2026-06-08 10:46:00-04:00,208.61990356445312,208.61990356445312,208.77999877929688,208.2100067138672,208.24000549316406,634236
2026-06-08 10:48:00-04:00,208.3699951171875,208.3699951171875,208.78990173339844,208.35000610351562,208.61000061035156,636738
2026-06-08 10:50:00-04:00,208.36000061035156,208.36000061035156,208.46499633789062,208.1300048828125,208.3800048828125,479560
2026-06-08 10:52:00-04:00,208.4499969482422,208.4499969482422,208.6999969482422,208.2801055908203,208.35000610351562,469531
2026-06-08 10:54:00-04:00,208.22500610351562,208.22500610351562,208.4600067138672,208.1199951171875,208.42999267578125,406037
2026-06-08 10:56:00-04:00,208.5500030517578,208.5500030517578,208.6199951171875,208.0800018310547,208.22500610351562,524659
2026-06-08 10:58:00-04:00,208.52999877929688,208.52999877929688,208.69000244140625,208.47999572753906,208.55999755859375,405570
2026-06-08 11:00:00-04:00,208.47500610351562,208.47500610351562,208.5500030517578,208.32000732421875,208.52999877929688,421667
2026-06-08 11:02:00-04:00,208.67999267578125,208.67999267578125,208.74000549316406,208.38499450683594,208.48989868164062,413177
2026-06-08 11:04:00-04:00,208.72000122070312,208.72000122070312,208.8000030517578,208.5800018310547,208.67999267578125,411861
2026-06-08 11:06:00-04:00,208.77999877929688,208.77999877929688,208.89999389648438,208.64999389648438,208.73609924316406,549770
2026-06-08 11:08:00-04:00,208.8000030517578,208.8000030517578,208.88999938964844,208.5800018310547,208.7899932861328,422922
2026-06-08 11:10:00-04:00,208.7100067138672,208.7100067138672,208.82000732421875,208.55999755859375,208.81219482421875,302318
2026-06-08 11:12:00-04:00,208.68780517578125,208.68780517578125,208.8800048828125,208.5919952392578,208.7100067138672,388777
2026-06-08 11:14:00-04:00,208.68499755859375,208.68499755859375,208.80499267578125,208.5399932861328,208.66009521484375,374668
2026-06-08 11:16:00-04:00,208.66000366210938,208.66000366210938,208.74000549316406,208.42999267578125,208.68499755859375,789494
2026-06-08 11:18:00-04:00,208.66000366210938,208.66000366210938,208.75,208.5399932861328,208.66000366210938,388075
2026-06-08 11:20:00-04:00,208.52740478515625,208.52740478515625,208.8300018310547,208.5,208.66000366210938,465949
2026-06-08 11:22:00-04:00,208.4499969482422,208.4499969482422,208.58909606933594,208.22000122070312,208.50999450683594,503221
2026-06-08 11:24:00-04:00,208.2449951171875,208.2449951171875,208.64999389648438,208.22999572753906,208.4499969482422,396497
2026-06-08 11:26:00-04:00,207.77999877929688,207.77999877929688,208.32000732421875,207.75,208.2449951171875,634478
2026-06-08 11:28:00-04:00,207.6699981689453,207.6699981689453,207.9199981689453,207.52000427246094,207.77099609375,527227
2026-06-08 11:30:00-04:00,207.50999450683594,207.50999450683594,207.7899932861328,207.20010375976562,207.6699981689453,659566
2026-06-08 11:32:00-04:00,207.21189880371094,207.21189880371094,207.58999633789062,207.1999969482422,207.5399932861328,360115
2026-06-08 11:34:00-04:00,207.52000427246094,207.52000427246094,207.5688018798828,207.17999267578125,207.22000122070312,439830
2026-06-08 11:36:00-04:00,207.9199981689453,207.9199981689453,207.9600067138672,207.4199981689453,207.52000427246094,511913
2026-06-08 11:38:00-04:00,208.27000427246094,208.27000427246094,208.2899932861328,207.88999938964844,207.91000366210938,520127
2026-06-08 11:40:00-04:00,208.5050048828125,208.5050048828125,208.6300048828125,208.22000122070312,208.27000427246094,494767
2026-06-08 11:42:00-04:00,208.49000549316406,208.49000549316406,208.5800018310547,208.27000427246094,208.50999450683594,409884
2026-06-08 11:44:00-04:00,209.0399932861328,209.0399932861328,209.09779357910156,208.4600067138672,208.47000122070312,632470
2026-06-08 11:46:00-04:00,209.16000366210938,209.16000366210938,209.25,209.02999877929688,209.05999755859375,532186
2026-06-08 11:48:00-04:00,208.86000061035156,208.86000061035156,209.17300415039062,208.72000122070312,209.1649932861328,443359
2026-06-08 11:50:00-04:00,209.27000427246094,209.27000427246094,209.33999633789062,208.87750244140625,208.88999938964844,593465
2026-06-08 11:52:00-04:00,208.97500610351562,208.97500610351562,209.32919311523438,208.94000244140625,209.2550048828125,395965
2026-06-08 11:54:00-04:00,208.66510009765625,208.66510009765625,208.97999572753906,208.6300048828125,208.97000122070312,405832
2026-06-08 11:56:00-04:00,208.49000549316406,208.49000549316406,208.80999755859375,208.47999572753906,208.6649932861328,293344
2026-06-08 11:58:00-04:00,208.30999755859375,208.30999755859375,208.5500030517578,208.1699981689453,208.47999572753906,319084
2026-06-08 12:00:00-04:00,208.3809051513672,208.3809051513672,208.49000549316406,208.1699981689453,208.31500244140625,399013
2026-06-08 12:02:00-04:00,208.82000732421875,208.82000732421875,208.94000244140625,208.34030151367188,208.3699951171875,504080
2026-06-08 12:04:00-04:00,208.72000122070312,208.72000122070312,208.8697967529297,208.57000732421875,208.82000732421875,755646
2026-06-08 12:06:00-04:00,209.07000732421875,209.07000732421875,209.11000061035156,208.72500610351562,208.72500610351562,448136
2026-06-08 12:08:00-04:00,208.86500549316406,208.86500549316406,209.10000610351562,208.63499450683594,209.0800018310547,334435
2026-06-08 12:10:00-04:00,209.0,209.0,209.13999938964844,208.6300048828125,208.87759399414062,363680
2026-06-08 12:12:00-04:00,208.9949951171875,208.9949951171875,209.14999389648438,208.9199981689453,208.99000549316406,288485
2026-06-08 12:14:00-04:00,209.12950134277344,209.12950134277344,209.18670654296875,208.85009765625,209.0,296056
2026-06-08 12:16:00-04:00,209.1300048828125,209.1300048828125,209.21929931640625,209.03599548339844,209.11000061035156,222731
2026-06-08 12:18:00-04:00,209.69009399414062,209.69009399414062,209.72000122070312,209.13499450683594,209.13499450683594,583055
2026-06-08 12:20:00-04:00,209.53329467773438,209.53329467773438,209.7490997314453,209.53329467773438,209.67999267578125,905527
2026-06-08 12:22:00-04:00,209.1750030517578,209.1750030517578,209.55499267578125,209.0,209.5500030517578,569896
2026-06-08 12:24:00-04:00,209.0800018310547,209.0800018310547,209.25999450683594,209.0399932861328,209.17059326171875,436663
2026-06-08 12:26:00-04:00,208.8699951171875,208.8699951171875,209.19000244140625,208.82000732421875,209.0800018310547,1299659
2026-06-08 12:28:00-04:00,208.5749969482422,208.5749969482422,208.91000366210938,208.5,208.85000610351562,456808
2026-06-08 12:30:00-04:00,208.80999755859375,208.80999755859375,208.9600067138672,208.57000732421875,208.59500122070312,440792
2026-06-08 12:32:00-04:00,208.50999450683594,208.50999450683594,208.82000732421875,208.5,208.82000732421875,289267
2026-06-08 12:34:00-04:00,208.6649932861328,208.6649932861328,208.7100067138672,208.4600067138672,208.51499938964844,264832
2026-06-08 12:36:00-04:00,208.4600067138672,208.4600067138672,208.7899932861328,208.44000244140625,208.6699981689453,872736
2026-06-08 12:38:00-04:00,208.30979919433594,208.30979919433594,208.49000549316406,208.1999969482422,208.46099853515625,412862
2026-06-08 12:40:00-04:00,208.47000122070312,208.47000122070312,208.5800018310547,208.22149658203125,208.3000030517578,299320
2026-06-08 12:42:00-04:00,208.30999755859375,208.30999755859375,208.49000549316406,208.25,208.49000549316406,316911
2026-06-08 12:44:00-04:00,208.5,208.5,208.5800018310547,208.30999755859375,208.31199645996094,322337
2026-06-08 12:46:00-04:00,208.69009399414062,208.69009399414062,208.72549438476562,208.42999267578125,208.5001983642578,631968
2026-06-08 12:48:00-04:00,208.5341033935547,208.5341033935547,208.8000030517578,208.52999877929688,208.6999969482422,321165
2026-06-08 12:50:00-04:00,208.73989868164062,208.73989868164062,208.85000610351562,208.52999877929688,208.5500030517578,304501
2026-06-08 12:52:00-04:00,208.63999938964844,208.63999938964844,208.77000427246094,208.5500030517578,208.72000122070312,181235
2026-06-08 12:54:00-04:00,208.63999938964844,208.63999938964844,208.83999633789062,208.55999755859375,208.64500427246094,332871
2026-06-08 12:56:00-04:00,208.62030029296875,208.62030029296875,208.77000427246094,208.57000732421875,208.64390563964844,160069
2026-06-08 12:58:00-04:00,208.5749969482422,208.5749969482422,208.7122039794922,208.57240295410156,208.625,145920
2026-06-08 13:00:00-04:00,208.2899932861328,208.2899932861328,208.6221923828125,208.2100067138672,208.5749969482422,432978
2026-06-08 13:02:00-04:00,207.91009521484375,207.91009521484375,208.32000732421875,207.89010620117188,208.2949981689453,557293
2026-06-08 13:04:00-04:00,208.25,208.25,208.3249969482422,207.85000610351562,207.91000366210938,346048
2026-06-08 13:06:00-04:00,208.25,208.25,208.3800048828125,208.1300048828125,208.24000549316406,296143
2026-06-08 13:08:00-04:00,208.2449951171875,208.2449951171875,208.27999877929688,208.1300048828125,208.25,256802
2026-06-08 13:10:00-04:00,208.05999755859375,208.05999755859375,208.32000732421875,208.0399932861328,208.22999572753906,306837
2026-06-08 13:12:00-04:00,208.2899932861328,208.2899932861328,208.2998046875,207.89999389648438,208.07000732421875,322081
2026-06-08 13:14:00-04:00,208.19000244140625,208.19000244140625,208.4499969482422,208.19000244140625,208.28500366210938,314269
2026-06-08 13:16:00-04:00,208.2550048828125,208.2550048828125,208.3800048828125,208.1699981689453,208.19000244140625,187987
2026-06-08 13:18:00-04:00,207.85499572753906,207.85499572753906,208.25999450683594,207.80999755859375,208.25999450683594,318979
2026-06-08 13:20:00-04:00,207.8800048828125,207.8800048828125,207.98500061035156,207.82000732421875,207.83999633789062,324591
2026-06-08 13:22:00-04:00,207.73500061035156,207.73500061035156,207.88999938964844,207.72000122070312,207.86500549316406,276130
2026-06-08 13:24:00-04:00,208.02999877929688,208.02999877929688,208.08999633789062,207.64999389648438,207.73500061035156,635328
2026-06-08 13:26:00-04:00,208.1699981689453,208.1699981689453,208.19000244140625,207.91000366210938,208.00999450683594,582080
2026-06-08 13:28:00-04:00,208.61000061035156,208.61000061035156,208.6300048828125,208.05999755859375,208.17950439453125,378567
2026-06-08 13:30:00-04:00,208.6824951171875,208.6824951171875,208.87989807128906,208.49000549316406,208.58999633789062,467874
2026-06-08 13:32:00-04:00,208.2100067138672,208.2100067138672,208.68499755859375,208.1699981689453,208.68499755859375,362153
2026-06-08 13:34:00-04:00,208.10000610351562,208.10000610351562,208.38999938964844,208.04769897460938,208.22000122070312,261586
2026-06-08 13:36:00-04:00,208.4595947265625,208.4595947265625,208.47000122070312,208.08999633789062,208.10000610351562,207388
2026-06-08 13:38:00-04:00,208.6999969482422,208.6999969482422,208.6999969482422,208.36000061035156,208.42999267578125,309949
2026-06-08 13:40:00-04:00,208.38900756835938,208.38900756835938,208.72500610351562,208.3699951171875,208.69500732421875,204795
2026-06-08 13:42:00-04:00,208.44009399414062,208.44009399414062,208.55999755859375,208.3800048828125,208.38009643554688,169223
2026-06-08 13:44:00-04:00,208.5500946044922,208.5500946044922,208.5800018310547,208.38999938964844,208.4499969482422,216899
2026-06-08 13:46:00-04:00,208.72799682617188,208.72799682617188,208.77999877929688,208.5,208.55999755859375,286535
2026-06-08 13:48:00-04:00,208.8800048828125,208.8800048828125,208.88909912109375,208.5800018310547,208.71499633789062,292220
2026-06-08 13:50:00-04:00,208.83999633789062,208.83999633789062,208.89999389648438,208.72000122070312,208.8800048828125,225869
2026-06-08 13:52:00-04:00,209.1999969482422,209.1999969482422,209.24000549316406,208.72000122070312,208.8300018310547,470117
2026-06-08 13:54:00-04:00,208.80990600585938,208.80990600585938,209.19000244140625,208.7899932861328,209.19000244140625,273219
2026-06-08 13:56:00-04:00,208.7949981689453,208.7949981689453,208.9600067138672,208.77000427246094,208.7949981689453,213704
2026-06-08 13:58:00-04:00,208.8000030517578,208.8000030517578,208.89999389648438,208.74000549316406,208.7949981689453,210652
2026-06-08 14:00:00-04:00,209.2100067138672,209.2100067138672,209.22000122070312,208.8000030517578,208.8000030517578,399335
2026-06-08 14:02:00-04:00,209.13999938964844,209.13999938964844,209.32000732421875,209.10000610351562,209.2100067138672,721731
2026-06-08 14:04:00-04:00,209.39999389648438,209.39999389648438,209.4600067138672,209.05999755859375,209.13999938964844,404838
2026-06-08 14:06:00-04:00,209.4600067138672,209.4600067138672,209.6199951171875,209.35499572753906,209.39500427246094,370923
2026-06-08 14:08:00-04:00,209.39999389648438,209.39999389648438,209.52000427246094,209.3699951171875,209.4499969482422,330700
2026-06-08 14:10:00-04:00,209.00999450683594,209.00999450683594,209.49000549316406,208.97999572753906,209.39500427246094,440079
2026-06-08 14:12:00-04:00,209.11000061035156,209.11000061035156,209.1699981689453,208.9199981689453,209.02000427246094,257784
2026-06-08 14:14:00-04:00,208.97999572753906,208.97999572753906,209.1199951171875,208.9600067138672,209.11000061035156,188077
2026-06-08 14:16:00-04:00,209.07699584960938,209.07699584960938,209.08999633789062,208.89999389648438,208.9600067138672,239182
2026-06-08 14:18:00-04:00,209.08999633789062,209.08999633789062,209.1699981689453,209.0399932861328,209.0800018310547,207723
2026-06-08 14:20:00-04:00,209.00070190429688,209.00070190429688,209.1156005859375,208.82000732421875,209.0800018310547,280171
2026-06-08 14:22:00-04:00,209.10000610351562,209.10000610351562,209.1199951171875,208.9499969482422,209.02000427246094,225170
2026-06-08 14:24:00-04:00,209.14999389648438,209.14999389648438,209.18589782714844,209.02999877929688,209.093994140625,210979
2026-06-08 14:26:00-04:00,209.1300048828125,209.1300048828125,209.16000366210938,209.07000732421875,209.14999389648438,139262
2026-06-08 14:28:00-04:00,209.25,209.25,209.36000061035156,209.0800018310547,209.14500427246094,274706
2026-06-08 14:30:00-04:00,209.22000122070312,209.22000122070312,209.35000610351562,209.12049865722656,209.25999450683594,262698
2026-06-08 14:32:00-04:00,209.32400512695312,209.32400512695312,209.33999633789062,209.13999938964844,209.22999572753906,244255
2026-06-08 14:34:00-04:00,209.17999267578125,209.17999267578125,209.3300018310547,209.08999633789062,209.32000732421875,326708
2026-06-08 14:36:00-04:00,209.11000061035156,209.11000061035156,209.35000610351562,209.05999755859375,209.17999267578125,370152
2026-06-08 14:38:00-04:00,208.9149932861328,208.9149932861328,209.110107421875,208.85000610351562,209.10000610351562,322945
2026-06-08 14:40:00-04:00,208.86000061035156,208.86000061035156,208.97000122070312,208.7200927734375,208.91000366210938,288462
2026-06-08 14:42:00-04:00,208.9199981689453,208.9199981689453,209.11000061035156,208.86000061035156,208.8699951171875,240702
2026-06-08 14:44:00-04:00,208.8699951171875,208.8699951171875,208.94619750976562,208.8300018310547,208.9199981689453,176064
2026-06-08 14:46:00-04:00,209.02000427246094,209.02000427246094,209.0800018310547,208.82000732421875,208.86000061035156,289794
2026-06-08 14:48:00-04:00,208.90989685058594,208.90989685058594,209.14999389648438,208.88999938964844,209.0113983154297,239198
2026-06-08 14:50:00-04:00,209.00999450683594,209.00999450683594,209.02999877929688,208.89999389648438,208.91990661621094,192822
2026-06-08 14:52:00-04:00,209.0449981689453,209.0449981689453,209.08999633789062,208.9600067138672,209.02999877929688,167027
2026-06-08 14:54:00-04:00,209.10000610351562,209.10000610351562,209.1699981689453,209.031005859375,209.0399932861328,261688
2026-06-08 14:56:00-04:00,208.9199981689453,208.9199981689453,209.22999572753906,208.9199981689453,209.08999633789062,275635
2026-06-08 14:58:00-04:00,208.8350067138672,208.8350067138672,208.92990112304688,208.79750061035156,208.92990112304688,274598
2026-06-08 15:00:00-04:00,208.64999389648438,208.64999389648438,208.9499969482422,208.5399932861328,208.8300018310547,358382
2026-06-08 15:02:00-04:00,208.72230529785156,208.72230529785156,208.8300018310547,208.6300048828125,208.63999938964844,262157
2026-06-08 15:04:00-04:00,208.63499450683594,208.63499450683594,208.7899932861328,208.5657958984375,208.74000549316406,256414
2026-06-08 15:06:00-04:00,208.69110107421875,208.69110107421875,208.75,208.5800018310547,208.63999938964844,206743
2026-06-08 15:08:00-04:00,208.44500732421875,208.44500732421875,208.72999572753906,208.42999267578125,208.70700073242188,318663
2026-06-08 15:10:00-04:00,208.06500244140625,208.06500244140625,208.44000244140625,208.00999450683594,208.42999267578125,491540
2026-06-08 15:12:00-04:00,208.2100067138672,208.2100067138672,208.2698974609375,207.96009826660156,208.0800018310547,356001
2026-06-08 15:14:00-04:00,207.83999633789062,207.83999633789062,208.22999572753906,207.67999267578125,208.19500732421875,465218
2026-06-08 15:16:00-04:00,207.75,207.75,207.97999572753906,207.69000244140625,207.85000610351562,345394
2026-06-08 15:18:00-04:00,207.7899932861328,207.7899932861328,207.7899932861328,207.6199951171875,207.7519073486328,326909
2026-06-08 15:20:00-04:00,207.93499755859375,207.93499755859375,208.0699005126953,207.76800537109375,207.7899932861328,379718
2026-06-08 15:22:00-04:00,207.50990295410156,207.50990295410156,207.99000549316406,207.47999572753906,207.92999267578125,383333
2026-06-08 15:24:00-04:00,207.39500427246094,207.39500427246094,207.5800018310547,207.38999938964844,207.50650024414062,378424
2026-06-08 15:26:00-04:00,207.74000549316406,207.74000549316406,207.77999877929688,207.3699951171875,207.39999389648438,491698
2026-06-08 15:28:00-04:00,207.81500244140625,207.81500244140625,207.82000732421875,207.55999755859375,207.72000122070312,357637
2026-06-08 15:30:00-04:00,208.1699981689453,208.1699981689453,208.25,207.77000427246094,207.8350067138672,523599
2026-06-08 15:32:00-04:00,208.0,208.0,208.40499877929688,207.97000122070312,208.1699981689453,479780
2026-06-08 15:34:00-04:00,208.010498046875,208.010498046875,208.0941925048828,207.88999938964844,207.99000549316406,372711
2026-06-08 15:36:00-04:00,208.30999755859375,208.30999755859375,208.3300018310547,207.92999267578125,208.00999450683594,426130
2026-06-08 15:38:00-04:00,208.1699981689453,208.1699981689453,208.4199981689453,208.1302947998047,208.32000732421875,387746
2026-06-08 15:40:00-04:00,207.93719482421875,207.93719482421875,208.19000244140625,207.7899932861328,208.14999389648438,393613
2026-06-08 15:42:00-04:00,207.7899932861328,207.7899932861328,207.99000549316406,207.72999572753906,207.92300415039062,305441
2026-06-08 15:44:00-04:00,207.89500427246094,207.89500427246094,208.0,207.6699981689453,207.7899932861328,425149
2026-06-08 15:46:00-04:00,208.08990478515625,208.08990478515625,208.11990356445312,207.80999755859375,207.88999938964844,476328
2026-06-08 15:48:00-04:00,207.74000549316406,207.74000549316406,208.11000061035156,207.71499633789062,208.0850067138672,400939
2026-06-08 15:50:00-04:00,207.9499969482422,207.9499969482422,208.13999938964844,207.7449951171875,207.7449951171875,648516
2026-06-08 15:52:00-04:00,208.19000244140625,208.19000244140625,208.2550048828125,207.88999938964844,207.94000244140625,590115
2026-06-08 15:54:00-04:00,208.46009826660156,208.46009826660156,208.50999450683594,208.0399932861328,208.20700073242188,811499
2026-06-08 15:56:00-04:00,208.5399932861328,208.5399932861328,208.5800018310547,208.2899932861328,208.46499633789062,1786954
2026-06-08 15:58:00-04:00,208.61000061035156,208.61000061035156,208.75,208.4499969482422,208.5399932861328,1737827
2026-06-09 09:30:00-04:00,210.5850067138672,210.5850067138672,211.38999938964844,210.3300018310547,210.61500549316406,8517287
2026-06-09 09:32:00-04:00,209.02999877929688,209.02999877929688,210.63999938964844,209.02110290527344,210.57000732421875,1167018
2026-06-09 09:34:00-04:00,210.39599609375,210.39599609375,210.4499969482422,208.83999633789062,209.02000427246094,1278409
2026-06-09 09:36:00-04:00,210.19000244140625,210.19000244140625,210.4600067138672,210.0,210.41990661621094,935073
2026-06-09 09:38:00-04:00,209.7220001220703,209.7220001220703,210.30999755859375,209.55999755859375,210.2100067138672,769400
2026-06-09 09:40:00-04:00,209.67999267578125,209.67999267578125,209.89500427246094,209.25,209.7324981689453,787573
2026-06-09 09:42:00-04:00,210.15899658203125,210.15899658203125,210.17999267578125,209.58999633789062,209.67999267578125,759211
2026-06-09 09:44:00-04:00,210.33999633789062,210.33999633789062,210.44000244140625,209.9499969482422,210.14309692382812,848888
2026-06-09 09:46:00-04:00,209.83999633789062,209.83999633789062,210.4499969482422,209.8350067138672,210.35000610351562,716371
2026-06-09 09:48:00-04:00,210.67999267578125,210.67999267578125,210.9600067138672,209.75,209.8300018310547,1446537
2026-06-09 09:50:00-04:00,210.13229370117188,210.13229370117188,210.87249755859375,209.94000244140625,210.6199951171875,913384
2026-06-09 09:52:00-04:00,209.85000610351562,209.85000610351562,210.5,209.72999572753906,210.14999389648438,748685
2026-06-09 09:54:00-04:00,209.60000610351562,209.60000610351562,210.0399932861328,209.38999938964844,209.85499572753906,781433
2026-06-09 09:56:00-04:00,209.22999572753906,209.22999572753906,209.74989318847656,209.0500946044922,209.60499572753906,584476
2026-06-09 09:58:00-04:00,209.16000366210938,209.16000366210938,209.52999877929688,209.05369567871094,209.25,720848
2026-06-09 10:00:00-04:00,208.97999572753906,208.97999572753906,209.1300048828125,208.6199951171875,209.0800018310547,1170681
2026-06-09 10:02:00-04:00,209.0050048828125,209.0050048828125,209.19000244140625,208.8000030517578,208.97999572753906,688881
2026-06-09 10:04:00-04:00,208.8000030517578,208.8000030517578,208.9600067138672,208.55999755859375,208.94000244140625,750259
2026-06-09 10:06:00-04:00,208.05960083007812,208.05960083007812,208.77999877929688,208.00999450683594,208.77499389648438,862317
2026-06-09 10:08:00-04:00,207.55999755859375,207.55999755859375,208.10899353027344,207.4600067138672,208.05499267578125,960843
2026-06-09 10:10:00-04:00,207.13999938964844,207.13999938964844,207.69000244140625,207.11000061035156,207.55999755859375,1038388
2026-06-09 10:12:00-04:00,206.83999633789062,206.83999633789062,207.4199981689453,206.8000030517578,207.13999938964844,1089047
2026-06-09 10:14:00-04:00,206.71080017089844,206.71080017089844,207.08990478515625,206.67999267578125,206.85000610351562,935203
2026-06-09 10:16:00-04:00,206.19500732421875,206.19500732421875,206.8000030517578,206.1300048828125,206.7100067138672,1257540
2026-06-09 10:18:00-04:00,206.3300018310547,206.3300018310547,206.44940185546875,206.0,206.19000244140625,1139646
2026-06-09 10:20:00-04:00,206.17999267578125,206.17999267578125,206.36000061035156,205.89999389648438,206.32000732421875,908609
2026-06-09 10:22:00-04:00,206.62840270996094,206.62840270996094,206.6300048828125,205.88999938964844,206.19000244140625,948905
2026-06-09 10:24:00-04:00,207.1300048828125,207.1300048828125,207.19400024414062,206.53919982910156,206.6199951171875,895312
2026-06-09 10:26:00-04:00,207.218994140625,207.218994140625,207.23989868164062,206.8000030517578,207.110107421875,887968
2026-06-09 10:28:00-04:00,206.97500610351562,206.97500610351562,207.3596954345703,206.72999572753906,207.1999969482422,596390
2026-06-09 10:30:00-04:00,206.36000061035156,206.36000061035156,206.9636993408203,206.3300018310547,206.96009826660156,807442
2026-06-09 10:32:00-04:00,206.66000366210938,206.66000366210938,206.9199981689453,206.30999755859375,206.35989379882812,690208
2026-06-09 10:34:00-04:00,206.69000244140625,206.69000244140625,206.82000732421875,206.5800018310547,206.65989685058594,454075
2026-06-09 10:36:00-04:00,207.3699951171875,207.3699951171875,207.37989807128906,206.5800018310547,206.69009399414062,725182
2026-06-09 10:38:00-04:00,207.1199951171875,207.1199951171875,207.42300415039062,207.0500030517578,207.36000061035156,607358
2026-06-09 10:40:00-04:00,207.49000549316406,207.49000549316406,207.5800018310547,207.1199951171875,207.125,531156
2026-06-09 10:42:00-04:00,206.72999572753906,206.72999572753906,207.50999450683594,206.68499755859375,207.4709930419922,578780
2026-06-09 10:44:00-04:00,206.1699981689453,206.1699981689453,206.82000732421875,206.05999755859375,206.72000122070312,802001
2026-06-09 10:46:00-04:00,205.27999877929688,205.27999877929688,206.1999969482422,205.2100067138672,206.1699981689453,1085354
2026-06-09 10:48:00-04:00,205.03509521484375,205.03509521484375,205.5299072265625,204.9499969482422,205.27999877929688,1441073
2026-06-09 10:50:00-04:00,205.4499969482422,205.4499969482422,205.60000610351562,204.85000610351562,205.03500366210938,1031888
2026-06-09 10:52:00-04:00,205.2899932861328,205.2899932861328,205.52000427246094,204.97000122070312,205.46499633789062,795736
2026-06-09 10:54:00-04:00,205.61000061035156,205.61000061035156,205.85000610351562,205.24000549316406,205.2949981689453,760451
2026-06-09 10:56:00-04:00,205.8101043701172,205.8101043701172,205.97000122070312,205.13999938964844,205.55999755859375,627819
2026-06-09 10:58:00-04:00,206.3300018310547,206.3300018310547,206.35000610351562,205.70010375976562,205.80499267578125,656898
2026-06-09 11:00:00-04:00,206.15499877929688,206.15499877929688,206.39999389648438,206.00999450683594,206.3699951171875,592781
2026-06-09 11:02:00-04:00,206.31500244140625,206.31500244140625,206.51849365234375,206.0,206.16900634765625,487974
2026-06-09 11:04:00-04:00,205.46499633789062,205.46499633789062,206.3551025390625,205.40109252929688,206.3188934326172,617726
2026-06-09 11:06:00-04:00,206.07000732421875,206.07000732421875,206.10000610351562,205.46749877929688,205.4799041748047,482031
2026-06-09 11:08:00-04:00,206.55499267578125,206.55499267578125,206.60000610351562,205.97999572753906,206.08999633789062,469195
2026-06-09 11:10:00-04:00,206.40499877929688,206.40499877929688,206.77000427246094,206.3800048828125,206.57000732421875,490677
2026-06-09 11:12:00-04:00,206.5800018310547,206.5800018310547,206.63999938964844,206.02000427246094,206.38999938964844,459501
2026-06-09 11:14:00-04:00,206.0915069580078,206.0915069580078,206.6199951171875,205.8800048828125,206.5800018310547,503917
2026-06-09 11:16:00-04:00,205.83450317382812,205.83450317382812,206.1699981689453,205.72999572753906,206.08999633789062,424688
2026-06-09 11:18:00-04:00,205.77000427246094,205.77000427246094,206.0399932861328,205.63999938964844,205.8249969482422,338999
2026-06-09 11:20:00-04:00,205.64599609375,205.64599609375,205.99000549316406,205.63999938964844,205.7799072265625,341839
2026-06-09 11:22:00-04:00,204.88999938964844,204.88999938964844,205.66000366210938,204.8300018310547,205.66000366210938,792474
2026-06-09 11:24:00-04:00,204.5,204.5,205.02999877929688,204.5,204.8699951171875,818729
2026-06-09 11:26:00-04:00,203.97000122070312,203.97000122070312,204.52000427246094,203.85000610351562,204.50439453125,1183655
2026-06-09 11:28:00-04:00,203.39999389648438,203.39999389648438,203.97039794921875,203.30999755859375,203.97039794921875,1027816
2026-06-09 11:30:00-04:00,203.4199981689453,203.4199981689453,203.97999572753906,203.30999755859375,203.4199981689453,1221629
2026-06-09 11:32:00-04:00,203.72000122070312,203.72000122070312,203.88999938964844,203.3730010986328,203.43499755859375,887478
2026-06-09 11:34:00-04:00,203.75,203.75,203.89999389648438,203.22000122070312,203.6999969482422,1030096
2026-06-09 11:36:00-04:00,203.69000244140625,203.69000244140625,203.89599609375,203.44500732421875,203.75,706782
2026-06-09 11:38:00-04:00,204.22500610351562,204.22500610351562,204.27999877929688,203.4199981689453,203.66000366210938,875494
2026-06-09 11:40:00-04:00,204.5800018310547,204.5800018310547,204.69000244140625,204.15499877929688,204.2100067138672,999102
2026-06-09 11:42:00-04:00,204.7799072265625,204.7799072265625,204.92999267578125,204.47999572753906,204.55999755859375,684257
2026-06-09 11:44:00-04:00,204.67999267578125,204.67999267578125,204.8699951171875,204.57000732421875,204.75,574017
2026-06-09 11:46:00-04:00,204.7100067138672,204.7100067138672,205.0399932861328,204.67999267578125,204.68319702148438,518737
2026-06-09 11:48:00-04:00,205.11500549316406,205.11500549316406,205.1300048828125,204.72000122070312,204.72000122070312,467866
2026-06-09 11:50:00-04:00,205.46499633789062,205.46499633789062,205.49000549316406,204.64999389648438,205.10000610351562,700184
2026-06-09 11:52:00-04:00,205.05499267578125,205.05499267578125,205.52999877929688,204.92999267578125,205.47999572753906,686772
2026-06-09 11:54:00-04:00,204.19000244140625,204.19000244140625,205.07000732421875,204.14999389648438,205.05999755859375,696674
2026-06-09 11:56:00-04:00,203.0500946044922,203.0500946044922,204.49000549316406,203.00999450683594,204.1699981689453,1306064
2026-06-09 11:58:00-04:00,203.01040649414062,203.01040649414062,203.25999450683594,202.85009765625,203.0500946044922,1114484
2026-06-09 12:00:00-04:00,203.53500366210938,203.53500366210938,203.5500030517578,202.97999572753906,203.0500030517578,1037365
2026-06-09 12:02:00-04:00,203.39500427246094,203.39500427246094,203.7100067138672,203.19000244140625,203.52000427246094,651046
2026-06-09 12:04:00-04:00,202.61000061035156,202.61000061035156,203.4199981689453,202.58999633789062,203.38999938964844,806807
2026-06-09 12:06:00-04:00,202.52999877929688,202.52999877929688,202.97999572753906,202.36000061035156,202.60000610351562,1011922
2026-06-09 12:08:00-04:00,201.99000549316406,201.99000549316406,202.52000427246094,201.67999267578125,202.52000427246094,1603006
2026-06-09 12:10:00-04:00,202.25999450683594,202.25999450683594,202.27999877929688,201.47000122070312,201.9600067138672,1436945
2026-06-09 12:12:00-04:00,201.97999572753906,201.97999572753906,202.3000030517578,201.7700958251953,202.2799072265625,916175
2026-06-09 12:14:00-04:00,201.39999389648438,201.39999389648438,201.9600067138672,201.3800048828125,201.9600067138672,738200
2026-06-09 12:16:00-04:00,200.75999450683594,200.75999450683594,201.41000366210938,200.64999389648438,201.41000366210938,1597931
2026-06-09 12:18:00-04:00,200.30999755859375,200.30999755859375,201.0399932861328,200.07009887695312,200.75999450683594,1461751
2026-06-09 12:20:00-04:00,200.6844940185547,200.6844940185547,200.8800048828125,200.0500030517578,200.32000732421875,1300397
2026-06-09 12:22:00-04:00,200.55999755859375,200.55999755859375,200.99000549316406,200.4300994873047,200.68499755859375,871592
2026-06-09 12:24:00-04:00,201.55999755859375,201.55999755859375,201.72000122070312,200.52000427246094,200.56509399414062,1104512
2026-06-09 12:26:00-04:00,200.9600067138672,200.9600067138672,201.62989807128906,200.92999267578125,201.55999755859375,941669
2026-06-09 12:28:00-04:00,201.47999572753906,201.47999572753906,201.64999389648438,200.9199981689453,200.9600067138672,779542
2026-06-09 12:30:00-04:00,201.36000061035156,201.36000061035156,201.67999267578125,200.97000122070312,201.47000122070312,787577
2026-06-09 12:32:00-04:00,201.39999389648438,201.39999389648438,201.88999938964844,201.2949981689453,201.36000061035156,893654
2026-06-09 12:34:00-04:00,201.46009826660156,201.46009826660156,201.60000610351562,201.0399932861328,201.39500427246094,668910
2026-06-09 12:36:00-04:00,201.27000427246094,201.27000427246094,201.5500030517578,201.07000732421875,201.47500610351562,596167
2026-06-09 12:38:00-04:00,199.77499389648438,199.77499389648438,201.3350067138672,199.61000061035156,201.27999877929688,2981208
2026-06-09 12:40:00-04:00,199.86000061035156,199.86000061035156,200.28500366210938,199.33999633789062,199.7899932861328,1516819
2026-06-09 12:42:00-04:00,200.92999267578125,200.92999267578125,201.08999633789062,199.82000732421875,199.82000732421875,985307
2026-06-09 12:44:00-04:00,201.0749969482422,201.0749969482422,201.3350067138672,200.5399932861328,200.92999267578125,871490
2026-06-09 12:46:00-04:00,200.8000030517578,200.8000030517578,201.139892578125,200.19900512695312,201.0850067138672,854023
2026-06-09 12:48:00-04:00,201.02000427246094,201.02000427246094,201.0500030517578,200.35000610351562,200.80999755859375,684153
2026-06-09 12:50:00-04:00,200.9499969482422,200.9499969482422,201.16000366210938,200.64500427246094,201.01499938964844,778806
2026-06-09 12:52:00-04:00,200.72000122070312,200.72000122070312,201.02000427246094,200.25999450683594,200.95010375976562,647794
2026-06-09 12:54:00-04:00,200.94500732421875,200.94500732421875,201.0,200.26499938964844,200.72000122070312,592188
2026-06-09 12:56:00-04:00,200.93499755859375,200.93499755859375,201.22999572753906,200.69000244140625,200.9600067138672,584141
2026-06-09 12:58:00-04:00,201.9600067138672,201.9600067138672,201.99000549316406,200.7801971435547,200.89999389648438,766155
2026-06-09 13:00:00-04:00,201.80029296875,201.80029296875,202.2592010498047,201.6699981689453,202.0,1061903
2026-06-09 13:02:00-04:00,202.97999572753906,202.97999572753906,203.0500030517578,201.72000122070312,201.7899932861328,1127591
2026-06-09 13:04:00-04:00,203.08999633789062,203.08999633789062,203.27000427246094,202.86000061035156,202.97999572753906,816110
2026-06-09 13:06:00-04:00,202.97500610351562,202.97500610351562,203.1999969482422,202.80999755859375,203.1199951171875,627676
2026-06-09 13:08:00-04:00,203.24879455566406,203.24879455566406,203.27699279785156,202.6750030517578,202.97500610351562,675295
2026-06-09 13:10:00-04:00,203.27499389648438,203.27499389648438,203.2899932861328,202.6678009033203,203.25,587016
2026-06-09 13:12:00-04:00,203.01499938964844,203.01499938964844,203.29910278320312,202.64010620117188,203.27499389648438,531892
2026-06-09 13:14:00-04:00,202.96710205078125,202.96710205078125,203.52000427246094,202.92999267578125,203.0399932861328,577581
2026-06-09 13:16:00-04:00,203.60000610351562,203.60000610351562,203.64999389648438,202.85000610351562,202.97999572753906,547098
2026-06-09 13:18:00-04:00,203.74000549316406,203.74000549316406,203.8498992919922,203.5800018310547,203.6199951171875,628765
2026-06-09 13:20:00-04:00,204.0050048828125,204.0050048828125,204.02000427246094,203.69000244140625,203.72000122070312,685213
2026-06-09 13:22:00-04:00,203.1649932861328,203.1649932861328,204.03990173339844,203.14599609375,203.9949951171875,759526
2026-06-09 13:24:00-04:00,203.35000610351562,203.35000610351562,203.63499450683594,202.9600067138672,203.20089721679688,581289
2026-06-09 13:26:00-04:00,204.14999389648438,204.14999389648438,204.1699981689453,203.34500122070312,203.36000061035156,514888
2026-06-09 13:28:00-04:00,203.89999389648438,203.89999389648438,204.24989318847656,203.74879455566406,204.1591033935547,569417
2026-06-09 13:30:00-04:00,204.0800018310547,204.0800018310547,204.1300048828125,203.6699981689453,203.89999389648438,511923
2026-06-09 13:32:00-04:00,204.30999755859375,204.30999755859375,204.3699951171875,203.9600067138672,204.08999633789062,367112
2026-06-09 13:34:00-04:00,204.22999572753906,204.22999572753906,204.4600067138672,204.0500030517578,204.30999755859375,428499
2026-06-09 13:36:00-04:00,204.5240936279297,204.5240936279297,204.6009979248047,204.1699981689453,204.22000122070312,480073
2026-06-09 13:38:00-04:00,204.5200958251953,204.5200958251953,204.64999389648438,204.3800048828125,204.52000427246094,498907
2026-06-09 13:40:00-04:00,205.0800018310547,205.0800018310547,205.16000366210938,204.42359924316406,204.55499267578125,829498
2026-06-09 13:42:00-04:00,205.27999877929688,205.27999877929688,205.41000366210938,204.85060119628906,205.0800018310547,667883
2026-06-09 13:44:00-04:00,205.05499267578125,205.05499267578125,205.41000366210938,205.02000427246094,205.26060485839844,508250
2026-06-09 13:46:00-04:00,204.35000610351562,204.35000610351562,205.10989379882812,204.3300018310547,205.0500946044922,692551
2026-06-09 13:48:00-04:00,204.2899932861328,204.2899932861328,204.58999633789062,204.1699981689453,204.33999633789062,585286
2026-06-09 13:50:00-04:00,205.3179931640625,205.3179931640625,205.3800048828125,204.27000427246094,204.27999877929688,631552
2026-06-09 13:52:00-04:00,204.62969970703125,204.62969970703125,205.33999633789062,204.39999389648438,205.33999633789062,468855
2026-06-09 13:54:00-04:00,205.3000030517578,205.3000030517578,205.4199981689453,204.52999877929688,204.6199951171875,480781
2026-06-09 13:56:00-04:00,205.17999267578125,205.17999267578125,205.30990600585938,204.95350646972656,205.30990600585938,349782
2026-06-09 13:58:00-04:00,205.05999755859375,205.05999755859375,205.2899932861328,204.89999389648438,205.17999267578125,242230
2026-06-09 14:00:00-04:00,205.1199951171875,205.1199951171875,205.39999389648438,204.99000549316406,205.05499267578125,345183
2026-06-09 14:02:00-04:00,205.04200744628906,205.04200744628906,205.32000732421875,204.9145050048828,205.10009765625,1433426
2026-06-09 14:04:00-04:00,205.41000366210938,205.41000366210938,205.42999267578125,205.00999450683594,205.0850067138672,480576
2026-06-09 14:06:00-04:00,205.42999267578125,205.42999267578125,205.4499969482422,204.97000122070312,205.4199981689453,555674
2026-06-09 14:08:00-04:00,205.4250030517578,205.4250030517578,205.5955047607422,205.23500061035156,205.45579528808594,446517
2026-06-09 14:10:00-04:00,205.19500732421875,205.19500732421875,205.47999572753906,204.92449951171875,205.47999572753906,393439
2026-06-09 14:12:00-04:00,205.2050018310547,205.2050018310547,205.47000122070312,205.13999938964844,205.1999969482422,296720
2026-06-09 14:14:00-04:00,205.4199981689453,205.4199981689453,205.52000427246094,205.1699981689453,205.21400451660156,459300
2026-06-09 14:16:00-04:00,205.4149932861328,205.4149932861328,205.64999389648438,205.14999389648438,205.44000244140625,437912
2026-06-09 14:18:00-04:00,206.02000427246094,206.02000427246094,206.0399932861328,205.38999938964844,205.4199981689453,483209
2026-06-09 14:20:00-04:00,205.84500122070312,205.84500122070312,206.22999572753906,205.64039611816406,206.00999450683594,441998
2026-06-09 14:22:00-04:00,206.36219787597656,206.36219787597656,206.3800048828125,205.75,205.85000610351562,424245
2026-06-09 14:24:00-04:00,206.06539916992188,206.06539916992188,206.41000366210938,206.02999877929688,206.375,417987
2026-06-09 14:26:00-04:00,206.27999877929688,206.27999877929688,206.27999877929688,205.8800048828125,206.10000610351562,575503
2026-06-09 14:28:00-04:00,206.4573974609375,206.4573974609375,206.4600067138672,206.13999938964844,206.25999450683594,446343
2026-06-09 14:30:00-04:00,206.85000610351562,206.85000610351562,207.0655059814453,206.41000366210938,206.44000244140625,723177
2026-06-09 14:32:00-04:00,206.6649932861328,206.6649932861328,206.84500122070312,206.48330688476562,206.8350067138672,408763
2026-06-09 14:34:00-04:00,206.61000061035156,206.61000061035156,206.85000610351562,206.59010314941406,206.6750030517578,347430
2026-06-09 14:36:00-04:00,206.93499755859375,206.93499755859375,207.11000061035156,206.60000610351562,206.60000610351562,484047
2026-06-09 14:38:00-04:00,206.9199981689453,206.9199981689453,207.08900451660156,206.86500549316406,206.94000244140625,464906
2026-06-09 14:40:00-04:00,206.64999389648438,206.64999389648438,206.94000244140625,206.57009887695312,206.92999267578125,447420
2026-06-09 14:42:00-04:00,206.47500610351562,206.47500610351562,206.739501953125,206.30999755859375,206.65499877929688,453454
2026-06-09 14:44:00-04:00,206.3699951171875,206.3699951171875,206.57000732421875,206.05999755859375,206.4600067138672,541463
2026-06-09 14:46:00-04:00,206.3699951171875,206.3699951171875,206.57000732421875,206.22000122070312,206.3699951171875,401619
2026-06-09 14:48:00-04:00,206.4600067138672,206.4600067138672,206.47000122070312,206.2200927734375,206.37989807128906,360867
2026-06-09 14:50:00-04:00,206.48500061035156,206.48500061035156,206.55990600585938,206.25,206.4499969482422,304640
2026-06-09 14:52:00-04:00,206.8166961669922,206.8166961669922,206.91940307617188,206.4600067138672,206.47000122070312,379596
2026-06-09 14:54:00-04:00,206.67999267578125,206.67999267578125,206.83999633789062,206.50999450683594,206.8300018310547,344143
2026-06-09 14:56:00-04:00,207.06199645996094,207.06199645996094,207.13999938964844,206.60000610351562,206.65879821777344,2579276
2026-06-09 14:58:00-04:00,207.08999633789062,207.08999633789062,207.3699951171875,207.02000427246094,207.07000732421875,519559
2026-06-09 15:00:00-04:00,207.19000244140625,207.19000244140625,207.2012939453125,206.7899932861328,207.08999633789062,429503
2026-06-09 15:02:00-04:00,207.25,207.25,207.3000030517578,207.10000610351562,207.16000366210938,475161
2026-06-09 15:04:00-04:00,206.97500610351562,206.97500610351562,207.4600067138672,206.9499969482422,207.25210571289062,834712
2026-06-09 15:06:00-04:00,207.125,207.125,207.19700622558594,206.9199981689453,206.9709930419922,397235
2026-06-09 15:08:00-04:00,206.7899932861328,206.7899932861328,207.21499633789062,206.6999969482422,207.16000366210938,328415
2026-06-09 15:10:00-04:00,205.94000244140625,205.94000244140625,206.7899932861328,205.89999389648438,206.77999877929688,548522
2026-06-09 15:12:00-04:00,206.10000610351562,206.10000610351562,206.3300018310547,205.92999267578125,205.94960021972656,499295
2026-06-09 15:14:00-04:00,205.2550048828125,205.2550048828125,206.13999938964844,205.14700317382812,206.08999633789062,619402
2026-06-09 15:16:00-04:00,205.16000366210938,205.16000366210938,205.41000366210938,204.91000366210938,205.27000427246094,827640
2026-06-09 15:18:00-04:00,204.94000244140625,204.94000244140625,205.4199981689453,204.75,205.1699981689453,778968
2026-06-09 15:20:00-04:00,205.14999389648438,205.14999389648438,205.33999633789062,204.5399932861328,204.93499755859375,1028635
2026-06-09 15:22:00-04:00,204.77999877929688,204.77999877929688,205.24000549316406,204.77000427246094,205.15499877929688,521236
2026-06-09 15:24:00-04:00,205.25,205.25,205.39999389648438,204.64999389648438,204.78500366210938,789125
2026-06-09 15:26:00-04:00,205.41000366210938,205.41000366210938,205.42999267578125,205.07000732421875,205.27000427246094,548544
2026-06-09 15:28:00-04:00,205.92999267578125,205.92999267578125,206.02000427246094,205.3916015625,205.3916015625,675418
2026-06-09 15:30:00-04:00,206.1199951171875,206.1199951171875,206.2899932861328,205.70010375976562,205.9199981689453,735059
2026-06-09 15:32:00-04:00,206.02000427246094,206.02000427246094,206.2799072265625,205.91000366210938,206.15499877929688,524227
2026-06-09 15:34:00-04:00,206.38999938964844,206.38999938964844,206.50990295410156,205.98199462890625,206.0399932861328,724599
2026-06-09 15:36:00-04:00,206.39999389648438,206.39999389648438,206.45989990234375,206.08999633789062,206.389892578125,633007
2026-06-09 15:38:00-04:00,206.0200958251953,206.0200958251953,206.52999877929688,205.92999267578125,206.39999389648438,526917
2026-06-09 15:40:00-04:00,205.77000427246094,205.77000427246094,206.0850067138672,205.39999389648438,206.03990173339844,668445
2026-06-09 15:42:00-04:00,206.1999969482422,206.1999969482422,206.46499633789062,205.74000549316406,205.77499389648438,608849
2026-06-09 15:44:00-04:00,206.11000061035156,206.11000061035156,206.36000061035156,205.88999938964844,206.1699981689453,516119
2026-06-09 15:46:00-04:00,205.75,205.75,206.13009643554688,205.64999389648438,206.10499572753906,481204
2026-06-09 15:48:00-04:00,205.66000366210938,205.66000366210938,205.75999450683594,205.39500427246094,205.75999450683594,560621
2026-06-09 15:50:00-04:00,206.59500122070312,206.59500122070312,206.81430053710938,205.6699981689453,205.6699981689453,1253906
2026-06-09 15:52:00-04:00,206.58999633789062,206.58999633789062,206.89999389648438,206.33999633789062,206.60000610351562,843908
2026-06-09 15:54:00-04:00,207.35000610351562,207.35000610351562,207.4499969482422,206.49000549316406,206.5800018310547,1414553
2026-06-09 15:56:00-04:00,207.51499938964844,207.51499938964844,207.52000427246094,207.13999938964844,207.33999633789062,1232822
2026-06-09 15:58:00-04:00,208.19000244140625,208.19000244140625,208.27999877929688,207.4600067138672,207.518798828125,3689949
2026-06-10 09:30:00-04:00,206.1750030517578,206.1750030517578,206.49000549316406,204.30499267578125,204.4250030517578,10505398
2026-06-10 09:32:00-04:00,205.61000061035156,205.61000061035156,206.63999938964844,205.53500366210938,206.17999267578125,1334290
2026-06-10 09:34:00-04:00,206.0500030517578,206.0500030517578,206.10000610351562,205.1699981689453,205.60000610351562,1390997
2026-06-10 09:36:00-04:00,206.91619873046875,206.91619873046875,206.9600067138672,205.7100067138672,206.0449981689453,1327207
2026-06-10 09:38:00-04:00,206.5386962890625,206.5386962890625,207.22000122070312,206.3612060546875,206.92999267578125,1219039
2026-06-10 09:40:00-04:00,205.41000366210938,205.41000366210938,206.55589294433594,205.18099975585938,206.52049255371094,1323070
2026-06-10 09:42:00-04:00,206.4199981689453,206.4199981689453,206.44500732421875,205.41000366210938,205.4199981689453,1234306
2026-06-10 09:44:00-04:00,206.0800018310547,206.0800018310547,206.5399932861328,205.5500030517578,206.40499877929688,1252398
2026-06-10 09:46:00-04:00,205.7100067138672,205.7100067138672,206.17999267578125,205.44500732421875,206.08999633789062,984796
2026-06-10 09:48:00-04:00,206.47000122070312,206.47000122070312,206.69000244140625,205.64999389648438,205.7100067138672,1243799
2026-06-10 09:50:00-04:00,205.47999572753906,205.47999572753906,206.50999450683594,205.44000244140625,206.49000549316406,1079536
2026-06-10 09:52:00-04:00,204.97999572753906,204.97999572753906,205.75999450683594,204.9199981689453,205.4700927734375,1014099
2026-06-10 09:54:00-04:00,205.38949584960938,205.38949584960938,205.4398956298828,204.93499755859375,204.97999572753906,810034
2026-06-10 09:56:00-04:00,205.63999938964844,205.63999938964844,205.73880004882812,205.32000732421875,205.39999389648438,772091
2026-06-10 09:58:00-04:00,204.9324951171875,204.9324951171875,205.7198944091797,204.8000030517578,205.61000061035156,909339
2026-06-10 10:00:00-04:00,205.2698974609375,205.2698974609375,205.41000366210938,204.91000366210938,204.94000244140625,828259
2026-06-10 10:02:00-04:00,205.36500549316406,205.36500549316406,205.83999633789062,204.85000610351562,205.24000549316406,838632
2026-06-10 10:04:00-04:00,205.39500427246094,205.39500427246094,205.69500732421875,205.14999389648438,205.3592987060547,650100
2026-06-10 10:06:00-04:00,205.6300048828125,205.6300048828125,206.09979248046875,205.40499877929688,205.40499877929688,775071
2026-06-10 10:08:00-04:00,206.22000122070312,206.22000122070312,206.32000732421875,205.5290069580078,205.60499572753906,776013
2026-06-10 10:10:00-04:00,206.00999450683594,206.00999450683594,206.3000030517578,205.44000244140625,206.20950317382812,754561
2026-06-10 10:12:00-04:00,206.1999969482422,206.1999969482422,206.27499389648438,205.67999267578125,206.02000427246094,834395
2026-06-10 10:14:00-04:00,205.83999633789062,205.83999633789062,206.52999877929688,205.6999969482422,206.19500732421875,975655
2026-06-10 10:16:00-04:00,205.71499633789062,205.71499633789062,206.42999267578125,205.5399932861328,205.82000732421875,1025436
2026-06-10 10:18:00-04:00,205.60000610351562,205.60000610351562,205.80499267578125,205.25999450683594,205.72000122070312,783604
2026-06-10 10:20:00-04:00,205.55999755859375,205.55999755859375,205.83999633789062,205.21229553222656,205.61990356445312,610591
2026-06-10 10:22:00-04:00,205.88999938964844,205.88999938964844,206.02000427246094,205.4199981689453,205.5399932861328,619137
2026-06-10 10:24:00-04:00,206.19369506835938,206.19369506835938,206.78500366210938,205.82000732421875,205.88499450683594,834053
2026-06-10 10:26:00-04:00,206.52000427246094,206.52000427246094,206.63999938964844,206.14480590820312,206.24000549316406,506795
2026-06-10 10:28:00-04:00,206.19500732421875,206.19500732421875,206.53700256347656,205.89999389648438,206.52999877929688,596765
2026-06-10 10:30:00-04:00,205.46510314941406,205.46510314941406,206.33999633789062,205.4550018310547,206.1300048828125,594987
2026-06-10 10:32:00-04:00,206.39500427246094,206.39500427246094,206.44000244140625,205.44000244140625,205.4499969482422,671361
2026-06-10 10:34:00-04:00,206.5749969482422,206.5749969482422,206.82000732421875,206.2899932861328,206.39990234375,654298
2026-06-10 10:36:00-04:00,205.5800018310547,205.5800018310547,206.58999633789062,205.50999450683594,206.55999755859375,788093
2026-06-10 10:38:00-04:00,205.86000061035156,205.86000061035156,205.98500061035156,205.5800018310547,205.58999633789062,607332
2026-06-10 10:40:00-04:00,206.27999877929688,206.27999877929688,206.4250030517578,205.75,205.85000610351562,724972
2026-06-10 10:42:00-04:00,205.97999572753906,205.97999572753906,206.3000030517578,205.81069946289062,206.2899932861328,451734
2026-06-10 10:44:00-04:00,205.7949981689453,205.7949981689453,206.19979858398438,205.5,205.97999572753906,780567
2026-06-10 10:46:00-04:00,205.9066925048828,205.9066925048828,206.35000610351562,205.70010375976562,205.77439880371094,618014
2026-06-10 10:48:00-04:00,205.36000061035156,205.36000061035156,205.89999389648438,204.9720001220703,205.88999938964844,826017
2026-06-10 10:50:00-04:00,205.3000030517578,205.3000030517578,205.88900756835938,205.22500610351562,205.3603057861328,686953
2026-06-10 10:52:00-04:00,205.13999938964844,205.13999938964844,205.42999267578125,204.83999633789062,205.3000030517578,726677
2026-06-10 10:54:00-04:00,204.4199981689453,204.4199981689453,205.72000122070312,204.39999389648438,205.17999267578125,1014035
2026-06-10 10:56:00-04:00,203.89999389648438,203.89999389648438,204.7050018310547,203.83999633789062,204.39999389648438,1033834
2026-06-10 10:58:00-04:00,203.90499877929688,203.90499877929688,204.21859741210938,203.77999877929688,203.88499450683594,866184
2026-06-10 11:00:00-04:00,204.3459930419922,204.3459930419922,204.3459930419922,203.36500549316406,203.9199981689453,1084168
2026-06-10 11:02:00-04:00,204.2530975341797,204.2530975341797,204.52000427246094,204.11000061035156,204.35000610351562,790636
2026-06-10 11:04:00-04:00,203.4600067138672,203.4600067138672,204.3000030517578,203.42999267578125,204.24000549316406,726817
2026-06-10 11:06:00-04:00,203.1699981689453,203.1699981689453,203.58999633789062,202.9949951171875,203.47000122070312,1009757
2026-06-10 11:08:00-04:00,202.97500610351562,202.97500610351562,203.32000732421875,202.91000366210938,203.17999267578125,772907
2026-06-10 11:10:00-04:00,202.77000427246094,202.77000427246094,203.27000427246094,202.60000610351562,202.97000122070312,986578
2026-06-10 11:12:00-04:00,202.8800048828125,202.8800048828125,203.02999877929688,202.42999267578125,202.77999877929688,944444
2026-06-10 11:14:00-04:00,201.97999572753906,201.97999572753906,202.8800048828125,201.89999389648438,202.85499572753906,1135569
2026-06-10 11:16:00-04:00,202.0749969482422,202.0749969482422,202.41000366210938,201.8300018310547,201.9698944091797,951780
2026-06-10 11:18:00-04:00,202.3000030517578,202.3000030517578,202.41000366210938,201.61000061035156,202.0749969482422,937379
2026-06-10 11:20:00-04:00,202.7386932373047,202.7386932373047,202.8000030517578,202.13999938964844,202.2899932861328,970496
2026-06-10 11:22:00-04:00,203.29429626464844,203.29429626464844,203.3697052001953,202.58999633789062,202.77000427246094,802950
2026-06-10 11:24:00-04:00,203.3800048828125,203.3800048828125,203.5,202.9499969482422,203.30499267578125,767904
2026-06-10 11:26:00-04:00,202.9149932861328,202.9149932861328,203.39999389648438,202.72999572753906,203.375,637457
2026-06-10 11:28:00-04:00,202.72500610351562,202.72500610351562,203.2301025390625,202.72000122070312,202.94000244140625,525324
2026-06-10 11:30:00-04:00,202.9199981689453,202.9199981689453,203.33990478515625,202.6999969482422,202.72500610351562,602134
2026-06-10 11:32:00-04:00,202.61500549316406,202.61500549316406,202.9582061767578,202.5,202.92999267578125,498932
2026-06-10 11:34:00-04:00,202.4499969482422,202.4499969482422,202.94000244140625,202.44000244140625,202.60000610351562,534171
2026-06-10 11:36:00-04:00,202.5,202.5,202.8800048828125,202.4199981689453,202.44500732421875,605107
2026-06-10 11:38:00-04:00,202.65249633789062,202.65249633789062,202.75999450683594,202.19000244140625,202.49000549316406,608074
2026-06-10 11:40:00-04:00,203.19000244140625,203.19000244140625,203.24400329589844,202.46009826660156,202.6304931640625,624698
2026-06-10 11:42:00-04:00,203.15499877929688,203.15499877929688,203.25999450683594,202.7100067138672,203.2050018310547,489231
2026-06-10 11:44:00-04:00,203.60499572753906,203.60499572753906,203.72000122070312,203.1112060546875,203.14500427246094,783159
2026-06-10 11:46:00-04:00,202.9600067138672,202.9600067138672,203.71139526367188,202.8699951171875,203.60499572753906,849393
2026-06-10 11:48:00-04:00,202.41259765625,202.41259765625,203.01280212402344,202.1300048828125,202.94000244140625,997208
2026-06-10 11:50:00-04:00,202.0,202.0,202.69000244140625,201.8699951171875,202.3699951171875,858498
2026-06-10 11:52:00-04:00,202.61000061035156,202.61000061035156,202.7899932861328,201.9375,202.0,712090
2026-06-10 11:54:00-04:00,202.7281036376953,202.7281036376953,203.3699951171875,202.5850067138672,202.60000610351562,670365
2026-06-10 11:56:00-04:00,203.55999755859375,203.55999755859375,203.55999755859375,202.67999267578125,202.72000122070312,568056
2026-06-10 11:58:00-04:00,203.4550018310547,203.4550018310547,203.6999969482422,203.3699951171875,203.56430053710938,485993
2026-06-10 12:00:00-04:00,203.13999938964844,203.13999938964844,203.86000061035156,203.05999755859375,203.47000122070312,737338
2026-06-10 12:02:00-04:00,203.2801055908203,203.2801055908203,203.38999938964844,203.10000610351562,203.14259338378906,362305
2026-06-10 12:04:00-04:00,203.18499755859375,203.18499755859375,203.5,203.17999267578125,203.30499267578125,320486
2026-06-10 12:06:00-04:00,203.375,203.375,203.54949951171875,203.08999633789062,203.1699981689453,422692
2026-06-10 12:08:00-04:00,203.05999755859375,203.05999755859375,203.42599487304688,202.83030700683594,203.3800048828125,505579
2026-06-10 12:10:00-04:00,202.75,202.75,203.0500030517578,202.5644989013672,203.0399932861328,478796
2026-06-10 12:12:00-04:00,202.7100067138672,202.7100067138672,202.9600067138672,202.58999633789062,202.72999572753906,363119
2026-06-10 12:14:00-04:00,202.64500427246094,202.64500427246094,202.8249969482422,202.5,202.7100067138672,365950
2026-06-10 12:16:00-04:00,202.57000732421875,202.57000732421875,203.03500366210938,202.4904022216797,202.61000061035156,499382
2026-06-10 12:18:00-04:00,202.85000610351562,202.85000610351562,202.88999938964844,202.4508056640625,202.5301055908203,405319
2026-06-10 12:20:00-04:00,202.80999755859375,202.80999755859375,202.93499755859375,202.38499450683594,202.86000061035156,420560
2026-06-10 12:22:00-04:00,203.02999877929688,203.02999877929688,203.0399932861328,202.62010192871094,202.7899932861328,326929
2026-06-10 12:24:00-04:00,202.64999389648438,202.64999389648438,203.0500030517578,202.47000122070312,203.02000427246094,417831
2026-06-10 12:26:00-04:00,202.72999572753906,202.72999572753906,202.97000122070312,202.60000610351562,202.64999389648438,391019
2026-06-10 12:28:00-04:00,202.86500549316406,202.86500549316406,202.90499877929688,202.69000244140625,202.72999572753906,353713
2026-06-10 12:30:00-04:00,202.75,202.75,202.89999389648438,202.67999267578125,202.85000610351562,338313
2026-06-10 12:32:00-04:00,202.8249969482422,202.8249969482422,202.97999572753906,202.60000610351562,202.72999572753906,321691
2026-06-10 12:34:00-04:00,203.36000061035156,203.36000061035156,203.61000061035156,202.810302734375,202.82009887695312,418089
2026-06-10 12:36:00-04:00,203.85000610351562,203.85000610351562,203.94000244140625,203.13999938964844,203.3300018310547,527532
2026-06-10 12:38:00-04:00,203.8000030517578,203.8000030517578,203.9499969482422,203.58009338378906,203.83999633789062,384417
2026-06-10 12:40:00-04:00,203.42999267578125,203.42999267578125,203.92990112304688,203.375,203.80999755859375,378541
2026-06-10 12:42:00-04:00,203.13999938964844,203.13999938964844,203.45989990234375,202.97000122070312,203.44000244140625,344184
2026-06-10 12:44:00-04:00,202.82000732421875,202.82000732421875,203.27999877929688,202.80999755859375,203.14999389648438,327359
2026-06-10 12:46:00-04:00,202.47000122070312,202.47000122070312,202.97999572753906,202.3979949951172,202.80999755859375,478294
2026-06-10 12:48:00-04:00,202.80499267578125,202.80499267578125,202.89999389648438,202.4250030517578,202.5050048828125,398807
2026-06-10 12:50:00-04:00,202.94500732421875,202.94500732421875,203.02000427246094,202.5500946044922,202.80499267578125,406271
2026-06-10 12:52:00-04:00,202.94000244140625,202.94000244140625,203.1300048828125,202.8101043701172,202.93499755859375,400774
2026-06-10 12:54:00-04:00,202.52999877929688,202.52999877929688,202.96780395507812,202.46009826660156,202.92999267578125,315094
2026-06-10 12:56:00-04:00,202.74000549316406,202.74000549316406,202.8300018310547,202.5,202.53500366210938,339677
2026-06-10 12:58:00-04:00,202.85499572753906,202.85499572753906,202.9398956298828,202.61129760742188,202.73500061035156,288433
2026-06-10 13:00:00-04:00,202.87600708007812,202.87600708007812,203.1999969482422,202.7700958251953,202.86000061035156,385276
2026-06-10 13:02:00-04:00,203.48500061035156,203.48500061035156,203.56590270996094,202.83009338378906,202.8800048828125,405153
2026-06-10 13:04:00-04:00,202.8300018310547,202.8300018310547,203.61500549316406,202.8300018310547,203.4644012451172,379907
2026-06-10 13:06:00-04:00,202.96749877929688,202.96749877929688,203.25999450683594,202.7899932861328,202.83999633789062,347701
2026-06-10 13:08:00-04:00,202.65499877929688,202.65499877929688,202.97500610351562,202.58999633789062,202.97500610351562,340433
2026-06-10 13:10:00-04:00,202.28329467773438,202.28329467773438,202.64999389648438,202.1999969482422,202.6199951171875,447900
2026-06-10 13:12:00-04:00,202.4199981689453,202.4199981689453,202.5500030517578,202.22000122070312,202.27499389648438,405773
2026-06-10 13:14:00-04:00,202.22999572753906,202.22999572753906,202.41000366210938,202.16000366210938,202.41000366210938,403183
2026-06-10 13:16:00-04:00,202.14500427246094,202.14500427246094,202.49000549316406,202.0800018310547,202.23989868164062,420539
2026-06-10 13:18:00-04:00,202.17999267578125,202.17999267578125,202.3000030517578,202.08529663085938,202.1300048828125,355443
2026-06-10 13:20:00-04:00,202.11000061035156,202.11000061035156,202.27999877929688,202.0301055908203,202.16000366210938,364723
2026-06-10 13:22:00-04:00,202.25999450683594,202.25999450683594,202.27000427246094,202.00999450683594,202.1199951171875,402401
2026-06-10 13:24:00-04:00,202.42999267578125,202.42999267578125,202.50999450683594,202.2449951171875,202.25,409495
2026-06-10 13:26:00-04:00,202.39500427246094,202.39500427246094,202.47999572753906,202.19000244140625,202.4199981689453,288365
2026-06-10 13:28:00-04:00,202.50999450683594,202.50999450683594,202.6199951171875,202.375,202.38999938964844,334774
2026-06-10 13:30:00-04:00,202.17990112304688,202.17990112304688,202.55990600585938,202.13999938964844,202.52000427246094,339379
2026-06-10 13:32:00-04:00,202.4199981689453,202.4199981689453,202.44009399414062,202.11000061035156,202.17999267578125,329870
2026-06-10 13:34:00-04:00,202.22999572753906,202.22999572753906,202.44000244140625,202.17999267578125,202.44000244140625,235547
2026-06-10 13:36:00-04:00,202.34500122070312,202.34500122070312,202.4499969482422,202.0500030517578,202.22000122070312,432561
2026-06-10 13:38:00-04:00,202.11630249023438,202.11630249023438,202.3699951171875,202.05499267578125,202.35499572753906,347865
2026-06-10 13:40:00-04:00,202.04010009765625,202.04010009765625,202.22999572753906,202.02000427246094,202.1300048828125,393609
2026-06-10 13:42:00-04:00,201.92999267578125,201.92999267578125,202.1699981689453,201.8800048828125,202.05999755859375,565669
2026-06-10 13:44:00-04:00,202.30990600585938,202.30990600585938,202.30999755859375,201.86500549316406,201.90499877929688,401899
2026-06-10 13:46:00-04:00,203.06619262695312,203.06619262695312,203.17999267578125,202.29010009765625,202.32000732421875,878197
2026-06-10 13:48:00-04:00,203.26499938964844,203.26499938964844,203.4600067138672,202.9199981689453,203.08990478515625,527774
2026-06-10 13:50:00-04:00,203.01499938964844,203.01499938964844,203.27000427246094,202.72999572753906,203.2449951171875,612885
2026-06-10 13:52:00-04:00,202.6699981689453,202.6699981689453,203.02999877929688,202.5500030517578,203.02149963378906,455486
2026-06-10 13:54:00-04:00,203.1300048828125,203.1300048828125,203.1699981689453,202.66000366210938,202.69000244140625,381662
2026-06-10 13:56:00-04:00,202.97000122070312,202.97000122070312,203.27000427246094,202.9600067138672,203.10000610351562,316343
2026-06-10 13:58:00-04:00,203.15499877929688,203.15499877929688,203.22000122070312,202.96009826660156,202.97000122070312,302780
2026-06-10 14:00:00-04:00,203.00999450683594,203.00999450683594,203.4199981689453,202.92300415039062,203.1699981689453,559652
2026-06-10 14:02:00-04:00,203.27000427246094,203.27000427246094,203.3300018310547,202.9499969482422,203.0050048828125,323563
2026-06-10 14:04:00-04:00,203.2050018310547,203.2050018310547,203.3300018310547,203.11000061035156,203.25,397159
2026-06-10 14:06:00-04:00,202.83999633789062,202.83999633789062,203.2100067138672,202.81019592285156,203.1999969482422,340735
2026-06-10 14:08:00-04:00,202.625,202.625,203.19000244140625,202.6199951171875,202.8300018310547,414949
2026-06-10 14:10:00-04:00,202.7100067138672,202.7100067138672,202.88999938964844,202.625,202.625,269216
2026-06-10 14:12:00-04:00,202.6566925048828,202.6566925048828,202.97000122070312,202.6199951171875,202.72000122070312,299773
2026-06-10 14:14:00-04:00,202.83009338378906,202.83009338378906,202.92999267578125,202.63999938964844,202.6649932861328,252893
2026-06-10 14:16:00-04:00,202.5399932861328,202.5399932861328,202.97999572753906,202.5399932861328,202.8699951171875,401783
2026-06-10 14:18:00-04:00,202.35000610351562,202.35000610351562,202.59500122070312,202.1999969482422,202.5399932861328,440940
2026-06-10 14:20:00-04:00,202.3249969482422,202.3249969482422,202.6300048828125,202.27999877929688,202.3350067138672,397122
2026-06-10 14:22:00-04:00,202.35009765625,202.35009765625,202.44000244140625,202.1300048828125,202.3300018310547,370255
2026-06-10 14:24:00-04:00,202.24000549316406,202.24000549316406,202.42999267578125,202.1699981689453,202.3699951171875,279453
2026-06-10 14:26:00-04:00,202.27670288085938,202.27670288085938,202.35000610351562,202.16000366210938,202.24000549316406,407479
2026-06-10 14:28:00-04:00,202.25999450683594,202.25999450683594,202.5399932861328,202.25999450683594,202.27999877929688,348905
2026-06-10 14:30:00-04:00,202.0399932861328,202.0399932861328,202.30999755859375,202.02000427246094,202.25999450683594,427415
2026-06-10 14:32:00-04:00,202.22999572753906,202.22999572753906,202.35499572753906,202.0500030517578,202.05999755859375,366331
2026-06-10 14:34:00-04:00,202.1199951171875,202.1199951171875,202.25,202.02000427246094,202.2375946044922,398382
2026-06-10 14:36:00-04:00,201.8498992919922,201.8498992919922,202.1699981689453,201.8350067138672,202.1199951171875,480897
2026-06-10 14:38:00-04:00,201.956298828125,201.956298828125,202.0399932861328,201.74000549316406,201.83999633789062,496845
2026-06-10 14:40:00-04:00,201.7899932861328,201.7899932861328,202.1649932861328,201.77999877929688,201.97000122070312,469572
2026-06-10 14:42:00-04:00,201.86000061035156,201.86000061035156,201.91000366210938,201.6300048828125,201.7899932861328,438088
2026-06-10 14:44:00-04:00,201.7449951171875,201.7449951171875,201.99000549316406,201.69500732421875,201.85009765625,449119
2026-06-10 14:46:00-04:00,201.5500030517578,201.5500030517578,201.80999755859375,201.50999450683594,201.75,405535
2026-06-10 14:48:00-04:00,201.4250030517578,201.4250030517578,201.74000549316406,201.39999389648438,201.5699005126953,456701
2026-06-10 14:50:00-04:00,201.14999389648438,201.14999389648438,201.4199981689453,200.9600067138672,201.4199981689453,1054154
2026-06-10 14:52:00-04:00,201.24000549316406,201.24000549316406,201.3699951171875,201.0800018310547,201.14930725097656,535633
2026-06-10 14:54:00-04:00,201.110595703125,201.110595703125,201.27999877929688,201.03500366210938,201.2449951171875,495925
2026-06-10 14:56:00-04:00,201.16000366210938,201.16000366210938,201.22999572753906,200.89999389648438,201.110107421875,561763
2026-06-10 14:58:00-04:00,201.16000366210938,201.16000366210938,201.30999755859375,201.1199951171875,201.14999389648438,547905
2026-06-10 15:00:00-04:00,201.00999450683594,201.00999450683594,201.1699981689453,200.92999267578125,201.1699981689453,482260
2026-06-10 15:02:00-04:00,201.37010192871094,201.37010192871094,201.4398956298828,200.9470977783203,201.00999450683594,651700
2026-06-10 15:04:00-04:00,201.1300048828125,201.1300048828125,201.39999389648438,200.97999572753906,201.3699951171875,469405
2026-06-10 15:06:00-04:00,201.375,201.375,201.44000244140625,201.10009765625,201.1300048828125,496682
2026-06-10 15:08:00-04:00,201.125,201.125,201.4499969482422,201.0644989013672,201.38499450683594,603942
2026-06-10 15:10:00-04:00,200.83999633789062,200.83999633789062,201.11000061035156,200.77000427246094,201.11000061035156,617845
2026-06-10 15:12:00-04:00,200.74009704589844,200.74009704589844,200.88999938964844,200.67999267578125,200.85000610351562,560081
2026-06-10 15:14:00-04:00,200.5850067138672,200.5850067138672,200.77000427246094,200.5500030517578,200.74119567871094,558888
2026-06-10 15:16:00-04:00,200.42999267578125,200.42999267578125,200.7100067138672,200.41009521484375,200.60000610351562,747265
2026-06-10 15:18:00-04:00,200.41000366210938,200.41000366210938,200.49000549316406,200.27000427246094,200.4199981689453,628700
2026-06-10 15:20:00-04:00,200.18499755859375,200.18499755859375,200.4149932861328,200.17010498046875,200.40499877929688,738621
2026-06-10 15:22:00-04:00,200.02000427246094,200.02000427246094,200.30909729003906,200.00999450683594,200.19000244140625,884859
2026-06-10 15:24:00-04:00,200.08999633789062,200.08999633789062,200.37899780273438,200.00999450683594,200.02000427246094,754082
2026-06-10 15:26:00-04:00,200.07000732421875,200.07000732421875,200.1750030517578,199.9199981689453,200.0800018310547,1511352
2026-06-10 15:28:00-04:00,200.20669555664062,200.20669555664062,200.30990600585938,200.02000427246094,200.0800018310547,625230
2026-06-10 15:30:00-04:00,200.6199951171875,200.6199951171875,200.75,200.1300048828125,200.2100067138672,828233
2026-06-10 15:32:00-04:00,200.44000244140625,200.44000244140625,200.69000244140625,200.41000366210938,200.6262969970703,738945
2026-06-10 15:34:00-04:00,200.7100067138672,200.7100067138672,200.92999267578125,200.43310546875,200.43499755859375,780963
2026-06-10 15:36:00-04:00,201.1699981689453,201.1699981689453,201.1699981689453,200.68499755859375,200.7100067138672,548201
2026-06-10 15:38:00-04:00,201.30999755859375,201.30999755859375,201.47999572753906,201.10009765625,201.17999267578125,931715
2026-06-10 15:40:00-04:00,201.44000244140625,201.44000244140625,201.5399932861328,201.17999267578125,201.3300018310547,1168158
2026-06-10 15:42:00-04:00,201.25999450683594,201.25999450683594,201.44000244140625,201.0,201.44000244140625,701243
2026-06-10 15:44:00-04:00,201.25999450683594,201.25999450683594,201.35000610351562,201.08009338378906,201.25,611430
2026-06-10 15:46:00-04:00,201.1199951171875,201.1199951171875,201.3000030517578,201.05999755859375,201.25,556713
2026-06-10 15:48:00-04:00,201.1479949951172,201.1479949951172,201.25,200.85000610351562,201.1300048828125,813014
2026-06-10 15:50:00-04:00,201.75999450683594,201.75999450683594,201.8800048828125,200.89999389648438,201.1199951171875,1559338
2026-06-10 15:52:00-04:00,201.39999389648438,201.39999389648438,201.80499267578125,201.2899932861328,201.74009704589844,768387
2026-06-10 15:54:00-04:00,200.9698944091797,200.9698944091797,201.55999755859375,200.89999389648438,201.39999389648438,1272586
2026-06-10 15:56:00-04:00,201.0,201.0,201.1999969482422,200.89999389648438,200.9600067138672,1271560
2026-06-10 15:58:00-04:00,200.33999633789062,200.33999633789062,201.13999938964844,200.30999755859375,201.00999450683594,2733964
2026-06-11 09:30:00-04:00,201.87879943847656,201.87879943847656,202.8800048828125,201.11000061035156,201.39500427246094,7978903
2026-06-11 09:32:00-04:00,201.86500549316406,201.86500549316406,202.13999938964844,201.36050415039062,201.8800048828125,932118
2026-06-11 09:34:00-04:00,201.30999755859375,201.30999755859375,202.10000610351562,201.19500732421875,201.8800048828125,1044976
2026-06-11 09:36:00-04:00,201.66000366210938,201.66000366210938,201.89999389648438,201.27000427246094,201.3350067138672,1113749
2026-06-11 09:38:00-04:00,201.3800048828125,201.3800048828125,201.89999389648438,201.25,201.68499755859375,1013573
2026-06-11 09:40:00-04:00,201.6300048828125,201.6300048828125,201.8000030517578,201.0800018310547,201.4113006591797,839618
2026-06-11 09:42:00-04:00,201.92999267578125,201.92999267578125,202.1300048828125,201.4010009765625,201.63999938964844,998665
2026-06-11 09:44:00-04:00,202.51600646972656,202.51600646972656,202.77000427246094,201.9250030517578,201.97999572753906,1567114
2026-06-11 09:46:00-04:00,202.89999389648438,202.89999389648438,203.25,202.40499877929688,202.49000549316406,1164717
2026-06-11 09:48:00-04:00,202.14010620117188,202.14010620117188,202.91000366210938,202.0500030517578,202.88999938964844,1009130
2026-06-11 09:50:00-04:00,202.72999572753906,202.72999572753906,202.91000366210938,202.13999938964844,202.14999389648438,880016
2026-06-11 09:52:00-04:00,203.34500122070312,203.34500122070312,203.3800048828125,202.6031951904297,202.72000122070312,805647
2026-06-11 09:54:00-04:00,203.38999938964844,203.38999938964844,203.44000244140625,202.82000732421875,203.3300018310547,813732
2026-06-11 09:56:00-04:00,202.7100067138672,202.7100067138672,203.56500244140625,202.6199951171875,203.38499450683594,959869
2026-06-11 09:58:00-04:00,202.77000427246094,202.77000427246094,203.3300018310547,202.66000366210938,202.7100067138672,682028
2026-06-11 10:00:00-04:00,203.60499572753906,203.60499572753906,203.61000061035156,202.6999969482422,202.75999450683594,815207
2026-06-11 10:02:00-04:00,203.16000366210938,203.16000366210938,203.64999389648438,202.9600067138672,203.62820434570312,605133
2026-06-11 10:04:00-04:00,203.0749969482422,203.0749969482422,203.47999572753906,202.97000122070312,203.14010620117188,707146
2026-06-11 10:06:00-04:00,203.13499450683594,203.13499450683594,203.19000244140625,202.40220642089844,203.07000732421875,750714
2026-06-11 10:08:00-04:00,202.89999389648438,202.89999389648438,203.14999389648438,202.75,203.13510131835938,578624
2026-06-11 10:10:00-04:00,202.47000122070312,202.47000122070312,203.05999755859375,202.16000366210938,202.9199981689453,741825
2026-06-11 10:12:00-04:00,202.07000732421875,202.07000732421875,202.72999572753906,202.0500030517578,202.47500610351562,754859
2026-06-11 10:14:00-04:00,202.01499938964844,202.01499938964844,202.27999877929688,201.9550018310547,202.04010009765625,719026
2026-06-11 10:16:00-04:00,201.80909729003906,201.80909729003906,202.06500244140625,201.5,202.01499938964844,826431
2026-06-11 10:18:00-04:00,201.3300018310547,201.3300018310547,201.8350067138672,201.22000122070312,201.8000030517578,748341
2026-06-11 10:20:00-04:00,201.63999938964844,201.63999938964844,201.72000122070312,201.27040100097656,201.3300018310547,742525
2026-06-11 10:22:00-04:00,202.49200439453125,202.49200439453125,202.61000061035156,201.41000366210938,201.65550231933594,737070
2026-06-11 10:24:00-04:00,202.94000244140625,202.94000244140625,202.9499969482422,202.3300018310547,202.46299743652344,643397
2026-06-11 10:26:00-04:00,202.4250030517578,202.4250030517578,202.9550018310547,202.35009765625,202.9550018310547,486174
2026-06-11 10:28:00-04:00,202.34500122070312,202.34500122070312,202.6999969482422,202.0,202.4250030517578,606328
2026-06-11 10:30:00-04:00,202.1300048828125,202.1300048828125,202.55999755859375,201.97450256347656,202.36000061035156,583719
2026-06-11 10:32:00-04:00,202.02999877929688,202.02999877929688,202.42999267578125,201.8699951171875,202.11000061035156,491494
2026-06-11 10:34:00-04:00,202.66009521484375,202.66009521484375,202.67999267578125,202.0,202.0399932861328,508914
2026-06-11 10:36:00-04:00,202.30999755859375,202.30999755859375,203.0,202.27999877929688,202.6199951171875,604382
2026-06-11 10:38:00-04:00,202.50990295410156,202.50990295410156,202.8280029296875,202.2899932861328,202.3000030517578,360792
2026-06-11 10:40:00-04:00,202.7050018310547,202.7050018310547,202.89999389648438,202.47999572753906,202.5,341537
2026-06-11 10:42:00-04:00,202.4149932861328,202.4149932861328,202.8699951171875,202.33999633789062,202.7104949951172,422541
2026-06-11 10:44:00-04:00,202.02499389648438,202.02499389648438,202.5,201.94000244140625,202.42999267578125,411899
2026-06-11 10:46:00-04:00,201.63900756835938,201.63900756835938,202.2136993408203,201.60000610351562,202.0500030517578,504426
2026-06-11 10:48:00-04:00,201.4600067138672,201.4600067138672,201.8699951171875,201.32000732421875,201.6199951171875,556351
2026-06-11 10:50:00-04:00,201.49000549316406,201.49000549316406,201.5800018310547,201.2100067138672,201.44000244140625,506378
2026-06-11 10:52:00-04:00,200.89999389648438,200.89999389648438,201.55499267578125,200.85000610351562,201.47000122070312,728591
2026-06-11 10:54:00-04:00,200.71499633789062,200.71499633789062,201.1300048828125,200.5399932861328,200.90989685058594,603318
2026-06-11 10:56:00-04:00,200.35000610351562,200.35000610351562,200.8199005126953,200.11000061035156,200.7100067138672,768185
2026-06-11 10:58:00-04:00,200.22000122070312,200.22000122070312,200.58900451660156,199.86000061035156,200.35499572753906,1005592
2026-06-11 11:00:00-04:00,199.7949981689453,199.7949981689453,200.22999572753906,199.5399932861328,200.22000122070312,878312
2026-06-11 11:02:00-04:00,200.14500427246094,200.14500427246094,200.25999450683594,199.72999572753906,199.7949981689453,705902
2026-06-11 11:04:00-04:00,200.08999633789062,200.08999633789062,200.43499755859375,200.02999877929688,200.1580047607422,611537
2026-06-11 11:06:00-04:00,200.69500732421875,200.69500732421875,200.75,200.00999450683594,200.08999633789062,616665
2026-06-11 11:08:00-04:00,200.74000549316406,200.74000549316406,201.02999877929688,200.52999877929688,200.7050018310547,656414
2026-06-11 11:10:00-04:00,200.99000549316406,200.99000549316406,201.1988067626953,200.63099670410156,200.7449951171875,483823
2026-06-11 11:12:00-04:00,201.35009765625,201.35009765625,201.4320068359375,200.97999572753906,200.99000549316406,579496
2026-06-11 11:14:00-04:00,201.79989624023438,201.79989624023438,201.83859252929688,201.1699981689453,201.36000061035156,543069
2026-06-11 11:16:00-04:00,201.4250030517578,201.4250030517578,201.82000732421875,201.41000366210938,201.80889892578125,439948
2026-06-11 11:18:00-04:00,201.2100067138672,201.2100067138672,201.57000732421875,201.0507049560547,201.4600067138672,526777
2026-06-11 11:20:00-04:00,201.42999267578125,201.42999267578125,201.72999572753906,201.11000061035156,201.19509887695312,487943
2026-06-11 11:22:00-04:00,201.26499938964844,201.26499938964844,201.5399932861328,201.14999389648438,201.44000244140625,353048
2026-06-11 11:24:00-04:00,201.4499969482422,201.4499969482422,201.5399932861328,201.11000061035156,201.26499938964844,380797
2026-06-11 11:26:00-04:00,201.16000366210938,201.16000366210938,201.6649932861328,201.16000366210938,201.44500732421875,340717
2026-06-11 11:28:00-04:00,200.6999969482422,200.6999969482422,201.2198944091797,200.6300048828125,201.1699981689453,492552
2026-06-11 11:30:00-04:00,200.6649932861328,200.6649932861328,200.9499053955078,200.56039428710938,200.6699981689453,372863
2026-06-11 11:32:00-04:00,200.61000061035156,200.61000061035156,200.89999389648438,200.47999572753906,200.67999267578125,401582
2026-06-11 11:34:00-04:00,201.30499267578125,201.30499267578125,201.39999389648438,200.60000610351562,200.64010620117188,575220
2026-06-11 11:36:00-04:00,201.75,201.75,201.77000427246094,201.22999572753906,201.2899932861328,535048
2026-06-11 11:38:00-04:00,201.5749969482422,201.5749969482422,201.77999877929688,201.42999267578125,201.74249267578125,403798
2026-06-11 11:40:00-04:00,201.4499969482422,201.4499969482422,201.92750549316406,201.44400024414062,201.55999755859375,499282
2026-06-11 11:42:00-04:00,201.08999633789062,201.08999633789062,201.6300048828125,201.04200744628906,201.4600067138672,316114
2026-06-11 11:44:00-04:00,200.98500061035156,200.98500061035156,201.25999450683594,200.92039489746094,201.08999633789062,414632
2026-06-11 11:46:00-04:00,201.47999572753906,201.47999572753906,201.5800018310547,200.9199981689453,200.98500061035156,487064
2026-06-11 11:48:00-04:00,201.14500427246094,201.14500427246094,201.5,201.11000061035156,201.5,218502
2026-06-11 11:50:00-04:00,201.19000244140625,201.19000244140625,201.27999877929688,201.10000610351562,201.14500427246094,212664
2026-06-11 11:52:00-04:00,200.89100646972656,200.89100646972656,201.31500244140625,200.84500122070312,201.19000244140625,286823
2026-06-11 11:54:00-04:00,201.2449951171875,201.2449951171875,201.2550048828125,200.9199981689453,200.9199981689453,289869
2026-06-11 11:56:00-04:00,201.3300018310547,201.3300018310547,201.44000244140625,200.96499633789062,201.22999572753906,287074
2026-06-11 11:58:00-04:00,201.3249969482422,201.3249969482422,201.47999572753906,201.2100067138672,201.3350067138672,375807
2026-06-11 12:00:00-04:00,201.39990234375,201.39990234375,201.7899932861328,201.25999450683594,201.3249969482422,389119
2026-06-11 12:02:00-04:00,201.2239990234375,201.2239990234375,201.5,201.1800994873047,201.38999938964844,997302
2026-06-11 12:04:00-04:00,201.3350067138672,201.3350067138672,201.3699951171875,201.0399932861328,201.21499633789062,246282
2026-06-11 12:06:00-04:00,201.49009704589844,201.49009704589844,201.54989624023438,201.2801971435547,201.3300018310547,311493
2026-06-11 12:08:00-04:00,201.4600067138672,201.4600067138672,201.60000610351562,201.33999633789062,201.47999572753906,241807
2026-06-11 12:10:00-04:00,201.75,201.75,201.82679748535156,201.33999633789062,201.44000244140625,486778
2026-06-11 12:12:00-04:00,201.78990173339844,201.78990173339844,201.9499969482422,201.69000244140625,201.75,515196
2026-06-11 12:14:00-04:00,201.77499389648438,201.77499389648438,202.0,201.61000061035156,201.77000427246094,324059
2026-06-11 12:16:00-04:00,201.8101043701172,201.8101043701172,202.0449981689453,201.64999389648438,201.77999877929688,343106
2026-06-11 12:18:00-04:00,201.80499267578125,201.80499267578125,201.889892578125,201.6999969482422,201.81500244140625,180738
2026-06-11 12:20:00-04:00,201.76499938964844,201.76499938964844,201.97549438476562,201.47000122070312,201.81500244140625,415965
2026-06-11 12:22:00-04:00,201.65499877929688,201.65499877929688,201.82000732421875,201.45669555664062,201.77999877929688,232142
2026-06-11 12:24:00-04:00,201.40499877929688,201.40499877929688,201.65989685058594,201.3000030517578,201.65499877929688,212238
2026-06-11 12:26:00-04:00,201.30999755859375,201.30999755859375,201.63999938964844,201.1999969482422,201.4199981689453,283144
2026-06-11 12:28:00-04:00,201.3300018310547,201.3300018310547,201.47000122070312,201.2563934326172,201.30499267578125,296739
2026-06-11 12:30:00-04:00,201.3300018310547,201.3300018310547,201.49000549316406,201.22999572753906,201.31500244140625,254045
2026-06-11 12:32:00-04:00,201.5449981689453,201.5449981689453,201.60000610351562,201.13499450683594,201.27999877929688,320744
2026-06-11 12:34:00-04:00,201.7449951171875,201.7449951171875,202.0,201.47999572753906,201.53500366210938,408961
2026-06-11 12:36:00-04:00,201.77000427246094,201.77000427246094,201.9550018310547,201.53109741210938,201.7550048828125,336266
2026-06-11 12:38:00-04:00,201.41000366210938,201.41000366210938,201.77000427246094,201.34500122070312,201.75,323613
2026-06-11 12:40:00-04:00,201.22999572753906,201.22999572753906,201.5,201.20050048828125,201.4149932861328,189119
2026-06-11 12:42:00-04:00,201.49000549316406,201.49000549316406,201.49000549316406,201.2100067138672,201.22500610351562,172508
2026-06-11 12:44:00-04:00,201.23500061035156,201.23500061035156,201.52000427246094,201.22000122070312,201.48500061035156,189018
2026-06-11 12:46:00-04:00,201.4600067138672,201.4600067138672,201.52000427246094,201.2100067138672,201.23280334472656,234051
2026-06-11 12:48:00-04:00,201.27999877929688,201.27999877929688,201.5659942626953,201.24099731445312,201.47000122070312,205084
2026-06-11 12:50:00-04:00,200.91099548339844,200.91099548339844,201.32989501953125,200.91099548339844,201.2899932861328,383352
2026-06-11 12:52:00-04:00,201.0500946044922,201.0500946044922,201.1699981689453,200.85000610351562,200.9499969482422,258548
2026-06-11 12:54:00-04:00,200.5800018310547,200.5800018310547,201.0800018310547,200.57000732421875,201.07000732421875,353755
2026-06-11 12:56:00-04:00,200.57989501953125,200.57989501953125,200.77000427246094,200.52999877929688,200.60000610351562,318646
2026-06-11 12:58:00-04:00,200.30999755859375,200.30999755859375,200.61000061035156,200.2899932861328,200.58990478515625,353307
2026-06-11 13:00:00-04:00,200.46009826660156,200.46009826660156,200.72000122070312,200.22999572753906,200.30999755859375,495824
2026-06-11 13:02:00-04:00,199.99000549316406,199.99000549316406,200.47999572753906,199.94000244140625,200.4600067138672,731687
2026-06-11 13:04:00-04:00,200.2899932861328,200.2899932861328,200.32009887695312,199.9600067138672,199.99000549316406,447452
2026-06-11 13:06:00-04:00,200.47999572753906,200.47999572753906,200.52999877929688,200.24000549316406,200.3000030517578,388954
2026-06-11 13:08:00-04:00,200.4149932861328,200.4149932861328,200.50999450683594,200.30999755859375,200.47000122070312,266234
2026-06-11 13:10:00-04:00,200.39500427246094,200.39500427246094,200.6300048828125,200.32000732421875,200.4199981689453,314426
2026-06-11 13:12:00-04:00,200.11000061035156,200.11000061035156,200.47999572753906,200.05999755859375,200.40980529785156,344499
2026-06-11 13:14:00-04:00,200.01499938964844,200.01499938964844,200.24000549316406,199.88999938964844,200.1199951171875,345486
2026-06-11 13:16:00-04:00,199.88999938964844,199.88999938964844,200.32449340820312,199.8800048828125,200.00160217285156,280492
2026-06-11 13:18:00-04:00,199.84500122070312,199.84500122070312,199.92999267578125,199.710693359375,199.8800048828125,826600
2026-06-11 13:20:00-04:00,199.99000549316406,199.99000549316406,200.02999877929688,199.72000122070312,199.84500122070312,355761
2026-06-11 13:22:00-04:00,200.02999877929688,200.02999877929688,200.0800018310547,199.8699951171875,199.99000549316406,316985
2026-06-11 13:24:00-04:00,200.28500366210938,200.28500366210938,200.2899932861328,199.97999572753906,200.02859497070312,332921
2026-06-11 13:26:00-04:00,200.4300994873047,200.4300994873047,200.44000244140625,200.24000549316406,200.3000030517578,479725
2026-06-11 13:28:00-04:00,202.80999755859375,202.80999755859375,202.86000061035156,200.42999267578125,200.43499755859375,1992271
2026-06-11 13:30:00-04:00,202.10000610351562,202.10000610351562,203.33999633789062,201.72999572753906,202.8249969482422,2149332
2026-06-11 13:32:00-04:00,202.96449279785156,202.96449279785156,203.07989501953125,202.02000427246094,202.10000610351562,1043180
2026-06-11 13:34:00-04:00,202.72000122070312,202.72000122070312,203.11000061035156,202.35499572753906,202.9600067138672,1006926
2026-06-11 13:36:00-04:00,203.16990661621094,203.16990661621094,203.2198944091797,202.36000061035156,202.7100067138672,773650
2026-06-11 13:38:00-04:00,203.00999450683594,203.00999450683594,203.2100067138672,202.71139526367188,203.1699981689453,642862
2026-06-11 13:40:00-04:00,203.27000427246094,203.27000427246094,203.3800048828125,202.80999755859375,202.99000549316406,706986
2026-06-11 13:42:00-04:00,203.77999877929688,203.77999877929688,203.839599609375,203.10009765625,203.3000030517578,950650
2026-06-11 13:44:00-04:00,204.15499877929688,204.15499877929688,204.47000122070312,203.61000061035156,203.74009704589844,1084592
2026-06-11 13:46:00-04:00,203.5500946044922,203.5500946044922,204.1894989013672,203.52000427246094,204.15499877929688,815582
2026-06-11 13:48:00-04:00,203.22500610351562,203.22500610351562,203.85499572753906,203.17999267578125,203.58999633789062,785138
2026-06-11 13:50:00-04:00,203.14999389648438,203.14999389648438,203.24000549316406,202.7209930419922,203.21499633789062,648320
2026-06-11 13:52:00-04:00,202.99000549316406,202.99000549316406,203.3000030517578,202.91000366210938,203.1501007080078,558786
2026-06-11 13:54:00-04:00,202.80999755859375,202.80999755859375,203.00990295410156,202.72000122070312,203.00599670410156,357081
2026-06-11 13:56:00-04:00,202.8800048828125,202.8800048828125,202.89500427246094,202.52999877929688,202.80999755859375,474558
2026-06-11 13:58:00-04:00,202.97999572753906,202.97999572753906,203.11000061035156,202.74000549316406,202.86959838867188,563572
2026-06-11 14:00:00-04:00,202.56100463867188,202.56100463867188,203.17999267578125,202.56100463867188,202.97000122070312,475629
2026-06-11 14:02:00-04:00,201.98500061035156,201.98500061035156,202.6999969482422,201.9001007080078,202.5749969482422,797028
2026-06-11 14:04:00-04:00,201.8000030517578,201.8000030517578,202.36990356445312,201.79010009765625,201.9799041748047,571835
2026-06-11 14:06:00-04:00,202.05499267578125,202.05499267578125,202.05999755859375,201.63999938964844,201.80999755859375,470315
2026-06-11 14:08:00-04:00,201.93499755859375,201.93499755859375,202.14999389648438,201.68499755859375,202.0200958251953,477006
2026-06-11 14:10:00-04:00,202.4250030517578,202.4250030517578,202.57989501953125,201.8300018310547,201.94940185546875,446397
2026-06-11 14:12:00-04:00,202.55499267578125,202.55499267578125,202.69000244140625,202.35000610351562,202.43499755859375,457848
2026-06-11 14:14:00-04:00,202.90499877929688,202.90499877929688,202.91990661621094,202.5,202.55999755859375,515266
2026-06-11 14:16:00-04:00,203.05999755859375,203.05999755859375,203.1300048828125,202.80999755859375,202.88499450683594,414991
2026-06-11 14:18:00-04:00,203.22999572753906,203.22999572753906,203.27999877929688,202.92999267578125,203.0399932861328,386502
2026-06-11 14:20:00-04:00,203.07000732421875,203.07000732421875,203.22500610351562,202.77999877929688,203.22500610351562,398933
2026-06-11 14:22:00-04:00,202.7698974609375,202.7698974609375,203.07989501953125,202.55999755859375,203.0500030517578,508466
2026-06-11 14:24:00-04:00,202.83999633789062,202.83999633789062,202.9801025390625,202.67010498046875,202.75999450683594,233527
2026-06-11 14:26:00-04:00,202.74000549316406,202.74000549316406,202.87730407714844,202.6300048828125,202.86000061035156,219516
2026-06-11 14:28:00-04:00,202.75999450683594,202.75999450683594,202.9199981689453,202.64500427246094,202.74000549316406,221176
2026-06-11 14:30:00-04:00,202.89999389648438,202.89999389648438,203.05999755859375,202.6999969482422,202.78990173339844,313479
2026-06-11 14:32:00-04:00,202.74000549316406,202.74000549316406,202.9199981689453,202.5500030517578,202.89999389648438,255878
2026-06-11 14:34:00-04:00,202.36500549316406,202.36500549316406,202.77000427246094,202.32049560546875,202.6999969482422,355853
2026-06-11 14:36:00-04:00,202.35000610351562,202.35000610351562,202.50999450683594,202.2700958251953,202.36500549316406,447682
2026-06-11 14:38:00-04:00,202.14999389648438,202.14999389648438,202.40989685058594,202.0832977294922,202.3300018310547,389574
2026-06-11 14:40:00-04:00,202.11000061035156,202.11000061035156,202.27999877929688,202.0500030517578,202.14999389648438,299473
2026-06-11 14:42:00-04:00,202.14700317382812,202.14700317382812,202.24000549316406,201.97900390625,202.11000061035156,467423
2026-06-11 14:44:00-04:00,202.1999969482422,202.1999969482422,202.24000549316406,202.0800018310547,202.14889526367188,421745
2026-06-11 14:46:00-04:00,202.41990661621094,202.41990661621094,202.42999267578125,202.1699981689453,202.1999053955078,583912
2026-06-11 14:48:00-04:00,202.58929443359375,202.58929443359375,202.63999938964844,202.2899932861328,202.41000366210938,413357
2026-06-11 14:50:00-04:00,202.47999572753906,202.47999572753906,202.875,202.47000122070312,202.58999633789062,475594
2026-06-11 14:52:00-04:00,202.71499633789062,202.71499633789062,202.843994140625,202.39999389648438,202.47999572753906,415227
2026-06-11 14:54:00-04:00,202.49000549316406,202.49000549316406,202.8000030517578,202.49000549316406,202.6999969482422,344084
2026-06-11 14:56:00-04:00,202.72999572753906,202.72999572753906,202.7790069580078,202.4600067138672,202.4600067138672,367384
2026-06-11 14:58:00-04:00,202.85499572753906,202.85499572753906,202.89999389648438,202.4300994873047,202.7100067138672,488496
2026-06-11 15:00:00-04:00,202.76510620117188,202.76510620117188,203.0,202.67999267578125,202.86000061035156,539971
2026-06-11 15:02:00-04:00,202.56080627441406,202.56080627441406,202.83999633789062,202.52000427246094,202.76499938964844,415872
2026-06-11 15:04:00-04:00,202.3300018310547,202.3300018310547,202.67999267578125,202.25,202.55999755859375,480927
2026-06-11 15:06:00-04:00,202.2292022705078,202.2292022705078,202.35000610351562,202.00999450683594,202.3300018310547,512859
2026-06-11 15:08:00-04:00,202.44500732421875,202.44500732421875,202.5509033203125,202.1699981689453,202.1999969482422,476957
2026-06-11 15:10:00-04:00,202.66000366210938,202.66000366210938,202.75,202.3699951171875,202.42999267578125,488441
2026-06-11 15:12:00-04:00,202.97000122070312,202.97000122070312,203.0500030517578,202.56900024414062,202.6300048828125,681831
2026-06-11 15:14:00-04:00,203.36000061035156,203.36000061035156,203.3800048828125,202.92999267578125,202.96080017089844,602069
2026-06-11 15:16:00-04:00,203.3000030517578,203.3000030517578,203.47000122070312,203.13999938964844,203.36000061035156,502177
2026-06-11 15:18:00-04:00,203.64990234375,203.64990234375,203.64999389648438,203.16000366210938,203.27999877929688,529049
2026-06-11 15:20:00-04:00,203.61000061035156,203.61000061035156,203.8199005126953,203.52999877929688,203.64990234375,575070
2026-06-11 15:22:00-04:00,203.97000122070312,203.97000122070312,204.07000732421875,203.5399932861328,203.60000610351562,793028
2026-06-11 15:24:00-04:00,204.0500030517578,204.0500030517578,204.10940551757812,203.91000366210938,203.97999572753906,482231
2026-06-11 15:26:00-04:00,204.24000549316406,204.24000549316406,204.35000610351562,203.97000122070312,204.0399932861328,1786165
2026-06-11 15:28:00-04:00,204.47000122070312,204.47000122070312,204.66000366210938,204.19000244140625,204.24000549316406,900623
2026-06-11 15:30:00-04:00,204.8459014892578,204.8459014892578,205.13710021972656,204.4499969482422,204.47999572753906,1359930
2026-06-11 15:32:00-04:00,204.99000549316406,204.99000549316406,205.0399932861328,204.63999938964844,204.83999633789062,683481
2026-06-11 15:34:00-04:00,205.1999053955078,205.1999053955078,205.24000549316406,204.91000366210938,205.0,670559
2026-06-11 15:36:00-04:00,205.16000366210938,205.16000366210938,205.27999877929688,205.00999450683594,205.1999969482422,612286
2026-06-11 15:38:00-04:00,204.6649932861328,204.6649932861328,205.19000244140625,204.66000366210938,205.16000366210938,756602
2026-06-11 15:40:00-04:00,205.0500030517578,205.0500030517578,205.11300659179688,204.51429748535156,204.67999267578125,775005
2026-06-11 15:42:00-04:00,205.5800018310547,205.5800018310547,205.6300048828125,204.96009826660156,205.05999755859375,981742
2026-06-11 15:44:00-04:00,205.25999450683594,205.25999450683594,205.6199951171875,205.17999267578125,205.58999633789062,1168442
2026-06-11 15:46:00-04:00,204.4199981689453,204.4199981689453,205.30999755859375,204.2200927734375,205.25,1042300
2026-06-11 15:48:00-04:00,204.50169372558594,204.50169372558594,204.5500030517578,204.14199829101562,204.41000366210938,803366
2026-06-11 15:50:00-04:00,204.69000244140625,204.69000244140625,204.7100067138672,204.1750030517578,204.52999877929688,957144
2026-06-11 15:52:00-04:00,205.4199981689453,205.4199981689453,205.47999572753906,204.52000427246094,204.67999267578125,1183547
2026-06-11 15:54:00-04:00,204.93499755859375,204.93499755859375,205.66000366210938,204.8249969482422,205.42999267578125,1695658
2026-06-11 15:56:00-04:00,205.0800018310547,205.0800018310547,205.16000366210938,204.8800048828125,204.92999267578125,1556356
2026-06-11 15:58:00-04:00,204.6699981689453,204.6699981689453,205.1199951171875,204.64999389648438,205.0800018310547,3864925
2026-06-12 09:30:00-04:00,204.15499877929688,204.15499877929688,205.0,203.77000427246094,204.72999572753906,5823301
2026-06-12 09:32:00-04:00,203.6300048828125,203.6300048828125,204.3000030517578,203.43850708007812,204.19500732421875,886425
2026-06-12 09:34:00-04:00,204.82000732421875,204.82000732421875,204.85499572753906,203.52999877929688,203.5800018310547,894829
2026-06-12 09:36:00-04:00,205.47999572753906,205.47999572753906,206.0,204.52499389648438,204.8000030517578,1242720
2026-06-12 09:38:00-04:00,205.90769958496094,205.90769958496094,205.95989990234375,205.27000427246094,205.49000549316406,855898
2026-06-12 09:40:00-04:00,205.10499572753906,205.10499572753906,206.24000549316406,205.0800018310547,205.89999389648438,1405938
2026-06-12 09:42:00-04:00,204.7100067138672,204.7100067138672,205.14999389648438,204.22169494628906,205.10440063476562,1008576
2026-06-12 09:44:00-04:00,203.99000549316406,203.99000549316406,204.88999938964844,203.91000366210938,204.7100067138672,971612
2026-06-12 09:46:00-04:00,203.96400451660156,203.96400451660156,204.3699951171875,203.63999938964844,203.94000244140625,994446
2026-06-12 09:48:00-04:00,203.88999938964844,203.88999938964844,204.24000549316406,203.65350341796875,203.94000244140625,710531
2026-06-12 09:50:00-04:00,203.9801025390625,203.9801025390625,204.17999267578125,203.70010375976562,203.8800048828125,573720
2026-06-12 09:52:00-04:00,203.86000061035156,203.86000061035156,204.2299041748047,203.8300018310547,203.97650146484375,558422
2026-06-12 09:54:00-04:00,203.82000732421875,203.82000732421875,203.91000366210938,203.57000732421875,203.889892578125,590207
2026-06-12 09:56:00-04:00,204.39999389648438,204.39999389648438,204.689697265625,203.82000732421875,203.8300018310547,816068
2026-06-12 09:58:00-04:00,203.97000122070312,203.97000122070312,204.5175018310547,203.8800048828125,204.40249633789062,871967
2026-06-12 10:00:00-04:00,204.4550018310547,204.4550018310547,204.5500030517578,203.92999267578125,204.05999755859375,650792
2026-06-12 10:02:00-04:00,204.94000244140625,204.94000244140625,205.00999450683594,204.3800048828125,204.42999267578125,880553
2026-06-12 10:04:00-04:00,204.7899932861328,204.7899932861328,205.16990661621094,204.60000610351562,204.94000244140625,795723
2026-06-12 10:06:00-04:00,205.5,205.5,205.6199951171875,204.72000122070312,204.8000030517578,908303
2026-06-12 10:08:00-04:00,205.91510009765625,205.91510009765625,205.9499053955078,205.22999572753906,205.4949951171875,803941
2026-06-12 10:10:00-04:00,205.57009887695312,205.57009887695312,206.25,205.48809814453125,205.92990112304688,835072
2026-06-12 10:12:00-04:00,205.3498992919922,205.3498992919922,205.77000427246094,205.16000366210938,205.58999633789062,566577
2026-06-12 10:14:00-04:00,205.85000610351562,205.85000610351562,205.9199981689453,205.33999633789062,205.33999633789062,544461
2026-06-12 10:16:00-04:00,206.30999755859375,206.30999755859375,206.3699951171875,205.74009704589844,205.86000061035156,832565
2026-06-12 10:18:00-04:00,206.1649932861328,206.1649932861328,206.3300018310547,205.80999755859375,206.3000030517578,606728
2026-06-12 10:20:00-04:00,206.05999755859375,206.05999755859375,206.67999267578125,205.9199981689453,206.17999267578125,887246
2026-06-12 10:22:00-04:00,205.6199951171875,205.6199951171875,206.1999969482422,205.5500030517578,206.00999450683594,556248
2026-06-12 10:24:00-04:00,205.8350067138672,205.8350067138672,206.00999450683594,205.50010681152344,205.6199951171875,522912
2026-06-12 10:26:00-04:00,205.82000732421875,205.82000732421875,205.92999267578125,205.4300994873047,205.86000061035156,392223
2026-06-12 10:28:00-04:00,205.69000244140625,205.69000244140625,206.03990173339844,205.63999938964844,205.79379272460938,383611
2026-06-12 10:30:00-04:00,205.84500122070312,205.84500122070312,206.1300048828125,205.64999389648438,205.66000366210938,402368
2026-06-12 10:32:00-04:00,205.69000244140625,205.69000244140625,205.89999389648438,205.4499969482422,205.85000610351562,389102
2026-06-12 10:34:00-04:00,205.88999938964844,205.88999938964844,206.0500030517578,205.47000122070312,205.69000244140625,408696
2026-06-12 10:36:00-04:00,205.75999450683594,205.75999450683594,206.25999450683594,205.6199951171875,205.90989685058594,491398
2026-06-12 10:38:00-04:00,205.6699981689453,205.6699981689453,205.9499969482422,205.64999389648438,205.77499389648438,284954
2026-06-12 10:40:00-04:00,205.08990478515625,205.08990478515625,205.71290588378906,204.88999938964844,205.68499755859375,655911
2026-06-12 10:42:00-04:00,204.57000732421875,204.57000732421875,205.2624969482422,204.4709930419922,205.0699005126953,622308
2026-06-12 10:44:00-04:00,204.5478973388672,204.5478973388672,204.7100067138672,204.39999389648438,204.60000610351562,420804
2026-06-12 10:46:00-04:00,204.1199951171875,204.1199951171875,204.65989685058594,203.9600067138672,204.5,635187
2026-06-12 10:48:00-04:00,204.11000061035156,204.11000061035156,204.3699951171875,203.9501953125,204.13999938964844,423742
2026-06-12 10:50:00-04:00,204.05999755859375,204.05999755859375,204.43499755859375,204.0500030517578,204.110107421875,420192
2026-06-12 10:52:00-04:00,204.9373016357422,204.9373016357422,205.05999755859375,204.0500030517578,204.10009765625,1080030
2026-06-12 10:54:00-04:00,205.41990661621094,205.41990661621094,206.0,205.110107421875,205.139892578125,1128633
2026-06-12 10:56:00-04:00,205.8000946044922,205.8000946044922,205.86839294433594,205.4199981689453,205.8000030517578,380051
2026-06-12 10:58:00-04:00,205.6999969482422,205.6999969482422,205.86000061035156,205.59010314941406,205.8300018310547,413699
2026-06-12 11:00:00-04:00,205.6199951171875,205.6199951171875,205.97000122070312,205.50999450683594,205.74000549316406,408914
2026-06-12 11:02:00-04:00,205.47999572753906,205.47999572753906,205.72999572753906,205.44000244140625,205.61000061035156,486787
2026-06-12 11:04:00-04:00,205.69590759277344,205.69590759277344,205.7899932861328,205.38999938964844,205.39999389648438,277543
2026-06-12 11:06:00-04:00,205.35499572753906,205.35499572753906,205.77999877929688,205.32000732421875,205.69000244140625,364531
2026-06-12 11:08:00-04:00,205.60000610351562,205.60000610351562,205.6699981689453,205.30499267578125,205.35000610351562,306813
2026-06-12 11:10:00-04:00,205.77999877929688,205.77999877929688,205.97900390625,205.52000427246094,205.60000610351562,354205
2026-06-12 11:12:00-04:00,205.9600067138672,205.9600067138672,205.9949951171875,205.60000610351562,205.77999877929688,320592
2026-06-12 11:14:00-04:00,206.51010131835938,206.51010131835938,206.74000549316406,205.9600067138672,205.9600067138672,984358
2026-06-12 11:16:00-04:00,206.86000061035156,206.86000061035156,206.8800048828125,206.35169982910156,206.52000427246094,696875
2026-06-12 11:18:00-04:00,207.05999755859375,207.05999755859375,207.07000732421875,206.77000427246094,206.83580017089844,644911
2026-06-12 11:20:00-04:00,206.8800048828125,206.8800048828125,207.05999755859375,206.75,207.0500030517578,600673
2026-06-12 11:22:00-04:00,206.83700561523438,206.83700561523438,207.0,206.62530517578125,206.89999389648438,425927
2026-06-12 11:24:00-04:00,206.8300018310547,206.8300018310547,206.89999389648438,206.66000366210938,206.83990478515625,390731
2026-06-12 11:26:00-04:00,206.83999633789062,206.83999633789062,206.8800048828125,206.64999389648438,206.8300018310547,269230
2026-06-12 11:28:00-04:00,206.9550018310547,206.9550018310547,206.99000549316406,206.67999267578125,206.82290649414062,381008
2026-06-12 11:30:00-04:00,206.77999877929688,206.77999877929688,206.99969482421875,206.72999572753906,206.9600067138672,434227
2026-06-12 11:32:00-04:00,206.8350067138672,206.8350067138672,206.8699951171875,206.5800018310547,206.77999877929688,436565
2026-06-12 11:34:00-04:00,206.75990295410156,206.75990295410156,206.86900329589844,206.25,206.83999633789062,803018
2026-06-12 11:36:00-04:00,206.19500732421875,206.19500732421875,206.75990295410156,206.00999450683594,206.7449951171875,707124
2026-06-12 11:38:00-04:00,206.0,206.0,206.33810424804688,205.8800048828125,206.22999572753906,539054
2026-06-12 11:40:00-04:00,205.7100067138672,205.7100067138672,206.0399932861328,205.61000061035156,205.99000549316406,691867
2026-06-12 11:42:00-04:00,205.34500122070312,205.34500122070312,205.7799072265625,205.21499633789062,205.6999969482422,599145
2026-06-12 11:44:00-04:00,205.36500549316406,205.36500549316406,205.4499053955078,205.1300048828125,205.3300018310547,460238
2026-06-12 11:46:00-04:00,205.17999267578125,205.17999267578125,205.67990112304688,205.16000366210938,205.35000610351562,506529
2026-06-12 11:48:00-04:00,204.60000610351562,204.60000610351562,205.60989379882812,204.5850067138672,205.17999267578125,645787
2026-06-12 11:50:00-04:00,204.9149932861328,204.9149932861328,205.60989379882812,204.39999389648438,204.58999633789062,537525
2026-06-12 11:52:00-04:00,205.13009643554688,205.13009643554688,205.60989379882812,204.89999389648438,204.91000366210938,412241
2026-06-12 11:54:00-04:00,204.97109985351562,204.97109985351562,205.235107421875,204.8800048828125,205.14999389648438,377405
2026-06-12 11:56:00-04:00,204.76010131835938,204.76010131835938,205.125,204.75999450683594,204.9600067138672,323064
2026-06-12 11:58:00-04:00,204.16990661621094,204.16990661621094,204.86000061035156,203.91000366210938,204.77000427246094,622806
2026-06-12 12:00:00-04:00,204.375,204.375,204.5800018310547,203.9499969482422,204.1699981689453,552532
2026-06-12 12:02:00-04:00,204.41000366210938,204.41000366210938,205.60989379882812,204.11000061035156,204.3800048828125,447235
2026-06-12 12:04:00-04:00,204.33990478515625,204.33990478515625,204.61000061035156,204.25010681152344,204.3699951171875,341857
2026-06-12 12:06:00-04:00,204.6699981689453,204.6699981689453,204.7899932861328,204.2899932861328,204.30999755859375,359781
2026-06-12 12:08:00-04:00,204.83999633789062,204.83999633789062,204.98989868164062,204.61000061035156,204.6649932861328,333578
2026-06-12 12:10:00-04:00,204.83389282226562,204.83389282226562,205.60499572753906,204.52000427246094,204.82000732421875,352708
2026-06-12 12:12:00-04:00,205.38600158691406,205.38600158691406,205.5,204.63009643554688,204.8350067138672,764346
2026-06-12 12:14:00-04:00,205.66000366210938,205.66000366210938,205.75,205.12420654296875,205.38499450683594,490367
2026-06-12 12:16:00-04:00,205.35000610351562,205.35000610351562,205.7899932861328,205.35000610351562,205.6999969482422,398341
2026-06-12 12:18:00-04:00,205.14999389648438,205.14999389648438,205.4600067138672,204.9600067138672,205.41000366210938,364765
2026-06-12 12:20:00-04:00,204.97999572753906,204.97999572753906,205.39990234375,204.84280395507812,205.15499877929688,379738
2026-06-12 12:22:00-04:00,205.07000732421875,205.07000732421875,205.13999938964844,204.8699951171875,204.97000122070312,362576
2026-06-12 12:24:00-04:00,205.0299072265625,205.0299072265625,205.15499877929688,204.77999877929688,205.07989501953125,284321
2026-06-12 12:26:00-04:00,204.88929748535156,204.88929748535156,205.20989990234375,204.8704071044922,205.01499938964844,256261
2026-06-12 12:28:00-04:00,204.99899291992188,204.99899291992188,205.1300048828125,204.83999633789062,204.88999938964844,245064
2026-06-12 12:30:00-04:00,204.89999389648438,204.89999389648438,205.10000610351562,204.87010192871094,204.97000122070312,203326
2026-06-12 12:32:00-04:00,204.88999938964844,204.88999938964844,204.98959350585938,204.75999450683594,204.89999389648438,206079
2026-06-12 12:34:00-04:00,204.8000030517578,204.8000030517578,205.1199951171875,204.8000030517578,204.89999389648438,322908
2026-06-12 12:36:00-04:00,204.86990356445312,204.86990356445312,204.91000366210938,204.7100067138672,204.781005859375,242915
2026-06-12 12:38:00-04:00,204.8695068359375,204.8695068359375,204.94000244140625,204.74000549316406,204.84500122070312,239138
2026-06-12 12:40:00-04:00,204.6999969482422,204.6999969482422,205.0500030517578,204.6802978515625,204.8699951171875,344283
2026-06-12 12:42:00-04:00,204.65499877929688,204.65499877929688,204.73500061035156,204.3426971435547,204.72999572753906,364787
2026-06-12 12:44:00-04:00,204.60989379882812,204.60989379882812,204.8000030517578,204.5,204.6699981689453,607785
2026-06-12 12:46:00-04:00,204.73500061035156,204.73500061035156,204.8542938232422,204.58999633789062,204.60000610351562,249188
2026-06-12 12:48:00-04:00,204.8000030517578,204.8000030517578,204.8249969482422,204.6699981689453,204.73500061035156,241255
2026-06-12 12:50:00-04:00,204.8249969482422,204.8249969482422,204.95570373535156,204.75,204.80929565429688,256997
2026-06-12 12:52:00-04:00,204.92999267578125,204.92999267578125,204.9600067138672,204.6199951171875,204.82000732421875,289881
2026-06-12 12:54:00-04:00,204.6300048828125,204.6300048828125,205.00999450683594,204.60000610351562,204.92999267578125,305517
2026-06-12 12:56:00-04:00,204.82000732421875,204.82000732421875,204.8699951171875,204.54029846191406,204.6199951171875,268461
2026-06-12 12:58:00-04:00,205.16000366210938,205.16000366210938,205.2050018310547,204.77000427246094,204.82000732421875,409881
2026-06-12 13:00:00-04:00,205.25999450683594,205.25999450683594,205.3000030517578,205.11000061035156,205.19500732421875,291816
2026-06-12 13:02:00-04:00,205.08999633789062,205.08999633789062,205.25,205.07989501953125,205.22999572753906,241834
2026-06-12 13:04:00-04:00,205.2100067138672,205.2100067138672,205.32000732421875,205.0399932861328,205.0800018310547,299766
2026-06-12 13:06:00-04:00,205.27000427246094,205.27000427246094,205.5800018310547,205.19000244140625,205.2100067138672,539472
2026-06-12 13:08:00-04:00,205.14999389648438,205.14999389648438,205.29690551757812,205.06039428710938,205.27000427246094,245998
2026-06-12 13:10:00-04:00,205.0299072265625,205.0299072265625,205.1898956298828,204.97999572753906,205.14999389648438,306169
2026-06-12 13:12:00-04:00,204.69000244140625,204.69000244140625,205.05990600585938,204.67999267578125,205.05990600585938,327609
2026-06-12 13:14:00-04:00,205.22850036621094,205.22850036621094,205.22999572753906,204.6558074951172,204.67999267578125,324780
2026-06-12 13:16:00-04:00,205.1750030517578,205.1750030517578,205.27000427246094,205.09500122070312,205.22000122070312,229702
2026-06-12 13:18:00-04:00,205.1999969482422,205.1999969482422,205.2899932861328,205.0500030517578,205.17999267578125,215808
2026-06-12 13:20:00-04:00,205.14199829101562,205.14199829101562,205.27999877929688,205.0814971923828,205.22000122070312,260959
2026-06-12 13:22:00-04:00,205.07000732421875,205.07000732421875,205.2050018310547,204.9700927734375,205.1750030517578,192230
2026-06-12 13:24:00-04:00,205.13999938964844,205.13999938964844,205.1699981689453,204.97000122070312,205.05999755859375,197605
2026-06-12 13:26:00-04:00,204.90089416503906,204.90089416503906,205.22000122070312,204.89450073242188,205.13999938964844,270994
2026-06-12 13:28:00-04:00,205.02999877929688,205.02999877929688,205.14999389648438,204.81500244140625,204.90499877929688,293266
2026-06-12 13:30:00-04:00,204.9199981689453,204.9199981689453,205.0695037841797,204.7899932861328,205.0695037841797,194949
2026-06-12 13:32:00-04:00,204.81500244140625,204.81500244140625,205.0399932861328,204.74000549316406,204.91000366210938,244586
2026-06-12 13:34:00-04:00,204.72000122070312,204.72000122070312,204.89999389648438,204.6999969482422,204.77999877929688,243644
2026-06-12 13:36:00-04:00,204.96499633789062,204.96499633789062,204.97000122070312,204.69000244140625,204.72999572753906,271117
2026-06-12 13:38:00-04:00,204.8800048828125,204.8800048828125,204.99000549316406,204.74989318847656,204.96499633789062,295877
2026-06-12 13:40:00-04:00,204.96499633789062,204.96499633789062,205.00999450683594,204.8300018310547,204.8800048828125,262856
2026-06-12 13:42:00-04:00,205.13999938964844,205.13999938964844,205.22000122070312,204.9499969482422,204.9799041748047,276821
2026-06-12 13:44:00-04:00,205.11000061035156,205.11000061035156,205.14999389648438,204.97999572753906,205.14500427246094,266970
2026-06-12 13:46:00-04:00,205.2200927734375,205.2200927734375,205.3000030517578,204.97149658203125,205.1199951171875,292589
2026-06-12 13:48:00-04:00,205.0800018310547,205.0800018310547,205.2550048828125,205.0500030517578,205.22999572753906,196271
2026-06-12 13:50:00-04:00,205.22500610351562,205.22500610351562,205.22500610351562,205.04629516601562,205.08070373535156,219841
2026-06-12 13:52:00-04:00,205.17999267578125,205.17999267578125,205.25999450683594,205.1199951171875,205.22000122070312,175569
2026-06-12 13:54:00-04:00,204.9199981689453,204.9199981689453,205.22000122070312,204.85000610351562,205.17999267578125,309100
2026-06-12 13:56:00-04:00,205.02000427246094,205.02000427246094,205.0500030517578,204.80999755859375,204.9199981689453,221800
2026-06-12 13:58:00-04:00,205.0749969482422,205.0749969482422,205.1999969482422,204.9499969482422,205.02999877929688,279554
2026-06-12 14:00:00-04:00,205.08050537109375,205.08050537109375,205.13499450683594,204.9199981689453,205.10000610351562,211701
2026-06-12 14:02:00-04:00,204.9949951171875,204.9949951171875,205.1300048828125,204.92999267578125,205.0800018310547,212297
2026-06-12 14:04:00-04:00,204.97140502929688,204.97140502929688,205.07000732421875,204.89999389648438,204.97999572753906,208738
2026-06-12 14:06:00-04:00,204.7899932861328,204.7899932861328,204.97999572753906,204.78500366210938,204.97000122070312,239157
2026-06-12 14:08:00-04:00,205.01499938964844,205.01499938964844,205.0207977294922,204.7949981689453,204.7949981689453,221944
2026-06-12 14:10:00-04:00,205.41990661621094,205.41990661621094,205.47999572753906,204.92750549316406,205.01499938964844,489032
2026-06-12 14:12:00-04:00,205.16000366210938,205.16000366210938,205.5500030517578,205.14999389648438,205.40499877929688,455603
2026-06-12 14:14:00-04:00,204.6898956298828,204.6898956298828,205.17999267578125,204.64010620117188,205.13999938964844,424414
2026-06-12 14:16:00-04:00,204.41990661621094,204.41990661621094,204.77999877929688,204.41000366210938,204.67999267578125,371213
2026-06-12 14:18:00-04:00,204.52999877929688,204.52999877929688,204.65969848632812,204.39999389648438,204.39999389648438,311264
2026-06-12 14:20:00-04:00,204.32000732421875,204.32000732421875,204.55999755859375,204.24000549316406,204.52000427246094,325470
2026-06-12 14:22:00-04:00,204.3300018310547,204.3300018310547,204.41000366210938,204.19500732421875,204.32000732421875,383817
2026-06-12 14:24:00-04:00,204.45989990234375,204.45989990234375,204.4600067138672,204.27999877929688,204.33999633789062,272079
2026-06-12 14:26:00-04:00,204.6300048828125,204.6300048828125,204.63999938964844,204.38999938964844,204.4499969482422,282832
2026-06-12 14:28:00-04:00,204.9199981689453,204.9199981689453,205.0,204.57009887695312,204.63999938964844,485767
2026-06-12 14:30:00-04:00,205.11990356445312,205.11990356445312,205.13999938964844,204.92999267578125,204.92999267578125,480955
2026-06-12 14:32:00-04:00,205.0500030517578,205.0500030517578,205.25,205.03030395507812,205.11990356445312,341134
2026-06-12 14:34:00-04:00,205.02000427246094,205.02000427246094,205.14999389648438,204.9700927734375,205.05990600585938,303862
2026-06-12 14:36:00-04:00,204.95989990234375,204.95989990234375,205.0850067138672,204.9199981689453,205.01499938964844,224176
2026-06-12 14:38:00-04:00,205.07009887695312,205.07009887695312,205.0800018310547,204.94000244140625,204.9499969482422,213362
2026-06-12 14:40:00-04:00,205.1313934326172,205.1313934326172,205.27999877929688,205.0601043701172,205.06520080566406,343138
2026-06-12 14:42:00-04:00,205.1999969482422,205.1999969482422,205.25,205.110107421875,205.12049865722656,220288
2026-06-12 14:44:00-04:00,205.14010620117188,205.14010620117188,205.22000122070312,205.10000610351562,205.19009399414062,194698
2026-06-12 14:46:00-04:00,205.14999389648438,205.14999389648438,205.3249969482422,205.14010620117188,205.14999389648438,361215
2026-06-12 14:48:00-04:00,205.24000549316406,205.24000549316406,205.32000732421875,205.08999633789062,205.14999389648438,262776
2026-06-12 14:50:00-04:00,205.00010681152344,205.00010681152344,205.28500366210938,204.97999572753906,205.25990295410156,236956
2026-06-12 14:52:00-04:00,205.2100067138672,205.2100067138672,205.25999450683594,204.92999267578125,205.00999450683594,283032
2026-06-12 14:54:00-04:00,205.1999053955078,205.1999053955078,205.3000030517578,205.07000732421875,205.20989990234375,255518
2026-06-12 14:56:00-04:00,204.66000366210938,204.66000366210938,205.19000244140625,204.58999633789062,205.19000244140625,504727
2026-06-12 14:58:00-04:00,204.67970275878906,204.67970275878906,204.8800048828125,204.60000610351562,204.6750030517578,392919
2026-06-12 15:00:00-04:00,204.75999450683594,204.75999450683594,205.07850646972656,204.6300048828125,204.6750030517578,409408
2026-06-12 15:02:00-04:00,204.9250030517578,204.9250030517578,204.97999572753906,204.75,204.75999450683594,226711
2026-06-12 15:04:00-04:00,205.07000732421875,205.07000732421875,205.1199951171875,204.83999633789062,204.9149932861328,262432
2026-06-12 15:06:00-04:00,204.97000122070312,204.97000122070312,205.11000061035156,204.91000366210938,205.05999755859375,169385
2026-06-12 15:08:00-04:00,205.00999450683594,205.00999450683594,205.0500030517578,204.8800048828125,204.97000122070312,225152
2026-06-12 15:10:00-04:00,204.94000244140625,204.94000244140625,205.05999755859375,204.8800048828125,205.00999450683594,196420
2026-06-12 15:12:00-04:00,204.87989807128906,204.87989807128906,205.10000610351562,204.8699951171875,204.9499969482422,221263
2026-06-12 15:14:00-04:00,204.8798065185547,204.8798065185547,204.94000244140625,204.7949981689453,204.8699951171875,226302
2026-06-12 15:16:00-04:00,204.83200073242188,204.83200073242188,204.8800048828125,204.70199584960938,204.8800048828125,312471
2026-06-12 15:18:00-04:00,205.02999877929688,205.02999877929688,205.0850067138672,204.82000732421875,204.83999633789062,300802
2026-06-12 15:20:00-04:00,204.97999572753906,204.97999572753906,205.02499389648438,204.860107421875,205.02499389648438,262006
2026-06-12 15:22:00-04:00,204.88999938964844,204.88999938964844,204.9600067138672,204.80999755859375,204.94009399414062,1264214
2026-06-12 15:24:00-04:00,204.91000366210938,204.91000366210938,204.97000122070312,204.8101043701172,204.88999938964844,240831
2026-06-12 15:26:00-04:00,204.94500732421875,204.94500732421875,205.0399932861328,204.8699951171875,204.91000366210938,240979
2026-06-12 15:28:00-04:00,204.75,204.75,204.95590209960938,204.72000122070312,204.94500732421875,364075
2026-06-12 15:30:00-04:00,204.23989868164062,204.23989868164062,204.77000427246094,204.14999389648438,204.72000122070312,509461
2026-06-12 15:32:00-04:00,204.02220153808594,204.02220153808594,204.33999633789062,204.02000427246094,204.22000122070312,462644
2026-06-12 15:34:00-04:00,203.9293975830078,203.9293975830078,204.11500549316406,203.91000366210938,204.02999877929688,564865
2026-06-12 15:36:00-04:00,204.33999633789062,204.33999633789062,204.61000061035156,203.91000366210938,203.91000366210938,628404
2026-06-12 15:38:00-04:00,204.08999633789062,204.08999633789062,204.36000061035156,204.0500030517578,204.35000610351562,312335
2026-06-12 15:40:00-04:00,204.17999267578125,204.17999267578125,204.27999877929688,203.97999572753906,204.10000610351562,393989
2026-06-12 15:42:00-04:00,204.17010498046875,204.17010498046875,204.37989807128906,204.110107421875,204.16009521484375,313252
2026-06-12 15:44:00-04:00,204.25,204.25,204.49000549316406,204.14999389648438,204.16000366210938,611370
2026-06-12 15:46:00-04:00,204.27999877929688,204.27999877929688,204.32000732421875,204.16000366210938,204.2550048828125,303242
2026-06-12 15:48:00-04:00,204.27000427246094,204.27000427246094,204.47999572753906,204.26010131835938,204.2899932861328,417365
2026-06-12 15:50:00-04:00,204.42999267578125,204.42999267578125,204.55999755859375,204.27999877929688,204.27999877929688,549287
2026-06-12 15:52:00-04:00,204.6699981689453,204.6699981689453,204.69000244140625,204.4250030517578,204.4250030517578,566928
2026-06-12 15:54:00-04:00,205.0,205.0,205.24000549316406,204.57000732421875,204.6649932861328,1338788
2026-06-12 15:56:00-04:00,204.9600067138672,204.9600067138672,205.0850067138672,204.94000244140625,205.0050048828125,1048668
2026-06-12 15:58:00-04:00,205.1300048828125,205.1300048828125,205.27999877929688,204.9600067138672,204.97000122070312,2098114
2026-06-15 09:30:00-04:00,210.35000610351562,210.35000610351562,210.3800048828125,208.69679260253906,208.85499572753906,10372336
2026-06-15 09:32:00-04:00,210.22000122070312,210.22000122070312,210.99000549316406,210.1613006591797,210.3300018310547,2120261
2026-06-15 09:34:00-04:00,210.8699951171875,210.8699951171875,210.8699951171875,209.83999633789062,210.2299041748047,1542679
2026-06-15 09:36:00-04:00,210.22000122070312,210.22000122070312,210.88999938964844,209.5500946044922,210.86000061035156,1376671
2026-06-15 09:38:00-04:00,209.2698974609375,209.2698974609375,210.69000244140625,209.0749969482422,210.2104034423828,1506566
2026-06-15 09:40:00-04:00,209.67999267578125,209.67999267578125,210.0,209.16000366210938,209.25,1130641
2026-06-15 09:42:00-04:00,209.10499572753906,209.10499572753906,209.81500244140625,208.85000610351562,209.6750030517578,1217077
2026-06-15 09:44:00-04:00,209.51499938964844,209.51499938964844,209.51499938964844,208.89999389648438,209.08999633789062,795358
2026-06-15 09:46:00-04:00,209.42999267578125,209.42999267578125,209.83999633789062,209.00999450683594,209.4949951171875,999599
2026-06-15 09:48:00-04:00,209.50999450683594,209.50999450683594,209.77000427246094,209.30999755859375,209.39999389648438,663306
2026-06-15 09:50:00-04:00,209.49009704589844,209.49009704589844,209.6157989501953,209.3300018310547,209.50999450683594,494007
2026-06-15 09:52:00-04:00,209.2899932861328,209.2899932861328,209.97000122070312,209.25,209.4949951171875,780821
2026-06-15 09:54:00-04:00,209.15499877929688,209.15499877929688,209.31500244140625,208.8699951171875,209.25999450683594,836630
2026-06-15 09:56:00-04:00,209.1300048828125,209.1300048828125,209.3000030517578,208.92999267578125,209.14999389648438,554019
2026-06-15 09:58:00-04:00,208.7635040283203,208.7635040283203,209.1699981689453,208.7100067138672,209.1300048828125,726863
2026-06-15 10:00:00-04:00,209.1300048828125,209.1300048828125,209.25,208.6999969482422,208.8000030517578,966073
2026-06-15 10:02:00-04:00,209.22999572753906,209.22999572753906,209.38890075683594,208.88999938964844,209.13999938964844,740964
2026-06-15 10:04:00-04:00,208.82989501953125,208.82989501953125,209.33999633789062,208.79049682617188,209.2469024658203,610797
2026-06-15 10:06:00-04:00,208.5050048828125,208.5050048828125,208.92999267578125,208.39999389648438,208.82000732421875,868272
2026-06-15 10:08:00-04:00,208.8300018310547,208.8300018310547,208.85000610351562,208.33999633789062,208.5050048828125,736645
2026-06-15 10:10:00-04:00,209.0124969482422,209.0124969482422,209.16000366210938,208.7100067138672,208.82009887695312,768598
2026-06-15 10:12:00-04:00,209.02999877929688,209.02999877929688,209.35989379882812,209.00999450683594,209.03500366210938,847725
2026-06-15 10:14:00-04:00,209.26499938964844,209.26499938964844,209.44000244140625,208.71009826660156,209.02999877929688,752038
2026-06-15 10:16:00-04:00,208.9949951171875,208.9949951171875,209.30999755859375,208.6999969482422,209.3000030517578,600143
2026-06-15 10:18:00-04:00,209.13999938964844,209.13999938964844,209.22999572753906,208.91000366210938,208.99000549316406,472027
2026-06-15 10:20:00-04:00,208.7799072265625,208.7799072265625,209.23069763183594,208.77000427246094,209.1300048828125,450434
2026-06-15 10:22:00-04:00,209.56500244140625,209.56500244140625,209.60910034179688,208.62109375,208.7852020263672,728333
2026-06-15 10:24:00-04:00,208.77000427246094,208.77000427246094,209.60000610351562,208.76010131835938,209.5850067138672,472611
2026-06-15 10:26:00-04:00,209.02499389648438,209.02499389648438,209.0399932861328,208.58999633789062,208.75999450683594,507184
2026-06-15 10:28:00-04:00,209.39500427246094,209.39500427246094,209.41000366210938,208.9499969482422,209.02499389648438,582658
2026-06-15 10:30:00-04:00,209.7100067138672,209.7100067138672,209.78990173339844,209.2899932861328,209.39999389648438,859488
2026-06-15 10:32:00-04:00,209.98500061035156,209.98500061035156,209.99000549316406,209.30499267578125,209.7100067138672,819660
2026-06-15 10:34:00-04:00,209.86000061035156,209.86000061035156,210.10000610351562,209.7241973876953,209.98880004882812,1129881
2026-06-15 10:36:00-04:00,209.61500549316406,209.61500549316406,209.89999389648438,209.5399932861328,209.86000061035156,481846
2026-06-15 10:38:00-04:00,209.63999938964844,209.63999938964844,209.8096923828125,209.47000122070312,209.61500549316406,334698
2026-06-15 10:40:00-04:00,209.25999450683594,209.25999450683594,209.66000366210938,209.25,209.63999938964844,380641
2026-06-15 10:42:00-04:00,209.45989990234375,209.45989990234375,209.49000549316406,209.22999572753906,209.25999450683594,449557
2026-06-15 10:44:00-04:00,209.63999938964844,209.63999938964844,209.77000427246094,209.4199981689453,209.4600067138672,498845
2026-06-15 10:46:00-04:00,209.97000122070312,209.97000122070312,210.0500030517578,209.5,209.64999389648438,633240
2026-06-15 10:48:00-04:00,209.5709991455078,209.5709991455078,209.9799041748047,209.5,209.97000122070312,460403
2026-06-15 10:50:00-04:00,209.95010375976562,209.95010375976562,210.0399932861328,209.59500122070312,209.59500122070312,513147
2026-06-15 10:52:00-04:00,209.64999389648438,209.64999389648438,209.97000122070312,209.5399932861328,209.97000122070312,572600
2026-06-15 10:54:00-04:00,209.88999938964844,209.88999938964844,210.02999877929688,209.55999755859375,209.6699981689453,580707
2026-06-15 10:56:00-04:00,210.17999267578125,210.17999267578125,210.25,209.84500122070312,209.8800048828125,686688
2026-06-15 10:58:00-04:00,210.36000061035156,210.36000061035156,210.44000244140625,210.0800018310547,210.17999267578125,678787
2026-06-15 11:00:00-04:00,210.8498992919922,210.8498992919922,210.88999938964844,210.35000610351562,210.36000061035156,907846
2026-06-15 11:02:00-04:00,210.81210327148438,210.81210327148438,210.9199981689453,210.60009765625,210.83999633789062,759914
2026-06-15 11:04:00-04:00,211.2299041748047,211.2299041748047,211.27000427246094,210.66000366210938,210.81500244140625,942882
2026-06-15 11:06:00-04:00,211.19000244140625,211.19000244140625,211.3000030517578,211.10000610351562,211.22000122070312,735314
2026-06-15 11:08:00-04:00,210.92999267578125,210.92999267578125,211.25999450683594,210.85000610351562,211.22000122070312,645530
2026-06-15 11:10:00-04:00,211.07000732421875,211.07000732421875,211.19000244140625,210.77999877929688,210.93499755859375,715009
2026-06-15 11:12:00-04:00,211.18800354003906,211.18800354003906,211.29989624023438,210.94009399414062,211.0800018310547,568378
2026-06-15 11:14:00-04:00,211.32000732421875,211.32000732421875,211.3800048828125,211.1699981689453,211.2050018310547,592244
2026-06-15 11:16:00-04:00,210.92999267578125,210.92999267578125,211.30999755859375,210.92999267578125,211.3000030517578,512493
2026-06-15 11:18:00-04:00,211.03990173339844,211.03990173339844,211.1096954345703,210.2501983642578,210.92300415039062,470868
2026-06-15 11:20:00-04:00,211.21499633789062,211.21499633789062,211.3300018310547,210.99000549316406,211.02499389648438,487900
2026-06-15 11:22:00-04:00,211.07009887695312,211.07009887695312,211.27000427246094,211.02000427246094,211.21499633789062,409895
2026-06-15 11:24:00-04:00,211.2449951171875,211.2449951171875,211.2899932861328,211.0399932861328,211.0800018310547,429655
2026-06-15 11:26:00-04:00,211.2698974609375,211.2698974609375,211.3800048828125,211.12010192871094,211.24639892578125,615723
2026-06-15 11:28:00-04:00,211.1649932861328,211.1649932861328,211.38999938964844,211.12049865722656,211.26919555664062,426907
2026-06-15 11:30:00-04:00,211.1199951171875,211.1199951171875,211.25,211.05999755859375,211.1649932861328,375418
2026-06-15 11:32:00-04:00,210.9949951171875,210.9949951171875,211.27000427246094,210.8300018310547,211.1199951171875,661165
2026-06-15 11:34:00-04:00,211.30499267578125,211.30499267578125,211.35989379882812,210.97000122070312,210.99000549316406,479874
2026-06-15 11:36:00-04:00,211.60499572753906,211.60499572753906,211.61000061035156,211.25,211.30999755859375,1118131
2026-06-15 11:38:00-04:00,211.69900512695312,211.69900512695312,211.8300018310547,211.50999450683594,211.60499572753906,683393
2026-06-15 11:40:00-04:00,211.49000549316406,211.49000549316406,211.75999450683594,211.43099975585938,211.67999267578125,488250
2026-06-15 11:42:00-04:00,211.69500732421875,211.69500732421875,211.91000366210938,211.47000122070312,211.5,551748
2026-06-15 11:44:00-04:00,212.02499389648438,212.02499389648438,212.0500030517578,211.63999938964844,211.6699981689453,861243
2026-06-15 11:46:00-04:00,212.1999969482422,212.1999969482422,212.23899841308594,212.0,212.02000427246094,662726
2026-06-15 11:48:00-04:00,212.39999389648438,212.39999389648438,212.49000549316406,212.1300048828125,212.1999969482422,800526
2026-06-15 11:50:00-04:00,212.58999633789062,212.58999633789062,212.710693359375,212.35000610351562,212.41990661621094,848200
2026-06-15 11:52:00-04:00,212.56500244140625,212.56500244140625,212.64999389648438,212.39999389648438,212.5800018310547,549324
2026-06-15 11:54:00-04:00,212.35000610351562,212.35000610351562,212.66000366210938,212.32000732421875,212.5792999267578,544988
2026-06-15 11:56:00-04:00,212.375,212.375,212.41000366210938,212.22000122070312,212.33999633789062,393102
2026-06-15 11:58:00-04:00,212.27499389648438,212.27499389648438,212.3800048828125,212.22000122070312,212.375,374360
2026-06-15 12:00:00-04:00,212.52999877929688,212.52999877929688,212.61000061035156,212.27699279785156,212.27999877929688,573856
2026-06-15 12:02:00-04:00,212.4409942626953,212.4409942626953,212.5399932861328,212.2259979248047,212.52000427246094,575454
2026-06-15 12:04:00-04:00,212.50999450683594,212.50999450683594,212.61000061035156,212.42999267578125,212.44500732421875,358680
2026-06-15 12:06:00-04:00,212.5198974609375,212.5198974609375,212.60989379882812,212.42030334472656,212.5,393029
2026-06-15 12:08:00-04:00,212.3800048828125,212.3800048828125,212.55999755859375,212.36000061035156,212.52960205078125,501649
2026-06-15 12:10:00-04:00,212.5399932861328,212.5399932861328,212.58999633789062,212.33999633789062,212.38499450683594,467847
2026-06-15 12:12:00-04:00,212.3302001953125,212.3302001953125,212.52999877929688,212.32000732421875,212.52999877929688,335885
2026-06-15 12:14:00-04:00,212.2899932861328,212.2899932861328,212.58999633789062,212.27000427246094,212.3300018310547,368345
2026-06-15 12:16:00-04:00,212.25999450683594,212.25999450683594,212.3300018310547,212.1199951171875,212.27000427246094,335429
2026-06-15 12:18:00-04:00,212.22500610351562,212.22500610351562,212.3800048828125,211.97000122070312,212.27000427246094,439462
2026-06-15 12:20:00-04:00,212.3300018310547,212.3300018310547,212.3699951171875,212.17999267578125,212.21009826660156,411180
2026-06-15 12:22:00-04:00,212.22999572753906,212.22999572753906,212.36000061035156,212.14999389648438,212.32679748535156,312076
2026-06-15 12:24:00-04:00,212.23300170898438,212.23300170898438,212.25,212.12060546875,212.22999572753906,226462
2026-06-15 12:26:00-04:00,212.27589416503906,212.27589416503906,212.5500030517578,212.24000549316406,212.24000549316406,359736
2026-06-15 12:28:00-04:00,212.34500122070312,212.34500122070312,212.3699951171875,212.2238006591797,212.27000427246094,226444
2026-06-15 12:30:00-04:00,212.39999389648438,212.39999389648438,212.5800018310547,212.33999633789062,212.35000610351562,316121
2026-06-15 12:32:00-04:00,212.41079711914062,212.41079711914062,212.49000549316406,212.23500061035156,212.40499877929688,279497
2026-06-15 12:34:00-04:00,212.3699951171875,212.3699951171875,212.49000549316406,212.19000244140625,212.39999389648438,374576
2026-06-15 12:36:00-04:00,212.25,212.25,212.41949462890625,212.1999969482422,212.3699951171875,305928
2026-06-15 12:38:00-04:00,212.21119689941406,212.21119689941406,212.2899932861328,212.13999938964844,212.27000427246094,309647
2026-06-15 12:40:00-04:00,212.05999755859375,212.05999755859375,212.27999877929688,212.02000427246094,212.22999572753906,394119
2026-06-15 12:42:00-04:00,212.20849609375,212.20849609375,212.38209533691406,212.05999755859375,212.05999755859375,341637
2026-06-15 12:44:00-04:00,211.94000244140625,211.94000244140625,212.30499267578125,211.88499450683594,212.1999969482422,373748
2026-06-15 12:46:00-04:00,211.9499969482422,211.9499969482422,212.1699981689453,211.8699951171875,211.94000244140625,402525
2026-06-15 12:48:00-04:00,212.1199951171875,212.1199951171875,212.1199951171875,211.91000366210938,211.9499969482422,216937
2026-06-15 12:50:00-04:00,212.0850067138672,212.0850067138672,212.15499877929688,212.02000427246094,212.139892578125,199807
2026-06-15 12:52:00-04:00,211.97999572753906,211.97999572753906,212.1199951171875,211.85299682617188,212.08999633789062,318809
2026-06-15 12:54:00-04:00,212.07000732421875,212.07000732421875,212.25,211.8800048828125,211.97000122070312,298818
2026-06-15 12:56:00-04:00,212.1999969482422,212.1999969482422,212.2100067138672,212.02999877929688,212.07000732421875,203131
2026-06-15 12:58:00-04:00,212.3300018310547,212.3300018310547,212.3800048828125,212.2100067138672,212.2100067138672,284991
2026-06-15 13:00:00-04:00,212.39500427246094,212.39500427246094,212.44500732421875,212.26499938964844,212.3300018310547,298106
2026-06-15 13:02:00-04:00,212.27000427246094,212.27000427246094,212.42649841308594,212.0399932861328,212.42649841308594,257613
2026-06-15 13:04:00-04:00,212.44000244140625,212.44000244140625,212.4499969482422,212.24000549316406,212.27000427246094,235144
2026-06-15 13:06:00-04:00,212.1699981689453,212.1699981689453,212.4199981689453,211.9199981689453,212.4199981689453,369085
2026-06-15 13:08:00-04:00,212.06500244140625,212.06500244140625,212.2899932861328,212.0399932861328,212.1750030517578,218861
2026-06-15 13:10:00-04:00,212.18519592285156,212.18519592285156,212.1999969482422,212.02000427246094,212.05999755859375,202460
2026-06-15 13:12:00-04:00,212.19630432128906,212.19630432128906,212.25999450683594,212.14999389648438,212.1750030517578,185813
2026-06-15 13:14:00-04:00,212.16229248046875,212.16229248046875,212.22999572753906,212.0800018310547,212.20590209960938,241219
2026-06-15 13:16:00-04:00,212.33009338378906,212.33009338378906,212.42999267578125,212.17019653320312,212.1898956298828,331640
2026-06-15 13:18:00-04:00,212.38499450683594,212.38499450683594,212.38999938964844,212.25,212.3300018310547,206323
2026-06-15 13:20:00-04:00,212.66000366210938,212.66000366210938,212.6699981689453,212.38999938964844,212.38999938964844,520982
2026-06-15 13:22:00-04:00,212.36000061035156,212.36000061035156,212.66000366210938,212.30999755859375,212.656005859375,318865
2026-06-15 13:24:00-04:00,212.4398956298828,212.4398956298828,212.53990173339844,212.35000610351562,212.3800048828125,221227
2026-06-15 13:26:00-04:00,212.50999450683594,212.50999450683594,212.52000427246094,212.25,212.4499969482422,242144
2026-06-15 13:28:00-04:00,212.52999877929688,212.52999877929688,212.60000610351562,212.44000244140625,212.50999450683594,267821
2026-06-15 13:30:00-04:00,212.5625,212.5625,212.64999389648438,212.49000549316406,212.52000427246094,287107
2026-06-15 13:32:00-04:00,212.3800048828125,212.3800048828125,212.57000732421875,212.35000610351562,212.55999755859375,236423
2026-06-15 13:34:00-04:00,212.39999389648438,212.39999389648438,212.5050048828125,212.3800048828125,212.39999389648438,289511
2026-06-15 13:36:00-04:00,212.30999755859375,212.30999755859375,212.47999572753906,212.27499389648438,212.41000366210938,206433
2026-06-15 13:38:00-04:00,212.32000732421875,212.32000732421875,212.3800048828125,212.24000549316406,212.3000030517578,263043
2026-06-15 13:40:00-04:00,212.25999450683594,212.25999450683594,212.36480712890625,212.10000610351562,212.30999755859375,324033
2026-06-15 13:42:00-04:00,212.27999877929688,212.27999877929688,212.30999755859375,212.17999267578125,212.27000427246094,191325
2026-06-15 13:44:00-04:00,212.14999389648438,212.14999389648438,212.3000030517578,212.02999877929688,212.27999877929688,255682
2026-06-15 13:46:00-04:00,212.1300048828125,212.1300048828125,212.30999755859375,212.10499572753906,212.14500427246094,221440
2026-06-15 13:48:00-04:00,212.30059814453125,212.30059814453125,212.30059814453125,212.0850067138672,212.1300048828125,247085
2026-06-15 13:50:00-04:00,212.24000549316406,212.24000549316406,212.30999755859375,212.1699981689453,212.2949981689453,174941
2026-06-15 13:52:00-04:00,212.35000610351562,212.35000610351562,212.38009643554688,212.22999572753906,212.24000549316406,207459
2026-06-15 13:54:00-04:00,212.11000061035156,212.11000061035156,212.38980102539062,212.11000061035156,212.35000610351562,269669
2026-06-15 13:56:00-04:00,211.99000549316406,211.99000549316406,212.1300048828125,211.86070251464844,212.11000061035156,368118
2026-06-15 13:58:00-04:00,211.8300018310547,211.8300018310547,211.99000549316406,211.8000030517578,211.99000549316406,374549
2026-06-15 14:00:00-04:00,211.71499633789062,211.71499633789062,211.91000366210938,211.7100067138672,211.82000732421875,418729
2026-06-15 14:02:00-04:00,211.5500030517578,211.5500030517578,211.75,211.52999877929688,211.7100067138672,458401
2026-06-15 14:04:00-04:00,211.6300048828125,211.6300048828125,211.63999938964844,211.4199981689453,211.55499267578125,367489
2026-06-15 14:06:00-04:00,211.83999633789062,211.83999633789062,211.86500549316406,211.60000610351562,211.6300048828125,423668
2026-06-15 14:08:00-04:00,211.94000244140625,211.94000244140625,211.94000244140625,211.77000427246094,211.8300018310547,302828
2026-06-15 14:10:00-04:00,212.10000610351562,212.10000610351562,212.11000061035156,211.89010620117188,211.939697265625,349250
2026-06-15 14:12:00-04:00,212.22999572753906,212.22999572753906,212.30999755859375,212.0399932861328,212.11000061035156,483033
2026-06-15 14:14:00-04:00,212.19000244140625,212.19000244140625,212.23989868164062,212.05999755859375,212.22999572753906,282090
2026-06-15 14:16:00-04:00,212.22940063476562,212.22940063476562,212.25,212.16000366210938,212.17999267578125,198075
2026-06-15 14:18:00-04:00,212.11000061035156,212.11000061035156,212.22500610351562,212.08999633789062,212.22000122070312,195589
2026-06-15 14:20:00-04:00,212.02999877929688,212.02999877929688,212.11000061035156,211.88999938964844,212.10000610351562,322609
2026-06-15 14:22:00-04:00,212.05560302734375,212.05560302734375,212.10000610351562,211.94000244140625,212.0449981689453,258355
2026-06-15 14:24:00-04:00,211.96299743652344,211.96299743652344,212.14999389648438,211.9499969482422,212.05999755859375,280921
2026-06-15 14:26:00-04:00,212.00999450683594,212.00999450683594,212.0800018310547,211.94000244140625,211.97000122070312,224774
2026-06-15 14:28:00-04:00,211.94000244140625,211.94000244140625,212.01499938964844,211.91000366210938,212.00990295410156,247331
2026-06-15 14:30:00-04:00,211.88499450683594,211.88499450683594,211.99989318847656,211.8000030517578,211.9600067138672,272656
2026-06-15 14:32:00-04:00,211.9499969482422,211.9499969482422,212.12120056152344,211.8800048828125,211.8800048828125,387439
2026-06-15 14:34:00-04:00,212.0200958251953,212.0200958251953,212.0500030517578,211.7899932861328,211.9499053955078,233512
2026-06-15 14:36:00-04:00,212.0449981689453,212.0449981689453,212.0749969482422,211.89999389648438,212.02999877929688,264705
2026-06-15 14:38:00-04:00,212.0399932861328,212.0399932861328,212.0800018310547,212.00999450683594,212.0399932861328,210161
2026-06-15 14:40:00-04:00,212.11000061035156,212.11000061035156,212.12989807128906,212.00999450683594,212.0500030517578,288306
2026-06-15 14:42:00-04:00,212.24000549316406,212.24000549316406,212.28500366210938,212.02999877929688,212.1009979248047,452094
2026-06-15 14:44:00-04:00,212.38999938964844,212.38999938964844,212.47000122070312,212.17999267578125,212.25,536688
2026-06-15 14:46:00-04:00,212.25,212.25,212.4199981689453,212.1999969482422,212.38999938964844,350806
2026-06-15 14:48:00-04:00,212.26260375976562,212.26260375976562,212.27499389648438,212.1699981689453,212.25,265376
2026-06-15 14:50:00-04:00,212.42999267578125,212.42999267578125,212.42999267578125,212.24020385742188,212.25,228886
2026-06-15 14:52:00-04:00,212.48500061035156,212.48500061035156,212.5,212.39999389648438,212.42999267578125,329102
2026-06-15 14:54:00-04:00,212.5050048828125,212.5050048828125,212.55999755859375,212.44000244140625,212.4844970703125,361474
2026-06-15 14:56:00-04:00,212.4149932861328,212.4149932861328,212.52999877929688,212.40750122070312,212.50999450683594,243345
2026-06-15 14:58:00-04:00,212.2899932861328,212.2899932861328,212.4698944091797,212.26499938964844,212.4199981689453,262389
2026-06-15 15:00:00-04:00,212.27499389648438,212.27499389648438,212.35000610351562,212.22999572753906,212.3000030517578,317445
2026-06-15 15:02:00-04:00,211.9600067138672,211.9600067138672,212.35000610351562,211.9550018310547,212.27999877929688,381879
2026-06-15 15:04:00-04:00,211.9398956298828,211.9398956298828,212.0399932861328,211.831298828125,211.96929931640625,354552
2026-06-15 15:06:00-04:00,211.86099243164062,211.86099243164062,212.02000427246094,211.83999633789062,211.94000244140625,295707
2026-06-15 15:08:00-04:00,211.99989318847656,211.99989318847656,212.02999877929688,211.85000610351562,211.86000061035156,305604
2026-06-15 15:10:00-04:00,211.99009704589844,211.99009704589844,212.14999389648438,211.97000122070312,211.9969940185547,371783
2026-06-15 15:12:00-04:00,212.02000427246094,212.02000427246094,212.04989624023438,211.89999389648438,211.99989318847656,326545
2026-06-15 15:14:00-04:00,211.9250030517578,211.9250030517578,212.05999755859375,211.9001007080078,212.02000427246094,289815
2026-06-15 15:16:00-04:00,211.89999389648438,211.89999389648438,211.9600067138672,211.85000610351562,211.9250030517578,290987
2026-06-15 15:18:00-04:00,212.00999450683594,212.00999450683594,212.1300048828125,211.8800048828125,211.89500427246094,419716
2026-06-15 15:20:00-04:00,211.8699951171875,211.8699951171875,212.0800018310547,211.85000610351562,212.02000427246094,362292
2026-06-15 15:22:00-04:00,211.89500427246094,211.89500427246094,211.9600067138672,211.86000061035156,211.8699951171875,392536
2026-06-15 15:24:00-04:00,211.83999633789062,211.83999633789062,211.89999389648438,211.75,211.88999938964844,327302
2026-06-15 15:26:00-04:00,211.7899932861328,211.7899932861328,211.85000610351562,211.6199951171875,211.8300018310547,343107
2026-06-15 15:28:00-04:00,211.66000366210938,211.66000366210938,211.83999633789062,211.66000366210938,211.7949981689453,1373408
2026-06-15 15:30:00-04:00,211.6999969482422,211.6999969482422,211.8350067138672,211.58999633789062,211.64999389648438,498129
2026-06-15 15:32:00-04:00,211.77999877929688,211.77999877929688,211.86000061035156,211.69830322265625,211.70010375976562,461809
2026-06-15 15:34:00-04:00,211.36000061035156,211.36000061035156,211.77000427246094,211.2899932861328,211.75999450683594,532746
2026-06-15 15:36:00-04:00,211.66009521484375,211.66009521484375,211.67999267578125,211.30999755859375,211.3699951171875,403482
2026-06-15 15:38:00-04:00,211.67999267578125,211.67999267578125,211.75999450683594,211.64999389648438,211.67999267578125,385782
2026-06-15 15:40:00-04:00,211.77499389648438,211.77499389648438,211.8000030517578,211.66000366210938,211.6699981689453,362179
2026-06-15 15:42:00-04:00,211.64500427246094,211.64500427246094,211.77499389648438,211.57000732421875,211.77000427246094,328775
2026-06-15 15:44:00-04:00,211.61000061035156,211.61000061035156,211.74000549316406,211.55999755859375,211.64500427246094,329028
2026-06-15 15:46:00-04:00,211.86000061035156,211.86000061035156,211.89999389648438,211.5800018310547,211.60000610351562,543354
2026-06-15 15:48:00-04:00,212.0,212.0,212.01499938964844,211.85000610351562,211.86000061035156,538339
2026-06-15 15:50:00-04:00,211.80999755859375,211.80999755859375,212.0,211.5399932861328,212.0,913185
2026-06-15 15:52:00-04:00,211.85000610351562,211.85000610351562,211.9600067138672,211.7100067138672,211.8300018310547,641632
2026-06-15 15:54:00-04:00,212.25,212.25,212.27000427246094,211.82000732421875,211.86000061035156,1333835
2026-06-15 15:56:00-04:00,212.11000061035156,212.11000061035156,212.3000030517578,211.9499969482422,212.24000549316406,1441764
2026-06-15 15:58:00-04:00,212.4600067138672,212.4600067138672,212.60000610351562,212.0850067138672,212.10000610351562,2425608
2026-06-16 09:30:00-04:00,209.9149932861328,209.9149932861328,211.4600067138672,209.52000427246094,211.11500549316406,5413787
2026-06-16 09:32:00-04:00,209.3249969482422,209.3249969482422,210.19000244140625,209.25,209.89199829101562,1331286
2026-06-16 09:34:00-04:00,209.30999755859375,209.30999755859375,209.3699951171875,208.86000061035156,209.3249969482422,1417805
2026-06-16 09:36:00-04:00,209.7100067138672,209.7100067138672,209.74000549316406,209.16000366210938,209.3300018310547,1165037
2026-06-16 09:38:00-04:00,208.9801025390625,208.9801025390625,209.72999572753906,208.97000122070312,209.6999969482422,1261192
2026-06-16 09:40:00-04:00,209.3300018310547,209.3300018310547,209.5955047607422,209.0,209.0092010498047,981929
2026-06-16 09:42:00-04:00,209.4250030517578,209.4250030517578,209.74000549316406,209.14500427246094,209.3300018310547,947152
2026-06-16 09:44:00-04:00,209.37010192871094,209.37010192871094,209.63999938964844,209.1999969482422,209.4499969482422,935552
2026-06-16 09:46:00-04:00,209.73500061035156,209.73500061035156,209.98849487304688,209.33200073242188,209.38499450683594,1044535
2026-06-16 09:48:00-04:00,209.80499267578125,209.80499267578125,210.00999450683594,209.52000427246094,209.7100067138672,907435
2026-06-16 09:50:00-04:00,209.8300018310547,209.8300018310547,210.0800018310547,209.64010620117188,209.80499267578125,669252
2026-06-16 09:52:00-04:00,209.67889404296875,209.67889404296875,209.89999389648438,209.42999267578125,209.82000732421875,765774
2026-06-16 09:54:00-04:00,209.5500030517578,209.5500030517578,209.80999755859375,209.46009826660156,209.6999969482422,546094
2026-06-16 09:56:00-04:00,209.41009521484375,209.41009521484375,209.60549926757812,209.35000610351562,209.5500030517578,608044
2026-06-16 09:58:00-04:00,208.7050018310547,208.7050018310547,209.5800018310547,208.64999389648438,209.4499969482422,1254915
2026-06-16 10:00:00-04:00,209.39999389648438,209.39999389648438,209.41000366210938,208.71499633789062,208.71499633789062,1032372
2026-06-16 10:02:00-04:00,209.3300018310547,209.3300018310547,209.44000244140625,209.14999389648438,209.4062042236328,734321
2026-06-16 10:04:00-04:00,209.16000366210938,209.16000366210938,209.7100067138672,209.0500946044922,209.3300018310547,810406
2026-06-16 10:06:00-04:00,209.7100067138672,209.7100067138672,209.9199981689453,209.1300048828125,209.1699981689453,661918
2026-06-16 10:08:00-04:00,210.16879272460938,210.16879272460938,210.17999267578125,209.60000610351562,209.74989318847656,802478
2026-06-16 10:10:00-04:00,210.1699981689453,210.1699981689453,210.35000610351562,210.0,210.1649932861328,818043
2026-06-16 10:12:00-04:00,209.61500549316406,209.61500549316406,210.22000122070312,209.51010131835938,210.1699981689453,678519
2026-06-16 10:14:00-04:00,209.38999938964844,209.38999938964844,209.6591033935547,209.2899932861328,209.6199951171875,672235
2026-06-16 10:16:00-04:00,208.9199981689453,208.9199981689453,209.4149932861328,208.87010192871094,209.41000366210938,696907
2026-06-16 10:18:00-04:00,208.94000244140625,208.94000244140625,209.2100067138672,208.8000030517578,208.92999267578125,735571
2026-06-16 10:20:00-04:00,209.13999938964844,209.13999938964844,209.32550048828125,208.7899932861328,208.9499969482422,690548
2026-06-16 10:22:00-04:00,208.64500427246094,208.64500427246094,209.15499877929688,208.60000610351562,209.14999389648438,729277
2026-06-16 10:24:00-04:00,209.17999267578125,209.17999267578125,209.2993927001953,208.5500030517578,208.65499877929688,634469
2026-06-16 10:26:00-04:00,208.94000244140625,208.94000244140625,209.5399932861328,208.8000030517578,209.18699645996094,653682
2026-06-16 10:28:00-04:00,209.07000732421875,209.07000732421875,209.2949981689453,208.89999389648438,208.94000244140625,434356
2026-06-16 10:30:00-04:00,208.6699981689453,208.6699981689453,209.13999938964844,208.64999389648438,209.0749969482422,575079
2026-06-16 10:32:00-04:00,208.9698944091797,208.9698944091797,208.97999572753906,208.5301055908203,208.69500732421875,700970
2026-06-16 10:34:00-04:00,208.9499969482422,208.9499969482422,209.05999755859375,208.61000061035156,208.9499969482422,704861
2026-06-16 10:36:00-04:00,209.1300048828125,209.1300048828125,209.1999969482422,208.8300018310547,208.9550018310547,490160
2026-06-16 10:38:00-04:00,209.13999938964844,209.13999938964844,209.3000030517578,209.10000610351562,209.13999938964844,382791
2026-06-16 10:40:00-04:00,209.44509887695312,209.44509887695312,209.61000061035156,209.02000427246094,209.1300048828125,531175
2026-06-16 10:42:00-04:00,209.35000610351562,209.35000610351562,209.56719970703125,209.3249969482422,209.4799041748047,314719
2026-06-16 10:44:00-04:00,209.1898956298828,209.1898956298828,209.50999450683594,209.1199951171875,209.3699951171875,404927
2026-06-16 10:46:00-04:00,209.30999755859375,209.30999755859375,209.4600067138672,209.16000366210938,209.18499755859375,329176
2026-06-16 10:48:00-04:00,209.27999877929688,209.27999877929688,209.54989624023438,209.26010131835938,209.31500244140625,336177
2026-06-16 10:50:00-04:00,209.6199951171875,209.6199951171875,209.77000427246094,209.26010131835938,209.27999877929688,484605
2026-06-16 10:52:00-04:00,209.65499877929688,209.65499877929688,209.80999755859375,209.44000244140625,209.61500549316406,377378
2026-06-16 10:54:00-04:00,209.49000549316406,209.49000549316406,209.69000244140625,209.41000366210938,209.67999267578125,423469
2026-06-16 10:56:00-04:00,209.35000610351562,209.35000610351562,209.58999633789062,209.27999877929688,209.5,316578
2026-06-16 10:58:00-04:00,209.33030700683594,209.33030700683594,209.50999450683594,208.73989868164062,209.35000610351562,649174
2026-06-16 11:00:00-04:00,209.36500549316406,209.36500549316406,209.48500061035156,209.22760009765625,209.35000610351562,366493
2026-06-16 11:02:00-04:00,209.36990356445312,209.36990356445312,209.389892578125,209.13999938964844,209.3800048828125,403623
2026-06-16 11:04:00-04:00,209.6300048828125,209.6300048828125,209.65919494628906,209.2899932861328,209.36000061035156,436047
2026-06-16 11:06:00-04:00,209.75999450683594,209.75999450683594,209.83999633789062,209.47999572753906,209.6300048828125,917399
2026-06-16 11:08:00-04:00,209.97120666503906,209.97120666503906,210.0399932861328,209.67999267578125,209.77000427246094,558137
2026-06-16 11:10:00-04:00,209.9600067138672,209.9600067138672,210.32000732421875,209.9199981689453,209.97439575195312,667477
2026-06-16 11:12:00-04:00,209.67999267578125,209.67999267578125,209.99000549316406,209.5800018310547,209.9600067138672,400458
2026-06-16 11:14:00-04:00,209.61000061035156,209.61000061035156,209.74510192871094,209.59010314941406,209.6999969482422,286788
2026-06-16 11:16:00-04:00,209.4600067138672,209.4600067138672,209.80999755859375,209.45150756835938,209.618896484375,239182
2026-06-16 11:18:00-04:00,209.26499938964844,209.26499938964844,209.60000610351562,209.17999267578125,209.47000122070312,555739
2026-06-16 11:20:00-04:00,209.26499938964844,209.26499938964844,209.4499969482422,209.12600708007812,209.25999450683594,516550
2026-06-16 11:22:00-04:00,209.27000427246094,209.27000427246094,209.33999633789062,209.0345001220703,209.24000549316406,382821
2026-06-16 11:24:00-04:00,209.2949981689453,209.2949981689453,209.36000061035156,209.1199951171875,209.24000549316406,499645
2026-06-16 11:26:00-04:00,208.85000610351562,208.85000610351562,209.3009033203125,208.80999755859375,209.27999877929688,596385
2026-06-16 11:28:00-04:00,209.14999389648438,209.14999389648438,209.22000122070312,208.6999969482422,208.83999633789062,457375
2026-06-16 11:30:00-04:00,209.18389892578125,209.18389892578125,209.27999877929688,209.06500244140625,209.16000366210938,311870
2026-06-16 11:32:00-04:00,209.34500122070312,209.34500122070312,209.4199981689453,209.11000061035156,209.19000244140625,599587
2026-06-16 11:34:00-04:00,209.60499572753906,209.60499572753906,209.64500427246094,209.30999755859375,209.360107421875,381769
2026-06-16 11:36:00-04:00,209.41000366210938,209.41000366210938,209.66000366210938,209.33999633789062,209.59500122070312,765839
2026-06-16 11:38:00-04:00,209.4199981689453,209.4199981689453,209.52999877929688,209.17999267578125,209.41000366210938,340317
2026-06-16 11:40:00-04:00,209.24000549316406,209.24000549316406,209.44000244140625,209.1999969482422,209.42999267578125,362403
2026-06-16 11:42:00-04:00,208.97360229492188,208.97360229492188,209.28439331054688,208.95359802246094,209.25950622558594,1430280
2026-06-16 11:44:00-04:00,208.92010498046875,208.92010498046875,209.1699981689453,208.90499877929688,208.97999572753906,414307
2026-06-16 11:46:00-04:00,208.73500061035156,208.73500061035156,208.97000122070312,208.5800018310547,208.9499969482422,641949
2026-06-16 11:48:00-04:00,208.82000732421875,208.82000732421875,208.97000122070312,208.5229949951172,208.72500610351562,415052
2026-06-16 11:50:00-04:00,208.97000122070312,208.97000122070312,209.0,208.66000366210938,208.81509399414062,424780
2026-06-16 11:52:00-04:00,209.3699951171875,209.3699951171875,209.39999389648438,208.86500549316406,208.97000122070312,575518
2026-06-16 11:54:00-04:00,209.30999755859375,209.30999755859375,209.55999755859375,209.27000427246094,209.35000610351562,369220
2026-06-16 11:56:00-04:00,209.47999572753906,209.47999572753906,209.5399932861328,209.22000122070312,209.32000732421875,362962
2026-06-16 11:58:00-04:00,209.1699981689453,209.1699981689453,209.5554962158203,209.13999938964844,209.4344940185547,507831
2026-06-16 12:00:00-04:00,209.43499755859375,209.43499755859375,209.66000366210938,209.14999389648438,209.1699981689453,415167
2026-06-16 12:02:00-04:00,209.68499755859375,209.68499755859375,209.72000122070312,209.41000366210938,209.4199981689453,288521
2026-06-16 12:04:00-04:00,209.60000610351562,209.60000610351562,209.72000122070312,209.46009826660156,209.69000244140625,382821
2026-06-16 12:06:00-04:00,209.4600067138672,209.4600067138672,209.6699981689453,209.44009399414062,209.58999633789062,218285
2026-06-16 12:08:00-04:00,209.5800018310547,209.5800018310547,209.64999389648438,209.3800048828125,209.4499969482422,269743
2026-06-16 12:10:00-04:00,209.50970458984375,209.50970458984375,209.63999938964844,209.3300018310547,209.57000732421875,1796148
2026-06-16 12:12:00-04:00,209.41990661621094,209.41990661621094,209.64999389648438,209.39500427246094,209.48989868164062,238991
2026-06-16 12:14:00-04:00,209.49000549316406,209.49000549316406,209.51010131835938,209.35000610351562,209.42990112304688,259394
2026-06-16 12:16:00-04:00,209.2050018310547,209.2050018310547,209.55990600585938,209.1699981689453,209.48500061035156,286240
2026-06-16 12:18:00-04:00,209.33999633789062,209.33999633789062,209.44000244140625,209.16000366210938,209.2050018310547,360478
2026-06-16 12:20:00-04:00,209.3800048828125,209.3800048828125,209.43499755859375,209.22999572753906,209.34500122070312,202379
2026-06-16 12:22:00-04:00,209.39999389648438,209.39999389648438,209.50999450683594,209.2899932861328,209.3800048828125,216458
2026-06-16 12:24:00-04:00,209.35009765625,209.35009765625,209.4600067138672,209.30999755859375,209.39010620117188,195624
2026-06-16 12:26:00-04:00,209.27000427246094,209.27000427246094,209.3699951171875,209.22999572753906,209.36000061035156,165063
2026-06-16 12:28:00-04:00,209.28500366210938,209.28500366210938,209.38999938964844,209.22000122070312,209.27999877929688,170498
2026-06-16 12:30:00-04:00,208.63999938964844,208.63999938964844,209.3000030517578,208.61000061035156,209.2899932861328,471556
2026-06-16 12:32:00-04:00,208.72999572753906,208.72999572753906,208.7799072265625,208.47999572753906,208.63999938964844,568425
2026-06-16 12:34:00-04:00,208.7899932861328,208.7899932861328,208.85989379882812,208.52000427246094,208.74000549316406,345006
2026-06-16 12:36:00-04:00,208.51449584960938,208.51449584960938,208.8000030517578,208.44000244140625,208.78070068359375,386951
2026-06-16 12:38:00-04:00,208.51010131835938,208.51010131835938,208.5500030517578,208.27999877929688,208.52000427246094,454076
2026-06-16 12:40:00-04:00,208.69500732421875,208.69500732421875,208.8000030517578,208.42999267578125,208.5200958251953,328940
2026-06-16 12:42:00-04:00,208.9010009765625,208.9010009765625,208.9250030517578,208.6999969482422,208.72000122070312,231713
2026-06-16 12:44:00-04:00,208.66000366210938,208.66000366210938,208.9199981689453,208.57000732421875,208.9199981689453,356453
2026-06-16 12:46:00-04:00,208.9499969482422,208.9499969482422,209.0,208.66229248046875,208.67999267578125,318213
2026-06-16 12:48:00-04:00,208.8730010986328,208.8730010986328,208.94000244140625,208.80999755859375,208.9250030517578,450559
2026-06-16 12:50:00-04:00,209.0749969482422,209.0749969482422,209.1699981689453,208.89999389648438,208.91000366210938,551965
2026-06-16 12:52:00-04:00,208.86000061035156,208.86000061035156,209.10000610351562,208.83999633789062,209.0800018310547,228073
2026-06-16 12:54:00-04:00,208.92999267578125,208.92999267578125,209.05999755859375,208.83999633789062,208.86000061035156,183773
2026-06-16 12:56:00-04:00,208.94500732421875,208.94500732421875,208.99569702148438,208.72999572753906,208.906005859375,242008
2026-06-16 12:58:00-04:00,209.1300048828125,209.1300048828125,209.1300048828125,208.91549682617188,208.93499755859375,240252
2026-06-16 13:00:00-04:00,209.00999450683594,209.00999450683594,209.13499450683594,208.89010620117188,209.13499450683594,206910
2026-06-16 13:02:00-04:00,209.07009887695312,209.07009887695312,209.10000610351562,208.75999450683594,209.02000427246094,296043
2026-06-16 13:04:00-04:00,208.9167938232422,208.9167938232422,209.13999938964844,208.8699951171875,209.07000732421875,304706
2026-06-16 13:06:00-04:00,208.9871063232422,208.9871063232422,209.08999633789062,208.8699951171875,208.91000366210938,188243
2026-06-16 13:08:00-04:00,209.02000427246094,209.02000427246094,209.05999755859375,208.92010498046875,208.97999572753906,126064
2026-06-16 13:10:00-04:00,208.9149932861328,208.9149932861328,209.07000732421875,208.88999938964844,209.00999450683594,165969
2026-06-16 13:12:00-04:00,209.2899932861328,209.2899932861328,209.30999755859375,208.88780212402344,208.9149932861328,329999
2026-06-16 13:14:00-04:00,209.15170288085938,209.15170288085938,209.27999877929688,209.10000610351562,209.27999877929688,251431
2026-06-16 13:16:00-04:00,209.2100067138672,209.2100067138672,209.32000732421875,209.14999389648438,209.16000366210938,214153
2026-06-16 13:18:00-04:00,208.97000122070312,208.97000122070312,209.2593994140625,208.92999267578125,209.1999969482422,179802
2026-06-16 13:20:00-04:00,208.88999938964844,208.88999938964844,209.0500030517578,208.86000061035156,208.9770050048828,198625
2026-06-16 13:22:00-04:00,209.0,209.0,209.02999877929688,208.7220001220703,208.89500427246094,271451
2026-06-16 13:24:00-04:00,209.0399932861328,209.0399932861328,209.16439819335938,208.97000122070312,208.97999572753906,162229
2026-06-16 13:26:00-04:00,209.13999938964844,209.13999938964844,209.14999389648438,208.97000122070312,209.0399932861328,138752
2026-06-16 13:28:00-04:00,209.10000610351562,209.10000610351562,209.2050018310547,209.08999633789062,209.14999389648438,163796
2026-06-16 13:30:00-04:00,209.0850067138672,209.0850067138672,209.19000244140625,208.9340057373047,209.09500122070312,190774
2026-06-16 13:32:00-04:00,209.2899932861328,209.2899932861328,209.3300018310547,209.0399932861328,209.10000610351562,220136
2026-06-16 13:34:00-04:00,209.27000427246094,209.27000427246094,209.32000732421875,209.2100067138672,209.2899932861328,175193
2026-06-16 13:36:00-04:00,209.11000061035156,209.11000061035156,209.3300018310547,209.10000610351562,209.26499938964844,185703
2026-06-16 13:38:00-04:00,209.05999755859375,209.05999755859375,209.18499755859375,208.97000122070312,209.11500549316406,198035
2026-06-16 13:40:00-04:00,209.14999389648438,209.14999389648438,209.1898956298828,208.86000061035156,209.05999755859375,321733
2026-06-16 13:42:00-04:00,209.28990173339844,209.28990173339844,209.2899932861328,209.0800018310547,209.14089965820312,286609
2026-06-16 13:44:00-04:00,209.3300018310547,209.3300018310547,209.3800048828125,209.15499877929688,209.27999877929688,233623
2026-06-16 13:46:00-04:00,209.35000610351562,209.35000610351562,209.4250030517578,209.1300048828125,209.32000732421875,198183
2026-06-16 13:48:00-04:00,209.41000366210938,209.41000366210938,209.44000244140625,209.25999450683594,209.32009887695312,170185
2026-06-16 13:50:00-04:00,209.5596923828125,209.5596923828125,209.60000610351562,209.35499572753906,209.44000244140625,268146
2026-06-16 13:52:00-04:00,209.52999877929688,209.52999877929688,209.6295928955078,209.47000122070312,209.55999755859375,259446
2026-06-16 13:54:00-04:00,209.63999938964844,209.63999938964844,209.6999969482422,209.49000549316406,209.55999755859375,201836
2026-06-16 13:56:00-04:00,209.5601043701172,209.5601043701172,209.6999969482422,209.50999450683594,209.6300048828125,164517
2026-06-16 13:58:00-04:00,209.4250030517578,209.4250030517578,209.5800018310547,209.30999755859375,209.56280517578125,315526
2026-06-16 14:00:00-04:00,209.52499389648438,209.52499389648438,209.52499389648438,209.3699951171875,209.4199981689453,211215
2026-06-16 14:02:00-04:00,209.57000732421875,209.57000732421875,209.67210388183594,209.47999572753906,209.52999877929688,259402
2026-06-16 14:04:00-04:00,209.69500732421875,209.69500732421875,209.82000732421875,209.50999450683594,209.5749969482422,368171
2026-06-16 14:06:00-04:00,209.5500030517578,209.5500030517578,209.72000122070312,209.47999572753906,209.69500732421875,211569
2026-06-16 14:08:00-04:00,209.5399932861328,209.5399932861328,209.6300048828125,209.50999450683594,209.55999755859375,174861
2026-06-16 14:10:00-04:00,209.51499938964844,209.51499938964844,209.62989807128906,209.47999572753906,209.5399932861328,172673
2026-06-16 14:12:00-04:00,209.5050048828125,209.5050048828125,209.63999938964844,209.49009704589844,209.52000427246094,129753
2026-06-16 14:14:00-04:00,209.375,209.375,209.5500030517578,209.31500244140625,209.50999450683594,190110
2026-06-16 14:16:00-04:00,209.34500122070312,209.34500122070312,209.39999389648438,209.19000244140625,209.375,193504
2026-06-16 14:18:00-04:00,209.24200439453125,209.24200439453125,209.40989685058594,209.1999969482422,209.35980224609375,165724
2026-06-16 14:20:00-04:00,209.2550048828125,209.2550048828125,209.3300018310547,209.1999969482422,209.2449951171875,170399
2026-06-16 14:22:00-04:00,209.26499938964844,209.26499938964844,209.35000610351562,209.2100067138672,209.25,165405
2026-06-16 14:24:00-04:00,209.44500732421875,209.44500732421875,209.4499969482422,209.25,209.25999450683594,146996
2026-06-16 14:26:00-04:00,209.47999572753906,209.47999572753906,209.57000732421875,209.42010498046875,209.4499969482422,222608
2026-06-16 14:28:00-04:00,209.45010375976562,209.45010375976562,209.49000549316406,209.34500122070312,209.47000122070312,128779
2026-06-16 14:30:00-04:00,209.40499877929688,209.40499877929688,209.4949951171875,209.32000732421875,209.45010375976562,151358
2026-06-16 14:32:00-04:00,209.25,209.25,209.4281005859375,209.19000244140625,209.40499877929688,164957
2026-06-16 14:34:00-04:00,209.12989807128906,209.12989807128906,209.35000610351562,209.0800018310547,209.26499938964844,205652
2026-06-16 14:36:00-04:00,208.9199981689453,208.9199981689453,209.17999267578125,208.9199981689453,209.125,306807
2026-06-16 14:38:00-04:00,209.0,209.0,209.0399932861328,208.87010192871094,208.92999267578125,341961
2026-06-16 14:40:00-04:00,208.89999389648438,208.89999389648438,209.1199951171875,208.8800048828125,209.00999450683594,352025
2026-06-16 14:42:00-04:00,208.9550018310547,208.9550018310547,208.9799041748047,208.80999755859375,208.9010009765625,254800
2026-06-16 14:44:00-04:00,208.97000122070312,208.97000122070312,209.0399932861328,208.88009643554688,208.95010375976562,241415
2026-06-16 14:46:00-04:00,209.00010681152344,209.00010681152344,209.0850067138672,208.80499267578125,208.97000122070312,261055
2026-06-16 14:48:00-04:00,208.7799072265625,208.7799072265625,209.05999755859375,208.75999450683594,209.0050048828125,214828
2026-06-16 14:50:00-04:00,209.02000427246094,209.02000427246094,209.05999755859375,208.77999877929688,208.77999877929688,209116
2026-06-16 14:52:00-04:00,208.97000122070312,208.97000122070312,209.0399932861328,208.86439514160156,209.00999450683594,227809
2026-06-16 14:54:00-04:00,208.9550018310547,208.9550018310547,209.02000427246094,208.89999389648438,208.97000122070312,489679
2026-06-16 14:56:00-04:00,208.860107421875,208.860107421875,209.0,208.8419952392578,208.9600067138672,185012
2026-06-16 14:58:00-04:00,208.99000549316406,208.99000549316406,208.99000549316406,208.83360290527344,208.875,207055
2026-06-16 15:00:00-04:00,209.1298065185547,209.1298065185547,209.1298065185547,208.85000610351562,208.9949951171875,423675
2026-06-16 15:02:00-04:00,209.17999267578125,209.17999267578125,209.1999969482422,209.00999450683594,209.1300048828125,203895
2026-06-16 15:04:00-04:00,209.1199951171875,209.1199951171875,209.39999389648438,209.10000610351562,209.17999267578125,295357
2026-06-16 15:06:00-04:00,209.3350067138672,209.3350067138672,209.33999633789062,209.11990356445312,209.11990356445312,183208
2026-06-16 15:08:00-04:00,208.99000549316406,208.99000549316406,209.33990478515625,208.96009826660156,209.3350067138672,367173
2026-06-16 15:10:00-04:00,208.72999572753906,208.72999572753906,209.0500030517578,208.66000366210938,208.99989318847656,401003
2026-06-16 15:12:00-04:00,208.5399932861328,208.5399932861328,208.74000549316406,208.5,208.72999572753906,413705
2026-06-16 15:14:00-04:00,208.21499633789062,208.21499633789062,208.6699981689453,208.19000244140625,208.5500030517578,535414
2026-06-16 15:16:00-04:00,208.24000549316406,208.24000549316406,208.32000732421875,208.07000732421875,208.22999572753906,572783
2026-06-16 15:18:00-04:00,208.52999877929688,208.52999877929688,208.54989624023438,208.1800994873047,208.25990295410156,432289
2026-06-16 15:20:00-04:00,208.75,208.75,208.83999633789062,208.47000122070312,208.52000427246094,492995
2026-06-16 15:22:00-04:00,208.8000030517578,208.8000030517578,208.8697052001953,208.63999938964844,208.75999450683594,515334
2026-06-16 15:24:00-04:00,208.86000061035156,208.86000061035156,208.9199981689453,208.781005859375,208.7899932861328,294941
2026-06-16 15:26:00-04:00,208.8249969482422,208.8249969482422,208.875,208.72000122070312,208.85989379882812,271681
2026-06-16 15:28:00-04:00,208.9300994873047,208.9300994873047,208.97999572753906,208.75,208.82000732421875,266769
2026-06-16 15:30:00-04:00,208.83999633789062,208.83999633789062,209.10000610351562,208.83999633789062,208.92999267578125,374537
2026-06-16 15:32:00-04:00,208.77499389648438,208.77499389648438,208.88499450683594,208.64999389648438,208.83999633789062,351474
2026-06-16 15:34:00-04:00,208.60499572753906,208.60499572753906,208.78990173339844,208.55999755859375,208.77000427246094,318509
2026-06-16 15:36:00-04:00,208.52000427246094,208.52000427246094,208.62989807128906,208.42320251464844,208.60000610351562,286696
2026-06-16 15:38:00-04:00,208.3000030517578,208.3000030517578,208.57000732421875,208.2550048828125,208.50999450683594,357992
2026-06-16 15:40:00-04:00,208.30999755859375,208.30999755859375,208.41700744628906,208.1999969482422,208.30999755859375,365289
2026-06-16 15:42:00-04:00,208.55499267578125,208.55499267578125,208.58990478515625,208.2949981689453,208.2949981689453,353339
2026-06-16 15:44:00-04:00,208.60000610351562,208.60000610351562,208.72999572753906,208.50010681152344,208.5399932861328,333323
2026-06-16 15:46:00-04:00,208.48500061035156,208.48500061035156,208.66000366210938,208.4600067138672,208.59500122070312,279375
2026-06-16 15:48:00-04:00,208.5399932861328,208.5399932861328,208.55999755859375,208.41000366210938,208.48500061035156,370655
2026-06-16 15:50:00-04:00,208.65939331054688,208.65939331054688,208.89999389648438,208.5500030517578,208.5500030517578,742130
2026-06-16 15:52:00-04:00,208.39999389648438,208.39999389648438,208.79989624023438,208.3800048828125,208.64999389648438,703846
2026-06-16 15:54:00-04:00,208.25,208.25,208.8800048828125,208.10000610351562,208.4199981689453,1474254
2026-06-16 15:56:00-04:00,207.79879760742188,207.79879760742188,208.38999938964844,207.74000549316406,208.25,1703970
2026-06-16 15:58:00-04:00,207.2899932861328,207.2899932861328,207.9199981689453,207.2899932861328,207.8000030517578,4108213
2026-06-17 09:30:00-04:00,208.19500732421875,208.19500732421875,208.67999267578125,207.7100067138672,208.52999877929688,4291604
2026-06-17 09:32:00-04:00,208.16009521484375,208.16009521484375,208.25,207.74000549316406,208.15499877929688,743737
2026-06-17 09:34:00-04:00,208.1638946533203,208.1638946533203,208.5594940185547,208.02999877929688,208.1999969482422,746411
2026-06-17 09:36:00-04:00,207.82000732421875,207.82000732421875,208.1699981689453,207.63999938964844,208.1199951171875,702438
2026-06-17 09:38:00-04:00,208.2449951171875,208.2449951171875,208.32000732421875,207.5500030517578,207.80859375,663221
2026-06-17 09:40:00-04:00,208.71499633789062,208.71499633789062,208.85000610351562,208.0399932861328,208.25999450683594,815603
2026-06-17 09:42:00-04:00,208.44119262695312,208.44119262695312,208.7449951171875,208.0601043701172,208.71499633789062,706712
2026-06-17 09:44:00-04:00,208.47000122070312,208.47000122070312,208.6699981689453,208.17999267578125,208.38499450683594,593562
2026-06-17 09:46:00-04:00,208.1199951171875,208.1199951171875,208.5399932861328,207.98089599609375,208.47000122070312,585618
2026-06-17 09:48:00-04:00,208.4250030517578,208.4250030517578,208.5800018310547,208.0,208.11500549316406,593029
2026-06-17 09:50:00-04:00,209.0500030517578,209.0500030517578,209.1199951171875,208.02999877929688,208.4600067138672,1075440
2026-06-17 09:52:00-04:00,208.82000732421875,208.82000732421875,209.2100067138672,208.72500610351562,209.02000427246094,728076
2026-06-17 09:54:00-04:00,208.32009887695312,208.32009887695312,208.8699951171875,208.2899932861328,208.81500244140625,590093
2026-06-17 09:56:00-04:00,207.38009643554688,207.38009643554688,208.3896026611328,207.27999877929688,208.3249969482422,807336
2026-06-17 09:58:00-04:00,207.19000244140625,207.19000244140625,207.42999267578125,207.1300048828125,207.389892578125,629115
2026-06-17 10:00:00-04:00,207.0500030517578,207.0500030517578,207.60000610351562,207.02999877929688,207.19500732421875,752426
2026-06-17 10:02:00-04:00,207.16000366210938,207.16000366210938,207.3000030517578,206.74000549316406,207.0399932861328,781827
2026-06-17 10:04:00-04:00,207.139892578125,207.139892578125,207.4199981689453,207.07000732421875,207.16009521484375,578755
2026-06-17 10:06:00-04:00,207.3300018310547,207.3300018310547,207.51499938964844,207.1300048828125,207.13999938964844,563310
2026-06-17 10:08:00-04:00,207.02999877929688,207.02999877929688,207.58999633789062,206.86000061035156,207.3350067138672,535173
2026-06-17 10:10:00-04:00,207.08200073242188,207.08200073242188,207.1999969482422,206.8699951171875,207.0200958251953,484090
2026-06-17 10:12:00-04:00,207.46499633789062,207.46499633789062,207.5500030517578,207.0800018310547,207.08999633789062,497414
2026-06-17 10:14:00-04:00,207.46499633789062,207.46499633789062,207.58990478515625,207.39010620117188,207.44000244140625,357500
2026-06-17 10:16:00-04:00,207.60499572753906,207.60499572753906,207.6300048828125,207.27000427246094,207.47999572753906,378096
2026-06-17 10:18:00-04:00,207.5424041748047,207.5424041748047,207.6300048828125,207.3300018310547,207.58999633789062,390684
2026-06-17 10:20:00-04:00,207.6707000732422,207.6707000732422,207.6707000732422,207.36000061035156,207.5399932861328,437783
2026-06-17 10:22:00-04:00,207.9499969482422,207.9499969482422,208.02000427246094,207.66000366210938,207.6750030517578,718974
2026-06-17 10:24:00-04:00,207.7899932861328,207.7899932861328,208.22000122070312,207.76499938964844,207.94000244140625,591471
2026-06-17 10:26:00-04:00,207.95010375976562,207.95010375976562,207.99000549316406,207.6407928466797,207.7899932861328,404878
2026-06-17 10:28:00-04:00,207.89439392089844,207.89439392089844,208.10000610351562,207.83999633789062,207.97000122070312,315937
2026-06-17 10:30:00-04:00,207.52499389648438,207.52499389648438,207.92999267578125,207.3300018310547,207.89999389648438,550214
2026-06-17 10:32:00-04:00,207.2700958251953,207.2700958251953,207.65989685058594,207.2501983642578,207.52499389648438,405747
2026-06-17 10:34:00-04:00,207.47999572753906,207.47999572753906,207.58999633789062,207.1999969482422,207.2799072265625,555916
2026-06-17 10:36:00-04:00,207.22500610351562,207.22500610351562,207.47999572753906,207.0803985595703,207.4709930419922,414908
2026-06-17 10:38:00-04:00,207.0800018310547,207.0800018310547,207.39500427246094,207.07000732421875,207.25,376353
2026-06-17 10:40:00-04:00,206.93170166015625,206.93170166015625,207.17990112304688,206.72999572753906,207.10000610351562,605570
2026-06-17 10:42:00-04:00,207.375,207.375,207.39990234375,206.90260314941406,206.9499969482422,483896
2026-06-17 10:44:00-04:00,207.5800018310547,207.5800018310547,207.67999267578125,207.31069946289062,207.38070678710938,444805
2026-06-17 10:46:00-04:00,207.2299041748047,207.2299041748047,207.89999389648438,206.8000030517578,207.57000732421875,1010005
2026-06-17 10:48:00-04:00,207.2100067138672,207.2100067138672,207.4499969482422,207.08509826660156,207.24000549316406,475598
2026-06-17 10:50:00-04:00,207.2301025390625,207.2301025390625,207.3699951171875,207.1199951171875,207.2100067138672,329119
2026-06-17 10:52:00-04:00,207.16000366210938,207.16000366210938,207.38499450683594,206.97000122070312,207.2100067138672,375239
2026-06-17 10:54:00-04:00,207.22500610351562,207.22500610351562,207.4990997314453,207.15499877929688,207.16000366210938,297371
2026-06-17 10:56:00-04:00,206.88999938964844,206.88999938964844,207.2899932861328,206.88009643554688,207.2100067138672,368252
2026-06-17 10:58:00-04:00,206.46499633789062,206.46499633789062,206.99960327148438,206.36000061035156,206.91000366210938,891703
2026-06-17 11:00:00-04:00,206.2949981689453,206.2949981689453,206.6699981689453,206.25999450683594,206.46499633789062,1312928
2026-06-17 11:02:00-04:00,206.3249969482422,206.3249969482422,206.5399932861328,206.19000244140625,206.28500366210938,711835
2026-06-17 11:04:00-04:00,206.25799560546875,206.25799560546875,206.39999389648438,205.9199981689453,206.3300018310547,777178
2026-06-17 11:06:00-04:00,206.1199951171875,206.1199951171875,206.5399932861328,206.10000610351562,206.28500366210938,543227
2026-06-17 11:08:00-04:00,206.14999389648438,206.14999389648438,206.2790985107422,205.9499969482422,206.1199951171875,433597
2026-06-17 11:10:00-04:00,206.60000610351562,206.60000610351562,206.7050018310547,206.11000061035156,206.14500427246094,541885
2026-06-17 11:12:00-04:00,206.69000244140625,206.69000244140625,206.75,206.52999877929688,206.59500122070312,342839
2026-06-17 11:14:00-04:00,206.99000549316406,206.99000549316406,207.0,206.6750030517578,206.6999969482422,491830
2026-06-17 11:16:00-04:00,206.5998992919922,206.5998992919922,207.03990173339844,206.5800018310547,207.0,491630
2026-06-17 11:18:00-04:00,206.56500244140625,206.56500244140625,206.7899932861328,206.42999267578125,206.59500122070312,764073
2026-06-17 11:20:00-04:00,206.52499389648438,206.52499389648438,206.7949981689453,206.49000549316406,206.56500244140625,372849
2026-06-17 11:22:00-04:00,206.39999389648438,206.39999389648438,206.5399932861328,206.3300018310547,206.50999450683594,382861
2026-06-17 11:24:00-04:00,206.22999572753906,206.22999572753906,206.5,206.1300048828125,206.38499450683594,427650
2026-06-17 11:26:00-04:00,206.22000122070312,206.22000122070312,206.3300018310547,206.1300048828125,206.22999572753906,359720
2026-06-17 11:28:00-04:00,206.4499969482422,206.4499969482422,206.49000549316406,206.14320373535156,206.21499633789062,510172
2026-06-17 11:30:00-04:00,206.38999938964844,206.38999938964844,206.5399932861328,206.2899932861328,206.44000244140625,384188
2026-06-17 11:32:00-04:00,206.47999572753906,206.47999572753906,206.6199951171875,206.2899932861328,206.38999938964844,388716
2026-06-17 11:34:00-04:00,206.41000366210938,206.41000366210938,206.57919311523438,206.33999633789062,206.47000122070312,331159
2026-06-17 11:36:00-04:00,206.63009643554688,206.63009643554688,206.6992950439453,206.33999633789062,206.41000366210938,349058
2026-06-17 11:38:00-04:00,206.6699981689453,206.6699981689453,206.7299041748047,206.58999633789062,206.63499450683594,340490
2026-06-17 11:40:00-04:00,206.38340759277344,206.38340759277344,206.6699981689453,206.36000061035156,206.66000366210938,296577
2026-06-17 11:42:00-04:00,206.3699951171875,206.3699951171875,206.5,206.1999969482422,206.3699951171875,308269
2026-06-17 11:44:00-04:00,206.48289489746094,206.48289489746094,206.65029907226562,206.30999755859375,206.3699951171875,245968
2026-06-17 11:46:00-04:00,206.51499938964844,206.51499938964844,206.64990234375,206.39999389648438,206.4799041748047,212506
2026-06-17 11:48:00-04:00,206.44000244140625,206.44000244140625,206.52999877929688,206.36000061035156,206.5,247971
2026-06-17 11:50:00-04:00,206.3800048828125,206.3800048828125,206.5850067138672,206.3101043701172,206.4499969482422,252640
2026-06-17 11:52:00-04:00,206.22500610351562,206.22500610351562,206.40499877929688,206.0399932861328,206.38999938964844,900571
2026-06-17 11:54:00-04:00,206.24000549316406,206.24000549316406,206.2949981689453,206.1300048828125,206.2100067138672,282421
2026-06-17 11:56:00-04:00,206.375,206.375,206.4600067138672,206.24000549316406,206.24000549316406,457499
2026-06-17 11:58:00-04:00,206.41000366210938,206.41000366210938,206.47999572753906,206.3000030517578,206.3800048828125,243046
2026-06-17 12:00:00-04:00,206.5500030517578,206.5500030517578,206.7899932861328,206.41000366210938,206.41000366210938,393463
2026-06-17 12:02:00-04:00,206.7050018310547,206.7050018310547,206.70989990234375,206.50999450683594,206.55999755859375,189760
2026-06-17 12:04:00-04:00,206.8397979736328,206.8397979736328,206.85000610351562,206.6107940673828,206.7050018310547,270857
2026-06-17 12:06:00-04:00,206.88999938964844,206.88999938964844,207.16000366210938,206.77000427246094,206.83999633789062,436439
2026-06-17 12:08:00-04:00,206.85000610351562,206.85000610351562,206.90499877929688,206.80499267578125,206.8800048828125,186177
2026-06-17 12:10:00-04:00,206.86000061035156,206.86000061035156,206.97999572753906,206.8000030517578,206.85499572753906,224956
2026-06-17 12:12:00-04:00,207.0500030517578,207.0500030517578,207.08999633789062,206.8699951171875,206.8699951171875,222922
2026-06-17 12:14:00-04:00,207.30999755859375,207.30999755859375,207.3699951171875,207.02999877929688,207.05999755859375,326744
2026-06-17 12:16:00-04:00,207.27999877929688,207.27999877929688,207.3249969482422,207.0399932861328,207.30999755859375,365739
2026-06-17 12:18:00-04:00,207.56979370117188,207.56979370117188,207.5749969482422,207.28500366210938,207.28500366210938,400859
2026-06-17 12:20:00-04:00,207.52000427246094,207.52000427246094,207.65989685058594,207.4499969482422,207.5679931640625,458865
2026-06-17 12:22:00-04:00,207.50999450683594,207.50999450683594,207.625,207.47000122070312,207.52000427246094,308537
2026-06-17 12:24:00-04:00,207.38499450683594,207.38499450683594,207.53500366210938,207.26060485839844,207.52000427246094,272460
2026-06-17 12:26:00-04:00,207.39500427246094,207.39500427246094,207.5,207.35009765625,207.38999938964844,190444
2026-06-17 12:28:00-04:00,207.42999267578125,207.42999267578125,207.47950744628906,207.35000610351562,207.39999389648438,710197
2026-06-17 12:30:00-04:00,207.3551025390625,207.3551025390625,207.4969940185547,207.3000030517578,207.4250030517578,221436
2026-06-17 12:32:00-04:00,207.3800048828125,207.3800048828125,207.4595947265625,207.3000030517578,207.35499572753906,235922
2026-06-17 12:34:00-04:00,207.52499389648438,207.52499389648438,207.53990173339844,207.2899932861328,207.36160278320312,233047
2026-06-17 12:36:00-04:00,207.4949951171875,207.4949951171875,207.52000427246094,207.25,207.51499938964844,269230
2026-06-17 12:38:00-04:00,207.5449981689453,207.5449981689453,207.63999938964844,207.48500061035156,207.4949951171875,70813
2026-06-17 12:40:00-04:00,207.22999572753906,207.22999572753906,207.5399932861328,207.22000122070312,207.5399932861328,291143
2026-06-17 12:42:00-04:00,207.26499938964844,207.26499938964844,207.3300018310547,207.16000366210938,207.24000549316406,275584
2026-06-17 12:44:00-04:00,207.2550048828125,207.2550048828125,207.4499969482422,207.2100067138672,207.27000427246094,218709
2026-06-17 12:46:00-04:00,207.32000732421875,207.32000732421875,207.39889526367188,207.22500610351562,207.25999450683594,216649
2026-06-17 12:48:00-04:00,207.27999877929688,207.27999877929688,207.3800048828125,207.2100067138672,207.32510375976562,177774
2026-06-17 12:50:00-04:00,207.36500549316406,207.36500549316406,207.42999267578125,207.25,207.27999877929688,183131
2026-06-17 12:52:00-04:00,207.32000732421875,207.32000732421875,207.3800048828125,207.25,207.36000061035156,128083
2026-06-17 12:54:00-04:00,207.25999450683594,207.25999450683594,207.36000061035156,207.1750030517578,207.3300018310547,204675
2026-06-17 12:56:00-04:00,207.23500061035156,207.23500061035156,207.25999450683594,207.1199951171875,207.25999450683594,162181
2026-06-17 12:58:00-04:00,207.1300048828125,207.1300048828125,207.2449951171875,207.07000732421875,207.23500061035156,172899
2026-06-17 13:00:00-04:00,207.02000427246094,207.02000427246094,207.1999969482422,206.9600067138672,207.13999938964844,265993
2026-06-17 13:02:00-04:00,206.9499969482422,206.9499969482422,207.0500030517578,206.88999938964844,207.0,246126
2026-06-17 13:04:00-04:00,207.0399932861328,207.0399932861328,207.0500030517578,206.80279541015625,206.94500732421875,256642
2026-06-17 13:06:00-04:00,207.02000427246094,207.02000427246094,207.16000366210938,206.91000366210938,207.0,208674
2026-06-17 13:08:00-04:00,207.18499755859375,207.18499755859375,207.26499938964844,206.60000610351562,207.02000427246094,683040
2026-06-17 13:10:00-04:00,206.97999572753906,206.97999572753906,207.2698974609375,206.97999572753906,207.18499755859375,228131
2026-06-17 13:12:00-04:00,207.0,207.0,207.07000732421875,206.92999267578125,207.0,174918
2026-06-17 13:14:00-04:00,206.72360229492188,206.72360229492188,207.05999755859375,206.72000122070312,206.99000549316406,177991
2026-06-17 13:16:00-04:00,206.9499969482422,206.9499969482422,206.9499969482422,206.72000122070312,206.72000122070312,170737
2026-06-17 13:18:00-04:00,206.9949951171875,206.9949951171875,207.05999755859375,206.86000061035156,206.92999267578125,250314
2026-06-17 13:20:00-04:00,207.0800018310547,207.0800018310547,207.0850067138672,206.91099548339844,206.99000549316406,218860
2026-06-17 13:22:00-04:00,207.16009521484375,207.16009521484375,207.22500610351562,207.0749969482422,207.08999633789062,207989
2026-06-17 13:24:00-04:00,207.22999572753906,207.22999572753906,207.25,207.16000366210938,207.16000366210938,155970
2026-06-17 13:26:00-04:00,207.44000244140625,207.44000244140625,207.5500030517578,207.22999572753906,207.22999572753906,244684
2026-06-17 13:28:00-04:00,207.36399841308594,207.36399841308594,207.4600067138672,207.36000061035156,207.42999267578125,166013
2026-06-17 13:30:00-04:00,207.08999633789062,207.08999633789062,207.3800048828125,207.0800018310547,207.3800048828125,215068
2026-06-17 13:32:00-04:00,207.24000549316406,207.24000549316406,207.27000427246094,207.09500122070312,207.09500122070312,192205
2026-06-17 13:34:00-04:00,207.35000610351562,207.35000610351562,207.35000610351562,207.17010498046875,207.22500610351562,167166
2026-06-17 13:36:00-04:00,207.47000122070312,207.47000122070312,207.50999450683594,207.3531951904297,207.35499572753906,280526
2026-06-17 13:38:00-04:00,207.49000549316406,207.49000549316406,207.55499267578125,207.39999389648438,207.47500610351562,276471
2026-06-17 13:40:00-04:00,207.39999389648438,207.39999389648438,207.49989318847656,207.36500549316406,207.49989318847656,190724
2026-06-17 13:42:00-04:00,207.3300018310547,207.3300018310547,207.4550018310547,207.2899932861328,207.39999389648438,253522
2026-06-17 13:44:00-04:00,207.3800048828125,207.3800048828125,207.4250030517578,207.30999755859375,207.32009887695312,144834
2026-06-17 13:46:00-04:00,207.35000610351562,207.35000610351562,207.4199981689453,207.32000732421875,207.3800048828125,145336
2026-06-17 13:48:00-04:00,207.4600067138672,207.4600067138672,207.48500061035156,207.30999755859375,207.35499572753906,188365
2026-06-17 13:50:00-04:00,207.60000610351562,207.60000610351562,207.60000610351562,207.3300018310547,207.47000122070312,186174
2026-06-17 13:52:00-04:00,207.88999938964844,207.88999938964844,207.89999389648438,207.58999633789062,207.58999633789062,363598
2026-06-17 13:54:00-04:00,207.67999267578125,207.67999267578125,207.91000366210938,207.66000366210938,207.88999938964844,215003
2026-06-17 13:56:00-04:00,207.69000244140625,207.69000244140625,207.7689971923828,207.6199951171875,207.67999267578125,187567
2026-06-17 13:58:00-04:00,207.77999877929688,207.77999877929688,207.8300018310547,207.5500030517578,207.68499755859375,219320
2026-06-17 14:00:00-04:00,207.11000061035156,207.11000061035156,207.82000732421875,206.66000366210938,207.76499938964844,896144
2026-06-17 14:02:00-04:00,206.6999969482422,206.6999969482422,207.2886962890625,206.55499267578125,207.13999938964844,510547
2026-06-17 14:04:00-04:00,205.33999633789062,205.33999633789062,206.77999877929688,205.30999755859375,206.69000244140625,970379
2026-06-17 14:06:00-04:00,205.85000610351562,205.85000610351562,206.16000366210938,205.3000030517578,205.32749938964844,3829374
2026-06-17 14:08:00-04:00,206.28500366210938,206.28500366210938,206.33999633789062,205.75,205.8300018310547,788661
2026-06-17 14:10:00-04:00,206.39999389648438,206.39999389648438,206.5699005126953,206.1300048828125,206.27000427246094,630143
2026-06-17 14:12:00-04:00,206.06959533691406,206.06959533691406,206.5,206.02999877929688,206.38999938964844,635248
2026-06-17 14:14:00-04:00,206.61000061035156,206.61000061035156,206.67999267578125,205.9600067138672,206.10499572753906,560146
2026-06-17 14:16:00-04:00,206.27999877929688,206.27999877929688,206.65989685058594,206.20010375976562,206.60000610351562,303911
2026-06-17 14:18:00-04:00,206.3699951171875,206.3699951171875,206.5500030517578,206.27000427246094,206.28990173339844,831008
2026-06-17 14:20:00-04:00,206.22000122070312,206.22000122070312,206.39990234375,206.0500030517578,206.3699951171875,365384
2026-06-17 14:22:00-04:00,206.02000427246094,206.02000427246094,206.2200927734375,205.92999267578125,206.19000244140625,335668
2026-06-17 14:24:00-04:00,205.65989685058594,205.65989685058594,206.02999877929688,205.5500030517578,206.02999877929688,422152
2026-06-17 14:26:00-04:00,205.53070068359375,205.53070068359375,205.83999633789062,205.3800048828125,205.64999389648438,416707
2026-06-17 14:28:00-04:00,205.96499633789062,205.96499633789062,206.05999755859375,205.52999877929688,205.53500366210938,408303
2026-06-17 14:30:00-04:00,206.30250549316406,206.30250549316406,206.30999755859375,205.8000946044922,205.9600067138672,462565
2026-06-17 14:32:00-04:00,205.64500427246094,205.64500427246094,206.4499969482422,205.4949951171875,206.3000030517578,847063
2026-06-17 14:34:00-04:00,205.6999053955078,205.6999053955078,205.9199981689453,205.49000549316406,205.64999389648438,416312
2026-06-17 14:36:00-04:00,206.0500030517578,206.0500030517578,206.2198944091797,205.67999267578125,205.6999969482422,421585
2026-06-17 14:38:00-04:00,206.36000061035156,206.36000061035156,206.56320190429688,206.0500030517578,206.05999755859375,501824
2026-06-17 14:40:00-04:00,206.69000244140625,206.69000244140625,206.8699951171875,206.3498992919922,206.36500549316406,517682
2026-06-17 14:42:00-04:00,207.38070678710938,207.38070678710938,207.44000244140625,206.58399963378906,206.67999267578125,621865
2026-06-17 14:44:00-04:00,207.1999969482422,207.1999969482422,207.67999267578125,207.17010498046875,207.36000061035156,815425
2026-06-17 14:46:00-04:00,207.32009887695312,207.32009887695312,207.33999633789062,206.81500244140625,207.1999969482422,516916
2026-06-17 14:48:00-04:00,207.14990234375,207.14990234375,207.29989624023438,206.92999267578125,207.25999450683594,393570
2026-06-17 14:50:00-04:00,206.83999633789062,206.83999633789062,207.16000366210938,206.8000030517578,207.13999938964844,367151
2026-06-17 14:52:00-04:00,206.77000427246094,206.77000427246094,207.0399932861328,206.72000122070312,206.8350067138672,378343
2026-06-17 14:54:00-04:00,206.46499633789062,206.46499633789062,206.9799041748047,206.45010375976562,206.75999450683594,430840
2026-06-17 14:56:00-04:00,206.16000366210938,206.16000366210938,206.52999877929688,205.89500427246094,206.47000122070312,508361
2026-06-17 14:58:00-04:00,205.9550018310547,205.9550018310547,206.25,205.59500122070312,206.1999969482422,647748
2026-06-17 15:00:00-04:00,206.05990600585938,206.05990600585938,206.27000427246094,205.8300018310547,205.97000122070312,502321
2026-06-17 15:02:00-04:00,206.09500122070312,206.09500122070312,206.3800048828125,205.7100067138672,206.0449981689453,514440
2026-06-17 15:04:00-04:00,206.0,206.0,206.19500732421875,205.86000061035156,206.0800018310547,359946
2026-06-17 15:06:00-04:00,206.01499938964844,206.01499938964844,206.22999572753906,205.89999389648438,205.99000549316406,310646
2026-06-17 15:08:00-04:00,205.92990112304688,205.92990112304688,206.17999267578125,205.83999633789062,206.0299072265625,295441
2026-06-17 15:10:00-04:00,205.41510009765625,205.41510009765625,205.9600067138672,205.3800048828125,205.92970275878906,527395
2026-06-17 15:12:00-04:00,206.3699951171875,206.3699951171875,206.44000244140625,205.38999938964844,205.44000244140625,613705
2026-06-17 15:14:00-04:00,206.09500122070312,206.09500122070312,206.47999572753906,206.03500366210938,206.375,494836
2026-06-17 15:16:00-04:00,205.55599975585938,205.55599975585938,206.1999969482422,205.55599975585938,206.08999633789062,418419
2026-06-17 15:18:00-04:00,205.3000030517578,205.3000030517578,205.60989379882812,205.19000244140625,205.58999633789062,541390
2026-06-17 15:20:00-04:00,204.67010498046875,204.67010498046875,205.3000030517578,204.5399932861328,205.3000030517578,1059689
2026-06-17 15:22:00-04:00,204.80499267578125,204.80499267578125,204.99000549316406,204.44000244140625,204.69000244140625,788531
2026-06-17 15:24:00-04:00,205.02000427246094,205.02000427246094,205.02999877929688,204.52000427246094,204.79629516601562,577295
2026-06-17 15:26:00-04:00,204.93910217285156,204.93910217285156,205.28500366210938,204.89999389648438,205.03419494628906,566628
2026-06-17 15:28:00-04:00,204.72000122070312,204.72000122070312,205.14999389648438,204.52999877929688,204.92999267578125,515439
2026-06-17 15:30:00-04:00,204.8350067138672,204.8350067138672,205.1699981689453,204.55999755859375,204.7100067138672,704360
2026-06-17 15:32:00-04:00,204.72999572753906,204.72999572753906,204.85989379882812,204.5,204.83999633789062,584962
2026-06-17 15:34:00-04:00,204.6300048828125,204.6300048828125,204.7664031982422,204.5500030517578,204.74000549316406,571658
2026-06-17 15:36:00-04:00,204.78500366210938,204.78500366210938,205.04989624023438,204.5500030517578,204.58999633789062,506705
2026-06-17 15:38:00-04:00,203.88009643554688,203.88009643554688,204.8350067138672,203.75,204.7899932861328,872967
2026-06-17 15:40:00-04:00,203.5050048828125,203.5050048828125,203.9799041748047,203.4600067138672,203.9199981689453,1086236
2026-06-17 15:42:00-04:00,203.89500427246094,203.89500427246094,203.96839904785156,203.4499969482422,203.51010131835938,797322
2026-06-17 15:44:00-04:00,203.85499572753906,203.85499572753906,204.1739959716797,203.6300048828125,203.90980529785156,631922
2026-06-17 15:46:00-04:00,204.30499267578125,204.30499267578125,204.38999938964844,203.70069885253906,203.85499572753906,542470
2026-06-17 15:48:00-04:00,204.3000030517578,204.3000030517578,204.5449981689453,204.16000366210938,204.33999633789062,555744
2026-06-17 15:50:00-04:00,203.86500549316406,203.86500549316406,204.4499969482422,203.52999877929688,204.27000427246094,1222702
2026-06-17 15:52:00-04:00,204.02000427246094,204.02000427246094,204.25,203.70010375976562,203.85000610351562,715952
2026-06-17 15:54:00-04:00,204.7570037841797,204.7570037841797,204.88999938964844,203.47500610351562,204.02999877929688,1372485
2026-06-17 15:56:00-04:00,204.55999755859375,204.55999755859375,204.8249969482422,204.30999755859375,204.82000732421875,1082650
2026-06-17 15:58:00-04:00,204.67799377441406,204.67799377441406,204.8000030517578,204.42999267578125,204.5500030517578,2513300
2026-06-18 09:30:00-04:00,207.50010681152344,207.50010681152344,207.99000549316406,206.802001953125,207.27499389648438,23981182
2026-06-18 09:32:00-04:00,206.9499969482422,206.9499969482422,207.5399932861328,206.5,207.52000427246094,1671845
2026-06-18 09:34:00-04:00,206.81509399414062,206.81509399414062,207.27000427246094,206.61000061035156,206.97500610351562,843642
2026-06-18 09:36:00-04:00,207.28990173339844,207.28990173339844,207.3699951171875,206.72000122070312,206.81500244140625,925452
2026-06-18 09:38:00-04:00,207.40049743652344,207.40049743652344,207.57000732421875,206.8800048828125,207.25,867528
2026-06-18 09:40:00-04:00,207.53500366210938,207.53500366210938,207.75,206.8300018310547,207.38999938964844,968986
2026-06-18 09:42:00-04:00,207.50010681152344,207.50010681152344,207.9499969482422,207.43890380859375,207.52999877929688,2937133
2026-06-18 09:44:00-04:00,207.57839965820312,207.57839965820312,207.69000244140625,207.0605010986328,207.52499389648438,1250794
2026-06-18 09:46:00-04:00,207.51499938964844,207.51499938964844,207.92999267578125,207.42999267578125,207.56500244140625,878858
2026-06-18 09:48:00-04:00,207.9250030517578,207.9250030517578,207.9499969482422,207.4300994873047,207.52000427246094,682057
2026-06-18 09:50:00-04:00,207.8800048828125,207.8800048828125,208.1699981689453,207.64999389648438,207.91000366210938,1162732
2026-06-18 09:52:00-04:00,208.17999267578125,208.17999267578125,208.3300018310547,207.8800048828125,207.8800048828125,775896
2026-06-18 09:54:00-04:00,207.9199981689453,207.9199981689453,208.17999267578125,207.63999938964844,208.16000366210938,704142
2026-06-18 09:56:00-04:00,207.83999633789062,207.83999633789062,208.13499450683594,207.70010375976562,207.91000366210938,1983110
2026-06-18 09:58:00-04:00,207.80999755859375,207.80999755859375,207.88999938964844,207.57000732421875,207.85000610351562,570514
2026-06-18 10:00:00-04:00,207.8800048828125,207.8800048828125,207.9600067138672,207.5,207.85000610351562,670176
2026-06-18 10:02:00-04:00,207.68499755859375,207.68499755859375,208.10000610351562,207.52999877929688,207.87010192871094,636758
2026-06-18 10:04:00-04:00,207.84910583496094,207.84910583496094,207.85000610351562,207.5500946044922,207.66000366210938,485051
2026-06-18 10:06:00-04:00,208.26010131835938,208.26010131835938,208.42999267578125,207.8300018310547,207.83999633789062,859159
2026-06-18 10:08:00-04:00,208.5850067138672,208.5850067138672,208.67919921875,208.0800018310547,208.25,776328
2026-06-18 10:10:00-04:00,208.47999572753906,208.47999572753906,208.6999969482422,208.32009887695312,208.5850067138672,571986
2026-06-18 10:12:00-04:00,208.58999633789062,208.58999633789062,208.75999450683594,208.41000366210938,208.47000122070312,616947
2026-06-18 10:14:00-04:00,208.60000610351562,208.60000610351562,208.63870239257812,208.11000061035156,208.5800018310547,660074
2026-06-18 10:16:00-04:00,209.02999877929688,209.02999877929688,209.04660034179688,208.58999633789062,208.60000610351562,932890
2026-06-18 10:18:00-04:00,208.93499755859375,208.93499755859375,209.05499267578125,208.82000732421875,209.02499389648438,692074
2026-06-18 10:20:00-04:00,208.5399932861328,208.5399932861328,208.98899841308594,208.41000366210938,208.94000244140625,793439
2026-06-18 10:22:00-04:00,209.68499755859375,209.68499755859375,209.6999969482422,208.42999267578125,208.52999877929688,1057640
2026-06-18 10:24:00-04:00,209.78990173339844,209.78990173339844,209.8699951171875,209.5449981689453,209.6894989013672,740734
2026-06-18 10:26:00-04:00,209.21749877929688,209.21749877929688,209.77999877929688,209.17999267578125,209.76100158691406,749206
2026-06-18 10:28:00-04:00,209.13009643554688,209.13009643554688,209.47000122070312,209.00999450683594,209.21499633789062,642203
2026-06-18 10:30:00-04:00,208.96499633789062,208.96499633789062,209.1898956298828,208.75999450683594,209.1300048828125,828879
2026-06-18 10:32:00-04:00,208.92999267578125,208.92999267578125,209.00999450683594,208.63999938964844,208.9600067138672,578300
2026-06-18 10:34:00-04:00,208.7100067138672,208.7100067138672,209.16990661621094,208.60000610351562,208.92999267578125,625726
2026-06-18 10:36:00-04:00,208.9709930419922,208.9709930419922,209.03500366210938,208.69000244140625,208.72000122070312,566738
2026-06-18 10:38:00-04:00,209.3459930419922,209.3459930419922,209.47000122070312,208.82000732421875,208.99000549316406,679047
2026-06-18 10:40:00-04:00,208.9199981689453,208.9199981689453,209.3699951171875,208.91000366210938,209.36000061035156,523827
2026-06-18 10:42:00-04:00,209.0399932861328,209.0399932861328,209.14999389648438,208.83999633789062,208.9001007080078,439391
2026-06-18 10:44:00-04:00,208.99000549316406,208.99000549316406,209.16000366210938,208.9149932861328,209.0500030517578,386367
2026-06-18 10:46:00-04:00,209.57110595703125,209.57110595703125,209.6999969482422,208.99000549316406,209.00999450683594,667641
2026-06-18 10:48:00-04:00,209.5449981689453,209.5449981689453,209.77999877929688,209.42999267578125,209.57000732421875,551071
2026-06-18 10:50:00-04:00,209.25,209.25,209.52200317382812,209.13999938964844,209.52200317382812,424140
2026-06-18 10:52:00-04:00,209.3000946044922,209.3000946044922,209.36839294433594,209.1300048828125,209.25999450683594,629716
2026-06-18 10:54:00-04:00,209.3000030517578,209.3000030517578,209.5800018310547,209.25,209.3000030517578,548551
2026-06-18 10:56:00-04:00,209.4199981689453,209.4199981689453,209.44000244140625,209.08999633789062,209.3000030517578,322519
2026-06-18 10:58:00-04:00,209.3249969482422,209.3249969482422,209.60499572753906,209.32000732421875,209.41990661621094,478058
2026-06-18 11:00:00-04:00,208.94000244140625,208.94000244140625,209.4600067138672,208.57000732421875,209.33999633789062,1571781
2026-06-18 11:02:00-04:00,209.35499572753906,209.35499572753906,209.3800048828125,208.8699951171875,208.97500610351562,520696
2026-06-18 11:04:00-04:00,209.38780212402344,209.38780212402344,209.61000061035156,209.3300018310547,209.34060668945312,517668
2026-06-18 11:06:00-04:00,209.59280395507812,209.59280395507812,209.61000061035156,209.22000122070312,209.3800048828125,389357
2026-06-18 11:08:00-04:00,209.5102996826172,209.5102996826172,209.62989807128906,209.41000366210938,209.60000610351562,352558
2026-06-18 11:10:00-04:00,209.5500030517578,209.5500030517578,209.64920043945312,209.26499938964844,209.50999450683594,861984
2026-06-18 11:12:00-04:00,209.5800018310547,209.5800018310547,209.60000610351562,209.32000732421875,209.5500030517578,552386
2026-06-18 11:14:00-04:00,209.60009765625,209.60009765625,209.66000366210938,209.2200927734375,209.5800018310547,571498
2026-06-18 11:16:00-04:00,209.30999755859375,209.30999755859375,209.66000366210938,209.24000549316406,209.61000061035156,298268
2026-06-18 11:18:00-04:00,209.30999755859375,209.30999755859375,209.4600067138672,209.19000244140625,209.29010009765625,317751
2026-06-18 11:20:00-04:00,209.1999969482422,209.1999969482422,209.44000244140625,209.16000366210938,209.32000732421875,308244
2026-06-18 11:22:00-04:00,209.0800018310547,209.0800018310547,209.22000122070312,208.97000122070312,209.2100067138672,373275
2026-06-18 11:24:00-04:00,209.10989379882812,209.10989379882812,209.27999877929688,209.00999450683594,209.0800018310547,312546
2026-06-18 11:26:00-04:00,209.19500732421875,209.19500732421875,209.24000549316406,209.0,209.10499572753906,319398
2026-06-18 11:28:00-04:00,208.88499450683594,208.88499450683594,209.19500732421875,208.72999572753906,209.19000244140625,412454
2026-06-18 11:30:00-04:00,208.91000366210938,208.91000366210938,209.0800018310547,208.80999755859375,208.89999389648438,304420
2026-06-18 11:32:00-04:00,208.72999572753906,208.72999572753906,208.9600067138672,208.63999938964844,208.89999389648438,443546
2026-06-18 11:34:00-04:00,208.64999389648438,208.64999389648438,208.9600067138672,208.6199951171875,208.72999572753906,337879
2026-06-18 11:36:00-04:00,208.59500122070312,208.59500122070312,208.67579650878906,208.38999938964844,208.65499877929688,456349
2026-06-18 11:38:00-04:00,208.5050048828125,208.5050048828125,208.6300048828125,208.25999450683594,208.5800018310547,376458
2026-06-18 11:40:00-04:00,208.44000244140625,208.44000244140625,208.5800018310547,208.3000030517578,208.5050048828125,389850
2026-06-18 11:42:00-04:00,208.3300018310547,208.3300018310547,208.56700134277344,208.22000122070312,208.44000244140625,304275
2026-06-18 11:44:00-04:00,207.9600067138672,207.9600067138672,208.3300018310547,207.87330627441406,208.3249969482422,582884
2026-06-18 11:46:00-04:00,207.92999267578125,207.92999267578125,207.9698944091797,207.63999938964844,207.9499969482422,1035258
2026-06-18 11:48:00-04:00,208.11500549316406,208.11500549316406,208.1699981689453,207.8300018310547,207.92010498046875,319947
2026-06-18 11:50:00-04:00,208.4199981689453,208.4199981689453,208.4770050048828,208.11000061035156,208.11000061035156,447428
2026-06-18 11:52:00-04:00,208.82000732421875,208.82000732421875,208.91000366210938,208.38999938964844,208.4250030517578,431787
2026-06-18 11:54:00-04:00,208.89999389648438,208.89999389648438,208.92999267578125,208.72999572753906,208.82989501953125,330253
2026-06-18 11:56:00-04:00,208.89500427246094,208.89500427246094,208.90989685058594,208.72000122070312,208.89500427246094,304184
2026-06-18 11:58:00-04:00,208.97000122070312,208.97000122070312,209.02499389648438,208.8647003173828,208.89500427246094,400040
2026-06-18 12:00:00-04:00,209.00999450683594,209.00999450683594,209.18499755859375,208.97500610351562,208.97999572753906,367473
2026-06-18 12:02:00-04:00,209.1300048828125,209.1300048828125,209.19000244140625,208.97000122070312,209.0050048828125,301525
2026-06-18 12:04:00-04:00,209.5449981689453,209.5449981689453,209.55990600585938,209.10000610351562,209.13999938964844,453773
2026-06-18 12:06:00-04:00,209.3000946044922,209.3000946044922,209.6199951171875,209.2375030517578,209.54769897460938,422113
2026-06-18 12:08:00-04:00,209.20309448242188,209.20309448242188,209.43699645996094,209.14100646972656,209.30999755859375,229462
2026-06-18 12:10:00-04:00,209.25999450683594,209.25999450683594,209.38999938964844,209.07000732421875,209.1999969482422,282727
2026-06-18 12:12:00-04:00,209.22000122070312,209.22000122070312,209.3699951171875,209.16000366210938,209.27000427246094,242499
2026-06-18 12:14:00-04:00,209.25999450683594,209.25999450683594,209.35000610351562,209.13499450683594,209.24000549316406,1043107
2026-06-18 12:16:00-04:00,209.61000061035156,209.61000061035156,209.6300048828125,209.2100067138672,209.24000549316406,384739
2026-06-18 12:18:00-04:00,209.52999877929688,209.52999877929688,209.6300048828125,209.35000610351562,209.60499572753906,420199
2026-06-18 12:20:00-04:00,209.75990295410156,209.75990295410156,209.7899932861328,209.50010681152344,209.5399932861328,479575
2026-06-18 12:22:00-04:00,209.85000610351562,209.85000610351562,209.88999938964844,209.6699981689453,209.75990295410156,583331
2026-06-18 12:24:00-04:00,209.74000549316406,209.74000549316406,210.0500030517578,209.6999969482422,209.8300018310547,1361554
2026-06-18 12:26:00-04:00,209.8101043701172,209.8101043701172,209.9499969482422,209.6699981689453,209.75,776225
2026-06-18 12:28:00-04:00,209.98500061035156,209.98500061035156,210.11000061035156,209.77000427246094,209.80999755859375,673659
2026-06-18 12:30:00-04:00,210.34019470214844,210.34019470214844,210.36000061035156,209.9600067138672,209.98500061035156,681777
2026-06-18 12:32:00-04:00,210.47999572753906,210.47999572753906,210.5800018310547,210.27999877929688,210.36000061035156,1217095
2026-06-18 12:34:00-04:00,210.32989501953125,210.32989501953125,210.52999877929688,210.29010009765625,210.5019989013672,472379
2026-06-18 12:36:00-04:00,210.6199951171875,210.6199951171875,210.6999969482422,210.22999572753906,210.3000030517578,575452
2026-06-18 12:38:00-04:00,210.97000122070312,210.97000122070312,211.1999969482422,210.61500549316406,210.62989807128906,1141828
2026-06-18 12:40:00-04:00,210.7899932861328,210.7899932861328,211.00999450683594,210.70010375976562,210.97000122070312,686948
2026-06-18 12:42:00-04:00,210.71499633789062,210.71499633789062,210.7899932861328,210.5279998779297,210.7899932861328,522912
2026-06-18 12:44:00-04:00,210.67019653320312,210.67019653320312,210.90989685058594,210.64999389648438,210.71499633789062,353014
2026-06-18 12:46:00-04:00,210.64999389648438,210.64999389648438,210.74000549316406,210.5800018310547,210.6750030517578,303951
2026-06-18 12:48:00-04:00,210.55999755859375,210.55999755859375,210.72999572753906,210.53990173339844,210.63999938964844,278897
2026-06-18 12:50:00-04:00,210.2700958251953,210.2700958251953,210.5449981689453,210.2100067138672,210.5301055908203,409180
2026-06-18 12:52:00-04:00,210.15499877929688,210.15499877929688,210.2899932861328,210.07000732421875,210.27000427246094,422197
2026-06-18 12:54:00-04:00,210.19000244140625,210.19000244140625,210.27999877929688,210.05999755859375,210.14500427246094,1689256
2026-06-18 12:56:00-04:00,210.2050018310547,210.2050018310547,210.25999450683594,210.0500030517578,210.19000244140625,286365
2026-06-18 12:58:00-04:00,210.0800018310547,210.0800018310547,210.22999572753906,209.9499969482422,210.19000244140625,356733
2026-06-18 13:00:00-04:00,210.2100067138672,210.2100067138672,210.2198944091797,209.98989868164062,210.0850067138672,257139
2026-06-18 13:02:00-04:00,210.13999938964844,210.13999938964844,210.39999389648438,210.13999938964844,210.20010375976562,449635
2026-06-18 13:04:00-04:00,210.44000244140625,210.44000244140625,210.5,210.1300048828125,210.14950561523438,366185
2026-06-18 13:06:00-04:00,210.41000366210938,210.41000366210938,210.4777069091797,210.3300018310547,210.44000244140625,262203
2026-06-18 13:08:00-04:00,210.37989807128906,210.37989807128906,210.4600067138672,210.25999450683594,210.41920471191406,457853
2026-06-18 13:10:00-04:00,210.23500061035156,210.23500061035156,210.40499877929688,210.1999969482422,210.36000061035156,280576
2026-06-18 13:12:00-04:00,210.08009338378906,210.08009338378906,210.3000030517578,210.05999755859375,210.23500061035156,298553
2026-06-18 13:14:00-04:00,209.97999572753906,209.97999572753906,210.1199951171875,209.8800048828125,210.0800018310547,413550
2026-06-18 13:16:00-04:00,210.16009521484375,210.16009521484375,210.23989868164062,209.88009643554688,209.9700927734375,380933
2026-06-18 13:18:00-04:00,210.4600067138672,210.4600067138672,210.47500610351562,210.16000366210938,210.1750030517578,327104
2026-06-18 13:20:00-04:00,210.37350463867188,210.37350463867188,210.50999450683594,210.32000732421875,210.47000122070312,275851
2026-06-18 13:22:00-04:00,210.22000122070312,210.22000122070312,210.39959716796875,210.21499633789062,210.3800048828125,245472
2026-06-18 13:24:00-04:00,210.10000610351562,210.10000610351562,210.25,210.07000732421875,210.2100067138672,336479
2026-06-18 13:26:00-04:00,210.02999877929688,210.02999877929688,210.2100067138672,209.9600067138672,210.10000610351562,262936
2026-06-18 13:28:00-04:00,210.05999755859375,210.05999755859375,210.13999938964844,210.02000427246094,210.02999877929688,236093
2026-06-18 13:30:00-04:00,210.32000732421875,210.32000732421875,210.4470977783203,210.0399932861328,210.06500244140625,380117
2026-06-18 13:32:00-04:00,210.27999877929688,210.27999877929688,210.3350067138672,210.14999389648438,210.32000732421875,252454
2026-06-18 13:34:00-04:00,210.38999938964844,210.38999938964844,210.5,210.27000427246094,210.2805938720703,306463
2026-06-18 13:36:00-04:00,210.27000427246094,210.27000427246094,210.40989685058594,210.2541046142578,210.40989685058594,195076
2026-06-18 13:38:00-04:00,210.22999572753906,210.22999572753906,210.42250061035156,210.21499633789062,210.2700958251953,189284
2026-06-18 13:40:00-04:00,210.2899932861328,210.2899932861328,210.31509399414062,210.16000366210938,210.22999572753906,227607
2026-06-18 13:42:00-04:00,210.19500732421875,210.19500732421875,210.3699951171875,210.13999938964844,210.32000732421875,257732
2026-06-18 13:44:00-04:00,210.27999877929688,210.27999877929688,210.2899932861328,210.1300048828125,210.19500732421875,218406
2026-06-18 13:46:00-04:00,210.10000610351562,210.10000610351562,210.27999877929688,210.02000427246094,210.27999877929688,221883
2026-06-18 13:48:00-04:00,210.0399932861328,210.0399932861328,210.19500732421875,210.02000427246094,210.08999633789062,185353
2026-06-18 13:50:00-04:00,210.02999877929688,210.02999877929688,210.1199951171875,209.97999572753906,210.0500030517578,247591
2026-06-18 13:52:00-04:00,210.07000732421875,210.07000732421875,210.14999389648438,210.0050048828125,210.03500366210938,399440
2026-06-18 13:54:00-04:00,209.91229248046875,209.91229248046875,210.13999938964844,209.85000610351562,210.07989501953125,302699
2026-06-18 13:56:00-04:00,209.9405975341797,209.9405975341797,210.0,209.82000732421875,209.9199981689453,211877
2026-06-18 13:58:00-04:00,209.91009521484375,209.91009521484375,209.99000549316406,209.8300018310547,209.9499969482422,185084
2026-06-18 14:00:00-04:00,209.6999969482422,209.6999969482422,209.97000122070312,209.67999267578125,209.92999267578125,357922
2026-06-18 14:02:00-04:00,209.69500732421875,209.69500732421875,209.83999633789062,209.64999389648438,209.69500732421875,263567
2026-06-18 14:04:00-04:00,209.82000732421875,209.82000732421875,209.8800048828125,209.6300048828125,209.6999969482422,312891
2026-06-18 14:06:00-04:00,209.72999572753906,209.72999572753906,209.80499267578125,209.61000061035156,209.80499267578125,257113
2026-06-18 14:08:00-04:00,209.75999450683594,209.75999450683594,209.85000610351562,209.63999938964844,209.74000549316406,262602
2026-06-18 14:10:00-04:00,209.91000366210938,209.91000366210938,210.0399932861328,209.72999572753906,209.76499938964844,579902
2026-06-18 14:12:00-04:00,209.8249969482422,209.8249969482422,209.9799041748047,209.7899932861328,209.90899658203125,308470
2026-06-18 14:14:00-04:00,209.75979614257812,209.75979614257812,209.91000366210938,209.64999389648438,209.83999633789062,560094
2026-06-18 14:16:00-04:00,209.77000427246094,209.77000427246094,209.80990600585938,209.69000244140625,209.77000427246094,706783
2026-06-18 14:18:00-04:00,209.8513946533203,209.8513946533203,209.97999572753906,209.74009704589844,209.77000427246094,236583
2026-06-18 14:20:00-04:00,210.00999450683594,210.00999450683594,210.02000427246094,209.8000030517578,209.86000061035156,340820
2026-06-18 14:22:00-04:00,210.22999572753906,210.22999572753906,210.24000549316406,209.97999572753906,210.0,384690
2026-06-18 14:24:00-04:00,210.07000732421875,210.07000732421875,210.3300018310547,209.99000549316406,210.24000549316406,970032
2026-06-18 14:26:00-04:00,210.4429931640625,210.4429931640625,210.4499969482422,209.95010375976562,210.0780029296875,510928
2026-06-18 14:28:00-04:00,210.19500732421875,210.19500732421875,210.5399932861328,210.18499755859375,210.44000244140625,529620
2026-06-18 14:30:00-04:00,210.0500030517578,210.0500030517578,210.24009704589844,209.9199981689453,210.19000244140625,816401
2026-06-18 14:32:00-04:00,210.22000122070312,210.22000122070312,210.25,210.0500030517578,210.0572967529297,268525
2026-06-18 14:34:00-04:00,210.35000610351562,210.35000610351562,210.5,210.21499633789062,210.21499633789062,341458
2026-06-18 14:36:00-04:00,210.2899932861328,210.2899932861328,210.39500427246094,210.25,210.36000061035156,270323
2026-06-18 14:38:00-04:00,210.10499572753906,210.10499572753906,210.33999633789062,210.07000732421875,210.3000030517578,231369
2026-06-18 14:40:00-04:00,209.9600067138672,209.9600067138672,210.11000061035156,209.9199981689453,210.10499572753906,229566
2026-06-18 14:42:00-04:00,210.0500030517578,210.0500030517578,210.10000610351562,209.95150756835938,209.95150756835938,209083
2026-06-18 14:44:00-04:00,210.11000061035156,210.11000061035156,210.22999572753906,210.0500030517578,210.0500030517578,304512
2026-06-18 14:46:00-04:00,210.0500030517578,210.0500030517578,210.16000366210938,209.99000549316406,210.1199951171875,668603
2026-06-18 14:48:00-04:00,209.95989990234375,209.95989990234375,210.10000610351562,209.89999389648438,210.0399932861328,274319
2026-06-18 14:50:00-04:00,209.8350067138672,209.8350067138672,209.9600067138672,209.80999755859375,209.9550018310547,225614
2026-06-18 14:52:00-04:00,209.8699951171875,209.8699951171875,210.0050048828125,209.8350067138672,209.8350067138672,482265
2026-06-18 14:54:00-04:00,209.8300018310547,209.8300018310547,209.8800048828125,209.74000549316406,209.8800048828125,280750
2026-06-18 14:56:00-04:00,209.64010620117188,209.64010620117188,209.83999633789062,209.58009338378906,209.83560180664062,289267
2026-06-18 14:58:00-04:00,209.6999969482422,209.6999969482422,209.7779998779297,209.63499450683594,209.64920043945312,231289
2026-06-18 15:00:00-04:00,209.77999877929688,209.77999877929688,209.94630432128906,209.6999969482422,209.6999969482422,396819
2026-06-18 15:02:00-04:00,209.8249969482422,209.8249969482422,209.8800048828125,209.71499633789062,209.77999877929688,251334
2026-06-18 15:04:00-04:00,209.97000122070312,209.97000122070312,209.99000549316406,209.75999450683594,209.82000732421875,363743
2026-06-18 15:06:00-04:00,210.0800018310547,210.0800018310547,210.11000061035156,209.9499969482422,209.97000122070312,409347
2026-06-18 15:08:00-04:00,210.125,210.125,210.1999969482422,209.9600067138672,210.07000732421875,410992
2026-06-18 15:10:00-04:00,209.960205078125,209.960205078125,210.17999267578125,209.89999389648438,210.13999938964844,427302
2026-06-18 15:12:00-04:00,210.0399932861328,210.0399932861328,210.13999938964844,209.9550018310547,209.9600067138672,259057
2026-06-18 15:14:00-04:00,210.0,210.0,210.19500732421875,209.97000122070312,210.0399932861328,322366
2026-06-18 15:16:00-04:00,210.05999755859375,210.05999755859375,210.06280517578125,209.89999389648438,210.0,550285
2026-06-18 15:18:00-04:00,210.11000061035156,210.11000061035156,210.13009643554688,209.92999267578125,210.05999755859375,941175
2026-06-18 15:20:00-04:00,210.02999877929688,210.02999877929688,210.14999389648438,209.99000549316406,210.11000061035156,267244
2026-06-18 15:22:00-04:00,209.9949951171875,209.9949951171875,210.07989501953125,209.97500610351562,210.00999450683594,216658
2026-06-18 15:24:00-04:00,209.97000122070312,209.97000122070312,210.07000732421875,209.89999389648438,209.9949951171875,402793
2026-06-18 15:26:00-04:00,209.9149932861328,209.9149932861328,210.05999755859375,209.91000366210938,209.97000122070312,286425
2026-06-18 15:28:00-04:00,209.85499572753906,209.85499572753906,210.0399932861328,209.83999633789062,209.91000366210938,351769
2026-06-18 15:30:00-04:00,209.57000732421875,209.57000732421875,209.85000610351562,209.52000427246094,209.85000610351562,447251
2026-06-18 15:32:00-04:00,209.8802947998047,209.8802947998047,209.9199981689453,209.53500366210938,209.57000732421875,372169
2026-06-18 15:34:00-04:00,209.91000366210938,209.91000366210938,209.9149932861328,209.72000122070312,209.88499450683594,335485
2026-06-18 15:36:00-04:00,210.11500549316406,210.11500549316406,210.13999938964844,209.91000366210938,209.9199981689453,616998
2026-06-18 15:38:00-04:00,210.22000122070312,210.22000122070312,210.22000122070312,210.07000732421875,210.11500549316406,417924
2026-06-18 15:40:00-04:00,210.1999969482422,210.1999969482422,210.27000427246094,210.13999938964844,210.22000122070312,450060
2026-06-18 15:42:00-04:00,210.1699981689453,210.1699981689453,210.25,210.07000732421875,210.19000244140625,388006
2026-06-18 15:44:00-04:00,210.17999267578125,210.17999267578125,210.1999969482422,209.9600067138672,210.1699981689453,433519
2026-06-18 15:46:00-04:00,210.14999389648438,210.14999389648438,210.4199981689453,210.10000610351562,210.1750030517578,1773093
2026-06-18 15:48:00-04:00,210.1501007080078,210.1501007080078,210.5,209.92999267578125,210.15870666503906,882062
2026-06-18 15:50:00-04:00,211.09500122070312,211.09500122070312,211.38999938964844,210.08999633789062,210.16000366210938,1990828
2026-06-18 15:52:00-04:00,211.10499572753906,211.10499572753906,211.3699951171875,210.85000610351562,211.10000610351562,1293968
2026-06-18 15:54:00-04:00,211.02999877929688,211.02999877929688,211.27999877929688,210.61000061035156,211.11000061035156,1708260
2026-06-18 15:56:00-04:00,211.0,211.0,211.22000122070312,210.86000061035156,211.01499938964844,1460024
2026-06-18 15:58:00-04:00,210.22999572753906,210.22999572753906,211.0800018310547,210.2239990234375,210.99000549316406,3340369
2026-06-22 09:30:00-04:00,211.0933074951172,211.0933074951172,211.99000549316406,210.7899932861328,211.44500732421875,7131487
2026-06-22 09:32:00-04:00,213.1060028076172,213.1060028076172,213.14999389648438,210.9600067138672,211.11000061035156,1939183
2026-06-22 09:34:00-04:00,213.27999877929688,213.27999877929688,213.99000549316406,213.00100708007812,213.1199951171875,1774068
2026-06-22 09:36:00-04:00,213.34500122070312,213.34500122070312,213.63499450683594,213.16000366210938,213.2899932861328,1242771
2026-06-22 09:38:00-04:00,213.4199981689453,213.4199981689453,213.8498992919922,213.2209930419922,213.33999633789062,875777
2026-06-22 09:40:00-04:00,213.3300018310547,213.3300018310547,213.8636016845703,213.23500061035156,213.44000244140625,1178193
2026-06-22 09:42:00-04:00,212.3800048828125,212.3800048828125,213.3699951171875,211.91000366210938,213.36000061035156,1278199
2026-06-22 09:44:00-04:00,212.5,212.5,212.77000427246094,212.07000732421875,212.39999389648438,1074282
2026-06-22 09:46:00-04:00,212.69000244140625,212.69000244140625,213.0800018310547,211.60000610351562,212.50990295410156,1353640
2026-06-22 09:48:00-04:00,212.5500030517578,212.5500030517578,212.83909606933594,212.22000122070312,212.72999572753906,823824
2026-06-22 09:50:00-04:00,212.5800018310547,212.5800018310547,212.8800048828125,212.2899932861328,212.52000427246094,806219
2026-06-22 09:52:00-04:00,212.41000366210938,212.41000366210938,212.75,212.25,212.5800018310547,679668
2026-06-22 09:54:00-04:00,212.71009826660156,212.71009826660156,212.75,212.17999267578125,212.4149932861328,601217
2026-06-22 09:56:00-04:00,213.1199951171875,213.1199951171875,213.17999267578125,212.56019592285156,212.72500610351562,831647
2026-06-22 09:58:00-04:00,213.06500244140625,213.06500244140625,213.3300018310547,212.8699951171875,213.11500549316406,666739
2026-06-22 10:00:00-04:00,213.18130493164062,213.18130493164062,213.27999877929688,212.72000122070312,213.0800018310547,780690
2026-06-22 10:02:00-04:00,213.0,213.0,213.3699951171875,212.8300018310547,213.17999267578125,640186
2026-06-22 10:04:00-04:00,213.125,213.125,213.22300720214844,212.8249969482422,212.98800659179688,565787
2026-06-22 10:06:00-04:00,213.27499389648438,213.27499389648438,213.47000122070312,212.8300018310547,213.13499450683594,557783
2026-06-22 10:08:00-04:00,213.75010681152344,213.75010681152344,213.7550048828125,213.25999450683594,213.27999877929688,815960
2026-06-22 10:10:00-04:00,213.17999267578125,213.17999267578125,213.99000549316406,213.16510009765625,213.75059509277344,866056
2026-06-22 10:12:00-04:00,212.93499755859375,212.93499755859375,213.23989868164062,212.7100067138672,213.1750030517578,800758
2026-06-22 10:14:00-04:00,212.69500732421875,212.69500732421875,212.99000549316406,212.5800018310547,212.92999267578125,710569
2026-06-22 10:16:00-04:00,212.38999938964844,212.38999938964844,212.85000610351562,212.3699951171875,212.6999969482422,537503
2026-06-22 10:18:00-04:00,212.6999969482422,212.6999969482422,212.88999938964844,212.39999389648438,212.40499877929688,558765
2026-06-22 10:20:00-04:00,212.3000030517578,212.3000030517578,212.72999572753906,212.1717987060547,212.7100067138672,598384
2026-06-22 10:22:00-04:00,211.61000061035156,211.61000061035156,212.3300018310547,211.60499572753906,212.30999755859375,642309
2026-06-22 10:24:00-04:00,211.5399932861328,211.5399932861328,211.72500610351562,211.41920471191406,211.63900756835938,720302
2026-06-22 10:26:00-04:00,211.2899932861328,211.2899932861328,211.63999938964844,211.20010375976562,211.5399932861328,623941
2026-06-22 10:28:00-04:00,211.11000061035156,211.11000061035156,211.49879455566406,211.11000061035156,211.29080200195312,601285
2026-06-22 10:30:00-04:00,210.27999877929688,210.27999877929688,211.13999938964844,210.20010375976562,211.1199951171875,1262708
2026-06-22 10:32:00-04:00,209.9600067138672,209.9600067138672,210.3800048828125,209.80999755859375,210.3000030517578,952933
2026-06-22 10:34:00-04:00,210.4499053955078,210.4499053955078,210.4600067138672,209.8800048828125,209.9600067138672,773154
2026-06-22 10:36:00-04:00,209.9199981689453,209.9199981689453,210.4499969482422,209.6501007080078,210.44000244140625,702913
2026-06-22 10:38:00-04:00,209.75999450683594,209.75999450683594,209.9799041748047,209.60000610351562,209.91000366210938,648297
2026-06-22 10:40:00-04:00,209.5399932861328,209.5399932861328,209.8800048828125,209.4149932861328,209.76950073242188,696349
2026-06-22 10:42:00-04:00,209.37010192871094,209.37010192871094,209.5800018310547,209.35000610351562,209.52999877929688,586999
2026-06-22 10:44:00-04:00,209.49000549316406,209.49000549316406,209.8791046142578,209.2104949951172,209.3822021484375,670394
2026-06-22 10:46:00-04:00,209.42999267578125,209.42999267578125,209.77000427246094,209.33999633789062,209.49000549316406,580602
2026-06-22 10:48:00-04:00,209.46499633789062,209.46499633789062,209.69000244140625,209.27000427246094,209.4398956298828,456593
2026-06-22 10:50:00-04:00,209.30999755859375,209.30999755859375,209.74000549316406,209.3000030517578,209.47500610351562,564993
2026-06-22 10:52:00-04:00,209.41000366210938,209.41000366210938,209.58999633789062,209.16009521484375,209.33999633789062,513487
2026-06-22 10:54:00-04:00,208.77499389648438,208.77499389648438,209.43800354003906,208.6199951171875,209.41000366210938,1079018
2026-06-22 10:56:00-04:00,209.07000732421875,209.07000732421875,209.2449951171875,208.75999450683594,208.75999450683594,654281
2026-06-22 10:58:00-04:00,209.11000061035156,209.11000061035156,209.4199981689453,209.0500030517578,209.0800018310547,572349
2026-06-22 11:00:00-04:00,209.41000366210938,209.41000366210938,209.5500030517578,209.00999450683594,209.11000061035156,586521
2026-06-22 11:02:00-04:00,209.66009521484375,209.66009521484375,209.6699981689453,209.30499267578125,209.39010620117188,519780
2026-06-22 11:04:00-04:00,209.572998046875,209.572998046875,209.7698974609375,209.52000427246094,209.6699981689453,536399
2026-06-22 11:06:00-04:00,209.63999938964844,209.63999938964844,209.64999389648438,209.2899932861328,209.60000610351562,508691
2026-06-22 11:08:00-04:00,209.82000732421875,209.82000732421875,210.0,209.64999389648438,209.64999389648438,707046
2026-06-22 11:10:00-04:00,209.9801025390625,209.9801025390625,210.00999450683594,209.77000427246094,209.86000061035156,521087
2026-06-22 11:12:00-04:00,209.97500610351562,209.97500610351562,210.0800018310547,209.80999755859375,209.97999572753906,459852
2026-06-22 11:14:00-04:00,209.9600067138672,209.9600067138672,210.13999938964844,209.7100067138672,209.97000122070312,608131
2026-06-22 11:16:00-04:00,210.1300048828125,210.1300048828125,210.13999938964844,209.77999877929688,209.9600067138672,559939
2026-06-22 11:18:00-04:00,209.85000610351562,209.85000610351562,210.32000732421875,209.75,210.1300048828125,725003
2026-06-22 11:20:00-04:00,209.83999633789062,209.83999633789062,210.08999633789062,209.8000030517578,209.83999633789062,415989
2026-06-22 11:22:00-04:00,210.02000427246094,210.02000427246094,210.02999877929688,209.77000427246094,209.8350067138672,342828
2026-06-22 11:24:00-04:00,210.16990661621094,210.16990661621094,210.27999877929688,209.94000244140625,210.00999450683594,506466
2026-06-22 11:26:00-04:00,210.1999969482422,210.1999969482422,210.3800048828125,209.99000549316406,210.1613006591797,420580
2026-06-22 11:28:00-04:00,209.8300018310547,209.8300018310547,210.2100067138672,209.67999267578125,210.1999969482422,450904
2026-06-22 11:30:00-04:00,210.16009521484375,210.16009521484375,210.32000732421875,209.80999755859375,209.8300018310547,461925
2026-06-22 11:32:00-04:00,210.44760131835938,210.44760131835938,210.5399932861328,210.05999755859375,210.13999938964844,603637
2026-06-22 11:34:00-04:00,210.25999450683594,210.25999450683594,210.5196075439453,210.15499877929688,210.4600067138672,427211
2026-06-22 11:36:00-04:00,210.47500610351562,210.47500610351562,210.47500610351562,210.2100067138672,210.25999450683594,467608
2026-06-22 11:38:00-04:00,210.7100067138672,210.7100067138672,210.77000427246094,210.47970581054688,210.47970581054688,571861
2026-06-22 11:40:00-04:00,210.69009399414062,210.69009399414062,210.88999938964844,210.67999267578125,210.7198028564453,529484
2026-06-22 11:42:00-04:00,210.58999633789062,210.58999633789062,210.7899932861328,210.5500030517578,210.69000244140625,309267
2026-06-22 11:44:00-04:00,210.3800048828125,210.3800048828125,210.67999267578125,210.32000732421875,210.57000732421875,382481
2026-06-22 11:46:00-04:00,210.25,210.25,210.41000366210938,210.16009521484375,210.37989807128906,269905
2026-06-22 11:48:00-04:00,209.7799072265625,209.7799072265625,210.25,209.6699981689453,210.2281951904297,545430
2026-06-22 11:50:00-04:00,209.93499755859375,209.93499755859375,210.07119750976562,209.79660034179688,209.79660034179688,421380
2026-06-22 11:52:00-04:00,209.75999450683594,209.75999450683594,210.04989624023438,209.7550048828125,209.92999267578125,289391
2026-06-22 11:54:00-04:00,209.889892578125,209.889892578125,209.9499969482422,209.52999877929688,209.75999450683594,528024
2026-06-22 11:56:00-04:00,209.6699981689453,209.6699981689453,210.0,209.63999938964844,209.89999389648438,454817
2026-06-22 11:58:00-04:00,209.47999572753906,209.47999572753906,209.71499633789062,209.41000366210938,209.6699981689453,461064
2026-06-22 12:00:00-04:00,209.39999389648438,209.39999389648438,209.60000610351562,209.17059326171875,209.48500061035156,440288
2026-06-22 12:02:00-04:00,209.3000030517578,209.3000030517578,209.5198974609375,209.19039916992188,209.39999389648438,375752
2026-06-22 12:04:00-04:00,209.35000610351562,209.35000610351562,209.44000244140625,209.17999267578125,209.30999755859375,428878
2026-06-22 12:06:00-04:00,209.5,209.5,209.72999572753906,209.27999877929688,209.35000610351562,416307
2026-06-22 12:08:00-04:00,209.6199951171875,209.6199951171875,209.67999267578125,209.4300994873047,209.47900390625,375304
2026-06-22 12:10:00-04:00,209.60000610351562,209.60000610351562,209.8000030517578,209.32000732421875,209.58999633789062,570476
2026-06-22 12:12:00-04:00,209.67999267578125,209.67999267578125,209.7698974609375,209.5399932861328,209.60000610351562,228078
2026-06-22 12:14:00-04:00,209.59970092773438,209.59970092773438,209.72000122070312,209.5800018310547,209.69009399414062,248808
2026-06-22 12:16:00-04:00,209.5399932861328,209.5399932861328,209.6999969482422,209.49000549316406,209.58999633789062,229995
2026-06-22 12:18:00-04:00,209.72000122070312,209.72000122070312,209.72999572753906,209.38999938964844,209.5449981689453,238954
2026-06-22 12:20:00-04:00,209.60499572753906,209.60499572753906,209.9761962890625,209.59010314941406,209.71499633789062,502898
2026-06-22 12:22:00-04:00,209.49000549316406,209.49000549316406,209.610107421875,209.22999572753906,209.60000610351562,463147
2026-06-22 12:24:00-04:00,209.5800018310547,209.5800018310547,209.62989807128906,209.34010314941406,209.48399353027344,263413
2026-06-22 12:26:00-04:00,209.4600067138672,209.4600067138672,209.69000244140625,209.4499969482422,209.57400512695312,252871
2026-06-22 12:28:00-04:00,209.76499938964844,209.76499938964844,209.7899932861328,209.47000122070312,209.47000122070312,265265
2026-06-22 12:30:00-04:00,209.7100067138672,209.7100067138672,209.8000030517578,209.6300048828125,209.75999450683594,215069
2026-06-22 12:32:00-04:00,209.56500244140625,209.56500244140625,209.69500732421875,209.47000122070312,209.69500732421875,292342
2026-06-22 12:34:00-04:00,209.4600067138672,209.4600067138672,209.69000244140625,209.3800048828125,209.57000732421875,254020
2026-06-22 12:36:00-04:00,209.3701934814453,209.3701934814453,209.47000122070312,209.2899932861328,209.4499969482422,311498
2026-06-22 12:38:00-04:00,209.4199981689453,209.4199981689453,209.4600067138672,209.25,209.36410522460938,317513
2026-06-22 12:40:00-04:00,209.36000061035156,209.36000061035156,209.5050048828125,209.16000366210938,209.42999267578125,317721
2026-06-22 12:42:00-04:00,209.33999633789062,209.33999633789062,209.4600067138672,209.27999877929688,209.36990356445312,150013
2026-06-22 12:44:00-04:00,209.32760620117188,209.32760620117188,209.4799041748047,209.30999755859375,209.3394012451172,201868
2026-06-22 12:46:00-04:00,209.6696014404297,209.6696014404297,209.67999267578125,209.2100067138672,209.31500244140625,284259
2026-06-22 12:48:00-04:00,209.72500610351562,209.72500610351562,209.74000549316406,209.5399932861328,209.66000366210938,272331
2026-06-22 12:50:00-04:00,209.71310424804688,209.71310424804688,209.8800048828125,209.6999969482422,209.74000549316406,251691
2026-06-22 12:52:00-04:00,209.63999938964844,209.63999938964844,209.9199981689453,209.5,209.6999969482422,269196
2026-06-22 12:54:00-04:00,209.72970581054688,209.72970581054688,209.7924041748047,209.63999938964844,209.63999938964844,200853
2026-06-22 12:56:00-04:00,209.3090057373047,209.3090057373047,209.75,209.3000030517578,209.73989868164062,246476
2026-06-22 12:58:00-04:00,209.39999389648438,209.39999389648438,209.55999755859375,209.24000549316406,209.30999755859375,294529
2026-06-22 13:00:00-04:00,209.3300018310547,209.3300018310547,209.41000366210938,209.22000122070312,209.39999389648438,213091
2026-06-22 13:02:00-04:00,209.5189971923828,209.5189971923828,209.52999877929688,209.27499389648438,209.3300018310547,193481
2026-06-22 13:04:00-04:00,209.27000427246094,209.27000427246094,209.61000061035156,209.25999450683594,209.50999450683594,211429
2026-06-22 13:06:00-04:00,209.07000732421875,209.07000732421875,209.27999877929688,209.00999450683594,209.27000427246094,371309
2026-06-22 13:08:00-04:00,209.02000427246094,209.02000427246094,209.14999389648438,209.00999450683594,209.0637969970703,221610
2026-06-22 13:10:00-04:00,208.97000122070312,208.97000122070312,209.09500122070312,208.92999267578125,209.02000427246094,340245
2026-06-22 13:12:00-04:00,209.02999877929688,209.02999877929688,209.07000732421875,208.9499969482422,208.96009826660156,231706
2026-06-22 13:14:00-04:00,209.21499633789062,209.21499633789062,209.25999450683594,208.8800048828125,209.02999877929688,369917
2026-06-22 13:16:00-04:00,209.0749969482422,209.0749969482422,209.22000122070312,208.99000549316406,209.2100067138672,216315
2026-06-22 13:18:00-04:00,209.3000030517578,209.3000030517578,209.3699951171875,209.06500244140625,209.06500244140625,234189
2026-06-22 13:20:00-04:00,209.25990295410156,209.25990295410156,209.38499450683594,209.24000549316406,209.28500366210938,206274
2026-06-22 13:22:00-04:00,209.23500061035156,209.23500061035156,209.3000030517578,209.11000061035156,209.27000427246094,172026
2026-06-22 13:24:00-04:00,209.1300048828125,209.1300048828125,209.35000610351562,209.08999633789062,209.22999572753906,184710
2026-06-22 13:26:00-04:00,209.10000610351562,209.10000610351562,209.14999389648438,209.0,209.1199951171875,253730
2026-06-22 13:28:00-04:00,208.99000549316406,208.99000549316406,209.13999938964844,208.97999572753906,209.09500122070312,210095
2026-06-22 13:30:00-04:00,208.9470977783203,208.9470977783203,209.0399932861328,208.9199981689453,208.99200439453125,273085
2026-06-22 13:32:00-04:00,208.6999969482422,208.6999969482422,208.97999572753906,208.64999389648438,208.9499969482422,413495
2026-06-22 13:34:00-04:00,208.6688995361328,208.6688995361328,208.8300018310547,208.6300048828125,208.7100067138672,258111
2026-06-22 13:36:00-04:00,208.69009399414062,208.69009399414062,208.72500610351562,208.5399932861328,208.66000366210938,314824
2026-06-22 13:38:00-04:00,208.70970153808594,208.70970153808594,208.82000732421875,208.66000366210938,208.6999969482422,232335
2026-06-22 13:40:00-04:00,208.57000732421875,208.57000732421875,208.7899932861328,208.5399932861328,208.7100067138672,238078
2026-06-22 13:42:00-04:00,208.5800018310547,208.5800018310547,208.65499877929688,208.5,208.57220458984375,307816
2026-06-22 13:44:00-04:00,208.64959716796875,208.64959716796875,208.64959716796875,208.4499969482422,208.58009338378906,305846
2026-06-22 13:46:00-04:00,208.77499389648438,208.77499389648438,208.85000610351562,208.60150146484375,208.64999389648438,342333
2026-06-22 13:48:00-04:00,208.8350067138672,208.8350067138672,208.8699951171875,208.72999572753906,208.77499389648438,277165
2026-06-22 13:50:00-04:00,208.7050018310547,208.7050018310547,208.9199981689453,208.70089721679688,208.8350067138672,241431
2026-06-22 13:52:00-04:00,208.77000427246094,208.77000427246094,208.8300018310547,208.63999938964844,208.7050018310547,238918
2026-06-22 13:54:00-04:00,208.77000427246094,208.77000427246094,208.92999267578125,208.73500061035156,208.77000427246094,240589
2026-06-22 13:56:00-04:00,208.64500427246094,208.64500427246094,208.83999633789062,208.60000610351562,208.76010131835938,261562
2026-06-22 13:58:00-04:00,208.55499267578125,208.55499267578125,208.67999267578125,208.5500030517578,208.64500427246094,309380
2026-06-22 14:00:00-04:00,208.52000427246094,208.52000427246094,208.74000549316406,208.5,208.55999755859375,329394
2026-06-22 14:02:00-04:00,208.52499389648438,208.52499389648438,208.6300048828125,208.4600067138672,208.52000427246094,290849
2026-06-22 14:04:00-04:00,208.9600067138672,208.9600067138672,209.0,208.52499389648438,208.52499389648438,591544
2026-06-22 14:06:00-04:00,208.86000061035156,208.86000061035156,208.98989868164062,208.83999633789062,208.9600067138672,255772
2026-06-22 14:08:00-04:00,208.88499450683594,208.88499450683594,208.91900634765625,208.80499267578125,208.86000061035156,157174
2026-06-22 14:10:00-04:00,208.89999389648438,208.89999389648438,209.0,208.87930297851562,208.8800048828125,316906
2026-06-22 14:12:00-04:00,208.97500610351562,208.97500610351562,209.0,208.8300018310547,208.88999938964844,194674
2026-06-22 14:14:00-04:00,208.9949951171875,208.9949951171875,209.0800018310547,208.97000122070312,208.97149658203125,252532
2026-06-22 14:16:00-04:00,209.0749969482422,209.0749969482422,209.10000610351562,208.9949951171875,209.0,173516
2026-06-22 14:18:00-04:00,209.05499267578125,209.05499267578125,209.14500427246094,208.9949951171875,209.0740966796875,327085
2026-06-22 14:20:00-04:00,209.11000061035156,209.11000061035156,209.27000427246094,209.0207061767578,209.05999755859375,266131
2026-06-22 14:22:00-04:00,208.9600067138672,208.9600067138672,209.1199951171875,208.91000366210938,209.11199951171875,226435
2026-06-22 14:24:00-04:00,208.77999877929688,208.77999877929688,208.97000122070312,208.77000427246094,208.9499969482422,178397
2026-06-22 14:26:00-04:00,208.7227020263672,208.7227020263672,208.77999877929688,208.61000061035156,208.77999877929688,278875
2026-06-22 14:28:00-04:00,208.75,208.75,208.76499938964844,208.6011962890625,208.72999572753906,256680
2026-06-22 14:30:00-04:00,208.9550018310547,208.9550018310547,209.0,208.7550048828125,208.75999450683594,308753
2026-06-22 14:32:00-04:00,209.00010681152344,209.00010681152344,209.13499450683594,208.89500427246094,208.9499969482422,317736
2026-06-22 14:34:00-04:00,208.9674072265625,208.9674072265625,209.00999450683594,208.86000061035156,209.0050048828125,198289
2026-06-22 14:36:00-04:00,208.97000122070312,208.97000122070312,209.09500122070312,208.94000244140625,208.97000122070312,220845
2026-06-22 14:38:00-04:00,208.88999938964844,208.88999938964844,209.0756072998047,208.8800048828125,208.97000122070312,208871
2026-06-22 14:40:00-04:00,208.90499877929688,208.90499877929688,208.9199981689453,208.77000427246094,208.88999938964844,264038
2026-06-22 14:42:00-04:00,208.93499755859375,208.93499755859375,209.02999877929688,208.8441925048828,208.91000366210938,301430
2026-06-22 14:44:00-04:00,208.8291015625,208.8291015625,208.94000244140625,208.66000366210938,208.93499755859375,299207
2026-06-22 14:46:00-04:00,208.89999389648438,208.89999389648438,208.9149932861328,208.77999877929688,208.80999755859375,208509
2026-06-22 14:48:00-04:00,208.94500732421875,208.94500732421875,208.95989990234375,208.85000610351562,208.89999389648438,185658
2026-06-22 14:50:00-04:00,208.86000061035156,208.86000061035156,209.02000427246094,208.86000061035156,208.94500732421875,317204
2026-06-22 14:52:00-04:00,208.74000549316406,208.74000549316406,208.85000610351562,208.57000732421875,208.85000610351562,402196
2026-06-22 14:54:00-04:00,208.7100067138672,208.7100067138672,208.7949981689453,208.61810302734375,208.73500061035156,277270
2026-06-22 14:56:00-04:00,208.66000366210938,208.66000366210938,208.77000427246094,208.6199951171875,208.7100067138672,265104
2026-06-22 14:58:00-04:00,208.6199951171875,208.6199951171875,208.68919372558594,208.5500030517578,208.6649932861328,255815
2026-06-22 15:00:00-04:00,208.5449981689453,208.5449981689453,208.69000244140625,208.50999450683594,208.6300048828125,273689
2026-06-22 15:02:00-04:00,208.5800018310547,208.5800018310547,208.7100067138672,208.5399932861328,208.5449981689453,274324
2026-06-22 15:04:00-04:00,208.47000122070312,208.47000122070312,208.6300048828125,208.31500244140625,208.5850067138672,478216
2026-06-22 15:06:00-04:00,208.3699951171875,208.3699951171875,208.66000366210938,208.3300018310547,208.47999572753906,363176
2026-06-22 15:08:00-04:00,208.5399932861328,208.5399932861328,208.64999389648438,208.3000946044922,208.36500549316406,380464
2026-06-22 15:10:00-04:00,208.74000549316406,208.74000549316406,208.80999755859375,208.50999450683594,208.5500030517578,400673
2026-06-22 15:12:00-04:00,208.74000549316406,208.74000549316406,208.92999267578125,208.71119689941406,208.75,262303
2026-06-22 15:14:00-04:00,208.58999633789062,208.58999633789062,208.77999877929688,208.5500030517578,208.7449951171875,246371
2026-06-22 15:16:00-04:00,208.5749969482422,208.5749969482422,208.63999938964844,208.5,208.5850067138672,268158
2026-06-22 15:18:00-04:00,208.50999450683594,208.50999450683594,208.6300048828125,208.42010498046875,208.57000732421875,492177
2026-06-22 15:20:00-04:00,208.3249969482422,208.3249969482422,208.50970458984375,208.27999877929688,208.50970458984375,340538
2026-06-22 15:22:00-04:00,208.27999877929688,208.27999877929688,208.3699951171875,208.22000122070312,208.3249969482422,318450
2026-06-22 15:24:00-04:00,208.2050018310547,208.2050018310547,208.39999389648438,208.11000061035156,208.28500366210938,399705
2026-06-22 15:26:00-04:00,208.11129760742188,208.11129760742188,208.24000549316406,208.0500030517578,208.2032012939453,310487
2026-06-22 15:28:00-04:00,208.00999450683594,208.00999450683594,208.17999267578125,207.9499969482422,208.125,541780
2026-06-22 15:30:00-04:00,208.08009338378906,208.08009338378906,208.14999389648438,207.9949951171875,208.00010681152344,378190
2026-06-22 15:32:00-04:00,207.88999938964844,207.88999938964844,208.17999267578125,207.85000610351562,208.0850067138672,556288
2026-06-22 15:34:00-04:00,207.8300018310547,207.8300018310547,207.97999572753906,207.82000732421875,207.88999938964844,467517
2026-06-22 15:36:00-04:00,207.84500122070312,207.84500122070312,207.9550018310547,207.77999877929688,207.8249969482422,334838
2026-06-22 15:38:00-04:00,207.90499877929688,207.90499877929688,207.97000122070312,207.83999633789062,207.84500122070312,495691
2026-06-22 15:40:00-04:00,207.9199981689453,207.9199981689453,208.0500030517578,207.8699951171875,207.91000366210938,444104
2026-06-22 15:42:00-04:00,207.85499572753906,207.85499572753906,208.0290069580078,207.81500244140625,207.91000366210938,350181
2026-06-22 15:44:00-04:00,207.85009765625,207.85009765625,207.8699951171875,207.72999572753906,207.86000061035156,527534
2026-06-22 15:46:00-04:00,207.94000244140625,207.94000244140625,208.0399932861328,207.72000122070312,207.85499572753906,464591
2026-06-22 15:48:00-04:00,207.8000030517578,207.8000030517578,207.92999267578125,207.75999450683594,207.92999267578125,343725
2026-06-22 15:50:00-04:00,208.2899932861328,208.2899932861328,208.3000030517578,207.75,207.7899932861328,773945
2026-06-22 15:52:00-04:00,208.25999450683594,208.25999450683594,208.33999633789062,208.0850067138672,208.28500366210938,632921
2026-06-22 15:54:00-04:00,208.18499755859375,208.18499755859375,208.3800048828125,207.90499877929688,208.25999450683594,874885
2026-06-22 15:56:00-04:00,208.28500366210938,208.28500366210938,208.33999633789062,208.125,208.17999267578125,801751
2026-06-22 15:58:00-04:00,208.55999755859375,208.55999755859375,208.85000610351562,208.2301025390625,208.2899932861328,2592488
2026-06-23 09:30:00-04:00,200.89999389648438,200.89999389648438,201.11000061035156,200.3300018310547,200.80499267578125,10991470
2026-06-23 09:32:00-04:00,200.2449951171875,200.2449951171875,200.88999938964844,200.0399932861328,200.88690185546875,2468691
2026-06-23 09:34:00-04:00,201.97000122070312,201.97000122070312,202.1999969482422,200.0500030517578,200.25,2158099
2026-06-23 09:36:00-04:00,202.08999633789062,202.08999633789062,202.50929260253906,201.7100067138672,201.9600067138672,1657852
2026-06-23 09:38:00-04:00,202.0800018310547,202.0800018310547,202.3699951171875,201.82000732421875,202.1300048828125,1088236
2026-06-23 09:40:00-04:00,201.9600067138672,201.9600067138672,202.3647003173828,201.75,202.05999755859375,1203637
2026-06-23 09:42:00-04:00,201.73500061035156,201.73500061035156,202.31500244140625,201.63009643554688,201.96499633789062,1031399
2026-06-23 09:44:00-04:00,202.1300048828125,202.1300048828125,202.36000061035156,201.60060119628906,201.7100067138672,830209
2026-06-23 09:46:00-04:00,202.86000061035156,202.86000061035156,202.86720275878906,201.75,202.11500549316406,992064
2026-06-23 09:48:00-04:00,203.02000427246094,203.02000427246094,203.4499053955078,202.8000030517578,202.86000061035156,1238792
2026-06-23 09:50:00-04:00,203.3249969482422,203.3249969482422,203.38070678710938,202.85000610351562,203.02999877929688,812778
2026-06-23 09:52:00-04:00,203.52999877929688,203.52999877929688,203.77000427246094,203.23300170898438,203.32000732421875,842772
2026-06-23 09:54:00-04:00,203.3350067138672,203.3350067138672,203.6300048828125,203.14999389648438,203.55499267578125,831859
2026-06-23 09:56:00-04:00,203.08999633789062,203.08999633789062,203.44000244140625,202.843994140625,203.3809051513672,773699
2026-06-23 09:58:00-04:00,203.41000366210938,203.41000366210938,203.4886016845703,202.89999389648438,203.0749969482422,594910
2026-06-23 10:00:00-04:00,203.3350067138672,203.3350067138672,203.55999755859375,203.27000427246094,203.3800048828125,808200
2026-06-23 10:02:00-04:00,203.2100067138672,203.2100067138672,203.5800018310547,203.05999755859375,203.3249969482422,764812
2026-06-23 10:04:00-04:00,203.0850067138672,203.0850067138672,203.53500366210938,203.0800018310547,203.1999969482422,601827
2026-06-23 10:06:00-04:00,203.01109313964844,203.01109313964844,203.38999938964844,202.9499969482422,203.0850067138672,580146
2026-06-23 10:08:00-04:00,203.0850067138672,203.0850067138672,203.36500549316406,202.7899932861328,203.01499938964844,661832
2026-06-23 10:10:00-04:00,202.92149353027344,202.92149353027344,203.41000366210938,202.85000610351562,203.10000610351562,547101
2026-06-23 10:12:00-04:00,203.125,203.125,203.27000427246094,202.8300018310547,202.9199981689453,493810
2026-06-23 10:14:00-04:00,203.09500122070312,203.09500122070312,203.33999633789062,203.02999877929688,203.16000366210938,488541
2026-06-23 10:16:00-04:00,203.0399932861328,203.0399932861328,203.2899932861328,203.00999450683594,203.09500122070312,436677
2026-06-23 10:18:00-04:00,203.16000366210938,203.16000366210938,203.22999572753906,202.85000610351562,203.05999755859375,566868
2026-06-23 10:20:00-04:00,203.08999633789062,203.08999633789062,203.39999389648438,203.02999877929688,203.14999389648438,893503
2026-06-23 10:22:00-04:00,203.10000610351562,203.10000610351562,203.22000122070312,202.57000732421875,203.08050537109375,677722
2026-06-23 10:24:00-04:00,202.83999633789062,202.83999633789062,203.1199951171875,202.77000427246094,203.09500122070312,554706
2026-06-23 10:26:00-04:00,202.8000030517578,202.8000030517578,203.10000610351562,202.60000610351562,202.83999633789062,671307
2026-06-23 10:28:00-04:00,203.05999755859375,203.05999755859375,203.1416015625,202.6300048828125,202.80999755859375,519162
2026-06-23 10:30:00-04:00,202.85000610351562,202.85000610351562,203.22500610351562,202.77999877929688,203.09280395507812,461799
2026-06-23 10:32:00-04:00,202.89999389648438,202.89999389648438,203.0399932861328,202.66000366210938,202.86500549316406,439281
2026-06-23 10:34:00-04:00,202.88499450683594,202.88499450683594,203.02999877929688,202.64999389648438,202.91000366210938,459284
2026-06-23 10:36:00-04:00,203.27999877929688,203.27999877929688,203.4499969482422,202.86000061035156,202.89999389648438,533786
2026-06-23 10:38:00-04:00,202.8800048828125,202.8800048828125,203.27999877929688,202.8699951171875,203.2550048828125,380544
2026-06-23 10:40:00-04:00,202.8800048828125,202.8800048828125,203.0,202.6011962890625,202.92999267578125,535856
2026-06-23 10:42:00-04:00,202.96499633789062,202.96499633789062,203.2696990966797,202.75999450683594,202.86000061035156,498555
2026-06-23 10:44:00-04:00,202.68499755859375,202.68499755859375,203.07989501953125,202.63999938964844,202.97999572753906,486444
2026-06-23 10:46:00-04:00,202.55499267578125,202.55499267578125,202.86500549316406,202.4499969482422,202.69000244140625,496626
2026-06-23 10:48:00-04:00,202.7904052734375,202.7904052734375,202.88999938964844,202.55499267578125,202.55999755859375,516212
2026-06-23 10:50:00-04:00,202.80999755859375,202.80999755859375,202.9149932861328,202.460205078125,202.80999755859375,466158
2026-06-23 10:52:00-04:00,202.52000427246094,202.52000427246094,202.91409301757812,202.39999389648438,202.8000030517578,449610
2026-06-23 10:54:00-04:00,202.2550048828125,202.2550048828125,202.67999267578125,202.1199951171875,202.50999450683594,586742
2026-06-23 10:56:00-04:00,202.22500610351562,202.22500610351562,202.44000244140625,202.10000610351562,202.27000427246094,501552
2026-06-23 10:58:00-04:00,202.23500061035156,202.23500061035156,202.25,201.89999389648438,202.22500610351562,645624
2026-06-23 11:00:00-04:00,202.2301025390625,202.2301025390625,202.49000549316406,202.08999633789062,202.24000549316406,525382
2026-06-23 11:02:00-04:00,201.9199981689453,201.9199981689453,202.32000732421875,201.75999450683594,202.22999572753906,479176
2026-06-23 11:04:00-04:00,201.28509521484375,201.28509521484375,201.93499755859375,201.27000427246094,201.9250030517578,673496
2026-06-23 11:06:00-04:00,201.05499267578125,201.05499267578125,201.3300018310547,200.83999633789062,201.2801055908203,1005024
2026-06-23 11:08:00-04:00,200.80999755859375,200.80999755859375,201.15989685058594,200.72000122070312,201.0301055908203,880471
2026-06-23 11:10:00-04:00,200.8699951171875,200.8699951171875,200.92999267578125,200.66000366210938,200.82000732421875,621266
2026-06-23 11:12:00-04:00,200.97500610351562,200.97500610351562,201.1699981689453,200.80999755859375,200.875,700220
2026-06-23 11:14:00-04:00,201.10000610351562,201.10000610351562,201.1999969482422,200.94500732421875,200.98500061035156,524056
2026-06-23 11:16:00-04:00,200.8699951171875,200.8699951171875,201.1300048828125,200.8300018310547,201.11000061035156,583092
2026-06-23 11:18:00-04:00,200.75,200.75,200.94000244140625,200.67999267578125,200.88999938964844,618109
2026-06-23 11:20:00-04:00,200.6199951171875,200.6199951171875,200.89999389648438,200.61000061035156,200.72999572753906,563698
2026-06-23 11:22:00-04:00,200.6199951171875,200.6199951171875,200.72999572753906,200.52000427246094,200.639892578125,403458
2026-06-23 11:24:00-04:00,200.6699981689453,200.6699981689453,200.67999267578125,200.42999267578125,200.6199951171875,665511
2026-06-23 11:26:00-04:00,200.8000030517578,200.8000030517578,200.8800048828125,200.63009643554688,200.66990661621094,638672
2026-06-23 11:28:00-04:00,200.76499938964844,200.76499938964844,200.89990234375,200.61000061035156,200.80999755859375,408300
2026-06-23 11:30:00-04:00,201.25999450683594,201.25999450683594,201.3000030517578,200.6199951171875,200.75999450683594,524612
2026-06-23 11:32:00-04:00,201.23500061035156,201.23500061035156,201.3199005126953,201.07000732421875,201.25,428411
2026-06-23 11:34:00-04:00,201.38999938964844,201.38999938964844,201.39999389648438,201.15499877929688,201.23500061035156,445009
2026-06-23 11:36:00-04:00,201.24000549316406,201.24000549316406,201.47999572753906,201.17999267578125,201.3800048828125,470478
2026-06-23 11:38:00-04:00,201.0399932861328,201.0399932861328,201.3000030517578,200.86000061035156,201.22999572753906,360791
2026-06-23 11:40:00-04:00,201.3300018310547,201.3300018310547,201.33999633789062,200.91000366210938,201.05499267578125,488863
2026-06-23 11:42:00-04:00,201.36900329589844,201.36900329589844,201.4550018310547,201.2301025390625,201.33999633789062,393534
2026-06-23 11:44:00-04:00,201.33999633789062,201.33999633789062,201.47999572753906,201.27999877929688,201.36000061035156,382641
2026-06-23 11:46:00-04:00,201.27999877929688,201.27999877929688,201.38499450683594,201.2100067138672,201.35000610351562,335143
2026-06-23 11:48:00-04:00,201.39999389648438,201.39999389648438,201.49929809570312,201.24000549316406,201.27810668945312,353362
2026-06-23 11:50:00-04:00,201.77999877929688,201.77999877929688,201.79580688476562,201.33999633789062,201.39999389648438,561693
2026-06-23 11:52:00-04:00,201.9600067138672,201.9600067138672,202.11000061035156,201.75759887695312,201.76010131835938,441631
2026-06-23 11:54:00-04:00,201.70989990234375,201.70989990234375,202.1300048828125,201.60000610351562,201.9550018310547,374575
2026-06-23 11:56:00-04:00,201.8300018310547,201.8300018310547,201.9799041748047,201.5,201.69000244140625,367084
2026-06-23 11:58:00-04:00,201.85000610351562,201.85000610351562,201.92999267578125,201.72999572753906,201.8300018310547,254308
2026-06-23 12:00:00-04:00,202.2198944091797,202.2198944091797,202.30999755859375,201.8000030517578,201.8300018310547,406338
2026-06-23 12:02:00-04:00,202.4149932861328,202.4149932861328,202.42999267578125,202.19000244140625,202.2100067138672,338995
2026-06-23 12:04:00-04:00,202.47000122070312,202.47000122070312,202.61000061035156,202.25,202.41000366210938,327530
2026-06-23 12:06:00-04:00,202.1699981689453,202.1699981689453,202.4600067138672,202.14999389648438,202.4600067138672,369092
2026-06-23 12:08:00-04:00,202.46499633789062,202.46499633789062,202.5500030517578,202.16000366210938,202.16000366210938,333624
2026-06-23 12:10:00-04:00,202.8251953125,202.8251953125,202.8699951171875,202.4499969482422,202.46839904785156,386811
2026-06-23 12:12:00-04:00,202.7801055908203,202.7801055908203,202.96099853515625,202.77999877929688,202.82000732421875,479753
2026-06-23 12:14:00-04:00,202.7449951171875,202.7449951171875,202.9600067138672,202.7100067138672,202.7949981689453,352314
2026-06-23 12:16:00-04:00,202.47999572753906,202.47999572753906,202.8000030517578,202.4423065185547,202.75,373914
2026-06-23 12:18:00-04:00,202.44000244140625,202.44000244140625,202.72999572753906,202.41009521484375,202.47999572753906,326381
2026-06-23 12:20:00-04:00,202.2698974609375,202.2698974609375,202.4499969482422,202.05999755859375,202.4499969482422,1390831
2026-06-23 12:22:00-04:00,202.3699951171875,202.3699951171875,202.4199981689453,202.19000244140625,202.22999572753906,231753
2026-06-23 12:24:00-04:00,202.1479949951172,202.1479949951172,202.3699951171875,202.1199951171875,202.36500549316406,288646
2026-06-23 12:26:00-04:00,202.17999267578125,202.17999267578125,202.17999267578125,202.02000427246094,202.13999938964844,272271
2026-06-23 12:28:00-04:00,202.22999572753906,202.22999572753906,202.35009765625,202.16009521484375,202.17999267578125,230542
2026-06-23 12:30:00-04:00,202.22000122070312,202.22000122070312,202.30999755859375,202.0399932861328,202.24000549316406,263957
2026-06-23 12:32:00-04:00,202.11000061035156,202.11000061035156,202.22999572753906,202.0800018310547,202.22000122070312,876496
2026-06-23 12:34:00-04:00,201.97000122070312,201.97000122070312,202.13499450683594,201.9199981689453,202.08999633789062,295924
2026-06-23 12:36:00-04:00,202.1699981689453,202.1699981689453,202.22000122070312,201.94000244140625,201.96499633789062,244699
2026-06-23 12:38:00-04:00,202.2100067138672,202.2100067138672,202.25999450683594,202.11000061035156,202.1999053955078,197227
2026-06-23 12:40:00-04:00,202.42999267578125,202.42999267578125,202.47000122070312,202.1800994873047,202.2100067138672,293766
2026-06-23 12:42:00-04:00,202.2677001953125,202.2677001953125,202.4199981689453,202.25999450683594,202.41000366210938,210077
2026-06-23 12:44:00-04:00,202.41929626464844,202.41929626464844,202.5399932861328,202.27000427246094,202.27479553222656,356671
2026-06-23 12:46:00-04:00,202.13499450683594,202.13499450683594,202.4250030517578,202.08999633789062,202.4199981689453,253226
2026-06-23 12:48:00-04:00,202.23500061035156,202.23500061035156,202.26499938964844,202.08999633789062,202.14999389648438,189750
2026-06-23 12:50:00-04:00,202.0198974609375,202.0198974609375,202.23500061035156,201.9300994873047,202.22999572753906,257646
2026-06-23 12:52:00-04:00,202.10000610351562,202.10000610351562,202.1699981689453,201.97999572753906,202.00999450683594,189293
2026-06-23 12:54:00-04:00,202.0399932861328,202.0399932861328,202.2086944580078,202.00999450683594,202.11000061035156,175895
2026-06-23 12:56:00-04:00,202.0399932861328,202.0399932861328,202.17990112304688,201.9600067138672,202.0399932861328,188967
2026-06-23 12:58:00-04:00,202.30999755859375,202.30999755859375,202.44000244140625,202.00999450683594,202.05999755859375,284632
2026-06-23 13:00:00-04:00,202.19000244140625,202.19000244140625,202.33990478515625,202.12989807128906,202.32000732421875,274200
2026-06-23 13:02:00-04:00,201.99989318847656,201.99989318847656,202.23500061035156,201.97000122070312,202.1699981689453,323748
2026-06-23 13:04:00-04:00,201.88999938964844,201.88999938964844,202.08999633789062,201.86000061035156,202.0,257825
2026-06-23 13:06:00-04:00,201.83999633789062,201.83999633789062,201.92999267578125,201.75,201.8800048828125,284141
2026-06-23 13:08:00-04:00,201.9949951171875,201.9949951171875,202.01600646972656,201.77999877929688,201.83999633789062,247799
2026-06-23 13:10:00-04:00,202.3300018310547,202.3300018310547,202.36000061035156,201.97000122070312,201.98500061035156,302388
2026-06-23 13:12:00-04:00,202.26840209960938,202.26840209960938,202.41000366210938,202.22000122070312,202.33859252929688,184509
2026-06-23 13:14:00-04:00,202.2100067138672,202.2100067138672,202.31500244140625,202.1295928955078,202.25,258268
2026-06-23 13:16:00-04:00,202.00999450683594,202.00999450683594,202.27999877929688,201.9499969482422,202.2100067138672,303594
2026-06-23 13:18:00-04:00,202.25,202.25,202.25999450683594,202.02000427246094,202.02000427246094,203988
2026-06-23 13:20:00-04:00,202.58999633789062,202.58999633789062,202.65550231933594,202.21009826660156,202.25,336105
2026-06-23 13:22:00-04:00,202.63999938964844,202.63999938964844,202.69720458984375,202.52999877929688,202.60000610351562,242119
2026-06-23 13:24:00-04:00,202.6300048828125,202.6300048828125,202.75,202.55999755859375,202.64999389648438,289225
2026-06-23 13:26:00-04:00,202.6199951171875,202.6199951171875,202.68690490722656,202.5500030517578,202.6300048828125,177977
2026-06-23 13:28:00-04:00,202.50999450683594,202.50999450683594,202.8000030517578,202.4600067138672,202.6300048828125,310289
2026-06-23 13:30:00-04:00,202.3699951171875,202.3699951171875,202.52499389648438,202.22000122070312,202.5,237649
2026-06-23 13:32:00-04:00,202.4199981689453,202.4199981689453,202.5500030517578,202.36000061035156,202.3699951171875,221109
2026-06-23 13:34:00-04:00,202.60499572753906,202.60499572753906,202.6199951171875,202.27000427246094,202.42999267578125,210972
2026-06-23 13:36:00-04:00,202.41000366210938,202.41000366210938,202.61990356445312,202.32000732421875,202.61990356445312,231149
2026-06-23 13:38:00-04:00,202.26939392089844,202.26939392089844,202.4250030517578,202.2301025390625,202.40020751953125,188647
2026-06-23 13:40:00-04:00,202.14999389648438,202.14999389648438,202.2899932861328,202.08999633789062,202.22999572753906,227343
2026-06-23 13:42:00-04:00,202.19000244140625,202.19000244140625,202.29510498046875,202.07009887695312,202.13999938964844,259057
2026-06-23 13:44:00-04:00,202.20509338378906,202.20509338378906,202.3300018310547,202.13999938964844,202.19500732421875,188503
2026-06-23 13:46:00-04:00,202.139892578125,202.139892578125,202.27000427246094,202.07000732421875,202.2100067138672,188097
2026-06-23 13:48:00-04:00,202.16000366210938,202.16000366210938,202.27389526367188,202.0800018310547,202.13999938964844,229832
2026-06-23 13:50:00-04:00,202.0800018310547,202.0800018310547,202.18499755859375,202.02000427246094,202.1699981689453,203688
2026-06-23 13:52:00-04:00,201.92999267578125,201.92999267578125,202.10000610351562,201.9199981689453,202.06500244140625,251541
2026-06-23 13:54:00-04:00,201.75,201.75,201.9499969482422,201.61000061035156,201.92999267578125,281038
2026-06-23 13:56:00-04:00,201.7100067138672,201.7100067138672,201.7899932861328,201.6501007080078,201.75,235359
2026-06-23 13:58:00-04:00,201.610107421875,201.610107421875,201.77000427246094,201.61000061035156,201.72000122070312,199099
2026-06-23 14:00:00-04:00,201.99989318847656,201.99989318847656,202.00999450683594,201.55499267578125,201.6199951171875,460134
2026-06-23 14:02:00-04:00,201.83900451660156,201.83900451660156,202.0070037841797,201.75,201.99000549316406,256662
2026-06-23 14:04:00-04:00,201.72999572753906,201.72999572753906,201.84579467773438,201.64999389648438,201.8000030517578,262445
2026-06-23 14:06:00-04:00,201.4499969482422,201.4499969482422,202.0,201.44000244140625,201.72000122070312,464218
2026-06-23 14:08:00-04:00,201.63839721679688,201.63839721679688,201.66000366210938,201.4499969482422,201.4499969482422,273527
2026-06-23 14:10:00-04:00,201.6199951171875,201.6199951171875,201.74989318847656,201.60000610351562,201.63999938964844,225569
2026-06-23 14:12:00-04:00,201.6051025390625,201.6051025390625,201.7100067138672,201.5850067138672,201.6199951171875,235943
2026-06-23 14:14:00-04:00,201.7100067138672,201.7100067138672,201.8300018310547,201.61000061035156,201.6199951171875,342194
2026-06-23 14:16:00-04:00,201.53089904785156,201.53089904785156,201.8000030517578,201.47999572753906,201.7198944091797,262013
2026-06-23 14:18:00-04:00,201.6699981689453,201.6699981689453,201.6699981689453,201.4600067138672,201.53500366210938,271689
2026-06-23 14:20:00-04:00,201.60000610351562,201.60000610351562,201.6999969482422,201.5399932861328,201.6750030517578,258179
2026-06-23 14:22:00-04:00,201.75,201.75,201.75,201.57000732421875,201.5850067138672,303741
2026-06-23 14:24:00-04:00,201.57000732421875,201.57000732421875,201.74000549316406,201.5399932861328,201.74000549316406,185299
2026-06-23 14:26:00-04:00,201.5800018310547,201.5800018310547,201.64999389648438,201.52000427246094,201.55999755859375,235129
2026-06-23 14:28:00-04:00,201.65499877929688,201.65499877929688,201.75999450683594,201.5,201.55999755859375,344034
2026-06-23 14:30:00-04:00,201.55999755859375,201.55999755859375,201.64999389648438,201.5399932861328,201.64999389648438,182795
2026-06-23 14:32:00-04:00,201.41000366210938,201.41000366210938,201.5800018310547,201.32200622558594,201.5800018310547,315754
2026-06-23 14:34:00-04:00,201.36000061035156,201.36000061035156,201.47000122070312,201.33999633789062,201.41000366210938,238592
2026-06-23 14:36:00-04:00,201.28500366210938,201.28500366210938,201.41990661621094,201.25,201.33999633789062,291602
2026-06-23 14:38:00-04:00,201.2050018310547,201.2050018310547,201.3300018310547,201.18060302734375,201.2899932861328,277723
2026-06-23 14:40:00-04:00,201.02999877929688,201.02999877929688,201.2100067138672,200.9199981689453,201.2100067138672,659353
2026-06-23 14:42:00-04:00,200.77000427246094,200.77000427246094,201.03399658203125,200.71389770507812,201.02999877929688,445590
2026-06-23 14:44:00-04:00,200.63999938964844,200.63999938964844,200.8249969482422,200.5399932861328,200.75999450683594,407542
2026-06-23 14:46:00-04:00,200.50999450683594,200.50999450683594,200.77000427246094,200.49000549316406,200.63999938964844,559225
2026-06-23 14:48:00-04:00,200.7310028076172,200.7310028076172,200.75999450683594,200.5,200.5,355991
2026-06-23 14:50:00-04:00,200.76499938964844,200.76499938964844,200.97999572753906,200.7100067138672,200.74000549316406,503794
2026-06-23 14:52:00-04:00,200.36000061035156,200.36000061035156,200.80999755859375,200.32000732421875,200.77999877929688,551190
2026-06-23 14:54:00-04:00,200.47999572753906,200.47999572753906,200.60000610351562,200.3000030517578,200.3800048828125,419438
2026-06-23 14:56:00-04:00,200.5,200.5,200.5399932861328,200.33999633789062,200.47000122070312,400626
2026-06-23 14:58:00-04:00,200.6300048828125,200.6300048828125,200.67999267578125,200.4199981689453,200.50999450683594,380730
2026-06-23 15:00:00-04:00,200.9499969482422,200.9499969482422,201.02000427246094,200.51499938964844,200.6199951171875,477117
2026-06-23 15:02:00-04:00,201.02999877929688,201.02999877929688,201.7187042236328,200.83009338378906,200.9499969482422,415820
2026-06-23 15:04:00-04:00,201.3699951171875,201.3699951171875,201.42999267578125,200.97999572753906,201.02999877929688,488291
2026-06-23 15:06:00-04:00,200.9499969482422,200.9499969482422,201.38999938964844,200.8800048828125,201.38999938964844,449085
2026-06-23 15:08:00-04:00,200.89999389648438,200.89999389648438,200.97259521484375,200.74000549316406,200.9600067138672,419554
2026-06-23 15:10:00-04:00,200.9499969482422,200.9499969482422,201.5384979248047,200.7030029296875,200.89500427246094,450697
2026-06-23 15:12:00-04:00,200.86000061035156,200.86000061035156,201.07000732421875,200.80999755859375,200.9499969482422,340436
2026-06-23 15:14:00-04:00,200.97000122070312,200.97000122070312,201.05999755859375,200.85000610351562,200.85000610351562,406206
2026-06-23 15:16:00-04:00,200.94000244140625,200.94000244140625,201.1300048828125,200.9199981689453,201.0,326374
2026-06-23 15:18:00-04:00,200.88999938964844,200.88999938964844,201.00999450683594,200.8303985595703,200.94500732421875,368929
2026-06-23 15:20:00-04:00,200.9550018310547,200.9550018310547,201.02999877929688,200.6999969482422,200.88499450683594,452525
2026-06-23 15:22:00-04:00,201.36500549316406,201.36500549316406,201.4600067138672,200.9149932861328,200.9550018310547,488036
2026-06-23 15:24:00-04:00,201.24000549316406,201.24000549316406,201.35000610351562,201.0800018310547,201.3300018310547,384661
2026-06-23 15:26:00-04:00,201.14500427246094,201.14500427246094,201.4250030517578,201.13999938964844,201.22509765625,448249
2026-06-23 15:28:00-04:00,201.22500610351562,201.22500610351562,201.27999877929688,201.07000732421875,201.16000366210938,334009
2026-06-23 15:30:00-04:00,201.1699981689453,201.1699981689453,201.3394012451172,201.13999938964844,201.2100067138672,368147
2026-06-23 15:32:00-04:00,201.3699951171875,201.3699951171875,201.42999267578125,201.07009887695312,201.17999267578125,520288
2026-06-23 15:34:00-04:00,201.3800048828125,201.3800048828125,201.47000122070312,201.27999877929688,201.3699951171875,423357
2026-06-23 15:36:00-04:00,201.22000122070312,201.22000122070312,201.4199981689453,201.2100067138672,201.38999938964844,380254
2026-06-23 15:38:00-04:00,200.9550018310547,200.9550018310547,201.32000732421875,200.92999267578125,201.23719787597656,454526
2026-06-23 15:40:00-04:00,200.66000366210938,200.66000366210938,200.97999572753906,200.66000366210938,200.9550018310547,634177
2026-06-23 15:42:00-04:00,200.67990112304688,200.67990112304688,200.77000427246094,200.55999755859375,200.66990661621094,568976
2026-06-23 15:44:00-04:00,200.71090698242188,200.71090698242188,200.88999938964844,200.6199951171875,200.69000244140625,632189
2026-06-23 15:46:00-04:00,200.4499053955078,200.4499053955078,200.78529357910156,200.42999267578125,200.72000122070312,909730
2026-06-23 15:48:00-04:00,200.61500549316406,200.61500549316406,200.6300048828125,200.1699981689453,200.44000244140625,1092678
2026-06-23 15:50:00-04:00,200.9499969482422,200.9499969482422,201.0800018310547,200.60000610351562,200.61000061035156,1278417
2026-06-23 15:52:00-04:00,200.86000061035156,200.86000061035156,201.22000122070312,200.67999267578125,200.94000244140625,1096527
2026-06-23 15:54:00-04:00,200.30999755859375,200.30999755859375,201.1300048828125,200.22000122070312,200.85000610351562,1892682
2026-06-23 15:56:00-04:00,200.10989379882812,200.10989379882812,200.4199981689453,200.00999450683594,200.3000030517578,2061931
2026-06-23 15:58:00-04:00,200.02099609375,200.02099609375,200.47999572753906,200.0,200.11000061035156,4219010
2026-06-24 09:30:00-04:00,201.0500030517578,201.0500030517578,201.27999877929688,199.4199981689453,200.07000732421875,5713371
2026-06-24 09:32:00-04:00,201.03500366210938,201.03500366210938,201.64999389648438,200.9199981689453,201.00999450683594,1009378
2026-06-24 09:34:00-04:00,200.83279418945312,200.83279418945312,201.15499877929688,200.4499969482422,201.03500366210938,703413
2026-06-24 09:36:00-04:00,200.6649932861328,200.6649932861328,200.99000549316406,200.05999755859375,200.83999633789062,697254
2026-06-24 09:38:00-04:00,200.6699981689453,200.6699981689453,200.80999755859375,200.25999450683594,200.6699981689453,675793
2026-06-24 09:40:00-04:00,200.40789794921875,200.40789794921875,200.91000366210938,200.3708953857422,200.6616973876953,1052628
2026-06-24 09:42:00-04:00,200.58999633789062,200.58999633789062,200.7449951171875,200.1199951171875,200.41000366210938,784041
2026-06-24 09:44:00-04:00,200.77000427246094,200.77000427246094,200.99000549316406,200.52000427246094,200.61000061035156,783540
2026-06-24 09:46:00-04:00,200.375,200.375,201.21929931640625,200.25,200.7449951171875,1092980
2026-06-24 09:48:00-04:00,200.27000427246094,200.27000427246094,200.4499969482422,199.69000244140625,200.39999389648438,1228557
2026-06-24 09:50:00-04:00,200.75999450683594,200.75999450683594,200.94000244140625,200.25,200.2899932861328,709465
2026-06-24 09:52:00-04:00,200.92999267578125,200.92999267578125,200.93499755859375,200.61000061035156,200.75999450683594,530583
2026-06-24 09:54:00-04:00,200.66000366210938,200.66000366210938,201.07000732421875,200.2899932861328,200.92999267578125,730497
2026-06-24 09:56:00-04:00,200.49000549316406,200.49000549316406,200.83999633789062,200.2899932861328,200.66009521484375,601398
2026-06-24 09:58:00-04:00,200.2465057373047,200.2465057373047,200.6300048828125,200.24000549316406,200.46499633789062,427710
2026-06-24 10:00:00-04:00,200.17999267578125,200.17999267578125,200.57000732421875,200.05999755859375,200.25,585138
2026-06-24 10:02:00-04:00,199.94500732421875,199.94500732421875,200.3800048828125,199.85000610351562,200.14999389648438,643294
2026-06-24 10:04:00-04:00,200.23500061035156,200.23500061035156,200.4499969482422,199.72300720214844,199.94000244140625,673813
2026-06-24 10:06:00-04:00,199.70010375976562,199.70010375976562,200.39999389648438,199.6999969482422,200.25990295410156,536893
2026-06-24 10:08:00-04:00,199.35499572753906,199.35499572753906,199.75,199.1699981689453,199.7100067138672,949006
2026-06-24 10:10:00-04:00,199.38999938964844,199.38999938964844,199.85000610351562,199.0800018310547,199.35499572753906,781234
2026-06-24 10:12:00-04:00,199.3699951171875,199.3699951171875,199.47999572753906,199.0500030517578,199.38999938964844,827196
2026-06-24 10:14:00-04:00,199.3249969482422,199.3249969482422,199.83999633789062,199.30999755859375,199.35000610351562,818373
2026-06-24 10:16:00-04:00,199.20989990234375,199.20989990234375,199.50999450683594,199.1199951171875,199.30999755859375,593299
2026-06-24 10:18:00-04:00,198.98480224609375,198.98480224609375,199.5,198.84060668945312,199.2100067138672,1267454
2026-06-24 10:20:00-04:00,199.32000732421875,199.32000732421875,199.35989379882812,198.60000610351562,198.96499633789062,988672
2026-06-24 10:22:00-04:00,199.27000427246094,199.27000427246094,199.6199951171875,199.16000366210938,199.30999755859375,727858
2026-06-24 10:24:00-04:00,199.74000549316406,199.74000549316406,199.92999267578125,199.13009643554688,199.27499389648438,715255
2026-06-24 10:26:00-04:00,200.08419799804688,200.08419799804688,200.19000244140625,199.54010009765625,199.72439575195312,594911
2026-06-24 10:28:00-04:00,199.8699951171875,199.8699951171875,200.18930053710938,199.74000549316406,200.07020568847656,565142
2026-06-24 10:30:00-04:00,200.50999450683594,200.50999450683594,200.55999755859375,199.8699951171875,199.87989807128906,784341
2026-06-24 10:32:00-04:00,200.13999938964844,200.13999938964844,200.60000610351562,200.0449981689453,200.52000427246094,491844
2026-06-24 10:34:00-04:00,200.3699951171875,200.3699951171875,200.48989868164062,200.13999938964844,200.14999389648438,377604
2026-06-24 10:36:00-04:00,200.19900512695312,200.19900512695312,200.41000366210938,200.11000061035156,200.36000061035156,317399
2026-06-24 10:38:00-04:00,200.00999450683594,200.00999450683594,200.30499267578125,199.9199981689453,200.18499755859375,440384
2026-06-24 10:40:00-04:00,200.25,200.25,200.2899932861328,200.00999450683594,200.01499938964844,279333
2026-06-24 10:42:00-04:00,200.30499267578125,200.30499267578125,200.30999755859375,200.08999633789062,200.24899291992188,431643
2026-06-24 10:44:00-04:00,200.64990234375,200.64990234375,200.8300018310547,200.3000030517578,200.3000030517578,566339
2026-06-24 10:46:00-04:00,201.13009643554688,201.13009643554688,201.19000244140625,200.6300048828125,200.63999938964844,687350
2026-06-24 10:48:00-04:00,200.97999572753906,200.97999572753906,201.29600524902344,200.89999389648438,201.13999938964844,619547
2026-06-24 10:50:00-04:00,201.10000610351562,201.10000610351562,201.25,201.0,201.0,364240
2026-06-24 10:52:00-04:00,201.14500427246094,201.14500427246094,201.26499938964844,201.0500030517578,201.11500549316406,453099
2026-06-24 10:54:00-04:00,200.72140502929688,200.72140502929688,201.14999389648438,200.63999938964844,201.13999938964844,471808
2026-06-24 10:56:00-04:00,200.9499969482422,200.9499969482422,200.97000122070312,200.55999755859375,200.72999572753906,393575
2026-06-24 10:58:00-04:00,201.18499755859375,201.18499755859375,201.3000030517578,200.91000366210938,200.92999267578125,441933
2026-06-24 11:00:00-04:00,201.38999938964844,201.38999938964844,201.50999450683594,201.1649932861328,201.2100067138672,577589
2026-06-24 11:02:00-04:00,201.30499267578125,201.30499267578125,201.4499969482422,201.1199951171875,201.4001007080078,368274
2026-06-24 11:04:00-04:00,201.1999969482422,201.1999969482422,201.3780059814453,201.02999877929688,201.32000732421875,348239
2026-06-24 11:06:00-04:00,201.1300048828125,201.1300048828125,201.31350708007812,201.02999877929688,201.22999572753906,304627
2026-06-24 11:08:00-04:00,200.9499969482422,200.9499969482422,201.2899932861328,200.8000030517578,201.13499450683594,382568
2026-06-24 11:10:00-04:00,201.10000610351562,201.10000610351562,201.25,200.83999633789062,200.9600067138672,358790
2026-06-24 11:12:00-04:00,200.8699951171875,200.8699951171875,201.13999938964844,200.77000427246094,201.0850067138672,322432
2026-06-24 11:14:00-04:00,200.99000549316406,200.99000549316406,201.1999969482422,200.82000732421875,200.889892578125,308816
2026-06-24 11:16:00-04:00,201.27000427246094,201.27000427246094,201.35000610351562,200.85000610351562,200.99000549316406,349849
2026-06-24 11:18:00-04:00,201.0050048828125,201.0050048828125,201.29989624023438,200.83999633789062,201.2550048828125,365480
2026-06-24 11:20:00-04:00,200.75999450683594,200.75999450683594,201.11000061035156,200.72999572753906,201.02000427246094,272439
2026-06-24 11:22:00-04:00,200.8699951171875,200.8699951171875,200.9499969482422,200.6999969482422,200.77000427246094,291466
2026-06-24 11:24:00-04:00,200.39990234375,200.39990234375,200.9199981689453,200.33999633789062,200.8699951171875,468549
2026-06-24 11:26:00-04:00,200.80999755859375,200.80999755859375,200.8300018310547,200.39999389648438,200.41000366210938,335833
2026-06-24 11:28:00-04:00,200.91000366210938,200.91000366210938,200.9199981689453,200.63009643554688,200.8249969482422,274104
2026-06-24 11:30:00-04:00,200.83999633789062,200.83999633789062,201.17999267578125,200.8000030517578,200.90499877929688,325251
2026-06-24 11:32:00-04:00,200.65499877929688,200.65499877929688,200.92999267578125,200.60009765625,200.83999633789062,262565
2026-06-24 11:34:00-04:00,200.9134063720703,200.9134063720703,200.97000122070312,200.64010620117188,200.64010620117188,288326
2026-06-24 11:36:00-04:00,200.83999633789062,200.83999633789062,200.9499053955078,200.75999450683594,200.90499877929688,257324
2026-06-24 11:38:00-04:00,200.72999572753906,200.72999572753906,200.85989379882812,200.6107940673828,200.83999633789062,188334
2026-06-24 11:40:00-04:00,200.69500732421875,200.69500732421875,200.8197021484375,200.63499450683594,200.72999572753906,182491
2026-06-24 11:42:00-04:00,200.61000061035156,200.61000061035156,200.74000549316406,200.5,200.7100067138672,201959
2026-06-24 11:44:00-04:00,200.52000427246094,200.52000427246094,200.7899932861328,200.4600067138672,200.61990356445312,266846
2026-06-24 11:46:00-04:00,200.5301055908203,200.5301055908203,200.639892578125,200.41000366210938,200.5500030517578,232313
2026-06-24 11:48:00-04:00,200.88999938964844,200.88999938964844,200.94000244140625,200.52999877929688,200.52999877929688,285651
2026-06-24 11:50:00-04:00,201.08999633789062,201.08999633789062,201.11000061035156,200.87989807128906,200.89999389648438,391357
2026-06-24 11:52:00-04:00,201.1699981689453,201.1699981689453,201.25,200.91000366210938,201.08999633789062,265798
2026-06-24 11:54:00-04:00,201.05499267578125,201.05499267578125,201.1898956298828,200.97999572753906,201.17010498046875,465246
2026-06-24 11:56:00-04:00,200.9199981689453,200.9199981689453,201.0970001220703,200.84010314941406,201.0500030517578,182485
2026-06-24 11:58:00-04:00,200.7899932861328,200.7899932861328,200.93499755859375,200.6999969482422,200.93499755859375,218482
2026-06-24 12:00:00-04:00,200.80999755859375,200.80999755859375,201.00999450683594,200.69000244140625,200.77999877929688,221415
2026-06-24 12:02:00-04:00,200.75,200.75,200.91000366210938,200.6999969482422,200.78990173339844,177777
2026-06-24 12:04:00-04:00,200.75,200.75,200.86000061035156,200.6999969482422,200.78990173339844,156765
2026-06-24 12:06:00-04:00,200.810302734375,200.810302734375,200.8699951171875,200.52999877929688,200.75999450683594,225023
2026-06-24 12:08:00-04:00,200.67999267578125,200.67999267578125,200.91990661621094,200.61000061035156,200.80020141601562,210127
2026-06-24 12:10:00-04:00,200.8800048828125,200.8800048828125,201.00999450683594,200.5399932861328,200.66000366210938,272294
2026-06-24 12:12:00-04:00,200.83999633789062,200.83999633789062,200.88999938964844,200.72000122070312,200.8699951171875,224387
2026-06-24 12:14:00-04:00,200.9199981689453,200.9199981689453,201.02000427246094,200.82000732421875,200.85000610351562,209619
2026-06-24 12:16:00-04:00,200.8249969482422,200.8249969482422,200.92999267578125,200.75,200.91000366210938,238164
2026-06-24 12:18:00-04:00,200.7100067138672,200.7100067138672,200.875,200.64999389648438,200.8300018310547,205071
2026-06-24 12:20:00-04:00,200.64999389648438,200.64999389648438,200.75999450683594,200.60000610351562,200.70230102539062,317622
2026-06-24 12:22:00-04:00,200.88999938964844,200.88999938964844,200.91000366210938,200.58999633789062,200.64500427246094,262446
2026-06-24 12:24:00-04:00,200.6300048828125,200.6300048828125,200.9199981689453,200.6300048828125,200.88999938964844,243918
2026-06-24 12:26:00-04:00,200.6649932861328,200.6649932861328,200.75,200.60000610351562,200.6300048828125,178718
2026-06-24 12:28:00-04:00,200.73500061035156,200.73500061035156,200.8000030517578,200.64999389648438,200.64999389648438,168745
2026-06-24 12:30:00-04:00,200.42999267578125,200.42999267578125,200.74000549316406,200.38999938964844,200.74000549316406,279005
2026-06-24 12:32:00-04:00,200.36000061035156,200.36000061035156,200.47999572753906,200.26199340820312,200.4300994873047,273094
2026-06-24 12:34:00-04:00,200.38499450683594,200.38499450683594,200.47000122070312,200.27000427246094,200.3699951171875,246581
2026-06-24 12:36:00-04:00,199.99000549316406,199.99000549316406,200.42999267578125,199.92999267578125,200.38499450683594,581464
2026-06-24 12:38:00-04:00,199.77999877929688,199.77999877929688,200.10499572753906,199.75999450683594,199.99000549316406,521189
2026-06-24 12:40:00-04:00,199.82000732421875,199.82000732421875,199.88499450683594,199.5800018310547,199.77499389648438,747628
2026-06-24 12:42:00-04:00,199.5998992919922,199.5998992919922,199.8300018310547,199.50999450683594,199.82000732421875,516632
2026-06-24 12:44:00-04:00,199.50230407714844,199.50230407714844,199.72000122070312,199.4600067138672,199.58999633789062,554904
2026-06-24 12:46:00-04:00,199.39999389648438,199.39999389648438,199.57000732421875,199.3300018310547,199.52000427246094,643685
2026-06-24 12:48:00-04:00,199.47500610351562,199.47500610351562,199.6300048828125,199.38009643554688,199.39999389648438,388027
2026-06-24 12:50:00-04:00,199.69000244140625,199.69000244140625,199.82000732421875,199.4499969482422,199.4600067138672,342535
2026-06-24 12:52:00-04:00,199.41000366210938,199.41000366210938,199.77000427246094,199.39999389648438,199.72000122070312,312656
2026-06-24 12:54:00-04:00,199.3000030517578,199.3000030517578,199.47000122070312,199.1999969482422,199.4199981689453,326235
2026-06-24 12:56:00-04:00,199.3249969482422,199.3249969482422,199.4199981689453,199.1300048828125,199.31500244140625,291552
2026-06-24 12:58:00-04:00,199.25729370117188,199.25729370117188,199.39999389648438,199.16000366210938,199.3300018310547,310306
2026-06-24 13:00:00-04:00,199.32000732421875,199.32000732421875,199.3800048828125,199.1208953857422,199.24000549316406,405066
2026-06-24 13:02:00-04:00,199.52999877929688,199.52999877929688,199.5399932861328,199.22999572753906,199.35000610351562,415016
2026-06-24 13:04:00-04:00,199.41000366210938,199.41000366210938,199.5570068359375,199.41000366210938,199.5399932861328,303894
2026-06-24 13:06:00-04:00,198.89999389648438,198.89999389648438,199.4250030517578,198.7899932861328,199.4102020263672,688391
2026-06-24 13:08:00-04:00,198.875,198.875,199.0,198.63999938964844,198.89999389648438,525159
2026-06-24 13:10:00-04:00,198.9499969482422,198.9499969482422,199.1300048828125,198.7899932861328,198.875,381489
2026-06-24 13:12:00-04:00,198.86000061035156,198.86000061035156,199.1300048828125,198.76499938964844,198.9600067138672,334733
2026-06-24 13:14:00-04:00,198.9199981689453,198.9199981689453,199.02000427246094,198.8300018310547,198.85000610351562,260628
2026-06-24 13:16:00-04:00,198.5850067138672,198.5850067138672,198.94000244140625,198.4199981689453,198.92999267578125,543490
2026-06-24 13:18:00-04:00,198.4199981689453,198.4199981689453,198.5800018310547,198.3249969482422,198.57000732421875,501085
2026-06-24 13:20:00-04:00,198.25660705566406,198.25660705566406,198.42999267578125,198.11000061035156,198.40499877929688,522505
2026-06-24 13:22:00-04:00,198.27000427246094,198.27000427246094,198.57000732421875,198.25,198.25999450683594,426870
2026-06-24 13:24:00-04:00,198.27999877929688,198.27999877929688,198.36900329589844,198.0800018310547,198.2550048828125,358204
2026-06-24 13:26:00-04:00,198.14999389648438,198.14999389648438,198.37139892578125,198.13009643554688,198.30999755859375,267364
2026-06-24 13:28:00-04:00,197.9600067138672,197.9600067138672,198.1999969482422,197.86000061035156,198.1300048828125,879445
2026-06-24 13:30:00-04:00,197.72500610351562,197.72500610351562,198.19000244140625,197.66000366210938,197.97900390625,652425
2026-06-24 13:32:00-04:00,197.69000244140625,197.69000244140625,197.85000610351562,197.45889282226562,197.72500610351562,650125
2026-06-24 13:34:00-04:00,198.04989624023438,198.04989624023438,198.35000610351562,197.6842041015625,197.69000244140625,578225
2026-06-24 13:36:00-04:00,197.72999572753906,197.72999572753906,198.06219482421875,197.6199951171875,198.03030395507812,507607
2026-06-24 13:38:00-04:00,197.8000030517578,197.8000030517578,197.8699951171875,197.5200958251953,197.72999572753906,527592
2026-06-24 13:40:00-04:00,198.0189971923828,198.0189971923828,198.02000427246094,197.7200927734375,197.80999755859375,454573
2026-06-24 13:42:00-04:00,197.8300018310547,197.8300018310547,198.11000061035156,197.80999755859375,197.99000549316406,421142
2026-06-24 13:44:00-04:00,197.56300354003906,197.56300354003906,197.8699951171875,197.56300354003906,197.80999755859375,452677
2026-06-24 13:46:00-04:00,198.0399932861328,198.0399932861328,198.10499572753906,197.52000427246094,197.57000732421875,473448
2026-06-24 13:48:00-04:00,197.9635009765625,197.9635009765625,198.0800018310547,197.80999755859375,198.01600646972656,354015
2026-06-24 13:50:00-04:00,197.8800048828125,197.8800048828125,198.02999877929688,197.8000030517578,197.9600067138672,355967
2026-06-24 13:52:00-04:00,197.75999450683594,197.75999450683594,197.92999267578125,197.66000366210938,197.88499450683594,381981
2026-06-24 13:54:00-04:00,198.11000061035156,198.11000061035156,198.14999389648438,197.6699981689453,197.76499938964844,424800
2026-06-24 13:56:00-04:00,197.63499450683594,197.63499450683594,198.17990112304688,197.59300231933594,198.10499572753906,439570
2026-06-24 13:58:00-04:00,197.4600067138672,197.4600067138672,197.6300048828125,197.38999938964844,197.625,613275
2026-06-24 14:00:00-04:00,197.71240234375,197.71240234375,197.8699951171875,197.32989501953125,197.47000122070312,516423
2026-06-24 14:02:00-04:00,197.64999389648438,197.64999389648438,197.7449951171875,197.56019592285156,197.72999572753906,354734
2026-06-24 14:04:00-04:00,197.77000427246094,197.77000427246094,197.8800048828125,197.55999755859375,197.63999938964844,367467
2026-06-24 14:06:00-04:00,198.05499267578125,198.05499267578125,198.3000030517578,197.77999877929688,197.77999877929688,481780
2026-06-24 14:08:00-04:00,197.97000122070312,197.97000122070312,198.14999389648438,197.85000610351562,198.0500030517578,446002
2026-06-24 14:10:00-04:00,197.62989807128906,197.62989807128906,197.98989868164062,197.625,197.9550018310547,413177
2026-06-24 14:12:00-04:00,197.5,197.5,197.74000549316406,197.4949951171875,197.625,456093
2026-06-24 14:14:00-04:00,197.9499969482422,197.9499969482422,197.9600067138672,197.35009765625,197.5,575499
2026-06-24 14:16:00-04:00,198.22999572753906,198.22999572753906,198.25,197.8300018310547,197.94500732421875,450661
2026-06-24 14:18:00-04:00,198.30999755859375,198.30999755859375,198.39999389648438,198.02000427246094,198.24000549316406,472744
2026-06-24 14:20:00-04:00,198.11500549316406,198.11500549316406,198.3300018310547,198.03500366210938,198.32000732421875,302380
2026-06-24 14:22:00-04:00,198.375,198.375,198.3800048828125,198.10000610351562,198.1199951171875,301109
2026-06-24 14:24:00-04:00,198.58999633789062,198.58999633789062,198.77000427246094,198.32000732421875,198.3699951171875,524705
2026-06-24 14:26:00-04:00,198.42999267578125,198.42999267578125,198.6157989501953,198.38999938964844,198.60499572753906,406526
2026-06-24 14:28:00-04:00,198.57000732421875,198.57000732421875,198.6699981689453,198.375,198.42999267578125,304005
2026-06-24 14:30:00-04:00,198.5399932861328,198.5399932861328,198.72999572753906,198.47999572753906,198.5850067138672,371794
2026-06-24 14:32:00-04:00,198.2949981689453,198.2949981689453,198.57000732421875,198.22000122070312,198.52999877929688,407314
2026-06-24 14:34:00-04:00,198.16000366210938,198.16000366210938,198.47000122070312,198.05999755859375,198.2949981689453,373957
2026-06-24 14:36:00-04:00,198.1699981689453,198.1699981689453,198.3800048828125,198.08999633789062,198.16000366210938,305530
2026-06-24 14:38:00-04:00,198.0,198.0,198.2899932861328,197.97999572753906,198.16990661621094,340519
2026-06-24 14:40:00-04:00,197.8350067138672,197.8350067138672,198.10000610351562,197.6999969482422,197.9949951171875,396378
2026-06-24 14:42:00-04:00,197.7698974609375,197.7698974609375,197.9499969482422,197.72999572753906,197.8350067138672,354454
2026-06-24 14:44:00-04:00,197.85000610351562,197.85000610351562,197.9199981689453,197.70010375976562,197.75,345059
2026-06-24 14:46:00-04:00,197.58999633789062,197.58999633789062,197.89999389648438,197.57000732421875,197.84500122070312,340179
2026-06-24 14:48:00-04:00,197.24000549316406,197.24000549316406,197.6199951171875,197.11000061035156,197.58999633789062,676382
2026-06-24 14:50:00-04:00,197.1396942138672,197.1396942138672,197.33999633789062,197.0500030517578,197.25999450683594,485396
2026-06-24 14:52:00-04:00,197.23809814453125,197.23809814453125,197.32000732421875,197.09500122070312,197.11500549316406,460482
2026-06-24 14:54:00-04:00,197.49029541015625,197.49029541015625,197.5800018310547,197.22999572753906,197.22999572753906,543590
2026-06-24 14:56:00-04:00,197.42999267578125,197.42999267578125,197.77999877929688,197.41000366210938,197.50999450683594,464942
2026-06-24 14:58:00-04:00,197.2100067138672,197.2100067138672,197.42999267578125,197.0399932861328,197.42999267578125,506683
2026-06-24 15:00:00-04:00,197.03500366210938,197.03500366210938,197.30999755859375,197.00999450683594,197.2006072998047,574817
2026-06-24 15:02:00-04:00,197.64500427246094,197.64500427246094,197.72999572753906,197.02999877929688,197.03500366210938,471999
2026-06-24 15:04:00-04:00,197.31500244140625,197.31500244140625,197.7299041748047,197.25999450683594,197.65499877929688,392376
2026-06-24 15:06:00-04:00,196.8800048828125,196.8800048828125,197.3300018310547,196.7100067138672,197.3126983642578,979378
2026-06-24 15:08:00-04:00,196.8300018310547,196.8300018310547,197.0500030517578,196.77999877929688,196.89999389648438,522743
2026-06-24 15:10:00-04:00,196.66000366210938,196.66000366210938,196.9499969482422,196.63499450683594,196.80999755859375,616378
2026-06-24 15:12:00-04:00,196.64999389648438,196.64999389648438,196.8300018310547,196.5800018310547,196.6699981689453,502428
2026-06-24 15:14:00-04:00,196.9499969482422,196.9499969482422,197.0699005126953,196.64999389648438,196.64999389648438,615230
2026-06-24 15:16:00-04:00,196.97999572753906,196.97999572753906,197.02999877929688,196.8300018310547,196.94500732421875,393917
2026-06-24 15:18:00-04:00,197.00999450683594,197.00999450683594,197.19500732421875,196.91000366210938,196.99000549316406,461329
2026-06-24 15:20:00-04:00,196.9199981689453,196.9199981689453,197.07000732421875,196.83999633789062,197.01499938964844,481589
2026-06-24 15:22:00-04:00,197.14999389648438,197.14999389648438,197.2100067138672,196.83009338378906,196.9149932861328,650111
2026-06-24 15:24:00-04:00,197.6300048828125,197.6300048828125,197.69000244140625,197.05999755859375,197.14999389648438,559021
2026-06-24 15:26:00-04:00,197.72999572753906,197.72999572753906,198.00999450683594,197.5800018310547,197.6300048828125,687133
2026-06-24 15:28:00-04:00,197.74000549316406,197.74000549316406,197.8498992919922,197.60000610351562,197.72000122070312,666193
2026-06-24 15:30:00-04:00,197.61000061035156,197.61000061035156,197.97000122070312,197.57000732421875,197.74000549316406,641968
2026-06-24 15:32:00-04:00,197.39999389648438,197.39999389648438,197.6699981689453,197.38999938964844,197.60000610351562,563654
2026-06-24 15:34:00-04:00,197.35499572753906,197.35499572753906,197.53500366210938,197.2550048828125,197.42999267578125,2349662
2026-06-24 15:36:00-04:00,197.3800048828125,197.3800048828125,197.6199951171875,197.30059814453125,197.35000610351562,510294
2026-06-24 15:38:00-04:00,197.64999389648438,197.64999389648438,197.77999877929688,197.36000061035156,197.3800048828125,601408
2026-06-24 15:40:00-04:00,197.35000610351562,197.35000610351562,197.86000061035156,197.3249969482422,197.64999389648438,572596
2026-06-24 15:42:00-04:00,197.02999877929688,197.02999877929688,197.36000061035156,196.9600067138672,197.34500122070312,706572
2026-06-24 15:44:00-04:00,197.60000610351562,197.60000610351562,197.66000366210938,197.00999450683594,197.02999877929688,694959
2026-06-24 15:46:00-04:00,197.17999267578125,197.17999267578125,197.61500549316406,196.95010375976562,197.60000610351562,1197136
2026-06-24 15:48:00-04:00,197.30999755859375,197.30999755859375,197.4199981689453,197.1199951171875,197.17919921875,471525
2026-06-24 15:50:00-04:00,197.78500366210938,197.78500366210938,197.9199981689453,197.1199951171875,197.3000030517578,1305644
2026-06-24 15:52:00-04:00,198.16000366210938,198.16000366210938,198.1999969482422,197.74000549316406,197.78500366210938,849726
2026-06-24 15:54:00-04:00,198.53990173339844,198.53990173339844,198.55999755859375,197.67999267578125,198.1699981689453,1186837
2026-06-24 15:56:00-04:00,198.1125030517578,198.1125030517578,198.5449981689453,197.82989501953125,198.53500366210938,1218791
2026-06-24 15:58:00-04:00,199.08999633789062,199.08999633789062,199.22999572753906,198.05999755859375,198.1199951171875,3178267
2026-06-25 09:30:00-04:00,199.08999633789062,199.08999633789062,200.30999755859375,199.0800018310547,199.96499633789062,7525027
2026-06-25 09:32:00-04:00,199.22000122070312,199.22000122070312,199.69000244140625,198.4499969482422,199.10989379882812,1361032
2026-06-25 09:34:00-04:00,199.4199981689453,199.4199981689453,199.66700744628906,198.85000610351562,199.27200317382812,1209410
2026-06-25 09:36:00-04:00,198.8350067138672,198.8350067138672,199.6999969482422,198.82000732421875,199.38999938964844,1115897
2026-06-25 09:38:00-04:00,197.89990234375,197.89990234375,198.86500549316406,197.8800048828125,198.86500549316406,1371501
2026-06-25 09:40:00-04:00,197.07000732421875,197.07000732421875,198.07000732421875,197.0399932861328,197.89500427246094,1220503
2026-06-25 09:42:00-04:00,196.0050048828125,196.0050048828125,197.11000061035156,195.8800048828125,197.0800018310547,1998202
2026-06-25 09:44:00-04:00,195.52000427246094,195.52000427246094,196.4600067138672,195.3699951171875,196.02000427246094,1772070
2026-06-25 09:46:00-04:00,194.72999572753906,194.72999572753906,195.66000366210938,194.50999450683594,195.54580688476562,2438165
2026-06-25 09:48:00-04:00,194.56500244140625,194.56500244140625,194.88999938964844,193.8800048828125,194.75,1708420
2026-06-25 09:50:00-04:00,194.27000427246094,194.27000427246094,194.89999389648438,194.25,194.52000427246094,1226155
2026-06-25 09:52:00-04:00,193.6999969482422,193.6999969482422,194.4499969482422,193.6300048828125,194.3199005126953,1344235
2026-06-25 09:54:00-04:00,193.32000732421875,193.32000732421875,194.0,192.9499969482422,193.7050018310547,1799938
2026-06-25 09:56:00-04:00,193.42999267578125,193.42999267578125,193.72000122070312,193.11500549316406,193.32009887695312,1482123
2026-06-25 09:58:00-04:00,192.38499450683594,192.38499450683594,193.55999755859375,192.1300048828125,193.49000549316406,1736660
2026-06-25 10:00:00-04:00,193.57000732421875,193.57000732421875,193.8800048828125,192.3699951171875,192.38499450683594,1730319
2026-06-25 10:02:00-04:00,194.1199951171875,194.1199951171875,194.25,193.3800048828125,193.60000610351562,1515988
2026-06-25 10:04:00-04:00,194.5800018310547,194.5800018310547,194.67660522460938,193.85009765625,194.11000061035156,1541064
2026-06-25 10:06:00-04:00,194.71600341796875,194.71600341796875,194.82989501953125,194.44000244140625,194.57000732421875,1067384
2026-06-25 10:08:00-04:00,194.95440673828125,194.95440673828125,195.10000610351562,194.58009338378906,194.6510009765625,1171092
2026-06-25 10:10:00-04:00,195.7458038330078,195.7458038330078,195.89999389648438,194.9199981689453,194.97500610351562,1378098
2026-06-25 10:12:00-04:00,194.70640563964844,194.70640563964844,195.7606964111328,194.6699981689453,195.73939514160156,1121898
2026-06-25 10:14:00-04:00,194.14999389648438,194.14999389648438,194.82000732421875,194.13009643554688,194.6999969482422,915213
2026-06-25 10:16:00-04:00,193.89999389648438,193.89999389648438,194.27999877929688,193.6300048828125,194.16000366210938,966813
2026-06-25 10:18:00-04:00,194.5,194.5,194.52000427246094,193.63009643554688,193.8800048828125,1011123
2026-06-25 10:20:00-04:00,194.83999633789062,194.83999633789062,194.9199981689453,194.3699951171875,194.5,844285
2026-06-25 10:22:00-04:00,194.55999755859375,194.55999755859375,194.88999938964844,194.22999572753906,194.83999633789062,616945
2026-06-25 10:24:00-04:00,194.50999450683594,194.50999450683594,194.62989807128906,193.97000122070312,194.5800018310547,670099
2026-06-25 10:26:00-04:00,194.33450317382812,194.33450317382812,194.8000030517578,194.27499389648438,194.4949951171875,481625
2026-06-25 10:28:00-04:00,194.49000549316406,194.49000549316406,194.77000427246094,194.17999267578125,194.35000610351562,610486
2026-06-25 10:30:00-04:00,194.6999969482422,194.6999969482422,194.94000244140625,194.47999572753906,194.49009704589844,565465
2026-06-25 10:32:00-04:00,195.3249969482422,195.3249969482422,195.59500122070312,194.57260131835938,194.7100067138672,753824
2026-06-25 10:34:00-04:00,194.89999389648438,194.89999389648438,195.38999938964844,194.5800018310547,195.33990478515625,682635
2026-06-25 10:36:00-04:00,194.72000122070312,194.72000122070312,195.24989318847656,194.52000427246094,194.92999267578125,782737
2026-06-25 10:38:00-04:00,195.11000061035156,195.11000061035156,195.23570251464844,194.69500732421875,194.7100067138672,531363
2026-06-25 10:40:00-04:00,194.97000122070312,194.97000122070312,195.1999969482422,194.84010314941406,195.10499572753906,567169
2026-06-25 10:42:00-04:00,194.5749969482422,194.5749969482422,195.0,194.5399932861328,194.97500610351562,457686
2026-06-25 10:44:00-04:00,194.4199981689453,194.4199981689453,194.6999969482422,194.27000427246094,194.5800018310547,562305
2026-06-25 10:46:00-04:00,194.64999389648438,194.64999389648438,194.7449951171875,194.32000732421875,194.4149932861328,1706365
2026-06-25 10:48:00-04:00,195.10499572753906,195.10499572753906,195.1199951171875,194.5601043701172,194.64999389648438,546134
2026-06-25 10:50:00-04:00,195.7949981689453,195.7949981689453,195.88009643554688,194.91000366210938,195.06300354003906,599990
2026-06-25 10:52:00-04:00,196.07000732421875,196.07000732421875,196.1699981689453,195.77000427246094,195.7949981689453,630210
2026-06-25 10:54:00-04:00,196.3000030517578,196.3000030517578,196.4499053955078,195.99639892578125,196.05999755859375,809494
2026-06-25 10:56:00-04:00,195.39999389648438,195.39999389648438,196.30999755859375,195.32000732421875,196.3000030517578,863160
2026-06-25 10:58:00-04:00,195.46499633789062,195.46499633789062,195.6699981689453,195.2700958251953,195.4178009033203,662884
2026-06-25 11:00:00-04:00,195.80999755859375,195.80999755859375,195.9499969482422,195.33999633789062,195.48500061035156,520462
2026-06-25 11:02:00-04:00,196.07859802246094,196.07859802246094,196.16000366210938,195.63009643554688,195.82000732421875,666484
2026-06-25 11:04:00-04:00,196.2100067138672,196.2100067138672,196.67999267578125,196.02999877929688,196.05499267578125,739501
2026-06-25 11:06:00-04:00,195.91000366210938,195.91000366210938,196.3000030517578,195.67999267578125,196.2100067138672,679238
2026-06-25 11:08:00-04:00,196.05999755859375,196.05999755859375,196.1199951171875,195.67999267578125,195.92559814453125,664411
2026-06-25 11:10:00-04:00,195.72000122070312,195.72000122070312,196.1999969482422,195.4149932861328,196.0543975830078,603156
2026-06-25 11:12:00-04:00,195.47000122070312,195.47000122070312,195.8000030517578,195.2100067138672,195.71499633789062,519436
2026-06-25 11:14:00-04:00,195.08999633789062,195.08999633789062,195.64999389648438,195.0,195.5,515508
2026-06-25 11:16:00-04:00,195.36500549316406,195.36500549316406,195.41000366210938,194.77999877929688,195.10000610351562,591359
2026-06-25 11:18:00-04:00,195.2100067138672,195.2100067138672,195.39500427246094,195.07000732421875,195.32000732421875,588072
2026-06-25 11:20:00-04:00,195.21839904785156,195.21839904785156,195.27000427246094,194.77000427246094,195.2301025390625,664818
2026-06-25 11:22:00-04:00,195.6199951171875,195.6199951171875,195.75,195.11000061035156,195.1649932861328,345750
2026-06-25 11:24:00-04:00,195.31089782714844,195.31089782714844,195.77999877929688,195.30999755859375,195.61500549316406,458959
2026-06-25 11:26:00-04:00,195.360107421875,195.360107421875,195.50999450683594,195.0500030517578,195.3249969482422,277035
2026-06-25 11:28:00-04:00,195.1699981689453,195.1699981689453,195.4149932861328,195.02000427246094,195.3699951171875,287860
2026-06-25 11:30:00-04:00,195.43499755859375,195.43499755859375,195.52999877929688,195.12010192871094,195.17999267578125,307236
2026-06-25 11:32:00-04:00,195.65499877929688,195.65499877929688,195.6999969482422,195.39999389648438,195.4149932861328,420732
2026-06-25 11:34:00-04:00,195.54319763183594,195.54319763183594,195.6999969482422,195.3000946044922,195.64500427246094,330043
2026-06-25 11:36:00-04:00,195.6699981689453,195.6699981689453,195.88999938964844,195.52000427246094,195.54989624023438,318501
2026-06-25 11:38:00-04:00,195.39990234375,195.39990234375,195.73500061035156,195.35499572753906,195.6667022705078,285646
2026-06-25 11:40:00-04:00,195.44000244140625,195.44000244140625,195.5800018310547,195.24000549316406,195.375,591525
2026-06-25 11:42:00-04:00,195.6199951171875,195.6199951171875,195.72999572753906,195.35000610351562,195.4340057373047,234032
2026-06-25 11:44:00-04:00,196.06500244140625,196.06500244140625,196.16000366210938,195.61500549316406,195.6199951171875,488109
2026-06-25 11:46:00-04:00,196.177001953125,196.177001953125,196.38999938964844,196.0399932861328,196.06500244140625,413843
2026-06-25 11:48:00-04:00,195.80499267578125,195.80499267578125,196.17999267578125,195.72999572753906,196.16799926757812,343716
2026-06-25 11:50:00-04:00,195.75999450683594,195.75999450683594,195.9199981689453,195.63999938964844,195.7899932861328,323190
2026-06-25 11:52:00-04:00,195.7449951171875,195.7449951171875,195.85000610351562,195.5800018310547,195.74989318847656,406870
2026-06-25 11:54:00-04:00,195.9499969482422,195.9499969482422,196.02999877929688,195.72999572753906,195.72999572753906,347936
2026-06-25 11:56:00-04:00,195.89999389648438,195.89999389648438,196.1199951171875,195.89999389648438,195.9600067138672,386798
2026-06-25 11:58:00-04:00,195.61000061035156,195.61000061035156,195.9250030517578,195.60000610351562,195.89999389648438,392758
2026-06-25 12:00:00-04:00,195.82000732421875,195.82000732421875,196.0,195.55999755859375,195.6199951171875,311322
2026-06-25 12:02:00-04:00,195.77499389648438,195.77499389648438,195.83999633789062,195.66000366210938,195.82000732421875,224752
2026-06-25 12:04:00-04:00,195.94000244140625,195.94000244140625,196.08999633789062,195.75999450683594,195.77499389648438,1004127
2026-06-25 12:06:00-04:00,196.01010131835938,196.01010131835938,196.1999969482422,195.8300018310547,195.9199981689453,449128
2026-06-25 12:08:00-04:00,196.3300018310547,196.3300018310547,196.40899658203125,195.92999267578125,196.0500030517578,345263
2026-06-25 12:10:00-04:00,196.52000427246094,196.52000427246094,196.86990356445312,196.27720642089844,196.33999633789062,533644
2026-06-25 12:12:00-04:00,196.82000732421875,196.82000732421875,196.85000610351562,196.40499877929688,196.52499389648438,501674
2026-06-25 12:14:00-04:00,196.97000122070312,196.97000122070312,196.98500061035156,196.6999969482422,196.80999755859375,403653
2026-06-25 12:16:00-04:00,196.85499572753906,196.85499572753906,197.10000610351562,196.76010131835938,196.97999572753906,448401
2026-06-25 12:18:00-04:00,196.53500366210938,196.53500366210938,196.94000244140625,196.49000549316406,196.86959838867188,443225
2026-06-25 12:20:00-04:00,196.47500610351562,196.47500610351562,196.6199951171875,196.3300018310547,196.52999877929688,439623
2026-06-25 12:22:00-04:00,196.12359619140625,196.12359619140625,196.5500030517578,196.1199951171875,196.47500610351562,302617
2026-06-25 12:24:00-04:00,195.76499938964844,195.76499938964844,196.1999053955078,195.74000549316406,196.11000061035156,409878
2026-06-25 12:26:00-04:00,196.0,196.0,196.02999877929688,195.75,195.76499938964844,573690
2026-06-25 12:28:00-04:00,196.0,196.0,196.1199951171875,195.80999755859375,195.99000549316406,273450
2026-06-25 12:30:00-04:00,195.58999633789062,195.58999633789062,196.01499938964844,195.57000732421875,196.0,307694
2026-06-25 12:32:00-04:00,195.57130432128906,195.57130432128906,195.74000549316406,195.3000030517578,195.6199951171875,352815
2026-06-25 12:34:00-04:00,195.3800048828125,195.3800048828125,195.5850067138672,195.2100067138672,195.55999755859375,285749
2026-06-25 12:36:00-04:00,195.53030395507812,195.53030395507812,195.58999633789062,195.31500244140625,195.3699951171875,226551
2026-06-25 12:38:00-04:00,195.25999450683594,195.25999450683594,195.52499389648438,195.24000549316406,195.52000427246094,259983
2026-06-25 12:40:00-04:00,195.1649932861328,195.1649932861328,195.38999938964844,195.1199951171875,195.27000427246094,288428
2026-06-25 12:42:00-04:00,195.02000427246094,195.02000427246094,195.33999633789062,195.02000427246094,195.14999389648438,587662
2026-06-25 12:44:00-04:00,194.5399932861328,194.5399932861328,195.07000732421875,194.50999450683594,195.02000427246094,547209
2026-06-25 12:46:00-04:00,194.94000244140625,194.94000244140625,195.11000061035156,194.51499938964844,194.5500030517578,432743
2026-06-25 12:48:00-04:00,195.17999267578125,195.17999267578125,195.24000549316406,194.91000366210938,194.9199981689453,320193
2026-06-25 12:50:00-04:00,194.75,194.75,195.14999389648438,194.74000549316406,195.14999389648438,240327
2026-06-25 12:52:00-04:00,194.98500061035156,194.98500061035156,195.11000061035156,194.6199951171875,194.74000549316406,301805
2026-06-25 12:54:00-04:00,194.78990173339844,194.78990173339844,195.0800018310547,194.73500061035156,194.99000549316406,216505
2026-06-25 12:56:00-04:00,194.74000549316406,194.74000549316406,194.99000549316406,194.69500732421875,194.77999877929688,187703
2026-06-25 12:58:00-04:00,194.86500549316406,194.86500549316406,194.9499969482422,194.7100067138672,194.74000549316406,189639
2026-06-25 13:00:00-04:00,194.8699951171875,194.8699951171875,195.13999938964844,194.8350067138672,194.88999938964844,230315
2026-06-25 13:02:00-04:00,194.8000030517578,194.8000030517578,194.92999267578125,194.631103515625,194.8300018310547,234072
2026-06-25 13:04:00-04:00,194.68499755859375,194.68499755859375,194.84500122070312,194.58009338378906,194.81500244140625,208987
2026-06-25 13:06:00-04:00,194.7100067138672,194.7100067138672,194.72999572753906,194.5500030517578,194.6699981689453,252884
2026-06-25 13:08:00-04:00,194.7100067138672,194.7100067138672,194.8699951171875,194.63999938964844,194.71499633789062,209228
2026-06-25 13:10:00-04:00,195.1300048828125,195.1300048828125,195.1300048828125,194.7104034423828,194.71499633789062,328406
2026-06-25 13:12:00-04:00,195.2949981689453,195.2949981689453,195.35000610351562,194.9801025390625,195.13999938964844,304715
2026-06-25 13:14:00-04:00,195.5894012451172,195.5894012451172,195.66000366210938,195.19000244140625,195.2550048828125,307330
2026-06-25 13:16:00-04:00,195.6199951171875,195.6199951171875,195.72999572753906,195.4600067138672,195.55999755859375,250154
2026-06-25 13:18:00-04:00,194.99000549316406,194.99000549316406,195.62429809570312,194.97999572753906,195.62429809570312,290925
2026-06-25 13:20:00-04:00,195.15289306640625,195.15289306640625,195.23989868164062,194.80450439453125,195.0,276601
2026-06-25 13:22:00-04:00,195.15499877929688,195.15499877929688,195.22000122070312,195.02000427246094,195.15499877929688,386484
2026-06-25 13:24:00-04:00,195.26499938964844,195.26499938964844,195.32000732421875,195.1300048828125,195.15499877929688,234318
2026-06-25 13:26:00-04:00,195.5800018310547,195.5800018310547,195.58999633789062,195.25999450683594,195.26499938964844,257138
2026-06-25 13:28:00-04:00,195.39500427246094,195.39500427246094,195.5800018310547,195.33999633789062,195.5749969482422,256341
2026-06-25 13:30:00-04:00,195.3300018310547,195.3300018310547,195.5749969482422,195.3249969482422,195.39999389648438,282468
2026-06-25 13:32:00-04:00,195.27999877929688,195.27999877929688,195.41000366210938,195.16000366210938,195.3300018310547,193782
2026-06-25 13:34:00-04:00,195.44000244140625,195.44000244140625,195.49000549316406,195.1999969482422,195.27499389648438,166369
2026-06-25 13:36:00-04:00,195.44000244140625,195.44000244140625,195.6300048828125,195.41000366210938,195.42010498046875,306401
2026-06-25 13:38:00-04:00,195.5399932861328,195.5399932861328,195.57000732421875,195.4001007080078,195.44000244140625,151941
2026-06-25 13:40:00-04:00,195.52499389648438,195.52499389648438,195.67999267578125,195.49000549316406,195.55279541015625,253674
2026-06-25 13:42:00-04:00,195.1999969482422,195.1999969482422,195.52999877929688,195.1999969482422,195.5,223417
2026-06-25 13:44:00-04:00,194.77000427246094,194.77000427246094,195.2100067138672,194.77000427246094,195.2100067138672,426529
2026-06-25 13:46:00-04:00,194.6199951171875,194.6199951171875,194.88999938964844,194.53500366210938,194.76499938964844,362322
2026-06-25 13:48:00-04:00,194.5050048828125,194.5050048828125,194.6999969482422,194.3800048828125,194.61000061035156,790244
2026-06-25 13:50:00-04:00,194.61000061035156,194.61000061035156,194.69000244140625,194.41000366210938,194.5050048828125,348451
2026-06-25 13:52:00-04:00,194.72000122070312,194.72000122070312,194.77000427246094,194.5500030517578,194.61000061035156,326475
2026-06-25 13:54:00-04:00,194.67999267578125,194.67999267578125,194.7899932861328,194.5449981689453,194.72999572753906,269895
2026-06-25 13:56:00-04:00,194.6300048828125,194.6300048828125,194.77969360351562,194.44000244140625,194.6750030517578,1021562
2026-06-25 13:58:00-04:00,194.7899932861328,194.7899932861328,194.83999633789062,194.6199951171875,194.6300048828125,295620
2026-06-25 14:00:00-04:00,194.47999572753906,194.47999572753906,194.80599975585938,194.4199981689453,194.7899932861328,390480
2026-06-25 14:02:00-04:00,193.74000549316406,193.74000549316406,194.47999572753906,193.72999572753906,194.47000122070312,1064494
2026-06-25 14:04:00-04:00,194.0500030517578,194.0500030517578,194.11000061035156,193.72459411621094,193.75,401658
2026-06-25 14:06:00-04:00,194.3699951171875,194.3699951171875,194.4949951171875,194.02000427246094,194.05999755859375,460383
2026-06-25 14:08:00-04:00,194.50999450683594,194.50999450683594,194.5800018310547,194.3300018310547,194.3800048828125,335536
2026-06-25 14:10:00-04:00,194.67999267578125,194.67999267578125,194.6999969482422,194.39010620117188,194.50010681152344,246158
2026-06-25 14:12:00-04:00,194.22999572753906,194.22999572753906,194.8000030517578,194.17999267578125,194.6699981689453,321540
2026-06-25 14:14:00-04:00,194.3000030517578,194.3000030517578,194.3699951171875,194.1300048828125,194.23500061035156,206711
2026-06-25 14:16:00-04:00,194.639892578125,194.639892578125,194.6999969482422,194.32000732421875,194.32000732421875,300220
2026-06-25 14:18:00-04:00,195.0749969482422,195.0749969482422,195.19000244140625,194.53610229492188,194.6199951171875,493982
2026-06-25 14:20:00-04:00,194.9207000732422,194.9207000732422,195.25999450683594,194.8300018310547,195.07000732421875,292005
2026-06-25 14:22:00-04:00,195.0500030517578,195.0500030517578,195.0800018310547,194.8509979248047,194.92999267578125,339648
2026-06-25 14:24:00-04:00,195.30999755859375,195.30999755859375,195.3300018310547,195.00999450683594,195.0449981689453,299080
2026-06-25 14:26:00-04:00,195.4700927734375,195.4700927734375,195.47999572753906,195.24000549316406,195.30999755859375,286490
2026-06-25 14:28:00-04:00,195.75999450683594,195.75999450683594,195.84759521484375,195.4600067138672,195.47999572753906,374513
2026-06-25 14:30:00-04:00,195.52000427246094,195.52000427246094,195.77000427246094,195.42999267578125,195.77000427246094,472892
2026-06-25 14:32:00-04:00,195.1295928955078,195.1295928955078,195.57000732421875,195.05999755859375,195.53990173339844,326846
2026-06-25 14:34:00-04:00,194.97000122070312,194.97000122070312,195.1999969482422,194.77720642089844,195.1199951171875,284937
2026-06-25 14:36:00-04:00,195.08999633789062,195.08999633789062,195.10000610351562,194.92010498046875,194.97999572753906,230419
2026-06-25 14:38:00-04:00,195.09970092773438,195.09970092773438,195.16000366210938,194.94500732421875,195.08999633789062,213324
2026-06-25 14:40:00-04:00,194.8699951171875,194.8699951171875,195.10989379882812,194.80999755859375,195.0850067138672,273329
2026-06-25 14:42:00-04:00,195.16000366210938,195.16000366210938,195.16000366210938,194.80999755859375,194.889892578125,237620
2026-06-25 14:44:00-04:00,194.8000030517578,194.8000030517578,195.17999267578125,194.74000549316406,195.15499877929688,280900
2026-06-25 14:46:00-04:00,194.69000244140625,194.69000244140625,194.9199981689453,194.5,194.77999877929688,285262
2026-06-25 14:48:00-04:00,194.89999389648438,194.89999389648438,194.91000366210938,194.63999938964844,194.6999969482422,253042
2026-06-25 14:50:00-04:00,194.82000732421875,194.82000732421875,195.02999877929688,194.7899932861328,194.89999389648438,312915
2026-06-25 14:52:00-04:00,194.625,194.625,194.89999389648438,194.6199951171875,194.82000732421875,506376
2026-06-25 14:54:00-04:00,194.5399932861328,194.5399932861328,194.72000122070312,194.35000610351562,194.6300048828125,581107
2026-06-25 14:56:00-04:00,194.22999572753906,194.22999572753906,194.58990478515625,194.11000061035156,194.5399932861328,445668
2026-06-25 14:58:00-04:00,194.39999389648438,194.39999389648438,194.39999389648438,194.1699981689453,194.24000549316406,479676
2026-06-25 15:00:00-04:00,194.52999877929688,194.52999877929688,194.55990600585938,194.3249969482422,194.42999267578125,441021
2026-06-25 15:02:00-04:00,194.41000366210938,194.41000366210938,194.63999938964844,194.3000946044922,194.52499389648438,376398
2026-06-25 15:04:00-04:00,194.32000732421875,194.32000732421875,194.49000549316406,194.22000122070312,194.44000244140625,311171
2026-06-25 15:06:00-04:00,194.4499969482422,194.4499969482422,194.50999450683594,194.3000030517578,194.3302001953125,293094
2026-06-25 15:08:00-04:00,194.3000946044922,194.3000946044922,194.5,194.22999572753906,194.4499969482422,252954
2026-06-25 15:10:00-04:00,194.17999267578125,194.17999267578125,194.30999755859375,194.07000732421875,194.30999755859375,284287
2026-06-25 15:12:00-04:00,194.1999969482422,194.1999969482422,194.37010192871094,194.11000061035156,194.19000244140625,257312
2026-06-25 15:14:00-04:00,193.94009399414062,193.94009399414062,194.25,193.7904052734375,194.19000244140625,459168
2026-06-25 15:16:00-04:00,193.875,193.875,194.16000366210938,193.7032928466797,193.9600067138672,444903
2026-06-25 15:18:00-04:00,194.1199951171875,194.1199951171875,194.14999389648438,193.86000061035156,193.8699951171875,492008
2026-06-25 15:20:00-04:00,194.33999633789062,194.33999633789062,194.44000244140625,194.10000610351562,194.1300048828125,521917
2026-06-25 15:22:00-04:00,194.49000549316406,194.49000549316406,194.55499267578125,194.30999755859375,194.35499572753906,359602
2026-06-25 15:24:00-04:00,194.47000122070312,194.47000122070312,194.5800018310547,194.38999938964844,194.48500061035156,368102
2026-06-25 15:26:00-04:00,194.14999389648438,194.14999389648438,194.47999572753906,194.1300048828125,194.47000122070312,445474
2026-06-25 15:28:00-04:00,194.3800048828125,194.3800048828125,194.4199981689453,194.0106964111328,194.14999389648438,438523
2026-06-25 15:30:00-04:00,193.9949951171875,193.9949951171875,194.38479614257812,193.89990234375,194.3699951171875,547083
2026-06-25 15:32:00-04:00,194.1999969482422,194.1999969482422,194.22000122070312,193.99000549316406,193.99009704589844,323996
2026-06-25 15:34:00-04:00,194.27499389648438,194.27499389648438,194.47999572753906,194.19000244140625,194.19900512695312,543462
2026-06-25 15:36:00-04:00,194.08999633789062,194.08999633789062,194.39999389648438,193.91000366210938,194.27499389648438,471457
2026-06-25 15:38:00-04:00,194.27000427246094,194.27000427246094,194.28309631347656,193.9521942138672,194.0850067138672,400482
2026-06-25 15:40:00-04:00,194.52499389648438,194.52499389648438,194.57000732421875,194.22999572753906,194.27499389648438,1003118
2026-06-25 15:42:00-04:00,194.72999572753906,194.72999572753906,194.7899932861328,194.44500732421875,194.52499389648438,476039
2026-06-25 15:44:00-04:00,194.72000122070312,194.72000122070312,194.83999633789062,194.66000366210938,194.72999572753906,473290
2026-06-25 15:46:00-04:00,194.58999633789062,194.58999633789062,194.75,194.5399932861328,194.72000122070312,755035
2026-06-25 15:48:00-04:00,194.3000030517578,194.3000030517578,194.57000732421875,194.12109375,194.57000732421875,507577
2026-06-25 15:50:00-04:00,194.18499755859375,194.18499755859375,194.47999572753906,193.97999572753906,194.30999755859375,895604
2026-06-25 15:52:00-04:00,194.7100067138672,194.7100067138672,194.77999877929688,194.1750030517578,194.17999267578125,976689
2026-06-25 15:54:00-04:00,195.28500366210938,195.28500366210938,195.4149932861328,194.60499572753906,194.76499938964844,1432376
2026-06-25 15:56:00-04:00,195.41000366210938,195.41000366210938,195.59500122070312,195.1699981689453,195.27999877929688,1466641
2026-06-25 15:58:00-04:00,195.74000549316406,195.74000549316406,195.9600067138672,195.27999877929688,195.41000366210938,3375308
2026-06-26 09:30:00-04:00,191.82000732421875,191.82000732421875,193.5,191.64999389648438,193.10499572753906,7463103
2026-06-26 09:32:00-04:00,191.3155975341797,191.3155975341797,192.59019470214844,191.3000030517578,191.8300018310547,1536676
2026-06-26 09:34:00-04:00,192.48500061035156,192.48500061035156,192.52000427246094,191.22000122070312,191.32000732421875,1290132
2026-06-26 09:36:00-04:00,191.9801025390625,191.9801025390625,192.6699981689453,191.875,192.47000122070312,1080907
2026-06-26 09:38:00-04:00,192.64999389648438,192.64999389648438,192.7698974609375,191.64999389648438,191.97999572753906,1099864
2026-06-26 09:40:00-04:00,192.27999877929688,192.27999877929688,192.7899932861328,192.11000061035156,192.63499450683594,784057
2026-06-26 09:42:00-04:00,192.89500427246094,192.89500427246094,193.15499877929688,192.27000427246094,192.27000427246094,1004907
2026-06-26 09:44:00-04:00,192.3000030517578,192.3000030517578,193.2949981689453,192.27999877929688,192.89999389648438,751548
2026-06-26 09:46:00-04:00,192.74000549316406,192.74000549316406,193.03500366210938,192.25999450683594,192.34219360351562,743972
2026-06-26 09:48:00-04:00,192.80999755859375,192.80999755859375,193.24989318847656,192.6501007080078,192.74989318847656,658795
2026-06-26 09:50:00-04:00,193.57000732421875,193.57000732421875,193.8300018310547,192.77000427246094,192.80499267578125,817356
2026-06-26 09:52:00-04:00,193.22999572753906,193.22999572753906,193.66000366210938,192.9700927734375,193.55999755859375,707118
2026-06-26 09:54:00-04:00,193.25,193.25,193.52999877929688,193.0601043701172,193.22000122070312,556672
2026-06-26 09:56:00-04:00,193.64999389648438,193.64999389648438,194.05999755859375,193.1300048828125,193.25999450683594,857052
2026-06-26 09:58:00-04:00,193.55999755859375,193.55999755859375,193.82000732421875,193.30999755859375,193.58999633789062,867659
2026-06-26 10:00:00-04:00,193.96499633789062,193.96499633789062,194.25999450683594,193.3350067138672,193.5800018310547,797746
2026-06-26 10:02:00-04:00,193.8300018310547,193.8300018310547,194.0,193.5399932861328,193.92999267578125,713052
2026-06-26 10:04:00-04:00,193.85000610351562,193.85000610351562,194.0,193.58009338378906,193.82000732421875,597436
2026-06-26 10:06:00-04:00,193.73500061035156,193.73500061035156,194.2100067138672,193.69000244140625,193.88999938964844,559149
2026-06-26 10:08:00-04:00,193.83999633789062,193.83999633789062,193.97999572753906,193.64999389648438,193.73500061035156,445988
2026-06-26 10:10:00-04:00,193.5,193.5,193.9199981689453,193.3800048828125,193.8300018310547,664335
2026-06-26 10:12:00-04:00,193.9499969482422,193.9499969482422,194.22999572753906,193.42999267578125,193.5,585175
2026-06-26 10:14:00-04:00,193.77999877929688,193.77999877929688,194.02000427246094,193.61000061035156,193.9499969482422,426925
2026-06-26 10:16:00-04:00,193.38009643554688,193.38009643554688,194.0500030517578,193.27000427246094,193.8000030517578,656011
2026-06-26 10:18:00-04:00,193.5989990234375,193.5989990234375,193.89999389648438,193.36000061035156,193.41000366210938,422884
2026-06-26 10:20:00-04:00,194.17999267578125,194.17999267578125,194.52999877929688,193.58999633789062,193.59500122070312,698668
2026-06-26 10:22:00-04:00,194.08999633789062,194.08999633789062,194.36000061035156,193.85000610351562,194.1199951171875,558672
2026-06-26 10:24:00-04:00,194.3000030517578,194.3000030517578,194.34500122070312,193.8800048828125,194.07420349121094,551134
2026-06-26 10:26:00-04:00,194.10499572753906,194.10499572753906,194.30999755859375,193.77999877929688,194.30999755859375,587334
2026-06-26 10:28:00-04:00,193.72000122070312,193.72000122070312,194.14999389648438,193.55999755859375,194.10000610351562,476716
2026-06-26 10:30:00-04:00,193.44000244140625,193.44000244140625,193.7895050048828,193.42999267578125,193.73399353027344,494331
2026-06-26 10:32:00-04:00,193.55499267578125,193.55499267578125,193.6898956298828,193.07000732421875,193.42010498046875,513231
2026-06-26 10:34:00-04:00,193.5399932861328,193.5399932861328,193.92999267578125,193.5399932861328,193.5800018310547,462334
2026-06-26 10:36:00-04:00,193.17999267578125,193.17999267578125,193.61000061035156,193.14999389648438,193.5449981689453,498217
2026-06-26 10:38:00-04:00,193.0449981689453,193.0449981689453,193.33999633789062,193.0,193.17999267578125,650490
2026-06-26 10:40:00-04:00,193.02000427246094,193.02000427246094,193.18499755859375,192.64999389648438,193.0399932861328,731723
2026-06-26 10:42:00-04:00,193.11000061035156,193.11000061035156,193.52999877929688,192.97999572753906,192.97999572753906,631766
2026-06-26 10:44:00-04:00,192.75999450683594,192.75999450683594,193.18069458007812,192.74400329589844,193.1199951171875,544603
2026-06-26 10:46:00-04:00,193.1300048828125,193.1300048828125,193.19000244140625,192.6800994873047,192.75999450683594,454822
2026-06-26 10:48:00-04:00,193.14999389648438,193.14999389648438,193.49000549316406,193.0500030517578,193.13499450683594,583829
2026-06-26 10:50:00-04:00,193.375,193.375,193.58999633789062,193.08999633789062,193.16000366210938,447381
2026-06-26 10:52:00-04:00,193.03199768066406,193.03199768066406,193.41000366210938,193.02499389648438,193.3800048828125,389697
2026-06-26 10:54:00-04:00,193.13499450683594,193.13499450683594,193.41000366210938,193.0,193.02000427246094,343307
2026-06-26 10:56:00-04:00,193.24070739746094,193.24070739746094,193.52000427246094,193.02999877929688,193.13499450683594,403732
2026-06-26 10:58:00-04:00,193.09500122070312,193.09500122070312,193.3800048828125,193.08999633789062,193.2449951171875,327193
2026-06-26 11:00:00-04:00,193.41000366210938,193.41000366210938,193.4600067138672,193.10000610351562,193.10499572753906,445035
2026-06-26 11:02:00-04:00,193.57989501953125,193.57989501953125,193.60000610351562,193.25999450683594,193.39500427246094,425184
2026-06-26 11:04:00-04:00,193.08299255371094,193.08299255371094,193.58999633789062,193.06700134277344,193.57000732421875,415087
2026-06-26 11:06:00-04:00,193.05999755859375,193.05999755859375,193.13499450683594,192.88999938964844,193.09500122070312,491804
2026-06-26 11:08:00-04:00,193.2550048828125,193.2550048828125,193.33999633789062,192.94000244140625,193.0749969482422,351065
2026-06-26 11:10:00-04:00,192.9199981689453,192.9199981689453,193.31500244140625,192.83999633789062,193.23370361328125,396228
2026-06-26 11:12:00-04:00,192.7100067138672,192.7100067138672,192.94000244140625,192.7100067138672,192.92999267578125,523662
2026-06-26 11:14:00-04:00,192.63009643554688,192.63009643554688,192.8000030517578,192.48500061035156,192.72000122070312,775564
2026-06-26 11:16:00-04:00,193.10000610351562,193.10000610351562,193.22000122070312,192.5399932861328,192.625,653851
2026-06-26 11:18:00-04:00,193.1699981689453,193.1699981689453,193.3000030517578,192.9199981689453,193.10000610351562,424837
2026-06-26 11:20:00-04:00,193.13999938964844,193.13999938964844,193.3000030517578,193.02999877929688,193.1300048828125,457943
2026-06-26 11:22:00-04:00,193.3300018310547,193.3300018310547,193.39999389648438,193.0500030517578,193.13999938964844,446410
2026-06-26 11:24:00-04:00,193.393798828125,193.393798828125,193.42990112304688,193.16000366210938,193.3249969482422,369428
2026-06-26 11:26:00-04:00,193.22999572753906,193.22999572753906,193.4600067138672,193.22000122070312,193.39999389648438,484718
2026-06-26 11:28:00-04:00,193.6300048828125,193.6300048828125,193.66000366210938,193.22000122070312,193.23500061035156,430062
2026-06-26 11:30:00-04:00,194.00999450683594,194.00999450683594,194.07000732421875,193.60000610351562,193.63999938964844,579606
2026-06-26 11:32:00-04:00,193.75999450683594,193.75999450683594,194.02000427246094,193.63999938964844,194.01010131835938,353579
2026-06-26 11:34:00-04:00,194.02499389648438,194.02499389648438,194.0399932861328,193.76499938964844,193.77000427246094,326922
2026-06-26 11:36:00-04:00,194.96719360351562,194.96719360351562,195.05999755859375,193.99749755859375,194.02000427246094,1049061
2026-06-26 11:38:00-04:00,195.08990478515625,195.08990478515625,195.17999267578125,194.82000732421875,194.9199981689453,557431
2026-06-26 11:40:00-04:00,194.87130737304688,194.87130737304688,195.19000244140625,194.74000549316406,195.0789031982422,611641
2026-06-26 11:42:00-04:00,195.1291046142578,195.1291046142578,195.25,194.87010192871094,194.8800048828125,466750
2026-06-26 11:44:00-04:00,194.94000244140625,194.94000244140625,195.24000549316406,194.89999389648438,195.1199951171875,451240
2026-06-26 11:46:00-04:00,194.8300018310547,194.8300018310547,195.08999633789062,194.66000366210938,194.9550018310547,432497
2026-06-26 11:48:00-04:00,194.73500061035156,194.73500061035156,194.9499969482422,194.73500061035156,194.8209991455078,313148
2026-06-26 11:50:00-04:00,194.30999755859375,194.30999755859375,194.99000549316406,194.17999267578125,194.74000549316406,842516
2026-06-26 11:52:00-04:00,194.08200073242188,194.08200073242188,194.5500030517578,194.07000732421875,194.33999633789062,641781
2026-06-26 11:54:00-04:00,194.2949981689453,194.2949981689453,194.32000732421875,193.8000030517578,194.08999633789062,695000
2026-06-26 11:56:00-04:00,194.61500549316406,194.61500549316406,194.69000244140625,194.2899932861328,194.2899932861328,395042
2026-06-26 11:58:00-04:00,194.35899353027344,194.35899353027344,194.6280975341797,194.30999755859375,194.6280975341797,461126
2026-06-26 12:00:00-04:00,194.17999267578125,194.17999267578125,194.39199829101562,194.1699981689453,194.36000061035156,474419
2026-06-26 12:02:00-04:00,194.05999755859375,194.05999755859375,194.25,193.97999572753906,194.19500732421875,414034
2026-06-26 12:04:00-04:00,194.0399932861328,194.0399932861328,194.19000244140625,193.99000549316406,194.05999755859375,382526
2026-06-26 12:06:00-04:00,194.1199951171875,194.1199951171875,194.25,193.94000244140625,194.0330047607422,369723
2026-06-26 12:08:00-04:00,193.97000122070312,193.97000122070312,194.24000549316406,193.92010498046875,194.1199951171875,435494
2026-06-26 12:10:00-04:00,193.97000122070312,193.97000122070312,194.13499450683594,193.92999267578125,193.96859741210938,387594
2026-06-26 12:12:00-04:00,193.80999755859375,193.80999755859375,193.99000549316406,193.6300048828125,193.97909545898438,389357
2026-06-26 12:14:00-04:00,193.72999572753906,193.72999572753906,193.88499450683594,193.63119506835938,193.82000732421875,369140
2026-06-26 12:16:00-04:00,193.9980926513672,193.9980926513672,194.11000061035156,193.63999938964844,193.75,414720
2026-06-26 12:18:00-04:00,194.08999633789062,194.08999633789062,194.10000610351562,193.8000030517578,194.0050048828125,296883
2026-06-26 12:20:00-04:00,193.97000122070312,193.97000122070312,194.24639892578125,193.8000030517578,194.08999633789062,489352
2026-06-26 12:22:00-04:00,194.07000732421875,194.07000732421875,194.13999938964844,193.9550018310547,193.9600067138672,259560
2026-06-26 12:24:00-04:00,194.1300048828125,194.1300048828125,194.31500244140625,194.05999755859375,194.08999633789062,321074
2026-06-26 12:26:00-04:00,194.33999633789062,194.33999633789062,194.35000610351562,194.0399932861328,194.14999389648438,266807
2026-06-26 12:28:00-04:00,194.1699981689453,194.1699981689453,194.39500427246094,194.1343994140625,194.32000732421875,297345
2026-06-26 12:30:00-04:00,194.26229858398438,194.26229858398438,194.47000122070312,194.14999389648438,194.16990661621094,252022
2026-06-26 12:32:00-04:00,194.24000549316406,194.24000549316406,194.4698944091797,194.16000366210938,194.27000427246094,244847
2026-06-26 12:34:00-04:00,194.33009338378906,194.33009338378906,194.42999267578125,194.1699981689453,194.22999572753906,196536
2026-06-26 12:36:00-04:00,194.4499969482422,194.4499969482422,194.5399932861328,194.2899932861328,194.33999633789062,275783
2026-06-26 12:38:00-04:00,194.3699951171875,194.3699951171875,194.57000732421875,194.30999755859375,194.4550018310547,246194
2026-06-26 12:40:00-04:00,194.22500610351562,194.22500610351562,194.4600067138672,194.20849609375,194.3800048828125,212610
2026-06-26 12:42:00-04:00,194.3708038330078,194.3708038330078,194.4499969482422,194.22000122070312,194.22999572753906,270730
2026-06-26 12:44:00-04:00,194.25,194.25,194.47999572753906,194.16000366210938,194.37989807128906,251307
2026-06-26 12:46:00-04:00,194.00999450683594,194.00999450683594,194.24000549316406,193.9300994873047,194.24000549316406,327027
2026-06-26 12:48:00-04:00,194.2100067138672,194.2100067138672,194.2292938232422,194.00999450683594,194.00999450683594,187159
2026-06-26 12:50:00-04:00,194.1999969482422,194.1999969482422,194.4199981689453,194.16000366210938,194.21499633789062,901005
2026-06-26 12:52:00-04:00,194.24000549316406,194.24000549316406,194.27000427246094,194.10009765625,194.18499755859375,217572
2026-06-26 12:54:00-04:00,194.10000610351562,194.10000610351562,194.32000732421875,194.0800018310547,194.25,185438
2026-06-26 12:56:00-04:00,194.2100067138672,194.2100067138672,194.2899932861328,194.0749969482422,194.09500122070312,305116
2026-06-26 12:58:00-04:00,194.13999938964844,194.13999938964844,194.23500061035156,194.0500030517578,194.2100067138672,173944
2026-06-26 13:00:00-04:00,194.47000122070312,194.47000122070312,194.51950073242188,194.02999877929688,194.13999938964844,305402
2026-06-26 13:02:00-04:00,194.58999633789062,194.58999633789062,194.67999267578125,194.4600067138672,194.47000122070312,247538
2026-06-26 13:04:00-04:00,194.68499755859375,194.68499755859375,194.72500610351562,194.52000427246094,194.5850067138672,747910
2026-06-26 13:06:00-04:00,194.58399963378906,194.58399963378906,194.72000122070312,194.5404052734375,194.69000244140625,348208
2026-06-26 13:08:00-04:00,194.72000122070312,194.72000122070312,194.80999755859375,194.57000732421875,194.57009887695312,679877
2026-06-26 13:10:00-04:00,194.625,194.625,194.7899932861328,194.52999877929688,194.72999572753906,366579
2026-06-26 13:12:00-04:00,194.60000610351562,194.60000610351562,194.83999633789062,194.5749969482422,194.6300048828125,404186
2026-06-26 13:14:00-04:00,194.50999450683594,194.50999450683594,194.75,194.41000366210938,194.59500122070312,234837
2026-06-26 13:16:00-04:00,194.36000061035156,194.36000061035156,194.66000366210938,194.32000732421875,194.52499389648438,288915
2026-06-26 13:18:00-04:00,194.2899932861328,194.2899932861328,194.42999267578125,194.23719787597656,194.35000610351562,210402
2026-06-26 13:20:00-04:00,194.33999633789062,194.33999633789062,194.42999267578125,194.13999938964844,194.2899932861328,235662
2026-06-26 13:22:00-04:00,194.27999877929688,194.27999877929688,194.61500549316406,194.24000549316406,194.33999633789062,349524
2026-06-26 13:24:00-04:00,194.25999450683594,194.25999450683594,194.3699951171875,194.15499877929688,194.27499389648438,275953
2026-06-26 13:26:00-04:00,194.86000061035156,194.86000061035156,194.89059448242188,194.25,194.26499938964844,409200
2026-06-26 13:28:00-04:00,195.03500366210938,195.03500366210938,195.17999267578125,194.85000610351562,194.8699951171875,566943
2026-06-26 13:30:00-04:00,195.00999450683594,195.00999450683594,195.5500030517578,194.97000122070312,195.03500366210938,571899
2026-06-26 13:32:00-04:00,195.18499755859375,195.18499755859375,195.27999877929688,194.9600067138672,195.02000427246094,310612
2026-06-26 13:34:00-04:00,194.9600067138672,194.9600067138672,195.3800048828125,194.94000244140625,195.1894989013672,602583
2026-06-26 13:36:00-04:00,194.82000732421875,194.82000732421875,195.10000610351562,194.74000549316406,194.96499633789062,363021
2026-06-26 13:38:00-04:00,194.97000122070312,194.97000122070312,195.05999755859375,194.81500244140625,194.8300018310547,531022
2026-06-26 13:40:00-04:00,194.6999969482422,194.6999969482422,194.98989868164062,194.6999969482422,194.96499633789062,249148
2026-06-26 13:42:00-04:00,194.9499053955078,194.9499053955078,195.05999755859375,194.71499633789062,194.7198944091797,335200
2026-06-26 13:44:00-04:00,194.86500549316406,194.86500549316406,195.07000732421875,194.8000030517578,194.94000244140625,249733
2026-06-26 13:46:00-04:00,194.8000030517578,194.8000030517578,194.9199981689453,194.74009704589844,194.8699951171875,215831
2026-06-26 13:48:00-04:00,194.72999572753906,194.72999572753906,194.98480224609375,194.71229553222656,194.8249969482422,504660
2026-06-26 13:50:00-04:00,194.61000061035156,194.61000061035156,194.74000549316406,194.52999877929688,194.74000549316406,1889311
2026-06-26 13:52:00-04:00,194.49000549316406,194.49000549316406,194.66189575195312,194.49000549316406,194.60000610351562,243700
2026-06-26 13:54:00-04:00,194.4499969482422,194.4499969482422,194.72000122070312,194.44000244140625,194.49200439453125,316485
2026-06-26 13:56:00-04:00,194.38999938964844,194.38999938964844,194.52000427246094,194.31100463867188,194.4600067138672,240336
2026-06-26 13:58:00-04:00,194.59010314941406,194.59010314941406,194.77999877929688,194.35000610351562,194.38499450683594,297367
2026-06-26 14:00:00-04:00,194.61000061035156,194.61000061035156,194.74000549316406,194.4199981689453,194.60499572753906,1854093
2026-06-26 14:02:00-04:00,194.6199951171875,194.6199951171875,194.6999969482422,194.51010131835938,194.62930297851562,200639
2026-06-26 14:04:00-04:00,194.99000549316406,194.99000549316406,195.0,194.6199951171875,194.6199951171875,349980
2026-06-26 14:06:00-04:00,195.16000366210938,195.16000366210938,195.30999755859375,194.9801025390625,194.99000549316406,467152
2026-06-26 14:08:00-04:00,195.0950927734375,195.0950927734375,195.27000427246094,195.0950927734375,195.15499877929688,296707
2026-06-26 14:10:00-04:00,194.85000610351562,194.85000610351562,195.17999267578125,194.6999969482422,195.08990478515625,428512
2026-06-26 14:12:00-04:00,194.65989685058594,194.65989685058594,194.9199981689453,194.6300048828125,194.83999633789062,236197
2026-06-26 14:14:00-04:00,194.4550018310547,194.4550018310547,194.72999572753906,194.44000244140625,194.65280151367188,269626
2026-06-26 14:16:00-04:00,194.4499969482422,194.4499969482422,194.5449981689453,194.31900024414062,194.4499969482422,264327
2026-06-26 14:18:00-04:00,194.27999877929688,194.27999877929688,194.5500030517578,194.19000244140625,194.45010375976562,253420
2026-06-26 14:20:00-04:00,194.39999389648438,194.39999389648438,194.40789794921875,194.19000244140625,194.27000427246094,215985
2026-06-26 14:22:00-04:00,194.3000030517578,194.3000030517578,194.47000122070312,194.1999969482422,194.39999389648438,301820
2026-06-26 14:24:00-04:00,194.22999572753906,194.22999572753906,194.36990356445312,194.19000244140625,194.3000030517578,231074
2026-06-26 14:26:00-04:00,194.0800018310547,194.0800018310547,194.36000061035156,194.03250122070312,194.25,279439
2026-06-26 14:28:00-04:00,194.02000427246094,194.02000427246094,194.15499877929688,193.9199981689453,194.0749969482422,412928
2026-06-26 14:30:00-04:00,193.80999755859375,193.80999755859375,194.08999633789062,193.77000427246094,194.02499389648438,412841
2026-06-26 14:32:00-04:00,194.36099243164062,194.36099243164062,194.3699951171875,193.80999755859375,193.80999755859375,450509
2026-06-26 14:34:00-04:00,194.0290069580078,194.0290069580078,194.36000061035156,194.02499389648438,194.36000061035156,241873
2026-06-26 14:36:00-04:00,193.97500610351562,193.97500610351562,194.1199951171875,193.94009399414062,194.02499389648438,308444
2026-06-26 14:38:00-04:00,193.97999572753906,193.97999572753906,194.02699279785156,193.88499450683594,193.99000549316406,270561
2026-06-26 14:40:00-04:00,193.9550018310547,193.9550018310547,194.0500030517578,193.86000061035156,193.97000122070312,246945
2026-06-26 14:42:00-04:00,193.99000549316406,193.99000549316406,194.0399932861328,193.9250030517578,193.94410705566406,217696
2026-06-26 14:44:00-04:00,193.88999938964844,193.88999938964844,194.10000610351562,193.77000427246094,193.9801025390625,277800
2026-06-26 14:46:00-04:00,193.81089782714844,193.81089782714844,193.9199981689453,193.78990173339844,193.89500427246094,238541
2026-06-26 14:48:00-04:00,193.66000366210938,193.66000366210938,193.8699951171875,193.60009765625,193.82000732421875,391679
2026-06-26 14:50:00-04:00,193.6300048828125,193.6300048828125,193.7299041748047,193.4600067138672,193.6699981689453,425649
2026-06-26 14:52:00-04:00,193.72999572753906,193.72999572753906,193.8300018310547,193.60000610351562,193.625,255650
2026-06-26 14:54:00-04:00,193.8300018310547,193.8300018310547,193.86000061035156,193.60000610351562,193.7100067138672,232610
2026-06-26 14:56:00-04:00,193.55999755859375,193.55999755859375,193.83999633789062,193.39999389648438,193.83999633789062,373821
2026-06-26 14:58:00-04:00,193.69000244140625,193.69000244140625,193.7899932861328,193.5399932861328,193.5500030517578,329226
2026-06-26 15:00:00-04:00,193.92999267578125,193.92999267578125,193.96499633789062,193.64999389648438,193.6999969482422,332545
2026-06-26 15:02:00-04:00,193.63999938964844,193.63999938964844,193.9600067138672,193.60000610351562,193.92010498046875,1885451
2026-06-26 15:04:00-04:00,193.6699981689453,193.6699981689453,193.73260498046875,193.5500030517578,193.64999389648438,329267
2026-06-26 15:06:00-04:00,193.8697967529297,193.8697967529297,194.0,193.65499877929688,193.6699981689453,336542
2026-06-26 15:08:00-04:00,194.27000427246094,194.27000427246094,194.30999755859375,193.8699951171875,193.8699951171875,358926
2026-06-26 15:10:00-04:00,194.30960083007812,194.30960083007812,194.4600067138672,194.1649932861328,194.25999450683594,427302
2026-06-26 15:12:00-04:00,194.3249969482422,194.3249969482422,194.39999389648438,194.24000549316406,194.2899932861328,315487
2026-06-26 15:14:00-04:00,194.4199981689453,194.4199981689453,194.52000427246094,194.3000030517578,194.30999755859375,370427
2026-06-26 15:16:00-04:00,194.25,194.25,194.42999267578125,194.2301025390625,194.42999267578125,386127
2026-06-26 15:18:00-04:00,194.32989501953125,194.32989501953125,194.44000244140625,194.25,194.25999450683594,305279
2026-06-26 15:20:00-04:00,194.27499389648438,194.27499389648438,194.4398956298828,194.2100067138672,194.3300018310547,338731
2026-06-26 15:22:00-04:00,194.0399932861328,194.0399932861328,194.2899932861328,193.9300994873047,194.2799072265625,389547
2026-06-26 15:24:00-04:00,194.16000366210938,194.16000366210938,194.3000030517578,193.97000122070312,194.0449981689453,472168
2026-06-26 15:26:00-04:00,194.07000732421875,194.07000732421875,194.16000366210938,193.9199981689453,194.14999389648438,388909
2026-06-26 15:28:00-04:00,193.9499969482422,193.9499969482422,194.1300048828125,193.88999938964844,194.0800018310547,314353
2026-06-26 15:30:00-04:00,193.78500366210938,193.78500366210938,194.0399932861328,193.75999450683594,193.97999572753906,562487
2026-06-26 15:32:00-04:00,194.19000244140625,194.19000244140625,194.22999572753906,193.72999572753906,193.7899932861328,434400
2026-06-26 15:34:00-04:00,194.32000732421875,194.32000732421875,194.3699951171875,194.14999389648438,194.19009399414062,545505
2026-06-26 15:36:00-04:00,194.41990661621094,194.41990661621094,194.5699005126953,194.30999755859375,194.30999755859375,431089
2026-06-26 15:38:00-04:00,194.24000549316406,194.24000549316406,194.4499969482422,194.23500061035156,194.40109252929688,742161
2026-06-26 15:40:00-04:00,194.2050018310547,194.2050018310547,194.48980712890625,194.19000244140625,194.2550048828125,490489
2026-06-26 15:42:00-04:00,194.47000122070312,194.47000122070312,194.47970581054688,194.14010620117188,194.1999969482422,478566
2026-06-26 15:44:00-04:00,194.8800048828125,194.8800048828125,194.89999389648438,194.4600067138672,194.47999572753906,513045
2026-06-26 15:46:00-04:00,194.99000549316406,194.99000549316406,195.17999267578125,194.83999633789062,194.889892578125,560395
2026-06-26 15:48:00-04:00,194.9499969482422,194.9499969482422,195.10000610351562,194.83999633789062,194.97000122070312,552385
2026-06-26 15:50:00-04:00,194.65499877929688,194.65499877929688,195.11000061035156,194.4499969482422,194.9499969482422,1282738
2026-06-26 15:52:00-04:00,194.19000244140625,194.19000244140625,194.94000244140625,194.16000366210938,194.6750030517578,785341
2026-06-26 15:54:00-04:00,193.22000122070312,193.22000122070312,194.30999755859375,193.0,194.1649932861328,1793307
2026-06-26 15:56:00-04:00,193.0449981689453,193.0449981689453,193.25999450683594,192.89999389648438,193.2100067138672,1688421
2026-06-26 15:58:00-04:00,191.72000122070312,191.72000122070312,193.1699981689453,191.7100067138672,193.0449981689453,5752898
2026-06-29 09:30:00-04:00,193.8000030517578,193.8000030517578,194.1199951171875,192.11000061035156,192.125,11565823
2026-06-29 09:32:00-04:00,194.02000427246094,194.02000427246094,194.1300048828125,193.5500030517578,193.8000030517578,971158
2026-06-29 09:34:00-04:00,194.8699951171875,194.8699951171875,194.8699951171875,193.88009643554688,194.0,1102622
2026-06-29 09:36:00-04:00,193.97500610351562,193.97500610351562,194.89500427246094,193.74000549316406,194.85499572753906,1183626
2026-06-29 09:38:00-04:00,194.2449951171875,194.2449951171875,194.2834930419922,193.52000427246094,193.97999572753906,888787
2026-06-29 09:40:00-04:00,194.2100067138672,194.2100067138672,194.38999938964844,193.85000610351562,194.24000549316406,925991
2026-06-29 09:42:00-04:00,195.1300048828125,195.1300048828125,195.35000610351562,194.17999267578125,194.22000122070312,1460497
2026-06-29 09:44:00-04:00,195.83999633789062,195.83999633789062,196.1699981689453,195.0408935546875,195.1649932861328,1484380
2026-06-29 09:46:00-04:00,195.72500610351562,195.72500610351562,195.97999572753906,195.07000732421875,195.8300018310547,1062630
2026-06-29 09:48:00-04:00,195.15989685058594,195.15989685058594,195.86000061035156,195.10800170898438,195.7100067138672,827207
2026-06-29 09:50:00-04:00,195.14500427246094,195.14500427246094,195.2899932861328,194.70140075683594,195.14999389648438,774176
2026-06-29 09:52:00-04:00,194.9250030517578,194.9250030517578,195.33999633789062,194.9199981689453,195.14999389648438,544785
2026-06-29 09:54:00-04:00,193.64999389648438,193.64999389648438,195.05499267578125,193.52999877929688,194.9250030517578,1166469
2026-06-29 09:56:00-04:00,193.13499450683594,193.13499450683594,193.6999969482422,193.02999877929688,193.66000366210938,975565
2026-06-29 09:58:00-04:00,193.30499267578125,193.30499267578125,193.51669311523438,193.02999877929688,193.1300048828125,834582
2026-06-29 10:00:00-04:00,193.5,193.5,193.66000366210938,192.86000061035156,193.29150390625,1132057
2026-06-29 10:02:00-04:00,193.41000366210938,193.41000366210938,193.57000732421875,193.25999450683594,193.47999572753906,517347
2026-06-29 10:04:00-04:00,192.7100067138672,192.7100067138672,193.4199981689453,192.60000610351562,193.4149932861328,972854
2026-06-29 10:06:00-04:00,192.3498992919922,192.3498992919922,193.07000732421875,192.3000030517578,192.72000122070312,756560
2026-06-29 10:08:00-04:00,192.5500030517578,192.5500030517578,192.7100067138672,192.27000427246094,192.35000610351562,878408
2026-06-29 10:10:00-04:00,191.98989868164062,191.98989868164062,192.5634002685547,191.75999450683594,192.5592041015625,886442
2026-06-29 10:12:00-04:00,191.1199951171875,191.1199951171875,192.07000732421875,191.10000610351562,191.97500610351562,965380
2026-06-29 10:14:00-04:00,190.85000610351562,190.85000610351562,191.39999389648438,190.17999267578125,191.1199951171875,1570042
2026-06-29 10:16:00-04:00,190.0102996826172,190.0102996826172,190.97000122070312,189.8000030517578,190.85000610351562,2160033
2026-06-29 10:18:00-04:00,190.9949951171875,190.9949951171875,191.0,189.8800048828125,190.0749969482422,1265287
2026-06-29 10:20:00-04:00,191.3000030517578,191.3000030517578,191.3000030517578,190.80999755859375,190.99000549316406,908316
2026-06-29 10:22:00-04:00,190.99000549316406,190.99000549316406,191.58999633789062,190.75010681152344,191.30999755859375,3875764
2026-06-29 10:24:00-04:00,191.86000061035156,191.86000061035156,191.8820037841797,190.80999755859375,191.0050048828125,796115
2026-06-29 10:26:00-04:00,192.24000549316406,192.24000549316406,192.32000732421875,191.80999755859375,191.83999633789062,738634
2026-06-29 10:28:00-04:00,192.6999969482422,192.6999969482422,192.74000549316406,192.17999267578125,192.2100067138672,836048
2026-06-29 10:30:00-04:00,192.9149932861328,192.9149932861328,192.98500061035156,192.5800018310547,192.72000122070312,996526
2026-06-29 10:32:00-04:00,193.44639587402344,193.44639587402344,193.60000610351562,192.64999389648438,192.9029998779297,1200266
2026-06-29 10:34:00-04:00,194.26829528808594,194.26829528808594,194.26829528808594,193.4199981689453,193.44000244140625,976552
2026-06-29 10:36:00-04:00,194.25999450683594,194.25999450683594,194.35000610351562,193.94000244140625,194.25999450683594,836493
2026-06-29 10:38:00-04:00,194.08999633789062,194.08999633789062,194.47999572753906,193.8311004638672,194.25599670410156,2361167
2026-06-29 10:40:00-04:00,194.2949981689453,194.2949981689453,194.44000244140625,194.0399932861328,194.0800018310547,536903
2026-06-29 10:42:00-04:00,194.42999267578125,194.42999267578125,194.72999572753906,194.17999267578125,194.28860473632812,800726
2026-06-29 10:44:00-04:00,194.3350067138672,194.3350067138672,194.5,194.0500030517578,194.42999267578125,607502
2026-06-29 10:46:00-04:00,193.67999267578125,193.67999267578125,194.35000610351562,193.67999267578125,194.33999633789062,703107
2026-06-29 10:48:00-04:00,193.6750030517578,193.6750030517578,193.89990234375,193.50999450683594,193.69000244140625,628232
2026-06-29 10:50:00-04:00,194.4250030517578,194.4250030517578,194.4600067138672,193.64999389648438,193.69000244140625,584105
2026-06-29 10:52:00-04:00,194.14990234375,194.14990234375,194.49000549316406,194.02999877929688,194.4199981689453,465999
2026-06-29 10:54:00-04:00,194.2899932861328,194.2899932861328,194.32000732421875,193.92999267578125,194.14999389648438,505271
2026-06-29 10:56:00-04:00,194.4600067138672,194.4600067138672,194.52000427246094,194.16000366210938,194.2899932861328,452690
2026-06-29 10:58:00-04:00,194.86000061035156,194.86000061035156,194.9499969482422,194.33990478515625,194.4698944091797,587156
2026-06-29 11:00:00-04:00,194.85000610351562,194.85000610351562,195.0,194.6300048828125,194.8699951171875,706474
2026-06-29 11:02:00-04:00,194.63499450683594,194.63499450683594,194.8800048828125,194.5,194.86000061035156,494912
2026-06-29 11:04:00-04:00,194.52000427246094,194.52000427246094,194.72000122070312,194.23199462890625,194.61000061035156,979903
2026-06-29 11:06:00-04:00,194.30499267578125,194.30499267578125,194.60000610351562,194.1199951171875,194.52000427246094,493773
2026-06-29 11:08:00-04:00,194.72999572753906,194.72999572753906,194.74000549316406,194.3199005126953,194.3199005126953,532833
2026-06-29 11:10:00-04:00,194.5301055908203,194.5301055908203,194.91000366210938,194.52810668945312,194.72500610351562,524587
2026-06-29 11:12:00-04:00,194.52000427246094,194.52000427246094,194.67999267578125,194.27999877929688,194.5449981689453,428725
2026-06-29 11:14:00-04:00,194.90859985351562,194.90859985351562,195.1199951171875,194.41000366210938,194.50999450683594,690273
2026-06-29 11:16:00-04:00,194.63999938964844,194.63999938964844,195.02000427246094,194.60000610351562,194.89219665527344,411553
2026-06-29 11:18:00-04:00,194.2949981689453,194.2949981689453,194.6999969482422,194.1699981689453,194.63999938964844,409072
2026-06-29 11:20:00-04:00,194.58999633789062,194.58999633789062,194.65220642089844,194.16000366210938,194.28500366210938,406982
2026-06-29 11:22:00-04:00,194.02499389648438,194.02499389648438,194.63999938964844,194.02000427246094,194.6051025390625,2075968
2026-06-29 11:24:00-04:00,194.08599853515625,194.08599853515625,194.0998992919922,193.72500610351562,194.02000427246094,622035
2026-06-29 11:26:00-04:00,194.1999969482422,194.1999969482422,194.35989379882812,194.05999755859375,194.0800018310547,330340
2026-06-29 11:28:00-04:00,194.25999450683594,194.25999450683594,194.4199981689453,193.9600067138672,194.2050018310547,396107
2026-06-29 11:30:00-04:00,194.00999450683594,194.00999450683594,194.360107421875,193.9199981689453,194.27000427246094,2439916
2026-06-29 11:32:00-04:00,194.1199951171875,194.1199951171875,194.17999267578125,193.85000610351562,194.0198974609375,380539
2026-06-29 11:34:00-04:00,193.90499877929688,193.90499877929688,194.20899963378906,193.69000244140625,194.11000061035156,538684
2026-06-29 11:36:00-04:00,194.1300048828125,194.1300048828125,194.13999938964844,193.82000732421875,193.88999938964844,324756
2026-06-29 11:38:00-04:00,194.11000061035156,194.11000061035156,194.3699951171875,193.97999572753906,194.11500549316406,396512
2026-06-29 11:40:00-04:00,194.3300018310547,194.3300018310547,194.35000610351562,194.08999633789062,194.08999633789062,362476
2026-06-29 11:42:00-04:00,194.1699981689453,194.1699981689453,194.36000061035156,194.0800018310547,194.3300018310547,310844
2026-06-29 11:44:00-04:00,194.0424041748047,194.0424041748047,194.2899932861328,194.0,194.16000366210938,552426
2026-06-29 11:46:00-04:00,193.94500732421875,193.94500732421875,194.07000732421875,193.83999633789062,194.07000732421875,341220
2026-06-29 11:48:00-04:00,193.8699951171875,193.8699951171875,194.00999450683594,193.71499633789062,193.94500732421875,438709
2026-06-29 11:50:00-04:00,193.88699340820312,193.88699340820312,194.0,193.80999755859375,193.8699951171875,285945
2026-06-29 11:52:00-04:00,193.88499450683594,193.88499450683594,193.97999572753906,193.8000030517578,193.8800048828125,251087
2026-06-29 11:54:00-04:00,193.64999389648438,193.64999389648438,193.99000549316406,193.63999938964844,193.89990234375,348977
2026-06-29 11:56:00-04:00,193.72999572753906,193.72999572753906,193.89999389648438,193.60000610351562,193.64199829101562,365788
2026-06-29 11:58:00-04:00,193.96499633789062,193.96499633789062,194.12989807128906,193.66000366210938,193.72999572753906,447185
2026-06-29 12:00:00-04:00,194.14010620117188,194.14010620117188,194.17999267578125,193.89999389648438,193.97000122070312,304760
2026-06-29 12:02:00-04:00,194.0500030517578,194.0500030517578,194.18499755859375,193.89999389648438,194.13999938964844,370802
2026-06-29 12:04:00-04:00,193.94000244140625,193.94000244140625,194.2299041748047,193.8699951171875,194.04859924316406,417176
2026-06-29 12:06:00-04:00,193.91009521484375,193.91009521484375,194.0500030517578,193.84010314941406,193.95660400390625,211880
2026-06-29 12:08:00-04:00,193.81149291992188,193.81149291992188,193.97999572753906,193.8000030517578,193.9199981689453,203813
2026-06-29 12:10:00-04:00,193.6999969482422,193.6999969482422,193.96499633789062,193.69000244140625,193.8000030517578,331457
2026-06-29 12:12:00-04:00,193.6300048828125,193.6300048828125,193.82000732421875,193.6199951171875,193.6999969482422,293735
2026-06-29 12:14:00-04:00,193.73989868164062,193.73989868164062,193.86000061035156,193.55999755859375,193.625,363146
2026-06-29 12:16:00-04:00,193.64999389648438,193.64999389648438,193.77999877929688,193.57000732421875,193.73240661621094,251904
2026-06-29 12:18:00-04:00,193.6699981689453,193.6699981689453,193.77499389648438,193.61000061035156,193.67010498046875,201062
2026-06-29 12:20:00-04:00,193.27499389648438,193.27499389648438,193.69000244140625,193.22999572753906,193.65499877929688,545448
2026-06-29 12:22:00-04:00,193.28990173339844,193.28990173339844,193.4600067138672,193.25999450683594,193.27000427246094,353010
2026-06-29 12:24:00-04:00,192.97000122070312,192.97000122070312,193.27999877929688,192.90499877929688,193.27999877929688,657875
2026-06-29 12:26:00-04:00,192.96499633789062,192.96499633789062,193.02999877929688,192.82000732421875,192.95010375976562,398706
2026-06-29 12:28:00-04:00,192.8350067138672,192.8350067138672,193.02000427246094,192.75010681152344,192.97000122070312,291860
2026-06-29 12:30:00-04:00,192.92999267578125,192.92999267578125,192.9499969482422,192.8000030517578,192.83999633789062,279053
2026-06-29 12:32:00-04:00,192.8000030517578,192.8000030517578,192.94000244140625,192.71119689941406,192.9376983642578,324992
2026-06-29 12:34:00-04:00,193.08999633789062,193.08999633789062,193.1479949951172,192.75,192.77999877929688,353752
2026-06-29 12:36:00-04:00,193.0800018310547,193.0800018310547,193.1649932861328,192.97500610351562,193.0998992919922,323558
2026-06-29 12:38:00-04:00,193.0,193.0,193.08999633789062,192.9600067138672,193.07000732421875,262684
2026-06-29 12:40:00-04:00,193.0749969482422,193.0749969482422,193.1199951171875,192.9199981689453,193.0,227503
2026-06-29 12:42:00-04:00,193.0500030517578,193.0500030517578,193.14999389648438,193.0,193.0800018310547,216789
2026-06-29 12:44:00-04:00,193.19000244140625,193.19000244140625,193.2100067138672,193.00999450683594,193.04010009765625,333835
2026-06-29 12:46:00-04:00,193.10009765625,193.10009765625,193.2899932861328,193.0399932861328,193.1999053955078,319104
2026-06-29 12:48:00-04:00,193.2899932861328,193.2899932861328,193.3000030517578,193.0749969482422,193.10000610351562,241338
2026-06-29 12:50:00-04:00,193.5,193.5,193.61000061035156,193.24099731445312,193.2899932861328,511778
2026-06-29 12:52:00-04:00,193.68499755859375,193.68499755859375,193.6999969482422,193.4199981689453,193.49000549316406,405113
2026-06-29 12:54:00-04:00,193.7050018310547,193.7050018310547,193.85000610351562,193.61000061035156,193.6699981689453,289423
2026-06-29 12:56:00-04:00,193.82000732421875,193.82000732421875,193.82009887695312,193.66000366210938,193.7050018310547,259738
2026-06-29 12:58:00-04:00,193.82000732421875,193.82000732421875,194.00999450683594,193.6999969482422,193.82000732421875,486642
2026-06-29 13:00:00-04:00,194.02999877929688,194.02999877929688,194.24000549316406,193.82000732421875,193.8350067138672,487104
2026-06-29 13:02:00-04:00,194.15499877929688,194.15499877929688,194.17999267578125,194.00999450683594,194.0399932861328,283847
2026-06-29 13:04:00-04:00,194.0749969482422,194.0749969482422,194.22000122070312,193.96409606933594,194.14999389648438,255443
2026-06-29 13:06:00-04:00,194.18499755859375,194.18499755859375,194.39999389648438,194.07000732421875,194.0850067138672,406583
2026-06-29 13:08:00-04:00,194.3699951171875,194.3699951171875,194.3800048828125,194.16000366210938,194.19000244140625,184814
2026-06-29 13:10:00-04:00,194.46499633789062,194.46499633789062,194.47000122070312,194.27000427246094,194.37399291992188,275277
2026-06-29 13:12:00-04:00,194.5800018310547,194.5800018310547,194.625,194.40499877929688,194.4600067138672,382532
2026-06-29 13:14:00-04:00,194.5,194.5,194.7169952392578,194.49000549316406,194.55999755859375,268658
2026-06-29 13:16:00-04:00,194.6300048828125,194.6300048828125,194.64999389648438,194.36000061035156,194.5,289824
2026-06-29 13:18:00-04:00,194.64999389648438,194.64999389648438,194.74000549316406,194.57000732421875,194.6199951171875,261892
2026-06-29 13:20:00-04:00,194.35719299316406,194.35719299316406,194.7899932861328,194.3300018310547,194.63999938964844,444493
2026-06-29 13:22:00-04:00,194.46499633789062,194.46499633789062,194.52000427246094,194.25999450683594,194.35000610351562,425768
2026-06-29 13:24:00-04:00,194.65499877929688,194.65499877929688,194.65499877929688,194.32000732421875,194.44000244140625,303591
2026-06-29 13:26:00-04:00,194.5,194.5,194.7100067138672,194.42999267578125,194.64999389648438,398363
2026-06-29 13:28:00-04:00,194.6699981689453,194.6699981689453,194.74000549316406,194.4803924560547,194.5,250993
2026-06-29 13:30:00-04:00,194.90499877929688,194.90499877929688,195.05999755859375,194.5800018310547,194.6699981689453,575230
2026-06-29 13:32:00-04:00,194.48300170898438,194.48300170898438,194.9199981689453,194.3800048828125,194.90499877929688,1317023
2026-06-29 13:34:00-04:00,194.22000122070312,194.22000122070312,194.5093994140625,194.1199951171875,194.4949951171875,288164
2026-06-29 13:36:00-04:00,194.34500122070312,194.34500122070312,194.44000244140625,194.16000366210938,194.2100067138672,245605
2026-06-29 13:38:00-04:00,194.33999633789062,194.33999633789062,194.35000610351562,194.22999572753906,194.33999633789062,167476
2026-06-29 13:40:00-04:00,194.41000366210938,194.41000366210938,194.6195068359375,194.35000610351562,194.35000610351562,588098
2026-06-29 13:42:00-04:00,194.47999572753906,194.47999572753906,194.5399932861328,194.38999938964844,194.41990661621094,181604
2026-06-29 13:44:00-04:00,194.36000061035156,194.36000061035156,194.47999572753906,194.1999969482422,194.47999572753906,211175
2026-06-29 13:46:00-04:00,194.41000366210938,194.41000366210938,194.4600067138672,194.27000427246094,194.36000061035156,162493
2026-06-29 13:48:00-04:00,194.36500549316406,194.36500549316406,194.42999267578125,194.26499938964844,194.41990661621094,249056
2026-06-29 13:50:00-04:00,194.27000427246094,194.27000427246094,194.36000061035156,194.1501007080078,194.36000061035156,227141
2026-06-29 13:52:00-04:00,194.2050018310547,194.2050018310547,194.2899932861328,194.17999267578125,194.26010131835938,216038
2026-06-29 13:54:00-04:00,194.02000427246094,194.02000427246094,194.24000549316406,194.01499938964844,194.2133026123047,253374
2026-06-29 13:56:00-04:00,193.97999572753906,193.97999572753906,194.10000610351562,193.94000244140625,194.02999877929688,324673
2026-06-29 13:58:00-04:00,193.9600067138672,193.9600067138672,193.98500061035156,193.72000122070312,193.9600067138672,271659
2026-06-29 14:00:00-04:00,194.02000427246094,194.02000427246094,194.05499267578125,193.72000122070312,193.9550018310547,378305
2026-06-29 14:02:00-04:00,193.94000244140625,193.94000244140625,194.05499267578125,193.89999389648438,194.0399932861328,266734
2026-06-29 14:04:00-04:00,193.94000244140625,193.94000244140625,194.00999450683594,193.77000427246094,193.94000244140625,230127
2026-06-29 14:06:00-04:00,193.7899932861328,193.7899932861328,193.9499969482422,193.77999877929688,193.9499969482422,209970
2026-06-29 14:08:00-04:00,193.71499633789062,193.71499633789062,193.8300018310547,193.69000244140625,193.7949981689453,252302
2026-06-29 14:10:00-04:00,193.78500366210938,193.78500366210938,193.88999938964844,193.71499633789062,193.72000122070312,238667
2026-06-29 14:12:00-04:00,193.93130493164062,193.93130493164062,193.9499969482422,193.7100067138672,193.78500366210938,209190
2026-06-29 14:14:00-04:00,193.88999938964844,193.88999938964844,193.9600067138672,193.80499267578125,193.9250030517578,238049
2026-06-29 14:16:00-04:00,193.9250030517578,193.9250030517578,194.00999450683594,193.8800048828125,193.89500427246094,238993
2026-06-29 14:18:00-04:00,193.83999633789062,193.83999633789062,193.99000549316406,193.8000030517578,193.93499755859375,227749
2026-06-29 14:20:00-04:00,193.92999267578125,193.92999267578125,194.0,193.77000427246094,193.83999633789062,297702
2026-06-29 14:22:00-04:00,193.88070678710938,193.88070678710938,194.01499938964844,193.87010192871094,193.94000244140625,174819
2026-06-29 14:24:00-04:00,193.80999755859375,193.80999755859375,193.91009521484375,193.77999877929688,193.8699951171875,222079
2026-06-29 14:26:00-04:00,193.8000030517578,193.8000030517578,193.88499450683594,193.72999572753906,193.82000732421875,236170
2026-06-29 14:28:00-04:00,193.8000030517578,193.8000030517578,193.8350067138672,193.72999572753906,193.7899932861328,185169
2026-06-29 14:30:00-04:00,193.8800048828125,193.8800048828125,193.88999938964844,193.75999450683594,193.8249969482422,259248
2026-06-29 14:32:00-04:00,194.18499755859375,194.18499755859375,194.19000244140625,193.8800048828125,193.88499450683594,342022
2026-06-29 14:34:00-04:00,194.19000244140625,194.19000244140625,194.2899932861328,194.08999633789062,194.1898956298828,353942
2026-06-29 14:36:00-04:00,194.02000427246094,194.02000427246094,194.25999450683594,194.01010131835938,194.1999053955078,248469
2026-06-29 14:38:00-04:00,194.11000061035156,194.11000061035156,194.16000366210938,194.02999877929688,194.0399932861328,151882
2026-06-29 14:40:00-04:00,194.0850067138672,194.0850067138672,194.23989868164062,194.0800018310547,194.1199951171875,178538
2026-06-29 14:42:00-04:00,194.0399932861328,194.0399932861328,194.1199951171875,193.94000244140625,194.0850067138672,206180
2026-06-29 14:44:00-04:00,194.1300048828125,194.1300048828125,194.16000366210938,194.0200958251953,194.0399932861328,242794
2026-06-29 14:46:00-04:00,194.02000427246094,194.02000427246094,194.14739990234375,193.99000549316406,194.13499450683594,233588
2026-06-29 14:48:00-04:00,194.02999877929688,194.02999877929688,194.0800018310547,193.92999267578125,194.02999877929688,219727
2026-06-29 14:50:00-04:00,193.97999572753906,193.97999572753906,194.05999755859375,193.8699951171875,194.0399932861328,243420
2026-06-29 14:52:00-04:00,194.14999389648438,194.14999389648438,194.19000244140625,193.97000122070312,193.97999572753906,243129
2026-06-29 14:54:00-04:00,194.10719299316406,194.10719299316406,194.22000122070312,194.0399932861328,194.14999389648438,261634
2026-06-29 14:56:00-04:00,194.02999877929688,194.02999877929688,194.25,193.97999572753906,194.11000061035156,313602
2026-06-29 14:58:00-04:00,193.97999572753906,193.97999572753906,194.1300048828125,193.9499969482422,194.03939819335938,183275
2026-06-29 15:00:00-04:00,193.9949951171875,193.9949951171875,194.05999755859375,193.85000610351562,193.97999572753906,241517
2026-06-29 15:02:00-04:00,193.9199981689453,193.9199981689453,194.02000427246094,193.85000610351562,194.0,204803
2026-06-29 15:04:00-04:00,193.94000244140625,193.94000244140625,194.00999450683594,193.82000732421875,193.9250030517578,216461
2026-06-29 15:06:00-04:00,194.2449951171875,194.2449951171875,194.25999450683594,193.88999938964844,193.9199981689453,463888
2026-06-29 15:08:00-04:00,194.3300018310547,194.3300018310547,194.41000366210938,194.17999267578125,194.2449951171875,437355
2026-06-29 15:10:00-04:00,194.22999572753906,194.22999572753906,194.39999389648438,194.22000122070312,194.33009338378906,356678
2026-06-29 15:12:00-04:00,194.24070739746094,194.24070739746094,194.3300018310547,194.17999267578125,194.22999572753906,315293
2026-06-29 15:14:00-04:00,194.38999938964844,194.38999938964844,194.44000244140625,194.17999267578125,194.2449951171875,315096
2026-06-29 15:16:00-04:00,194.32000732421875,194.32000732421875,194.5,194.30099487304688,194.38999938964844,451133
2026-06-29 15:18:00-04:00,194.38800048828125,194.38800048828125,194.5,194.27999877929688,194.30499267578125,340265
2026-06-29 15:20:00-04:00,194.49000549316406,194.49000549316406,194.5998992919922,194.3800048828125,194.38499450683594,469352
2026-06-29 15:22:00-04:00,194.75999450683594,194.75999450683594,194.77999877929688,194.47000122070312,194.49000549316406,399561
2026-06-29 15:24:00-04:00,194.77999877929688,194.77999877929688,194.82000732421875,194.6699981689453,194.75999450683594,399904
2026-06-29 15:26:00-04:00,194.74000549316406,194.74000549316406,194.8699951171875,194.70989990234375,194.7949981689453,491119
2026-06-29 15:28:00-04:00,194.7100067138672,194.7100067138672,194.82000732421875,194.6999969482422,194.75,421205
2026-06-29 15:30:00-04:00,194.71499633789062,194.71499633789062,194.76510620117188,194.58999633789062,194.7100067138672,460217
2026-06-29 15:32:00-04:00,194.5500030517578,194.5500030517578,194.7528076171875,194.52000427246094,194.7169952392578,375360
2026-06-29 15:34:00-04:00,194.68499755859375,194.68499755859375,194.72999572753906,194.52000427246094,194.5449981689453,2272390
2026-06-29 15:36:00-04:00,194.7050018310547,194.7050018310547,194.82000732421875,194.62010192871094,194.67999267578125,328612
2026-06-29 15:38:00-04:00,194.85000610351562,194.85000610351562,194.85000610351562,194.6999969482422,194.71499633789062,371825
2026-06-29 15:40:00-04:00,194.8300018310547,194.8300018310547,194.92999267578125,194.75999450683594,194.8448028564453,342907
2026-06-29 15:42:00-04:00,194.7301025390625,194.7301025390625,194.91000366210938,194.72500610351562,194.80999755859375,432886
2026-06-29 15:44:00-04:00,194.9398956298828,194.9398956298828,194.94000244140625,194.72000122070312,194.74000549316406,449066
2026-06-29 15:46:00-04:00,194.77000427246094,194.77000427246094,194.94000244140625,194.67999267578125,194.93499755859375,508462
2026-06-29 15:48:00-04:00,194.8800048828125,194.8800048828125,194.89999389648438,194.75999450683594,194.77000427246094,392304
2026-06-29 15:50:00-04:00,194.77999877929688,194.77999877929688,194.88999938964844,194.52000427246094,194.88999938964844,762438
2026-06-29 15:52:00-04:00,194.77000427246094,194.77000427246094,194.83999633789062,194.61900329589844,194.7899932861328,532090
2026-06-29 15:54:00-04:00,194.91000366210938,194.91000366210938,195.11000061035156,194.75999450683594,194.77000427246094,1415491
2026-06-29 15:56:00-04:00,194.89999389648438,194.89999389648438,195.0500030517578,194.83999633789062,194.9149932861328,1065722
2026-06-29 15:58:00-04:00,194.89999389648438,194.89999389648438,195.17999267578125,194.85000610351562,194.88999938964844,3613762
2026-06-30 09:30:00-04:00,196.2805938720703,196.2805938720703,197.24000549316406,195.11000061035156,197.19500732421875,6836468
2026-06-30 09:32:00-04:00,197.44000244140625,197.44000244140625,197.88999938964844,196.14999389648438,196.2899932861328,1736942
2026-06-30 09:34:00-04:00,198.77999877929688,198.77999877929688,198.7899932861328,197.4239044189453,197.44000244140625,1980752
2026-06-30 09:36:00-04:00,198.2449951171875,198.2449951171875,199.05990600585938,197.66000366210938,198.77000427246094,1719115
2026-06-30 09:38:00-04:00,197.27999877929688,197.27999877929688,198.2899932861328,197.07000732421875,198.19000244140625,1166102
2026-06-30 09:40:00-04:00,196.9499969482422,196.9499969482422,197.86000061035156,196.55999755859375,197.2449951171875,1129778
2026-06-30 09:42:00-04:00,196.88999938964844,196.88999938964844,197.39999389648438,196.69200134277344,196.9499969482422,706512
2026-06-30 09:44:00-04:00,196.6999969482422,196.6999969482422,197.10000610351562,196.52999877929688,196.88999938964844,1050907
2026-06-30 09:46:00-04:00,196.60000610351562,196.60000610351562,196.80999755859375,196.38999938964844,196.64999389648438,718899
2026-06-30 09:48:00-04:00,196.58999633789062,196.58999633789062,196.83999633789062,196.35000610351562,196.61000061035156,660295
2026-06-30 09:50:00-04:00,196.6699981689453,196.6699981689453,196.8394012451172,196.35000610351562,196.5800018310547,835701
2026-06-30 09:52:00-04:00,197.4156036376953,197.4156036376953,197.5500030517578,196.4199981689453,196.66900634765625,1056907
2026-06-30 09:54:00-04:00,197.24000549316406,197.24000549316406,197.58999633789062,197.07000732421875,197.40499877929688,821353
2026-06-30 09:56:00-04:00,197.44000244140625,197.44000244140625,198.0050048828125,197.21499633789062,197.25,836489
2026-06-30 09:58:00-04:00,197.8415985107422,197.8415985107422,197.94000244140625,197.3699951171875,197.4199981689453,715372
2026-06-30 10:00:00-04:00,197.44500732421875,197.44500732421875,197.86000061035156,197.1107940673828,197.85499572753906,727153
2026-06-30 10:02:00-04:00,198.24000549316406,198.24000549316406,198.25999450683594,197.33999633789062,197.42999267578125,860385
2026-06-30 10:04:00-04:00,198.63499450683594,198.63499450683594,198.74000549316406,198.0,198.24000549316406,832090
2026-06-30 10:06:00-04:00,198.22999572753906,198.22999572753906,198.64999389648438,197.89999389648438,198.61500549316406,995315
2026-06-30 10:08:00-04:00,198.0800018310547,198.0800018310547,198.47000122070312,198.03500366210938,198.24989318847656,658607
2026-06-30 10:10:00-04:00,197.18499755859375,197.18499755859375,198.14500427246094,197.02000427246094,198.07000732421875,1123693
2026-06-30 10:12:00-04:00,197.0850067138672,197.0850067138672,197.27000427246094,196.64999389648438,197.1699981689453,792262
2026-06-30 10:14:00-04:00,196.99000549316406,196.99000549316406,197.22000122070312,196.75999450683594,197.02999877929688,629441
2026-06-30 10:16:00-04:00,197.34779357910156,197.34779357910156,197.5500030517578,196.97999572753906,196.9949951171875,677806
2026-06-30 10:18:00-04:00,197.97500610351562,197.97500610351562,198.09500122070312,197.2949981689453,197.33999633789062,836354
2026-06-30 10:20:00-04:00,197.86000061035156,197.86000061035156,197.99000549316406,197.64999389648438,197.99000549316406,457669
2026-06-30 10:22:00-04:00,198.11500549316406,198.11500549316406,198.1300048828125,197.8000030517578,197.83999633789062,529800
2026-06-30 10:24:00-04:00,197.875,197.875,198.25999450683594,197.75999450683594,198.1199951171875,613517
2026-06-30 10:26:00-04:00,197.94500732421875,197.94500732421875,198.10000610351562,197.80999755859375,197.8699951171875,303787
2026-06-30 10:28:00-04:00,197.6999969482422,197.6999969482422,197.99000549316406,197.6699981689453,197.94000244140625,370775
2026-06-30 10:30:00-04:00,198.22999572753906,198.22999572753906,198.24000549316406,197.60000610351562,197.72000122070312,580108
2026-06-30 10:32:00-04:00,198.14500427246094,198.14500427246094,198.2899932861328,197.864501953125,198.22000122070312,446052
2026-06-30 10:34:00-04:00,197.89810180664062,197.89810180664062,198.35000610351562,197.8699951171875,198.1199951171875,505546
2026-06-30 10:36:00-04:00,198.02499389648438,198.02499389648438,198.0749969482422,197.75160217285156,197.8800048828125,369682
2026-06-30 10:38:00-04:00,197.7550048828125,197.7550048828125,198.27999877929688,197.7100067138672,198.02999877929688,396231
2026-06-30 10:40:00-04:00,197.48989868164062,197.48989868164062,197.86000061035156,197.4600067138672,197.75,535912
2026-06-30 10:42:00-04:00,197.69000244140625,197.69000244140625,197.74000549316406,197.3300018310547,197.485107421875,416733
2026-06-30 10:44:00-04:00,197.58999633789062,197.58999633789062,197.9550018310547,197.4199981689453,197.69500732421875,462491
2026-06-30 10:46:00-04:00,197.32989501953125,197.32989501953125,197.6300048828125,197.13999938964844,197.61500549316406,465230
2026-06-30 10:48:00-04:00,197.39999389648438,197.39999389648438,197.49000549316406,197.07000732421875,197.2899932861328,357835
2026-06-30 10:50:00-04:00,197.48599243164062,197.48599243164062,197.8096923828125,197.41000366210938,197.4149932861328,334944
2026-06-30 10:52:00-04:00,196.68499755859375,196.68499755859375,197.4600067138672,196.64999389648438,197.4600067138672,718946
2026-06-30 10:54:00-04:00,196.81500244140625,196.81500244140625,196.81900024414062,196.42999267578125,196.68499755859375,565810
2026-06-30 10:56:00-04:00,196.8699951171875,196.8699951171875,197.0500030517578,196.75,196.80999755859375,465246
2026-06-30 10:58:00-04:00,197.05999755859375,197.05999755859375,197.10000610351562,196.74000549316406,196.8699951171875,315409
2026-06-30 11:00:00-04:00,197.6699981689453,197.6699981689453,197.75990295410156,197.00999450683594,197.05999755859375,494443
2026-06-30 11:02:00-04:00,197.5500030517578,197.5500030517578,197.75,197.44500732421875,197.66000366210938,338024
2026-06-30 11:04:00-04:00,197.45989990234375,197.45989990234375,197.6699981689453,197.4199981689453,197.5399932861328,273089
2026-06-30 11:06:00-04:00,197.48500061035156,197.48500061035156,197.61000061035156,197.32000732421875,197.44009399414062,290965
2026-06-30 11:08:00-04:00,197.7449951171875,197.7449951171875,197.7899932861328,197.47000122070312,197.48500061035156,305492
2026-06-30 11:10:00-04:00,197.72000122070312,197.72000122070312,197.8800048828125,197.64199829101562,197.7449951171875,315825
2026-06-30 11:12:00-04:00,198.61000061035156,198.61000061035156,198.64500427246094,197.6699981689453,197.7100067138672,745492
2026-06-30 11:14:00-04:00,198.13999938964844,198.13999938964844,198.6199951171875,198.09500122070312,198.61000061035156,434719
2026-06-30 11:16:00-04:00,197.83999633789062,197.83999633789062,198.1999969482422,197.82009887695312,198.14500427246094,356117
2026-06-30 11:18:00-04:00,197.9499969482422,197.9499969482422,198.05999755859375,197.80999755859375,197.83999633789062,362862
2026-06-30 11:20:00-04:00,197.75,197.75,198.0800018310547,197.72999572753906,197.92999267578125,269351
2026-06-30 11:22:00-04:00,197.80999755859375,197.80999755859375,197.88499450683594,197.77000427246094,197.77000427246094,188405
2026-06-30 11:24:00-04:00,197.99000549316406,197.99000549316406,197.99920654296875,197.75010681152344,197.82000732421875,259444
2026-06-30 11:26:00-04:00,197.9550018310547,197.9550018310547,197.97999572753906,197.75,197.97999572753906,299390
2026-06-30 11:28:00-04:00,198.24000549316406,198.24000549316406,198.30880737304688,197.92999267578125,197.9600067138672,341331
2026-06-30 11:30:00-04:00,198.24000549316406,198.24000549316406,198.35000610351562,198.19000244140625,198.24000549316406,286898
2026-06-30 11:32:00-04:00,198.19500732421875,198.19500732421875,198.32000732421875,198.16000366210938,198.22999572753906,266076
2026-06-30 11:34:00-04:00,198.22999572753906,198.22999572753906,198.27999877929688,198.1300048828125,198.19500732421875,263005
2026-06-30 11:36:00-04:00,198.16000366210938,198.16000366210938,198.22500610351562,198.02999877929688,198.2100067138672,272920
2026-06-30 11:38:00-04:00,198.24009704589844,198.24009704589844,198.27000427246094,198.02499389648438,198.1699981689453,238610
2026-06-30 11:40:00-04:00,198.11000061035156,198.11000061035156,198.25999450683594,197.8000030517578,198.25,314459
2026-06-30 11:42:00-04:00,198.17999267578125,198.17999267578125,198.3470001220703,198.05999755859375,198.10499572753906,226507
2026-06-30 11:44:00-04:00,198.02499389648438,198.02499389648438,198.2147979736328,198.00990295410156,198.1699981689453,229973
2026-06-30 11:46:00-04:00,197.94000244140625,197.94000244140625,198.10000610351562,197.91000366210938,198.02000427246094,214163
2026-06-30 11:48:00-04:00,198.2050018310547,198.2050018310547,198.25,197.90020751953125,197.94000244140625,223983
2026-06-30 11:50:00-04:00,198.3300018310547,198.3300018310547,198.42999267578125,198.1699981689453,198.2050018310547,327233
2026-06-30 11:52:00-04:00,198.6199951171875,198.6199951171875,198.6199951171875,198.29010009765625,198.32809448242188,389624
2026-06-30 11:54:00-04:00,198.55499267578125,198.55499267578125,198.64999389648438,198.36000061035156,198.625,1200279
2026-06-30 11:56:00-04:00,198.39999389648438,198.39999389648438,198.56500244140625,198.32000732421875,198.52999877929688,290955
2026-06-30 11:58:00-04:00,198.20989990234375,198.20989990234375,198.39999389648438,198.14999389648438,198.38999938964844,302458
2026-06-30 12:00:00-04:00,197.99000549316406,197.99000549316406,198.2299041748047,197.97999572753906,198.1999969482422,385118
2026-06-30 12:02:00-04:00,198.05499267578125,198.05499267578125,198.1300048828125,197.91000366210938,197.97999572753906,454294
2026-06-30 12:04:00-04:00,198.40139770507812,198.40139770507812,198.4199981689453,197.97999572753906,198.05499267578125,399671
2026-06-30 12:06:00-04:00,198.45989990234375,198.45989990234375,198.61700439453125,198.3800048828125,198.40499877929688,315962
2026-06-30 12:08:00-04:00,198.3699951171875,198.3699951171875,198.52999877929688,198.28070068359375,198.4550018310547,229142
2026-06-30 12:10:00-04:00,198.3249969482422,198.3249969482422,198.44810485839844,198.264404296875,198.3874053955078,165787
2026-06-30 12:12:00-04:00,198.32000732421875,198.32000732421875,198.4199981689453,198.25,198.33999633789062,164007
2026-06-30 12:14:00-04:00,198.24000549316406,198.24000549316406,198.3249969482422,198.14500427246094,198.32000732421875,243665
2026-06-30 12:16:00-04:00,198.36000061035156,198.36000061035156,198.5469970703125,198.24429321289062,198.25,341767
2026-06-30 12:18:00-04:00,198.33999633789062,198.33999633789062,198.38999938964844,198.27999877929688,198.36990356445312,172647
2026-06-30 12:20:00-04:00,198.05999755859375,198.05999755859375,198.36199951171875,198.05999755859375,198.3300018310547,290659
2026-06-30 12:22:00-04:00,197.92999267578125,197.92999267578125,198.13670349121094,197.89999389648438,198.07000732421875,253446
2026-06-30 12:24:00-04:00,198.1269989013672,198.1269989013672,198.2100067138672,197.83999633789062,197.92999267578125,258769
2026-06-30 12:26:00-04:00,198.11000061035156,198.11000061035156,198.28990173339844,198.07000732421875,198.110107421875,233045
2026-06-30 12:28:00-04:00,197.9499969482422,197.9499969482422,198.14999389648438,197.91000366210938,198.10499572753906,217774
2026-06-30 12:30:00-04:00,198.01220703125,198.01220703125,198.5500030517578,197.8000030517578,197.9499969482422,474883
2026-06-30 12:32:00-04:00,197.6719970703125,197.6719970703125,198.02999877929688,197.64999389648438,198.02999877929688,375044
2026-06-30 12:34:00-04:00,197.75,197.75,197.82000732421875,197.64500427246094,197.67919921875,216351
2026-06-30 12:36:00-04:00,197.8000030517578,197.8000030517578,197.8699951171875,197.74000549316406,197.74000549316406,169810
2026-06-30 12:38:00-04:00,197.85000610351562,197.85000610351562,197.86000061035156,197.75999450683594,197.7899932861328,177885
2026-06-30 12:40:00-04:00,197.8300018310547,197.8300018310547,197.9199981689453,197.7899932861328,197.85000610351562,208006
2026-06-30 12:42:00-04:00,197.86000061035156,197.86000061035156,198.0,197.74000549316406,197.8300018310547,250508
2026-06-30 12:44:00-04:00,197.8300018310547,197.8300018310547,197.9199981689453,197.74000549316406,197.85560607910156,201344
2026-06-30 12:46:00-04:00,197.75,197.75,197.86439514160156,197.6699981689453,197.83999633789062,237182
2026-06-30 12:48:00-04:00,198.09930419921875,198.09930419921875,198.1300048828125,197.72000122070312,197.77000427246094,284125
2026-06-30 12:50:00-04:00,198.0500946044922,198.0500946044922,198.1199951171875,198.00999450683594,198.11000061035156,263334
2026-06-30 12:52:00-04:00,198.24000549316406,198.24000549316406,198.27499389648438,198.03500366210938,198.05499267578125,311944
2026-06-30 12:54:00-04:00,198.22999572753906,198.22999572753906,198.27000427246094,198.1685028076172,198.24000549316406,173617
2026-06-30 12:56:00-04:00,198.2899932861328,198.2899932861328,198.38999938964844,198.2200927734375,198.22999572753906,202183
2026-06-30 12:58:00-04:00,198.25999450683594,198.25999450683594,198.2899932861328,198.15859985351562,198.27999877929688,201188
2026-06-30 13:00:00-04:00,198.3300018310547,198.3300018310547,198.42999267578125,198.25,198.25,255032
2026-06-30 13:02:00-04:00,198.27000427246094,198.27000427246094,198.32000732421875,198.1699981689453,198.32000732421875,216396
2026-06-30 13:04:00-04:00,198.35499572753906,198.35499572753906,198.43499755859375,198.2528076171875,198.2799072265625,327439
2026-06-30 13:06:00-04:00,198.35450744628906,198.35450744628906,198.44000244140625,198.2989959716797,198.35499572753906,240149
2026-06-30 13:08:00-04:00,198.38999938964844,198.38999938964844,198.4199981689453,198.31900024414062,198.36000061035156,218266
2026-06-30 13:10:00-04:00,198.05999755859375,198.05999755859375,198.37330627441406,198.0,198.37330627441406,597270
2026-06-30 13:12:00-04:00,198.3300018310547,198.3300018310547,198.5,198.05499267578125,198.05499267578125,471394
2026-06-30 13:14:00-04:00,198.17999267578125,198.17999267578125,198.34500122070312,198.13999938964844,198.34500122070312,269985
2026-06-30 13:16:00-04:00,198.10000610351562,198.10000610351562,198.27000427246094,197.99000549316406,198.1699981689453,239250
2026-06-30 13:18:00-04:00,198.2100067138672,198.2100067138672,198.23500061035156,198.05499267578125,198.08999633789062,199726
2026-06-30 13:20:00-04:00,198.47999572753906,198.47999572753906,198.55999755859375,198.2100067138672,198.2100067138672,352926
2026-06-30 13:22:00-04:00,198.38999938964844,198.38999938964844,198.5399932861328,198.3699951171875,198.47500610351562,197876
2026-06-30 13:24:00-04:00,198.27000427246094,198.27000427246094,198.4199981689453,198.1999969482422,198.39999389648438,439164
2026-06-30 13:26:00-04:00,198.22999572753906,198.22999572753906,198.3699951171875,198.1999969482422,198.25999450683594,178653
2026-06-30 13:28:00-04:00,198.2100067138672,198.2100067138672,198.25999450683594,198.15440368652344,198.22000122070312,286196
2026-06-30 13:30:00-04:00,198.2899932861328,198.2899932861328,198.38999938964844,198.1699981689453,198.2100067138672,188485
2026-06-30 13:32:00-04:00,198.2801055908203,198.2801055908203,198.33999633789062,198.14999389648438,198.2899932861328,272214
2026-06-30 13:34:00-04:00,198.35499572753906,198.35499572753906,198.4499969482422,198.24009704589844,198.27999877929688,188765
2026-06-30 13:36:00-04:00,198.22500610351562,198.22500610351562,198.3800048828125,198.1999969482422,198.35000610351562,154295
2026-06-30 13:38:00-04:00,198.1300048828125,198.1300048828125,198.27000427246094,198.11500549316406,198.22500610351562,208413
2026-06-30 13:40:00-04:00,198.1999969482422,198.1999969482422,198.2100067138672,198.05999755859375,198.1199951171875,221081
2026-06-30 13:42:00-04:00,198.69000244140625,198.69000244140625,198.8249969482422,198.17100524902344,198.1999969482422,610425
2026-06-30 13:44:00-04:00,198.4875946044922,198.4875946044922,198.77000427246094,198.47999572753906,198.6898956298828,254301
2026-06-30 13:46:00-04:00,198.35499572753906,198.35499572753906,198.52999877929688,198.3300018310547,198.48500061035156,244184
2026-06-30 13:48:00-04:00,198.27000427246094,198.27000427246094,198.4600067138672,198.22999572753906,198.36000061035156,263735
2026-06-30 13:50:00-04:00,198.23500061035156,198.23500061035156,198.2899932861328,198.10980224609375,198.28990173339844,241660
2026-06-30 13:52:00-04:00,198.3000030517578,198.3000030517578,198.32000732421875,198.14999389648438,198.23500061035156,192831
2026-06-30 13:54:00-04:00,198.35000610351562,198.35000610351562,198.38999938964844,198.27000427246094,198.2899932861328,196075
2026-06-30 13:56:00-04:00,198.36000061035156,198.36000061035156,198.389892578125,198.2899932861328,198.34500122070312,156046
2026-06-30 13:58:00-04:00,198.38999938964844,198.38999938964844,198.44000244140625,198.25,198.36000061035156,253241
2026-06-30 14:00:00-04:00,198.47999572753906,198.47999572753906,198.5500030517578,198.3699951171875,198.39500427246094,581290
2026-06-30 14:02:00-04:00,198.5399932861328,198.5399932861328,198.60000610351562,198.447998046875,198.4600067138672,300817
2026-06-30 14:04:00-04:00,198.4600067138672,198.4600067138672,198.5800018310547,198.3800048828125,198.5301055908203,334824
2026-06-30 14:06:00-04:00,198.5800018310547,198.5800018310547,198.58999633789062,198.3000030517578,198.4600067138672,242784
2026-06-30 14:08:00-04:00,198.63999938964844,198.63999938964844,198.72000122070312,198.52000427246094,198.5800018310547,326986
2026-06-30 14:10:00-04:00,198.5749969482422,198.5749969482422,198.69000244140625,198.5500030517578,198.6300048828125,193248
2026-06-30 14:12:00-04:00,198.69500732421875,198.69500732421875,198.6999969482422,198.4801025390625,198.5800018310547,192031
2026-06-30 14:14:00-04:00,198.78509521484375,198.78509521484375,198.86000061035156,198.6199951171875,198.69000244140625,318047
2026-06-30 14:16:00-04:00,198.88999938964844,198.88999938964844,198.89810180664062,198.72000122070312,198.7899932861328,324647
2026-06-30 14:18:00-04:00,199.27999877929688,199.27999877929688,199.2899932861328,198.88999938964844,198.88999938964844,798692
2026-06-30 14:20:00-04:00,199.38999938964844,199.38999938964844,199.43499755859375,199.11500549316406,199.28359985351562,651129
2026-06-30 14:22:00-04:00,199.24000549316406,199.24000549316406,199.4696044921875,199.16000366210938,199.38999938964844,494842
2026-06-30 14:24:00-04:00,199.11500549316406,199.11500549316406,199.2899932861328,199.02999877929688,199.2313995361328,548640
2026-06-30 14:26:00-04:00,198.9250030517578,198.9250030517578,199.1999969482422,198.9199981689453,199.1199951171875,438687
2026-06-30 14:28:00-04:00,198.92999267578125,198.92999267578125,199.10000610351562,198.8800048828125,198.9250030517578,307343
2026-06-30 14:30:00-04:00,198.67999267578125,198.67999267578125,198.9600067138672,198.63999938964844,198.92999267578125,435403
2026-06-30 14:32:00-04:00,198.83999633789062,198.83999633789062,198.92999267578125,198.6199951171875,198.67999267578125,462326
2026-06-30 14:34:00-04:00,198.85009765625,198.85009765625,198.89999389648438,198.6699981689453,198.83999633789062,367541
2026-06-30 14:36:00-04:00,198.52499389648438,198.52499389648438,198.94000244140625,198.4600067138672,198.85000610351562,486220
2026-06-30 14:38:00-04:00,198.22999572753906,198.22999572753906,198.57000732421875,198.1300048828125,198.52999877929688,489681
2026-06-30 14:40:00-04:00,198.39990234375,198.39990234375,198.42999267578125,198.10000610351562,198.22000122070312,458432
2026-06-30 14:42:00-04:00,198.52000427246094,198.52000427246094,198.5399932861328,198.2200927734375,198.3800048828125,354282
2026-06-30 14:44:00-04:00,198.58990478515625,198.58990478515625,198.63999938964844,198.44000244140625,198.52999877929688,303453
2026-06-30 14:46:00-04:00,198.58999633789062,198.58999633789062,198.66510009765625,198.5,198.58999633789062,303183
2026-06-30 14:48:00-04:00,198.72500610351562,198.72500610351562,198.77000427246094,198.60000610351562,198.60989379882812,406553
2026-06-30 14:50:00-04:00,198.7100067138672,198.7100067138672,198.88999938964844,198.6699981689453,198.72000122070312,314845
2026-06-30 14:52:00-04:00,198.89999389648438,198.89999389648438,198.9199981689453,198.67999267578125,198.71510314941406,283205
2026-06-30 14:54:00-04:00,198.8199005126953,198.8199005126953,198.91000366210938,198.77000427246094,198.91000366210938,349726
2026-06-30 14:56:00-04:00,198.88009643554688,198.88009643554688,199.0821075439453,198.81500244140625,198.81500244140625,429035
2026-06-30 14:58:00-04:00,198.85000610351562,198.85000610351562,198.94000244140625,198.81759643554688,198.88499450683594,238720
2026-06-30 15:00:00-04:00,199.02999877929688,199.02999877929688,199.1199951171875,198.8000030517578,198.82000732421875,361806
2026-06-30 15:02:00-04:00,199.0500030517578,199.0500030517578,199.18930053710938,198.99000549316406,199.03500366210938,678981
2026-06-30 15:04:00-04:00,198.86500549316406,198.86500549316406,199.05999755859375,198.85000610351562,199.0449981689453,289608
2026-06-30 15:06:00-04:00,199.05999755859375,199.05999755859375,199.11000061035156,198.8699951171875,198.88499450683594,402968
2026-06-30 15:08:00-04:00,199.09010314941406,199.09010314941406,199.22000122070312,198.9600067138672,199.05499267578125,446424
2026-06-30 15:10:00-04:00,198.92019653320312,198.92019653320312,199.22000122070312,198.88999938964844,199.08999633789062,428726
2026-06-30 15:12:00-04:00,198.86000061035156,198.86000061035156,198.97999572753906,198.82000732421875,198.92770385742188,369414
2026-06-30 15:14:00-04:00,198.9550018310547,198.9550018310547,198.97000122070312,198.74000549316406,198.84500122070312,439798
2026-06-30 15:16:00-04:00,199.1898956298828,199.1898956298828,199.1898956298828,198.83999633789062,198.9550018310547,2249148
2026-06-30 15:18:00-04:00,199.0749969482422,199.0749969482422,199.4149932861328,199.02000427246094,199.18499755859375,667362
2026-06-30 15:20:00-04:00,199.19000244140625,199.19000244140625,199.27999877929688,199.03500366210938,199.07009887695312,472093
2026-06-30 15:22:00-04:00,199.19000244140625,199.19000244140625,199.2100067138672,199.05999755859375,199.19000244140625,326681
2026-06-30 15:24:00-04:00,199.11500549316406,199.11500549316406,199.24000549316406,199.11000061035156,199.19720458984375,394214
2026-06-30 15:26:00-04:00,199.22500610351562,199.22500610351562,199.25,199.02000427246094,199.1199951171875,454070
2026-06-30 15:28:00-04:00,199.27999877929688,199.27999877929688,199.27999877929688,199.1501007080078,199.22500610351562,727471
2026-06-30 15:30:00-04:00,199.5198974609375,199.5198974609375,199.55999755859375,199.05999755859375,199.27000427246094,782820
2026-06-30 15:32:00-04:00,199.46499633789062,199.46499633789062,199.61000061035156,199.39500427246094,199.51499938964844,509738
2026-06-30 15:34:00-04:00,199.3000030517578,199.3000030517578,199.4600067138672,199.3000030517578,199.4600067138672,468752
2026-06-30 15:36:00-04:00,199.3699951171875,199.3699951171875,199.47999572753906,199.2301025390625,199.30499267578125,492737
2026-06-30 15:38:00-04:00,199.28500366210938,199.28500366210938,199.4199981689453,199.2050018310547,199.3699951171875,500624
2026-06-30 15:40:00-04:00,199.23500061035156,199.23500061035156,199.375,199.1300048828125,199.27000427246094,561302
2026-06-30 15:42:00-04:00,199.00999450683594,199.00999450683594,199.24000549316406,198.94000244140625,199.23089599609375,559715
2026-06-30 15:44:00-04:00,199.14999389648438,199.14999389648438,199.2899932861328,199.0,199.0,548987
2026-06-30 15:46:00-04:00,199.04989624023438,199.04989624023438,199.22999572753906,199.0050048828125,199.15499877929688,550689
2026-06-30 15:48:00-04:00,199.02999877929688,199.02999877929688,199.16000366210938,199.0,199.0399932861328,586799
2026-06-30 15:50:00-04:00,198.64500427246094,198.64500427246094,199.02000427246094,198.3699951171875,199.02000427246094,1446398
2026-06-30 15:52:00-04:00,199.19000244140625,199.19000244140625,199.25999450683594,198.52000427246094,198.64999389648438,1190742
2026-06-30 15:54:00-04:00,199.8701934814453,199.8701934814453,200.14999389648438,199.1699981689453,199.17010498046875,3700551
2026-06-30 15:56:00-04:00,200.58999633789062,200.58999633789062,200.60000610351562,199.7899932861328,199.8800048828125,3047778
2026-06-30 15:58:00-04:00,199.77000427246094,199.77000427246094,200.6300048828125,199.75999450683594,200.58999633789062,7152913
2026-07-01 09:30:00-04:00,194.4600067138672,194.4600067138672,196.2100067138672,193.6999969482422,196.1699981689453,9246497
2026-07-01 09:32:00-04:00,193.61500549316406,193.61500549316406,194.55560302734375,193.4499969482422,194.4499969482422,1716926
2026-07-01 09:34:00-04:00,193.76829528808594,193.76829528808594,193.9600067138672,193.5399932861328,193.60000610351562,1453791
2026-07-01 09:36:00-04:00,194.0200958251953,194.0200958251953,194.5500030517578,193.75,193.7899932861328,1372997
2026-07-01 09:38:00-04:00,194.27000427246094,194.27000427246094,194.47999572753906,193.91000366210938,194.0583038330078,1141602
2026-07-01 09:40:00-04:00,194.3000030517578,194.3000030517578,194.51010131835938,194.02999877929688,194.19000244140625,1040109
2026-07-01 09:42:00-04:00,194.58999633789062,194.58999633789062,194.91859436035156,194.17999267578125,194.3000030517578,953125
2026-07-01 09:44:00-04:00,194.50999450683594,194.50999450683594,194.77000427246094,194.3000030517578,194.610107421875,1018157
2026-07-01 09:46:00-04:00,195.3699951171875,195.3699951171875,195.41000366210938,194.44000244140625,194.49000549316406,1398627
2026-07-01 09:48:00-04:00,194.84500122070312,194.84500122070312,195.71839904785156,194.52999877929688,195.35000610351562,1137164
2026-07-01 09:50:00-04:00,195.1750030517578,195.1750030517578,195.26010131835938,194.80039978027344,194.8300018310547,675658
2026-07-01 09:52:00-04:00,195.0699005126953,195.0699005126953,195.35000610351562,195.0500030517578,195.16000366210938,617044
2026-07-01 09:54:00-04:00,194.82000732421875,194.82000732421875,195.15899658203125,194.7100067138672,195.05499267578125,727927
2026-07-01 09:56:00-04:00,194.860107421875,194.860107421875,194.97000122070312,194.58999633789062,194.8011932373047,589940
2026-07-01 09:58:00-04:00,195.4550018310547,195.4550018310547,195.49000549316406,194.77999877929688,194.875,632890
2026-07-01 10:00:00-04:00,195.44000244140625,195.44000244140625,195.64999389648438,195.05999755859375,195.4499969482422,786635
2026-07-01 10:02:00-04:00,195.25,195.25,195.45989990234375,195.02000427246094,195.45989990234375,797887
2026-07-01 10:04:00-04:00,195.48500061035156,195.48500061035156,195.58999633789062,195.1300048828125,195.25,761505
2026-07-01 10:06:00-04:00,195.49200439453125,195.49200439453125,195.68800354003906,195.29010009765625,195.49000549316406,796701
2026-07-01 10:08:00-04:00,195.77999877929688,195.77999877929688,195.8397979736328,195.44500732421875,195.5,802355
2026-07-01 10:10:00-04:00,196.27000427246094,196.27000427246094,196.2899932861328,195.67999267578125,195.77999877929688,1011916
2026-07-01 10:12:00-04:00,196.3699951171875,196.3699951171875,196.4250030517578,196.02000427246094,196.27999877929688,782523
2026-07-01 10:14:00-04:00,195.9550018310547,195.9550018310547,196.42999267578125,195.94000244140625,196.3699951171875,741249
2026-07-01 10:16:00-04:00,196.03500366210938,196.03500366210938,196.0399932861328,195.64999389648438,195.97000122070312,627742
2026-07-01 10:18:00-04:00,196.02499389648438,196.02499389648438,196.08009338378906,195.80999755859375,196.03500366210938,499660
2026-07-01 10:20:00-04:00,196.04100036621094,196.04100036621094,196.1199951171875,195.6999969482422,196.02000427246094,488468
2026-07-01 10:22:00-04:00,195.9499053955078,195.9499053955078,196.42999267578125,195.92999267578125,196.0449981689453,614161
2026-07-01 10:24:00-04:00,196.16000366210938,196.16000366210938,196.2550048828125,195.91510009765625,195.92999267578125,521112
2026-07-01 10:26:00-04:00,196.43499755859375,196.43499755859375,196.57000732421875,196.1649932861328,196.16510009765625,502188
2026-07-01 10:28:00-04:00,196.1999969482422,196.1999969482422,196.47999572753906,196.1199951171875,196.4600067138672,376401
2026-07-01 10:30:00-04:00,195.78500366210938,195.78500366210938,196.38999938964844,195.64999389648438,196.2050018310547,770894
2026-07-01 10:32:00-04:00,195.7198944091797,195.7198944091797,195.9199981689453,195.43499755859375,195.7899932861328,664955
2026-07-01 10:34:00-04:00,195.55999755859375,195.55999755859375,195.80990600585938,195.47999572753906,195.72000122070312,497303
2026-07-01 10:36:00-04:00,195.7050018310547,195.7050018310547,195.89500427246094,195.4405059814453,195.5500030517578,475827
2026-07-01 10:38:00-04:00,195.6999969482422,195.6999969482422,195.80499267578125,195.5,195.7100067138672,467934
2026-07-01 10:40:00-04:00,195.31500244140625,195.31500244140625,195.7899932861328,195.2100067138672,195.70339965820312,472618
2026-07-01 10:42:00-04:00,195.46499633789062,195.46499633789062,195.63999938964844,195.27000427246094,195.30999755859375,555941
2026-07-01 10:44:00-04:00,194.7550048828125,194.7550048828125,195.5699005126953,194.6999969482422,195.47999572753906,801511
2026-07-01 10:46:00-04:00,194.85000610351562,194.85000610351562,195.0399932861328,194.47000122070312,194.7550048828125,1031770
2026-07-01 10:48:00-04:00,195.36500549316406,195.36500549316406,195.3699951171875,194.68280029296875,194.85000610351562,606921
2026-07-01 10:50:00-04:00,195.85989379882812,195.85989379882812,195.94000244140625,195.3000030517578,195.3699951171875,703328
2026-07-01 10:52:00-04:00,195.9250030517578,195.9250030517578,195.93499755859375,195.61000061035156,195.85000610351562,555966
2026-07-01 10:54:00-04:00,195.75999450683594,195.75999450683594,195.9600067138672,195.64500427246094,195.92010498046875,444487
2026-07-01 10:56:00-04:00,195.48500061035156,195.48500061035156,195.83990478515625,195.47999572753906,195.7550048828125,432870
2026-07-01 10:58:00-04:00,195.64999389648438,195.64999389648438,195.75,195.2550048828125,195.47999572753906,610113
2026-07-01 11:00:00-04:00,195.97999572753906,195.97999572753906,195.97999572753906,195.58999633789062,195.64999389648438,406497
2026-07-01 11:02:00-04:00,196.0800018310547,196.0800018310547,196.12989807128906,195.83999633789062,195.98500061035156,586435
2026-07-01 11:04:00-04:00,196.0800018310547,196.0800018310547,196.3000030517578,195.98500061035156,196.09500122070312,738823
2026-07-01 11:06:00-04:00,196.02000427246094,196.02000427246094,196.1898956298828,195.97000122070312,196.10000610351562,294938
2026-07-01 11:08:00-04:00,195.91000366210938,195.91000366210938,196.0399932861328,195.67999267578125,196.02000427246094,413876
2026-07-01 11:10:00-04:00,195.9116973876953,195.9116973876953,195.9600067138672,195.67999267578125,195.9149932861328,383867
2026-07-01 11:12:00-04:00,196.13999938964844,196.13999938964844,196.22999572753906,195.7899932861328,195.9149932861328,484240
2026-07-01 11:14:00-04:00,196.41000366210938,196.41000366210938,196.49000549316406,196.07000732421875,196.13999938964844,596331
2026-07-01 11:16:00-04:00,196.43580627441406,196.43580627441406,196.52000427246094,196.30999755859375,196.42999267578125,634464
2026-07-01 11:18:00-04:00,196.3699951171875,196.3699951171875,196.47000122070312,196.1699981689453,196.44000244140625,540114
2026-07-01 11:20:00-04:00,196.42999267578125,196.42999267578125,196.82000732421875,196.28500366210938,196.36500549316406,663448
2026-07-01 11:22:00-04:00,196.56300354003906,196.56300354003906,196.72999572753906,196.35499572753906,196.44000244140625,423397
2026-07-01 11:24:00-04:00,196.72000122070312,196.72000122070312,196.75,196.39999389648438,196.56019592285156,377168
2026-07-01 11:26:00-04:00,196.67999267578125,196.67999267578125,196.82989501953125,196.5399932861328,196.7100067138672,410180
2026-07-01 11:28:00-04:00,196.92999267578125,196.92999267578125,196.99000549316406,196.6699981689453,196.67990112304688,1197814
2026-07-01 11:30:00-04:00,197.15029907226562,197.15029907226562,197.1999969482422,196.8699951171875,196.9302978515625,681344
2026-07-01 11:32:00-04:00,197.11500549316406,197.11500549316406,197.17999267578125,196.9600067138672,197.14999389648438,542672
2026-07-01 11:34:00-04:00,196.98500061035156,196.98500061035156,197.13999938964844,196.91000366210938,197.11000061035156,361275
2026-07-01 11:36:00-04:00,196.7949981689453,196.7949981689453,197.05999755859375,196.78900146484375,196.98500061035156,548175
2026-07-01 11:38:00-04:00,196.77000427246094,196.77000427246094,196.92990112304688,196.75010681152344,196.7899932861328,269439
2026-07-01 11:40:00-04:00,197.00999450683594,197.00999450683594,197.00999450683594,196.75,196.76010131835938,325868
2026-07-01 11:42:00-04:00,196.99000549316406,196.99000549316406,197.19000244140625,196.97000122070312,197.02000427246094,447318
2026-07-01 11:44:00-04:00,197.0800018310547,197.0800018310547,197.18130493164062,196.97999572753906,196.9801025390625,447140
2026-07-01 11:46:00-04:00,197.05499267578125,197.05499267578125,197.17999267578125,196.97999572753906,197.07000732421875,309846
2026-07-01 11:48:00-04:00,196.82000732421875,196.82000732421875,197.1300048828125,196.75999450683594,197.04820251464844,329974
2026-07-01 11:50:00-04:00,196.75,196.75,196.99000549316406,196.63999938964844,196.8000030517578,1338208
2026-07-01 11:52:00-04:00,196.97999572753906,196.97999572753906,197.02999877929688,196.69000244140625,196.75,330058
2026-07-01 11:54:00-04:00,196.64999389648438,196.64999389648438,196.97999572753906,196.63999938964844,196.97000122070312,260080
2026-07-01 11:56:00-04:00,196.9499053955078,196.9499053955078,196.9499053955078,196.6300048828125,196.64500427246094,274813
2026-07-01 11:58:00-04:00,197.0850067138672,197.0850067138672,197.1999969482422,196.9499969482422,196.9499969482422,364778
2026-07-01 12:00:00-04:00,197.0200958251953,197.0200958251953,197.1927032470703,196.9499969482422,197.1300048828125,370168
2026-07-01 12:02:00-04:00,197.11929321289062,197.11929321289062,197.27000427246094,196.94000244140625,197.02999877929688,390124
2026-07-01 12:04:00-04:00,196.68499755859375,196.68499755859375,197.11279296875,196.68499755859375,197.11000061035156,328633
2026-07-01 12:06:00-04:00,196.86000061035156,196.86000061035156,197.0,196.69000244140625,196.7050018310547,225689
2026-07-01 12:08:00-04:00,196.83999633789062,196.83999633789062,197.00999450683594,196.75,196.85000610351562,263537
2026-07-01 12:10:00-04:00,196.860107421875,196.860107421875,196.89999389648438,196.6999969482422,196.8498992919922,225896
2026-07-01 12:12:00-04:00,196.75,196.75,196.9499969482422,196.75,196.86500549316406,233936
2026-07-01 12:14:00-04:00,196.7100067138672,196.7100067138672,196.85000610351562,196.69000244140625,196.7799072265625,293876
2026-07-01 12:16:00-04:00,196.82000732421875,196.82000732421875,196.88999938964844,196.57009887695312,196.6999969482422,280758
2026-07-01 12:18:00-04:00,196.88999938964844,196.88999938964844,196.92999267578125,196.7100067138672,196.82000732421875,266985
2026-07-01 12:20:00-04:00,196.99000549316406,196.99000549316406,197.0399932861328,196.75,196.88999938964844,233656
2026-07-01 12:22:00-04:00,197.1199951171875,197.1199951171875,197.14999389648438,196.9409942626953,196.99000549316406,230092
2026-07-01 12:24:00-04:00,197.1501007080078,197.1501007080078,197.32000732421875,197.11000061035156,197.1199951171875,304728
2026-07-01 12:26:00-04:00,197.17999267578125,197.17999267578125,197.36000061035156,197.10000610351562,197.16510009765625,351099
2026-07-01 12:28:00-04:00,197.06199645996094,197.06199645996094,197.27999877929688,197.05999755859375,197.17990112304688,220933
2026-07-01 12:30:00-04:00,197.1199951171875,197.1199951171875,197.3000030517578,197.0500946044922,197.0800018310547,316940
2026-07-01 12:32:00-04:00,197.35000610351562,197.35000610351562,197.36000061035156,197.0850067138672,197.110107421875,758608
2026-07-01 12:34:00-04:00,197.33999633789062,197.33999633789062,197.42999267578125,197.16000366210938,197.35000610351562,436764
2026-07-01 12:36:00-04:00,197.33999633789062,197.33999633789062,197.4499969482422,197.25999450683594,197.33999633789062,265701
2026-07-01 12:38:00-04:00,197.0500030517578,197.0500030517578,197.35000610351562,197.0399932861328,197.35000610351562,239906
2026-07-01 12:40:00-04:00,197.11000061035156,197.11000061035156,197.19000244140625,196.97000122070312,197.0500030517578,277794
2026-07-01 12:42:00-04:00,197.05999755859375,197.05999755859375,197.2899932861328,197.02999877929688,197.10499572753906,246702
2026-07-01 12:44:00-04:00,197.0,197.0,197.19000244140625,196.97999572753906,197.0500030517578,234295
2026-07-01 12:46:00-04:00,197.52000427246094,197.52000427246094,197.57000732421875,197.0,197.0,366282
2026-07-01 12:48:00-04:00,197.44000244140625,197.44000244140625,197.6300048828125,197.41000366210938,197.52000427246094,303102
2026-07-01 12:50:00-04:00,197.44000244140625,197.44000244140625,197.5500030517578,197.30499267578125,197.44000244140625,281459
2026-07-01 12:52:00-04:00,197.1699981689453,197.1699981689453,197.47999572753906,197.1699981689453,197.4600067138672,248842
2026-07-01 12:54:00-04:00,196.9600067138672,196.9600067138672,197.27999877929688,196.94000244140625,197.1750030517578,302669
2026-07-01 12:56:00-04:00,197.18499755859375,197.18499755859375,197.28500366210938,196.910400390625,196.9550018310547,282884
2026-07-01 12:58:00-04:00,197.14999389648438,197.14999389648438,197.1999969482422,197.05999755859375,197.18499755859375,228090
2026-07-01 13:00:00-04:00,197.38499450683594,197.38499450683594,197.49000549316406,197.13999938964844,197.16000366210938,354297
2026-07-01 13:02:00-04:00,197.19000244140625,197.19000244140625,197.4949951171875,197.0749969482422,197.3800048828125,313254
2026-07-01 13:04:00-04:00,197.0399932861328,197.0399932861328,197.27000427246094,196.99000549316406,197.18499755859375,279607
2026-07-01 13:06:00-04:00,197.2949981689453,197.2949981689453,197.3199005126953,196.9499969482422,197.0399932861328,284110
2026-07-01 13:08:00-04:00,197.32000732421875,197.32000732421875,197.4499969482422,197.26199340820312,197.29119873046875,539675
2026-07-01 13:10:00-04:00,197.49009704589844,197.49009704589844,197.59979248046875,197.24000549316406,197.3300018310547,393675
2026-07-01 13:12:00-04:00,197.75,197.75,197.7949981689453,197.50999450683594,197.50999450683594,537592
2026-07-01 13:14:00-04:00,197.8000030517578,197.8000030517578,197.84500122070312,197.625,197.75,1644523
2026-07-01 13:16:00-04:00,197.6699981689453,197.6699981689453,197.83999633789062,197.66000366210938,197.80499267578125,281349
2026-07-01 13:18:00-04:00,197.97000122070312,197.97000122070312,198.0399932861328,197.66000366210938,197.66000366210938,450088
2026-07-01 13:20:00-04:00,197.88999938964844,197.88999938964844,198.05999755859375,197.80999755859375,197.97000122070312,336839
2026-07-01 13:22:00-04:00,198.11000061035156,198.11000061035156,198.17999267578125,197.86000061035156,197.8800048828125,303325
2026-07-01 13:24:00-04:00,198.36000061035156,198.36000061035156,198.47999572753906,197.99000549316406,198.11000061035156,432582
2026-07-01 13:26:00-04:00,198.19000244140625,198.19000244140625,198.4499969482422,198.14999389648438,198.35000610351562,836548
2026-07-01 13:28:00-04:00,198.2050018310547,198.2050018310547,198.27450561523438,198.06500244140625,198.1999969482422,299303
2026-07-01 13:30:00-04:00,198.3000030517578,198.3000030517578,198.39999389648438,198.1999969482422,198.1999969482422,287990
2026-07-01 13:32:00-04:00,198.06500244140625,198.06500244140625,198.31500244140625,198.06019592285156,198.3000030517578,274670
2026-07-01 13:34:00-04:00,198.22000122070312,198.22000122070312,198.33999633789062,198.022705078125,198.06500244140625,279685
2026-07-01 13:36:00-04:00,198.42999267578125,198.42999267578125,198.42999267578125,198.1529998779297,198.22000122070312,269041
2026-07-01 13:38:00-04:00,198.6649932861328,198.6649932861328,198.6750030517578,198.3699951171875,198.42010498046875,406921
2026-07-01 13:40:00-04:00,198.75999450683594,198.75999450683594,198.8000030517578,198.5500030517578,198.6649932861328,502688
2026-07-01 13:42:00-04:00,198.74000549316406,198.74000549316406,198.83999633789062,198.6699981689453,198.75,402619
2026-07-01 13:44:00-04:00,198.77000427246094,198.77000427246094,198.8498992919922,198.63999938964844,198.75,319618
2026-07-01 13:46:00-04:00,198.69000244140625,198.69000244140625,198.86000061035156,198.6649932861328,198.76499938964844,329048
2026-07-01 13:48:00-04:00,198.60000610351562,198.60000610351562,198.6999969482422,198.5399932861328,198.6999969482422,329152
2026-07-01 13:50:00-04:00,198.71820068359375,198.71820068359375,198.9250030517578,198.58999633789062,198.61000061035156,400992
2026-07-01 13:52:00-04:00,198.75340270996094,198.75340270996094,198.8000030517578,198.50999450683594,198.6999969482422,312424
2026-07-01 13:54:00-04:00,198.4949951171875,198.4949951171875,198.77000427246094,198.4550018310547,198.75999450683594,681019
2026-07-01 13:56:00-04:00,198.77999877929688,198.77999877929688,198.80999755859375,198.47999572753906,198.4949951171875,296098
2026-07-01 13:58:00-04:00,198.66000366210938,198.66000366210938,198.8300018310547,198.57000732421875,198.7899932861328,399007
2026-07-01 14:00:00-04:00,198.8300018310547,198.8300018310547,198.8699951171875,198.52000427246094,198.6649932861328,367524
2026-07-01 14:02:00-04:00,198.72999572753906,198.72999572753906,198.85000610351562,198.6300048828125,198.81500244140625,237633
2026-07-01 14:04:00-04:00,198.6649932861328,198.6649932861328,198.80999755859375,198.64999389648438,198.72000122070312,253505
2026-07-01 14:06:00-04:00,198.17999267578125,198.17999267578125,198.77000427246094,198.16000366210938,198.6649932861328,463620
2026-07-01 14:08:00-04:00,198.30499267578125,198.30499267578125,198.4199981689453,198.16000366210938,198.16070556640625,346148
2026-07-01 14:10:00-04:00,197.99000549316406,197.99000549316406,198.38499450683594,197.9550018310547,198.30499267578125,392861
2026-07-01 14:12:00-04:00,197.97000122070312,197.97000122070312,198.0,197.86000061035156,197.99000549316406,321133
2026-07-01 14:14:00-04:00,197.82000732421875,197.82000732421875,198.04989624023438,197.75,197.9550018310547,408326
2026-07-01 14:16:00-04:00,197.9499969482422,197.9499969482422,197.99000549316406,197.67999267578125,197.8249969482422,407269
2026-07-01 14:18:00-04:00,198.0500030517578,198.0500030517578,198.1300048828125,197.8800048828125,197.9499969482422,361175
2026-07-01 14:20:00-04:00,197.94500732421875,197.94500732421875,198.09500122070312,197.86000061035156,198.05999755859375,276417
2026-07-01 14:22:00-04:00,198.00999450683594,198.00999450683594,198.02000427246094,197.91000366210938,197.94500732421875,796111
2026-07-01 14:24:00-04:00,198.19500732421875,198.19500732421875,198.27000427246094,197.97500610351562,198.00579833984375,895296
2026-07-01 14:26:00-04:00,198.1999969482422,198.1999969482422,198.27000427246094,198.1199951171875,198.1905975341797,350937
2026-07-01 14:28:00-04:00,198.09500122070312,198.09500122070312,198.1999969482422,198.02999877929688,198.1999969482422,253638
2026-07-01 14:30:00-04:00,198.32000732421875,198.32000732421875,198.33999633789062,198.02000427246094,198.09500122070312,297450
2026-07-01 14:32:00-04:00,198.36500549316406,198.36500549316406,198.4499969482422,198.25,198.32000732421875,302571
2026-07-01 14:34:00-04:00,198.39999389648438,198.39999389648438,198.47999572753906,198.30999755859375,198.36500549316406,272505
2026-07-01 14:36:00-04:00,198.360107421875,198.360107421875,198.47999572753906,198.3101043701172,198.39500427246094,253232
2026-07-01 14:38:00-04:00,198.4593048095703,198.4593048095703,198.4600067138672,198.30999755859375,198.36500549316406,255513
2026-07-01 14:40:00-04:00,198.2100067138672,198.2100067138672,198.48500061035156,198.16000366210938,198.47999572753906,312861
2026-07-01 14:42:00-04:00,198.22000122070312,198.22000122070312,198.3000030517578,198.21499633789062,198.21499633789062,213266
2026-07-01 14:44:00-04:00,198.2449951171875,198.2449951171875,198.375,198.2100067138672,198.22999572753906,208999
2026-07-01 14:46:00-04:00,198.0500030517578,198.0500030517578,198.25,198.0,198.2449951171875,363031
2026-07-01 14:48:00-04:00,198.22360229492188,198.22360229492188,198.22500610351562,198.0,198.05499267578125,319024
2026-07-01 14:50:00-04:00,198.18499755859375,198.18499755859375,198.25999450683594,198.05999755859375,198.1999969482422,302224
2026-07-01 14:52:00-04:00,198.00999450683594,198.00999450683594,198.1999969482422,197.89010620117188,198.1898956298828,450048
2026-07-01 14:54:00-04:00,197.97360229492188,197.97360229492188,198.1197052001953,197.94000244140625,198.00999450683594,401720
2026-07-01 14:56:00-04:00,198.24000549316406,198.24000549316406,198.24009704589844,197.94000244140625,197.97500610351562,390590
2026-07-01 14:58:00-04:00,198.3699951171875,198.3699951171875,198.39999389648438,198.1699981689453,198.2449951171875,440470
2026-07-01 15:00:00-04:00,198.45989990234375,198.45989990234375,198.5500030517578,198.3300018310547,198.3699951171875,467937
2026-07-01 15:02:00-04:00,198.82000732421875,198.82000732421875,198.84500122070312,198.4499969482422,198.4550018310547,518257
2026-07-01 15:04:00-04:00,199.5500030517578,199.5500030517578,199.5500030517578,198.80999755859375,198.80999755859375,979729
2026-07-01 15:06:00-04:00,199.63999938964844,199.63999938964844,199.8498992919922,199.53500366210938,199.55499267578125,836243
2026-07-01 15:08:00-04:00,199.6300048828125,199.6300048828125,199.85000610351562,199.60000610351562,199.63999938964844,535191
2026-07-01 15:10:00-04:00,199.6300048828125,199.6300048828125,199.77000427246094,199.50999450683594,199.6300048828125,583984
2026-07-01 15:12:00-04:00,199.3800048828125,199.3800048828125,199.66000366210938,199.30999755859375,199.6300048828125,594335
2026-07-01 15:14:00-04:00,199.30999755859375,199.30999755859375,199.42990112304688,199.2100067138672,199.3699951171875,461699
2026-07-01 15:16:00-04:00,199.3300018310547,199.3300018310547,199.42999267578125,199.2449951171875,199.3000030517578,468944
2026-07-01 15:18:00-04:00,199.47999572753906,199.47999572753906,199.55499267578125,199.12010192871094,199.3300018310547,565700
2026-07-01 15:20:00-04:00,199.110107421875,199.110107421875,199.52999877929688,199.10000610351562,199.47999572753906,554327
2026-07-01 15:22:00-04:00,199.1649932861328,199.1649932861328,199.25,199.0800018310547,199.11500549316406,465934
2026-07-01 15:24:00-04:00,199.1699981689453,199.1699981689453,199.35499572753906,199.0800018310547,199.1699981689453,442931
2026-07-01 15:26:00-04:00,199.25999450683594,199.25999450683594,199.27499389648438,199.02999877929688,199.1699981689453,484346
2026-07-01 15:28:00-04:00,199.3000030517578,199.3000030517578,199.43499755859375,199.2100067138672,199.27000427246094,462780
2026-07-01 15:30:00-04:00,199.48500061035156,199.48500061035156,199.70989990234375,199.3000030517578,199.3000030517578,762382
2026-07-01 15:32:00-04:00,199.5449981689453,199.5449981689453,199.61000061035156,199.39010620117188,199.49000549316406,473905
2026-07-01 15:34:00-04:00,199.1999969482422,199.1999969482422,199.55999755859375,199.13999938964844,199.5500030517578,461174
2026-07-01 15:36:00-04:00,198.97500610351562,198.97500610351562,199.1999969482422,198.97000122070312,199.1999969482422,517735
2026-07-01 15:38:00-04:00,198.80999755859375,198.80999755859375,198.99000549316406,198.67999267578125,198.97500610351562,583304
2026-07-01 15:40:00-04:00,198.46499633789062,198.46499633789062,198.80999755859375,198.44000244140625,198.8000030517578,643770
2026-07-01 15:42:00-04:00,198.33999633789062,198.33999633789062,198.5,198.24000549316406,198.46499633789062,911418
2026-07-01 15:44:00-04:00,198.3699951171875,198.3699951171875,198.4199981689453,198.2100067138672,198.33999633789062,521873
2026-07-01 15:46:00-04:00,198.39999389648438,198.39999389648438,198.44500732421875,198.27000427246094,198.3699951171875,548601
2026-07-01 15:48:00-04:00,198.42999267578125,198.42999267578125,198.5699005126953,198.3000030517578,198.4149932861328,678075
2026-07-01 15:50:00-04:00,198.09500122070312,198.09500122070312,198.7899932861328,197.97999572753906,198.4499969482422,1239812
2026-07-01 15:52:00-04:00,197.9600067138672,197.9600067138672,198.11000061035156,197.8300018310547,198.11000061035156,946691
2026-07-01 15:54:00-04:00,197.5050048828125,197.5050048828125,197.9499969482422,197.45010375976562,197.9499969482422,1811683
2026-07-01 15:56:00-04:00,197.39500427246094,197.39500427246094,197.80499267578125,197.22999572753906,197.50999450683594,1704308
2026-07-01 15:58:00-04:00,197.5800018310547,197.5800018310547,197.9499969482422,197.3699951171875,197.39999389648438,4604830
2026-07-02 09:30:00-04:00,197.97000122070312,197.97000122070312,198.0,196.77999877929688,197.14999389648438,4651704
2026-07-02 09:32:00-04:00,198.42999267578125,198.42999267578125,198.69000244140625,197.8000030517578,197.94000244140625,2515195
2026-07-02 09:34:00-04:00,198.25,198.25,198.60989379882812,197.9199981689453,198.4199981689453,677747
2026-07-02 09:36:00-04:00,198.11000061035156,198.11000061035156,198.52499389648438,197.92999267578125,198.25,733102
2026-07-02 09:38:00-04:00,197.77999877929688,197.77999877929688,198.14999389648438,197.51499938964844,198.10000610351562,636599
2026-07-02 09:40:00-04:00,198.19500732421875,198.19500732421875,198.2899932861328,197.5500030517578,197.75999450683594,574176
2026-07-02 09:42:00-04:00,198.17950439453125,198.17950439453125,198.3000030517578,197.9770050048828,198.13510131835938,610785
2026-07-02 09:44:00-04:00,197.9949951171875,197.9949951171875,198.36000061035156,197.8000030517578,198.16000366210938,527266
2026-07-02 09:46:00-04:00,198.1999969482422,198.1999969482422,198.24000549316406,197.61000061035156,198.02000427246094,531221
2026-07-02 09:48:00-04:00,198.35000610351562,198.35000610351562,198.57000732421875,198.00999450683594,198.1699981689453,579685
2026-07-02 09:50:00-04:00,198.6199951171875,198.6199951171875,198.94000244140625,198.2270050048828,198.30499267578125,759445
2026-07-02 09:52:00-04:00,197.60989379882812,197.60989379882812,198.59979248046875,197.5,198.57000732421875,1047205
2026-07-02 09:54:00-04:00,198.69000244140625,198.69000244140625,198.69000244140625,197.5,197.5800018310547,910125
2026-07-02 09:56:00-04:00,198.36309814453125,198.36309814453125,198.77499389648438,198.2100067138672,198.66000366210938,440860
2026-07-02 09:58:00-04:00,198.85499572753906,198.85499572753906,198.89010620117188,198.2700958251953,198.3800048828125,532471
2026-07-02 10:00:00-04:00,199.69000244140625,199.69000244140625,199.7100067138672,198.5500030517578,198.89999389648438,862301
2026-07-02 10:02:00-04:00,199.82000732421875,199.82000732421875,200.05499267578125,199.64999389648438,199.69500732421875,1412613
2026-07-02 10:04:00-04:00,199.77999877929688,199.77999877929688,199.8300018310547,199.3800048828125,199.80999755859375,661812
2026-07-02 10:06:00-04:00,199.56500244140625,199.56500244140625,199.82000732421875,199.34019470214844,199.8000030517578,535339
2026-07-02 10:08:00-04:00,198.80999755859375,198.80999755859375,199.5800018310547,198.6699981689453,199.5500030517578,636380
2026-07-02 10:10:00-04:00,198.74000549316406,198.74000549316406,198.89999389648438,198.52000427246094,198.86000061035156,479711
2026-07-02 10:12:00-04:00,199.1300048828125,199.1300048828125,199.27999877929688,198.6649932861328,198.71499633789062,493678
2026-07-02 10:14:00-04:00,198.9600067138672,198.9600067138672,199.35499572753906,198.80999755859375,199.1300048828125,495402
2026-07-02 10:16:00-04:00,198.7100067138672,198.7100067138672,199.36349487304688,198.7100067138672,198.97000122070312,488878
2026-07-02 10:18:00-04:00,199.2100067138672,199.2100067138672,199.25,198.49200439453125,198.72079467773438,627682
2026-07-02 10:20:00-04:00,198.9550018310547,198.9550018310547,199.33999633789062,198.82009887695312,199.22999572753906,428063
2026-07-02 10:22:00-04:00,198.86500549316406,198.86500549316406,199.0,198.50999450683594,198.9199981689453,551795
2026-07-02 10:24:00-04:00,198.57000732421875,198.57000732421875,199.0,198.235107421875,198.86500549316406,570504
2026-07-02 10:26:00-04:00,197.71499633789062,197.71499633789062,198.74000549316406,197.6649932861328,198.5749969482422,745789
2026-07-02 10:28:00-04:00,197.85000610351562,197.85000610351562,198.0,197.44000244140625,197.75,738235
2026-07-02 10:30:00-04:00,197.8800048828125,197.8800048828125,198.2050018310547,197.57000732421875,197.88999938964844,672130
2026-07-02 10:32:00-04:00,197.27999877929688,197.27999877929688,198.1649932861328,197.25,197.9199981689453,621177
2026-07-02 10:34:00-04:00,196.7100067138672,196.7100067138672,197.44000244140625,196.61000061035156,197.3000030517578,942587
2026-07-02 10:36:00-04:00,197.35000610351562,197.35000610351562,197.5095977783203,196.61000061035156,196.70010375976562,639370
2026-07-02 10:38:00-04:00,197.10000610351562,197.10000610351562,197.36000061035156,197.02000427246094,197.36000061035156,437193
2026-07-02 10:40:00-04:00,196.80999755859375,196.80999755859375,197.2799072265625,196.6999969482422,197.10000610351562,533505
2026-07-02 10:42:00-04:00,196.35499572753906,196.35499572753906,196.8300018310547,196.0800018310547,196.8300018310547,914733
2026-07-02 10:44:00-04:00,196.44000244140625,196.44000244140625,196.7899932861328,196.19000244140625,196.3800048828125,744982
2026-07-02 10:46:00-04:00,196.27000427246094,196.27000427246094,196.86000061035156,196.1199951171875,196.4600067138672,744129
2026-07-02 10:48:00-04:00,196.4250030517578,196.4250030517578,196.63479614257812,195.860107421875,196.25,912035
2026-07-02 10:50:00-04:00,196.22999572753906,196.22999572753906,196.58999633789062,196.0500030517578,196.39999389648438,863605
2026-07-02 10:52:00-04:00,195.47500610351562,195.47500610351562,196.21499633789062,195.2100067138672,196.16009521484375,922936
2026-07-02 10:54:00-04:00,195.89999389648438,195.89999389648438,196.0500030517578,195.38999938964844,195.46670532226562,672428
2026-07-02 10:56:00-04:00,195.72329711914062,195.72329711914062,196.15989685058594,195.6199951171875,195.92999267578125,543852
2026-07-02 10:58:00-04:00,196.24000549316406,196.24000549316406,196.2899932861328,195.69000244140625,195.74000549316406,508462
2026-07-02 11:00:00-04:00,196.2100067138672,196.2100067138672,196.47000122070312,195.92999267578125,196.25,580855
2026-07-02 11:02:00-04:00,195.9600067138672,195.9600067138672,196.45899963378906,195.92999267578125,196.21499633789062,461823
2026-07-02 11:04:00-04:00,195.44430541992188,195.44430541992188,196.05999755859375,195.44000244140625,195.99000549316406,758860
2026-07-02 11:06:00-04:00,194.7449951171875,194.7449951171875,195.42999267578125,194.7100067138672,195.42999267578125,1204056
2026-07-02 11:08:00-04:00,194.9949951171875,194.9949951171875,195.2899932861328,194.73300170898438,194.7899932861328,796317
2026-07-02 11:10:00-04:00,195.31509399414062,195.31509399414062,195.39500427246094,194.77239990234375,195.00999450683594,872775
2026-07-02 11:12:00-04:00,195.23500061035156,195.23500061035156,195.42999267578125,195.1699981689453,195.30999755859375,463570
2026-07-02 11:14:00-04:00,195.08999633789062,195.08999633789062,195.4600067138672,195.0236053466797,195.23500061035156,514067
2026-07-02 11:16:00-04:00,195.00999450683594,195.00999450683594,195.23959350585938,194.85000610351562,195.0800018310547,523407
2026-07-02 11:18:00-04:00,195.0399932861328,195.0399932861328,195.22999572753906,194.8000946044922,194.99000549316406,567024
2026-07-02 11:20:00-04:00,194.875,194.875,195.32000732421875,194.69000244140625,195.05990600585938,728296
2026-07-02 11:22:00-04:00,194.7899932861328,194.7899932861328,195.0500030517578,194.6199951171875,194.86000061035156,587885
2026-07-02 11:24:00-04:00,194.5399932861328,194.5399932861328,195.01499938964844,194.4199981689453,194.7873992919922,878149
2026-07-02 11:26:00-04:00,195.0800018310547,195.0800018310547,195.1999053955078,194.5399932861328,194.5500030517578,694950
2026-07-02 11:28:00-04:00,194.7794952392578,194.7794952392578,195.10989379882812,194.77000427246094,195.0749969482422,386308
2026-07-02 11:30:00-04:00,195.22000122070312,195.22000122070312,195.3699951171875,194.75999450683594,194.77999877929688,531500
2026-07-02 11:32:00-04:00,195.38999938964844,195.38999938964844,195.47000122070312,195.0906982421875,195.22000122070312,475364
2026-07-02 11:34:00-04:00,195.69000244140625,195.69000244140625,195.8000030517578,195.38499450683594,195.38499450683594,544777
2026-07-02 11:36:00-04:00,195.6497039794922,195.6497039794922,195.75,195.5,195.69000244140625,426146
2026-07-02 11:38:00-04:00,195.5135040283203,195.5135040283203,195.9199981689453,195.51300048828125,195.63499450683594,483586
2026-07-02 11:40:00-04:00,195.51499938964844,195.51499938964844,196.0,195.41000366210938,195.52999877929688,599796
2026-07-02 11:42:00-04:00,195.13999938964844,195.13999938964844,195.4949951171875,195.07000732421875,195.49000549316406,689761
2026-07-02 11:44:00-04:00,195.31500244140625,195.31500244140625,195.39999389648438,195.0399932861328,195.13999938964844,361959
2026-07-02 11:46:00-04:00,195.05999755859375,195.05999755859375,195.33999633789062,194.89999389648438,195.3105010986328,392925
2026-07-02 11:48:00-04:00,194.74000549316406,194.74000549316406,195.08999633789062,194.66000366210938,195.0200958251953,361825
2026-07-02 11:50:00-04:00,194.50999450683594,194.50999450683594,194.74000549316406,194.35000610351562,194.72999572753906,544509
2026-07-02 11:52:00-04:00,194.2100067138672,194.2100067138672,194.68499755859375,194.05999755859375,194.50999450683594,589673
2026-07-02 11:54:00-04:00,194.35000610351562,194.35000610351562,194.55799865722656,194.17999267578125,194.2100067138672,381670
2026-07-02 11:56:00-04:00,194.27000427246094,194.27000427246094,194.39999389648438,194.01499938964844,194.3699951171875,551724
2026-07-02 11:58:00-04:00,194.49000549316406,194.49000549316406,194.63999938964844,194.19410705566406,194.27000427246094,438909
2026-07-02 12:00:00-04:00,194.27999877929688,194.27999877929688,194.55999755859375,194.16000366210938,194.5,344633
2026-07-02 12:02:00-04:00,194.19500732421875,194.19500732421875,194.30999755859375,193.88999938964844,194.28500366210938,773899
2026-07-02 12:04:00-04:00,194.25999450683594,194.25999450683594,194.4199981689453,194.08999633789062,194.19000244140625,410257
2026-07-02 12:06:00-04:00,194.13999938964844,194.13999938964844,194.3000030517578,194.06610107421875,194.2550048828125,316729
2026-07-02 12:08:00-04:00,193.98370361328125,193.98370361328125,194.22000122070312,193.86000061035156,194.16000366210938,414558
2026-07-02 12:10:00-04:00,194.3800048828125,194.3800048828125,194.49000549316406,193.94000244140625,193.98500061035156,547129
2026-07-02 12:12:00-04:00,194.5,194.5,194.59359741210938,194.1199951171875,194.35000610351562,544373
2026-07-02 12:14:00-04:00,194.27000427246094,194.27000427246094,194.6591033935547,194.0800018310547,194.49000549316406,661600
2026-07-02 12:16:00-04:00,194.1649932861328,194.1649932861328,194.4799041748047,194.1300048828125,194.27999877929688,429623
2026-07-02 12:18:00-04:00,194.07000732421875,194.07000732421875,194.42999267578125,194.05999755859375,194.1649932861328,533254
2026-07-02 12:20:00-04:00,193.9600067138672,193.9600067138672,194.14999389648438,193.7949981689453,194.0749969482422,758052
2026-07-02 12:22:00-04:00,193.6999969482422,193.6999969482422,193.97999572753906,193.69140625,193.9600067138672,602460
2026-07-02 12:24:00-04:00,193.92999267578125,193.92999267578125,194.12989807128906,193.625,193.6999969482422,565758
2026-07-02 12:26:00-04:00,193.9550018310547,193.9550018310547,193.97999572753906,193.6999969482422,193.91000366210938,475136
2026-07-02 12:28:00-04:00,193.7899932861328,193.7899932861328,194.06500244140625,193.6699981689453,193.9499969482422,263479
2026-07-02 12:30:00-04:00,193.69000244140625,193.69000244140625,193.86000061035156,193.66000366210938,193.7899932861328,441701
2026-07-02 12:32:00-04:00,193.73049926757812,193.73049926757812,193.85000610351562,193.6199951171875,193.6699981689453,321529
2026-07-02 12:34:00-04:00,193.6300048828125,193.6300048828125,193.75,193.38999938964844,193.74000549316406,556591
2026-07-02 12:36:00-04:00,193.22000122070312,193.22000122070312,193.66000366210938,193.17999267578125,193.6300048828125,635279
2026-07-02 12:38:00-04:00,193.43499755859375,193.43499755859375,193.45970153808594,193.22000122070312,193.22000122070312,387635
2026-07-02 12:40:00-04:00,193.64999389648438,193.64999389648438,193.85000610351562,193.39999389648438,193.44009399414062,504125
2026-07-02 12:42:00-04:00,193.9199981689453,193.9199981689453,194.02000427246094,193.60000610351562,193.63999938964844,466675
2026-07-02 12:44:00-04:00,194.0,194.0,194.15989685058594,193.8699951171875,193.9250030517578,451010
2026-07-02 12:46:00-04:00,194.07000732421875,194.07000732421875,194.1092071533203,193.9149932861328,193.99000549316406,275787
2026-07-02 12:48:00-04:00,193.89990234375,193.89990234375,194.14999389648438,193.85499572753906,194.0601043701172,302087
2026-07-02 12:50:00-04:00,193.86000061035156,193.86000061035156,193.89639282226562,193.63999938964844,193.8914031982422,463236
2026-07-02 12:52:00-04:00,193.8249969482422,193.8249969482422,194.0500030517578,193.74000549316406,193.83999633789062,372083
2026-07-02 12:54:00-04:00,193.61500549316406,193.61500549316406,194.0050048828125,193.57009887695312,193.83999633789062,369102
2026-07-02 12:56:00-04:00,193.2100067138672,193.2100067138672,193.62989807128906,193.1999969482422,193.62989807128906,454064
2026-07-02 12:58:00-04:00,193.49000549316406,193.49000549316406,193.5399932861328,193.1300048828125,193.22000122070312,367016
2026-07-02 13:00:00-04:00,193.01499938964844,193.01499938964844,193.50999450683594,192.9199981689453,193.5,790110
2026-07-02 13:02:00-04:00,193.02999877929688,193.02999877929688,193.26499938964844,192.8800048828125,193.02000427246094,515742
2026-07-02 13:04:00-04:00,193.27000427246094,193.27000427246094,193.27000427246094,192.88999938964844,193.02999877929688,457249
2026-07-02 13:06:00-04:00,193.58999633789062,193.58999633789062,193.72000122070312,193.2205047607422,193.27000427246094,370906
2026-07-02 13:08:00-04:00,193.2100067138672,193.2100067138672,193.60000610351562,193.19000244140625,193.60000610351562,357395
2026-07-02 13:10:00-04:00,193.2449951171875,193.2449951171875,193.33999633789062,193.07009887695312,193.20030212402344,260176
2026-07-02 13:12:00-04:00,192.97000122070312,192.97000122070312,193.29049682617188,192.8800048828125,193.24000549316406,460814
2026-07-02 13:14:00-04:00,192.92999267578125,192.92999267578125,193.22999572753906,192.9250030517578,192.97999572753906,381934
2026-07-02 13:16:00-04:00,193.1999969482422,193.1999969482422,193.40989685058594,192.9300994873047,192.9398956298828,380949
2026-07-02 13:18:00-04:00,193.0699005126953,193.0699005126953,193.33999633789062,193.02000427246094,193.2100067138672,257879
2026-07-02 13:20:00-04:00,193.1199951171875,193.1199951171875,193.16000366210938,192.91000366210938,193.05999755859375,383712
2026-07-02 13:22:00-04:00,193.02000427246094,193.02000427246094,193.35000610351562,193.02000427246094,193.1300048828125,281452
2026-07-02 13:24:00-04:00,192.88999938964844,192.88999938964844,193.13999938964844,192.85000610351562,193.02999877929688,389557
2026-07-02 13:26:00-04:00,192.9250030517578,192.9250030517578,193.0,192.76199340820312,192.88499450683594,356455
2026-07-02 13:28:00-04:00,193.0500030517578,193.0500030517578,193.13999938964844,192.89999389648438,192.92019653320312,340760
2026-07-02 13:30:00-04:00,193.10000610351562,193.10000610351562,193.1800994873047,193.01010131835938,193.0449981689453,309233
2026-07-02 13:32:00-04:00,193.0800018310547,193.0800018310547,193.27999877929688,193.01499938964844,193.11000061035156,324790
2026-07-02 13:34:00-04:00,192.90499877929688,192.90499877929688,193.1699981689453,192.72999572753906,193.0800018310547,362682
2026-07-02 13:36:00-04:00,192.66000366210938,192.66000366210938,192.97000122070312,192.60000610351562,192.89500427246094,349818
2026-07-02 13:38:00-04:00,192.3800048828125,192.3800048828125,192.73300170898438,192.36000061035156,192.66000366210938,503118
2026-07-02 13:40:00-04:00,192.9250030517578,192.9250030517578,193.02000427246094,192.35000610351562,192.38999938964844,529488
2026-07-02 13:42:00-04:00,192.9600067138672,192.9600067138672,193.0399932861328,192.82000732421875,192.92999267578125,367483
2026-07-02 13:44:00-04:00,192.78500366210938,192.78500366210938,193.0500030517578,192.76499938964844,192.9600067138672,358183
2026-07-02 13:46:00-04:00,192.6199951171875,192.6199951171875,192.8800048828125,192.61000061035156,192.7899932861328,350182
2026-07-02 13:48:00-04:00,192.83999633789062,192.83999633789062,192.92999267578125,192.52000427246094,192.6199951171875,435948
2026-07-02 13:50:00-04:00,192.85499572753906,192.85499572753906,192.94000244140625,192.66000366210938,192.82000732421875,372211
2026-07-02 13:52:00-04:00,192.8800048828125,192.8800048828125,192.92999267578125,192.6699981689453,192.85499572753906,249504
2026-07-02 13:54:00-04:00,192.97999572753906,192.97999572753906,193.14999389648438,192.8800048828125,192.88999938964844,379166
2026-07-02 13:56:00-04:00,192.77000427246094,192.77000427246094,192.97999572753906,192.7301025390625,192.97000122070312,264329
2026-07-02 13:58:00-04:00,192.5449981689453,192.5449981689453,192.75999450683594,192.38999938964844,192.75999450683594,463224
2026-07-02 14:00:00-04:00,192.74000549316406,192.74000549316406,192.8000030517578,192.5,192.5449981689453,483907
2026-07-02 14:02:00-04:00,192.7100067138672,192.7100067138672,192.77999877929688,192.66000366210938,192.74000549316406,260491
2026-07-02 14:04:00-04:00,193.072998046875,193.072998046875,193.1699981689453,192.6699981689453,192.7100067138672,354805
2026-07-02 14:06:00-04:00,193.22500610351562,193.22500610351562,193.4698028564453,193.0,193.07000732421875,480649
2026-07-02 14:08:00-04:00,193.4949951171875,193.4949951171875,193.50999450683594,193.17999267578125,193.2299041748047,338628
2026-07-02 14:10:00-04:00,193.5449981689453,193.5449981689453,193.6999969482422,193.4499969482422,193.49009704589844,458446
2026-07-02 14:12:00-04:00,193.375,193.375,193.64999389648438,193.37010192871094,193.5449981689453,324699
2026-07-02 14:14:00-04:00,193.1750030517578,193.1750030517578,193.4199981689453,193.0019989013672,193.375,365665
2026-07-02 14:16:00-04:00,192.82009887695312,192.82009887695312,193.22999572753906,192.80999755859375,193.17999267578125,385839
2026-07-02 14:18:00-04:00,192.92999267578125,192.92999267578125,193.00990295410156,192.58999633789062,192.83999633789062,598389
2026-07-02 14:20:00-04:00,193.0500030517578,193.0500030517578,193.1999969482422,192.8800048828125,192.91000366210938,354784
2026-07-02 14:22:00-04:00,193.14999389648438,193.14999389648438,193.27999877929688,193.02000427246094,193.04010009765625,297621
2026-07-02 14:24:00-04:00,193.3300018310547,193.3300018310547,193.55999755859375,193.14500427246094,193.14999389648438,340604
2026-07-02 14:26:00-04:00,193.5399932861328,193.5399932861328,193.6699981689453,193.25999450683594,193.32000732421875,340224
2026-07-02 14:28:00-04:00,193.76260375976562,193.76260375976562,193.86000061035156,193.52999877929688,193.5399932861328,464828
2026-07-02 14:30:00-04:00,193.87010192871094,193.87010192871094,193.88999938964844,193.64999389648438,193.75999450683594,304248
2026-07-02 14:32:00-04:00,193.83999633789062,193.83999633789062,193.9499969482422,193.69000244140625,193.875,403156
2026-07-02 14:34:00-04:00,193.5399932861328,193.5399932861328,193.83999633789062,193.52499389648438,193.83009338378906,393480
2026-07-02 14:36:00-04:00,193.5399932861328,193.5399932861328,193.57899475097656,193.38499450683594,193.5449981689453,249692
2026-07-02 14:38:00-04:00,193.46499633789062,193.46499633789062,193.64999389648438,193.36000061035156,193.5341033935547,269433
2026-07-02 14:40:00-04:00,193.36000061035156,193.36000061035156,193.52000427246094,193.3300018310547,193.47000122070312,312884
2026-07-02 14:42:00-04:00,193.3800048828125,193.3800048828125,193.4499969482422,193.30999755859375,193.35989379882812,340718
2026-07-02 14:44:00-04:00,192.9290008544922,192.9290008544922,193.45849609375,192.89999389648438,193.40989685058594,365650
2026-07-02 14:46:00-04:00,193.2050018310547,193.2050018310547,193.22999572753906,192.9199981689453,192.9250030517578,463502
2026-07-02 14:48:00-04:00,193.44979858398438,193.44979858398438,193.4600067138672,193.17999267578125,193.1999969482422,287631
2026-07-02 14:50:00-04:00,193.57000732421875,193.57000732421875,193.6699981689453,193.33160400390625,193.44000244140625,273395
2026-07-02 14:52:00-04:00,193.49000549316406,193.49000549316406,193.75999450683594,193.42999267578125,193.5749969482422,338876
2026-07-02 14:54:00-04:00,193.56500244140625,193.56500244140625,193.57029724121094,193.4001007080078,193.49989318847656,293958
2026-07-02 14:56:00-04:00,193.4976043701172,193.4976043701172,193.67999267578125,193.26499938964844,193.57000732421875,442524
2026-07-02 14:58:00-04:00,193.42999267578125,193.42999267578125,193.5749969482422,193.22000122070312,193.49000549316406,271748
2026-07-02 15:00:00-04:00,193.17999267578125,193.17999267578125,193.52999877929688,193.0800018310547,193.4199981689453,313247
2026-07-02 15:02:00-04:00,193.16000366210938,193.16000366210938,193.36000061035156,193.1300048828125,193.18499755859375,325948
2026-07-02 15:04:00-04:00,192.72000122070312,192.72000122070312,193.21499633789062,192.64500427246094,193.15859985351562,504687
2026-07-02 15:06:00-04:00,192.6699981689453,192.6699981689453,192.97000122070312,192.57000732421875,192.7100067138672,455286
2026-07-02 15:08:00-04:00,192.67999267578125,192.67999267578125,192.77000427246094,192.61000061035156,192.66000366210938,281272
2026-07-02 15:10:00-04:00,192.77999877929688,192.77999877929688,192.8300018310547,192.52999877929688,192.67999267578125,367890
2026-07-02 15:12:00-04:00,192.80999755859375,192.80999755859375,192.9196014404297,192.7050018310547,192.77000427246094,320959
2026-07-02 15:14:00-04:00,192.96009826660156,192.96009826660156,193.0399932861328,192.75,192.80499267578125,396548
2026-07-02 15:16:00-04:00,192.88499450683594,192.88499450683594,192.97970581054688,192.7899932861328,192.96730041503906,288330
2026-07-02 15:18:00-04:00,193.0500030517578,193.0500030517578,193.21499633789062,192.7801055908203,192.8699951171875,434593
2026-07-02 15:20:00-04:00,192.9199981689453,192.9199981689453,193.1199951171875,192.8300018310547,193.0800018310547,383666
2026-07-02 15:22:00-04:00,192.8300018310547,192.8300018310547,192.98500061035156,192.72000122070312,192.9250030517578,453296
2026-07-02 15:24:00-04:00,192.77999877929688,192.77999877929688,192.86500549316406,192.6999969482422,192.8350067138672,354541
2026-07-02 15:26:00-04:00,192.8000030517578,192.8000030517578,192.9600067138672,192.64999389648438,192.7899932861328,556193
2026-07-02 15:28:00-04:00,193.10499572753906,193.10499572753906,193.3300018310547,192.77000427246094,192.7899932861328,580416
2026-07-02 15:30:00-04:00,193.2550048828125,193.2550048828125,193.42999267578125,193.06500244140625,193.11500549316406,518027
2026-07-02 15:32:00-04:00,193.4250030517578,193.4250030517578,193.52000427246094,193.2449951171875,193.2550048828125,442087
2026-07-02 15:34:00-04:00,193.5800018310547,193.5800018310547,193.67999267578125,193.3699951171875,193.42999267578125,459839
2026-07-02 15:36:00-04:00,193.61000061035156,193.61000061035156,193.61399841308594,193.32000732421875,193.57000732421875,544742
2026-07-02 15:38:00-04:00,193.67999267578125,193.67999267578125,193.8000030517578,193.57000732421875,193.6199951171875,463242
2026-07-02 15:40:00-04:00,193.5325927734375,193.5325927734375,193.72000122070312,193.51499938964844,193.67999267578125,374058
2026-07-02 15:42:00-04:00,193.60499572753906,193.60499572753906,193.66000366210938,193.44000244140625,193.5399932861328,456362
2026-07-02 15:44:00-04:00,193.52999877929688,193.52999877929688,193.75,193.52999877929688,193.60000610351562,474632
2026-07-02 15:46:00-04:00,193.5449981689453,193.5449981689453,193.69000244140625,193.41000366210938,193.52000427246094,550526
2026-07-02 15:48:00-04:00,193.6300048828125,193.6300048828125,193.63499450683594,193.42999267578125,193.5449981689453,1120809
2026-07-02 15:50:00-04:00,194.0850067138672,194.0850067138672,194.97999572753906,193.63999938964844,193.63999938964844,1590757
2026-07-02 15:52:00-04:00,194.0800018310547,194.0800018310547,194.25999450683594,193.91000366210938,194.0800018310547,840911
2026-07-02 15:54:00-04:00,194.75070190429688,194.75070190429688,194.75999450683594,194.02999877929688,194.08999633789062,1685392
2026-07-02 15:56:00-04:00,194.7449951171875,194.7449951171875,194.80999755859375,194.5500030517578,194.75,1534421
2026-07-02 15:58:00-04:00,194.6199951171875,194.6199951171875,195.0,194.33999633789062,194.7449951171875,4037065
2026-07-06 09:30:00-04:00,194.4250030517578,194.4250030517578,194.88479614257812,194.0,194.38999938964844,5773070
2026-07-06 09:32:00-04:00,194.52000427246094,194.52000427246094,194.72509765625,194.00999450683594,194.5,846675
2026-07-06 09:34:00-04:00,195.39999389648438,195.39999389648438,195.44000244140625,194.1999969482422,194.52000427246094,960800
2026-07-06 09:36:00-04:00,194.55999755859375,194.55999755859375,195.40499877929688,194.44000244140625,195.3800048828125,715947
2026-07-06 09:38:00-04:00,195.4250030517578,195.4250030517578,195.44000244140625,194.56500244140625,194.56500244140625,567571
2026-07-06 09:40:00-04:00,194.98080444335938,194.98080444335938,195.47999572753906,194.8699951171875,195.4250030517578,719363
2026-07-06 09:42:00-04:00,194.84500122070312,194.84500122070312,195.2050018310547,194.6699981689453,194.97459411621094,588524
2026-07-06 09:44:00-04:00,195.08999633789062,195.08999633789062,195.4600067138672,194.86000061035156,194.8800048828125,616909
2026-07-06 09:46:00-04:00,194.8000030517578,194.8000030517578,195.1999969482422,194.57000732421875,195.0800018310547,635602
2026-07-06 09:48:00-04:00,195.10000610351562,195.10000610351562,195.25390625,194.71319580078125,194.83999633789062,495552
2026-07-06 09:50:00-04:00,195.47000122070312,195.47000122070312,195.6199951171875,194.90499877929688,195.11000061035156,761634
2026-07-06 09:52:00-04:00,195.52000427246094,195.52000427246094,195.5800018310547,195.1199951171875,195.47000122070312,610743
2026-07-06 09:54:00-04:00,196.28900146484375,196.28900146484375,196.72999572753906,195.55999755859375,195.55999755859375,1195013
2026-07-06 09:56:00-04:00,196.01499938964844,196.01499938964844,196.5,195.9600067138672,196.2899932861328,973261
2026-07-06 09:58:00-04:00,196.27999877929688,196.27999877929688,196.36000061035156,195.9600067138672,196.02000427246094,710758
2026-07-06 10:00:00-04:00,196.28500366210938,196.28500366210938,196.63999938964844,196.02999877929688,196.27999877929688,923801
2026-07-06 10:02:00-04:00,196.27999877929688,196.27999877929688,196.44009399414062,196.14999389648438,196.32000732421875,474837
2026-07-06 10:04:00-04:00,196.61000061035156,196.61000061035156,196.6199951171875,196.07000732421875,196.27999877929688,630717
2026-07-06 10:06:00-04:00,196.42999267578125,196.42999267578125,197.05999755859375,196.13009643554688,196.6199951171875,929899
2026-07-06 10:08:00-04:00,197.1060028076172,197.1060028076172,197.4199981689453,196.4199981689453,196.42999267578125,875454
2026-07-06 10:10:00-04:00,196.74000549316406,196.74000549316406,197.11500549316406,196.60000610351562,197.08999633789062,702892
2026-07-06 10:12:00-04:00,196.53199768066406,196.53199768066406,196.8000030517578,196.4499969482422,196.75,501840
2026-07-06 10:14:00-04:00,196.55999755859375,196.55999755859375,196.8300018310547,196.50999450683594,196.51980590820312,451723
2026-07-06 10:16:00-04:00,196.60000610351562,196.60000610351562,196.75970458984375,196.4550018310547,196.55259704589844,408057
2026-07-06 10:18:00-04:00,196.28500366210938,196.28500366210938,196.63999938964844,196.25999450683594,196.58999633789062,418318
2026-07-06 10:20:00-04:00,195.9199981689453,195.9199981689453,196.38999938964844,195.91070556640625,196.2899932861328,602740
2026-07-06 10:22:00-04:00,196.22999572753906,196.22999572753906,196.3800048828125,195.87100219726562,195.91000366210938,636172
2026-07-06 10:24:00-04:00,196.5395050048828,196.5395050048828,196.6300048828125,196.1999969482422,196.22000122070312,383384
2026-07-06 10:26:00-04:00,196.5500030517578,196.5500030517578,196.61000061035156,196.35079956054688,196.53500366210938,319601
2026-07-06 10:28:00-04:00,196.57400512695312,196.57400512695312,196.74989318847656,196.36500549316406,196.531005859375,359299
2026-07-06 10:30:00-04:00,196.4149932861328,196.4149932861328,196.74000549316406,196.360107421875,196.58990478515625,315750
2026-07-06 10:32:00-04:00,196.39999389648438,196.39999389648438,196.52830505371094,196.38009643554688,196.4199981689453,232711
2026-07-06 10:34:00-04:00,196.52000427246094,196.52000427246094,196.72000122070312,196.360107421875,196.3939971923828,410757
2026-07-06 10:36:00-04:00,196.50999450683594,196.50999450683594,196.75999450683594,196.35000610351562,196.5,357751
2026-07-06 10:38:00-04:00,196.22999572753906,196.22999572753906,196.5500030517578,196.1999969482422,196.5198974609375,418257
2026-07-06 10:40:00-04:00,195.9949951171875,195.9949951171875,196.3300018310547,195.97000122070312,196.22999572753906,502397
2026-07-06 10:42:00-04:00,196.51499938964844,196.51499938964844,196.52999877929688,195.9499969482422,195.9929962158203,499804
2026-07-06 10:44:00-04:00,196.7100067138672,196.7100067138672,196.7299041748047,196.52000427246094,196.52000427246094,478923
2026-07-06 10:46:00-04:00,196.30499267578125,196.30499267578125,196.72999572753906,196.22000122070312,196.70799255371094,392530
2026-07-06 10:48:00-04:00,196.0699005126953,196.0699005126953,196.30999755859375,196.0626983642578,196.30999755859375,308769
2026-07-06 10:50:00-04:00,196.1898956298828,196.1898956298828,196.27499389648438,195.9949951171875,196.05999755859375,408790
2026-07-06 10:52:00-04:00,196.19009399414062,196.19009399414062,196.2100067138672,196.00660705566406,196.17999267578125,272946
2026-07-06 10:54:00-04:00,195.7729949951172,195.7729949951172,196.25999450683594,195.7729949951172,196.19500732421875,446227
2026-07-06 10:56:00-04:00,195.8000030517578,195.8000030517578,196.0299072265625,195.66000366210938,195.7794952392578,411905
2026-07-06 10:58:00-04:00,196.02499389648438,196.02499389648438,196.0399932861328,195.6699981689453,195.8000030517578,323726
2026-07-06 11:00:00-04:00,195.88999938964844,195.88999938964844,196.0500030517578,195.7550048828125,196.02000427246094,290484
2026-07-06 11:02:00-04:00,195.97000122070312,195.97000122070312,195.97999572753906,195.7899932861328,195.88999938964844,249173
2026-07-06 11:04:00-04:00,195.92999267578125,195.92999267578125,196.02000427246094,195.72000122070312,195.97000122070312,298969
2026-07-06 11:06:00-04:00,195.8300018310547,195.8300018310547,196.11000061035156,195.8300018310547,195.9199981689453,383196
2026-07-06 11:08:00-04:00,195.85000610351562,195.85000610351562,195.99000549316406,195.5800018310547,195.83999633789062,456069
2026-07-06 11:10:00-04:00,195.75999450683594,195.75999450683594,196.0,195.7449951171875,195.85279846191406,243303
2026-07-06 11:12:00-04:00,195.68499755859375,195.68499755859375,195.9499969482422,195.63720703125,195.75999450683594,286682
2026-07-06 11:14:00-04:00,195.6999969482422,195.6999969482422,195.75,195.55999755859375,195.6699981689453,424088
2026-07-06 11:16:00-04:00,195.55999755859375,195.55999755859375,195.66000366210938,195.36000061035156,195.64999389648438,468592
2026-07-06 11:18:00-04:00,195.6750030517578,195.6750030517578,195.6999969482422,195.3699951171875,195.55999755859375,359697
2026-07-06 11:20:00-04:00,195.74000549316406,195.74000549316406,195.8300018310547,195.64100646972656,195.6699981689453,283032
2026-07-06 11:22:00-04:00,195.77999877929688,195.77999877929688,195.7949981689453,195.66000366210938,195.74000549316406,413180
2026-07-06 11:24:00-04:00,195.9600067138672,195.9600067138672,196.02999877929688,195.72999572753906,195.77999877929688,319069
2026-07-06 11:26:00-04:00,196.43499755859375,196.43499755859375,196.44000244140625,195.94000244140625,195.9550018310547,491830
2026-07-06 11:28:00-04:00,196.5135040283203,196.5135040283203,196.5500030517578,196.32000732421875,196.44000244140625,321764
2026-07-06 11:30:00-04:00,196.3000030517578,196.3000030517578,196.5399932861328,196.27499389648438,196.5,327754
2026-07-06 11:32:00-04:00,196.35000610351562,196.35000610351562,196.39999389648438,196.26499938964844,196.3000030517578,243287
2026-07-06 11:34:00-04:00,196.27499389648438,196.27499389648438,196.38999938964844,196.25999450683594,196.33999633789062,261474
2026-07-06 11:36:00-04:00,196.64999389648438,196.64999389648438,196.64999389648438,196.27999877929688,196.27999877929688,418656
2026-07-06 11:38:00-04:00,196.3699951171875,196.3699951171875,196.64999389648438,196.32000732421875,196.64500427246094,281613
2026-07-06 11:40:00-04:00,196.3300018310547,196.3300018310547,196.3699951171875,196.17999267578125,196.3699951171875,376706
2026-07-06 11:42:00-04:00,196.27000427246094,196.27000427246094,196.36000061035156,196.1999969482422,196.3300018310547,252223
2026-07-06 11:44:00-04:00,196.1699981689453,196.1699981689453,196.32000732421875,196.16000366210938,196.25999450683594,242478
2026-07-06 11:46:00-04:00,196.33999633789062,196.33999633789062,196.35000610351562,196.13999938964844,196.1707000732422,205971
2026-07-06 11:48:00-04:00,196.36000061035156,196.36000061035156,196.36000061035156,196.1302947998047,196.30999755859375,185239
2026-07-06 11:50:00-04:00,196.2100067138672,196.2100067138672,196.4499969482422,196.19000244140625,196.36000061035156,221615
2026-07-06 11:52:00-04:00,196.11000061035156,196.11000061035156,196.22779846191406,196.07000732421875,196.19500732421875,269465
2026-07-06 11:54:00-04:00,196.1898956298828,196.1898956298828,196.2899932861328,196.02999877929688,196.11000061035156,332057
2026-07-06 11:56:00-04:00,196.3000030517578,196.3000030517578,196.35000610351562,196.1501007080078,196.19000244140625,201415
2026-07-06 11:58:00-04:00,196.39999389648438,196.39999389648438,196.41000366210938,196.24009704589844,196.34500122070312,220297
2026-07-06 12:00:00-04:00,196.47999572753906,196.47999572753906,196.72000122070312,196.25999450683594,196.41000366210938,560823
2026-07-06 12:02:00-04:00,196.38999938964844,196.38999938964844,196.58999633789062,196.3699951171875,196.48989868164062,257511
2026-07-06 12:04:00-04:00,196.57000732421875,196.57000732421875,196.57000732421875,196.3699951171875,196.39999389648438,239018
2026-07-06 12:06:00-04:00,196.61500549316406,196.61500549316406,196.6999969482422,196.50999450683594,196.55999755859375,257938
2026-07-06 12:08:00-04:00,196.7449951171875,196.7449951171875,196.8800048828125,196.47999572753906,196.6199951171875,389796
2026-07-06 12:10:00-04:00,196.92999267578125,196.92999267578125,197.0760040283203,196.63999938964844,196.74000549316406,833453
2026-07-06 12:12:00-04:00,197.47999572753906,197.47999572753906,197.47999572753906,196.92999267578125,196.94000244140625,824448
2026-07-06 12:14:00-04:00,197.32000732421875,197.32000732421875,197.5500030517578,197.16000366210938,197.47999572753906,707334
2026-07-06 12:16:00-04:00,197.16000366210938,197.16000366210938,197.3699951171875,197.14500427246094,197.32640075683594,346762
2026-07-06 12:18:00-04:00,197.13999938964844,197.13999938964844,197.29989624023438,197.12010192871094,197.14999389648438,269883
2026-07-06 12:20:00-04:00,197.2100067138672,197.2100067138672,197.38999938964844,197.13499450683594,197.13499450683594,293981
2026-07-06 12:22:00-04:00,197.0399932861328,197.0399932861328,197.27000427246094,197.0301055908203,197.2100067138672,383799
2026-07-06 12:24:00-04:00,197.13999938964844,197.13999938964844,197.17979431152344,197.00999450683594,197.04010009765625,248552
2026-07-06 12:26:00-04:00,197.1199951171875,197.1199951171875,197.16000366210938,196.94000244140625,197.1300048828125,370415
2026-07-06 12:28:00-04:00,197.0,197.0,197.139892578125,196.88999938964844,197.125,314754
2026-07-06 12:30:00-04:00,197.21499633789062,197.21499633789062,197.24000549316406,196.97000122070312,197.00509643554688,307265
2026-07-06 12:32:00-04:00,196.9949951171875,196.9949951171875,197.22999572753906,196.94000244140625,197.21090698242188,297754
2026-07-06 12:34:00-04:00,196.80999755859375,196.80999755859375,197.08999633789062,196.7100067138672,196.97999572753906,296524
2026-07-06 12:36:00-04:00,196.7799072265625,196.7799072265625,196.85000610351562,196.72000122070312,196.77000427246094,170421
2026-07-06 12:38:00-04:00,196.83999633789062,196.83999633789062,196.8800048828125,196.61000061035156,196.77000427246094,223410
2026-07-06 12:40:00-04:00,196.86000061035156,196.86000061035156,197.0399932861328,196.8300018310547,196.8300018310547,279311
2026-07-06 12:42:00-04:00,196.64500427246094,196.64500427246094,196.86000061035156,196.63999938964844,196.85000610351562,198327
2026-07-06 12:44:00-04:00,196.50999450683594,196.50999450683594,196.72999572753906,196.47000122070312,196.64990234375,205041
2026-07-06 12:46:00-04:00,196.61500549316406,196.61500549316406,196.63999938964844,196.49000549316406,196.52000427246094,151794
2026-07-06 12:48:00-04:00,196.6999969482422,196.6999969482422,196.7100067138672,196.5800018310547,196.60000610351562,123628
2026-07-06 12:50:00-04:00,196.55499267578125,196.55499267578125,196.7100067138672,196.5399932861328,196.7100067138672,128699
2026-07-06 12:52:00-04:00,196.47650146484375,196.47650146484375,196.55499267578125,196.44000244140625,196.5500030517578,564135
2026-07-06 12:54:00-04:00,196.3769989013672,196.3769989013672,196.52999877929688,196.33999633789062,196.47500610351562,264217
2026-07-06 12:56:00-04:00,196.5050048828125,196.5050048828125,196.55999755859375,196.2899932861328,196.3699951171875,193287
2026-07-06 12:58:00-04:00,196.4600067138672,196.4600067138672,196.5050048828125,196.25999450683594,196.5,353883
2026-07-06 13:00:00-04:00,196.53500366210938,196.53500366210938,196.58999633789062,196.3699951171875,196.42999267578125,204101
2026-07-06 13:02:00-04:00,196.6199951171875,196.6199951171875,196.63999938964844,196.47000122070312,196.53500366210938,192744
2026-07-06 13:04:00-04:00,196.72999572753906,196.72999572753906,196.74000549316406,196.47999572753906,196.6199951171875,237162
2026-07-06 13:06:00-04:00,196.779296875,196.779296875,196.860107421875,196.72500610351562,196.73500061035156,233146
2026-07-06 13:08:00-04:00,196.7899932861328,196.7899932861328,196.80999755859375,196.72000122070312,196.77499389648438,159523
2026-07-06 13:10:00-04:00,196.70989990234375,196.70989990234375,196.87649536132812,196.6501007080078,196.8000030517578,205919
2026-07-06 13:12:00-04:00,196.5402069091797,196.5402069091797,196.76499938964844,196.50999450683594,196.7100067138672,208915
2026-07-06 13:14:00-04:00,196.4499969482422,196.4499969482422,196.5500030517578,196.42999267578125,196.5449981689453,178705
2026-07-06 13:16:00-04:00,196.40029907226562,196.40029907226562,196.5399932861328,196.38999938964844,196.44000244140625,212784
2026-07-06 13:18:00-04:00,196.13499450683594,196.13499450683594,196.39999389648438,196.1300048828125,196.39999389648438,254169
2026-07-06 13:20:00-04:00,195.9600067138672,195.9600067138672,196.13999938964844,195.92999267578125,196.1300048828125,406948
2026-07-06 13:22:00-04:00,196.0135040283203,196.0135040283203,196.0399932861328,195.85000610351562,195.96499633789062,222919
2026-07-06 13:24:00-04:00,196.16000366210938,196.16000366210938,196.1898956298828,195.9600067138672,196.00999450683594,208357
2026-07-06 13:26:00-04:00,196.16000366210938,196.16000366210938,196.2899932861328,196.14999389648438,196.1562957763672,177464
2026-07-06 13:28:00-04:00,195.97000122070312,195.97000122070312,196.1699981689453,195.9600067138672,196.16000366210938,235069
2026-07-06 13:30:00-04:00,195.8695068359375,195.8695068359375,196.0050048828125,195.82000732421875,195.97000122070312,364749
2026-07-06 13:32:00-04:00,195.90699768066406,195.90699768066406,195.92999267578125,195.7899932861328,195.86990356445312,268196
2026-07-06 13:34:00-04:00,196.02000427246094,196.02000427246094,196.07000732421875,195.89999389648438,195.9149932861328,214755
2026-07-06 13:36:00-04:00,195.9499969482422,195.9499969482422,196.0334930419922,195.80999755859375,196.02000427246094,520373
2026-07-06 13:38:00-04:00,195.90499877929688,195.90499877929688,196.02999877929688,195.8699951171875,195.9499969482422,180244
2026-07-06 13:40:00-04:00,195.76499938964844,195.76499938964844,195.89999389648438,195.75999450683594,195.89999389648438,207085
2026-07-06 13:42:00-04:00,195.85000610351562,195.85000610351562,195.8699951171875,195.73500061035156,195.76499938964844,251821
2026-07-06 13:44:00-04:00,195.75010681152344,195.75010681152344,195.8699951171875,195.69000244140625,195.8303985595703,252931
2026-07-06 13:46:00-04:00,195.9499969482422,195.9499969482422,196.07000732421875,195.7550048828125,195.76010131835938,326280
2026-07-06 13:48:00-04:00,195.88279724121094,195.88279724121094,195.99000549316406,195.81500244140625,195.9499969482422,201315
2026-07-06 13:50:00-04:00,195.93789672851562,195.93789672851562,196.0399932861328,195.875,195.875,206387
2026-07-06 13:52:00-04:00,195.8800048828125,195.8800048828125,195.9490966796875,195.75,195.94500732421875,256720
2026-07-06 13:54:00-04:00,195.6699981689453,195.6699981689453,195.8800048828125,195.65780639648438,195.8800048828125,272266
2026-07-06 13:56:00-04:00,195.69500732421875,195.69500732421875,195.8300018310547,195.6300048828125,195.67999267578125,170809
2026-07-06 13:58:00-04:00,195.69000244140625,195.69000244140625,195.77499389648438,195.64500427246094,195.69000244140625,182812
2026-07-06 14:00:00-04:00,195.82000732421875,195.82000732421875,195.83999633789062,195.6999969482422,195.6999969482422,272376
2026-07-06 14:02:00-04:00,195.99000549316406,195.99000549316406,195.99000549316406,195.77999877929688,195.80999755859375,272976
2026-07-06 14:04:00-04:00,195.9199981689453,195.9199981689453,196.01499938964844,195.9199981689453,195.97999572753906,236967
2026-07-06 14:06:00-04:00,196.2050018310547,196.2050018310547,196.22999572753906,195.9199981689453,195.9302978515625,253965
2026-07-06 14:08:00-04:00,196.37010192871094,196.37010192871094,196.39999389648438,196.2050018310547,196.2050018310547,347889
2026-07-06 14:10:00-04:00,196.39999389648438,196.39999389648438,196.4600067138672,196.360107421875,196.3800048828125,228022
2026-07-06 14:12:00-04:00,196.3000030517578,196.3000030517578,196.4058074951172,196.2902069091797,196.4058074951172,192215
2026-07-06 14:14:00-04:00,196.48500061035156,196.48500061035156,196.4949951171875,196.27000427246094,196.2899932861328,161964
2026-07-06 14:16:00-04:00,196.37989807128906,196.37989807128906,196.6699981689453,196.3699951171875,196.5,274216
2026-07-06 14:18:00-04:00,196.4499053955078,196.4499053955078,196.4499969482422,196.3000030517578,196.3699951171875,165626
2026-07-06 14:20:00-04:00,196.49020385742188,196.49020385742188,196.5500030517578,196.3699951171875,196.4499969482422,215630
2026-07-06 14:22:00-04:00,196.4149932861328,196.4149932861328,196.5500030517578,196.3699951171875,196.49000549316406,157905
2026-07-06 14:24:00-04:00,196.4600067138672,196.4600067138672,196.6199951171875,196.3762969970703,196.41000366210938,247856
2026-07-06 14:26:00-04:00,196.3699951171875,196.3699951171875,196.52999877929688,196.3699951171875,196.47000122070312,231968
2026-07-06 14:28:00-04:00,196.27000427246094,196.27000427246094,196.39500427246094,196.25,196.39500427246094,172236
2026-07-06 14:30:00-04:00,196.36000061035156,196.36000061035156,196.39999389648438,196.25999450683594,196.27000427246094,188230
2026-07-06 14:32:00-04:00,196.17999267578125,196.17999267578125,196.3502960205078,196.16000366210938,196.3502960205078,179926
2026-07-06 14:34:00-04:00,196.10000610351562,196.10000610351562,196.19000244140625,196.08999633789062,196.19000244140625,161357
2026-07-06 14:36:00-04:00,196.18499755859375,196.18499755859375,196.21499633789062,196.08999633789062,196.09010314941406,160308
2026-07-06 14:38:00-04:00,196.05499267578125,196.05499267578125,196.1999969482422,196.0399932861328,196.17999267578125,148897
2026-07-06 14:40:00-04:00,196.13999938964844,196.13999938964844,196.1699981689453,196.0500030517578,196.0500030517578,139426
2026-07-06 14:42:00-04:00,196.2550048828125,196.2550048828125,196.2550048828125,196.1300048828125,196.13279724121094,134776
2026-07-06 14:44:00-04:00,196.47999572753906,196.47999572753906,196.47999572753906,196.125,196.25999450683594,434095
2026-07-06 14:46:00-04:00,196.625,196.625,196.64959716796875,196.4550018310547,196.47999572753906,326137
2026-07-06 14:48:00-04:00,196.5,196.5,196.63999938964844,196.4600067138672,196.6199951171875,391895
2026-07-06 14:50:00-04:00,196.5399932861328,196.5399932861328,196.57989501953125,196.39999389648438,196.50999450683594,243327
2026-07-06 14:52:00-04:00,196.50010681152344,196.50010681152344,196.6300048828125,196.4199981689453,196.53500366210938,205095
2026-07-06 14:54:00-04:00,196.4600067138672,196.4600067138672,196.6199951171875,196.41000366210938,196.5050048828125,181916
2026-07-06 14:56:00-04:00,196.5050048828125,196.5050048828125,196.5800018310547,196.44009399414062,196.4499969482422,187966
2026-07-06 14:58:00-04:00,196.625,196.625,196.63999938964844,196.5,196.5,205907
2026-07-06 15:00:00-04:00,196.63999938964844,196.63999938964844,196.8000030517578,196.52999877929688,196.6300048828125,268248
2026-07-06 15:02:00-04:00,196.55999755859375,196.55999755859375,196.6300048828125,196.49000549316406,196.61990356445312,212687
2026-07-06 15:04:00-04:00,196.66000366210938,196.66000366210938,196.72999572753906,196.5500030517578,196.5500946044922,225809
2026-07-06 15:06:00-04:00,196.55999755859375,196.55999755859375,196.6649932861328,196.5200958251953,196.66000366210938,230219
2026-07-06 15:08:00-04:00,196.64010620117188,196.64010620117188,196.6699981689453,196.5449981689453,196.5800018310547,284167
2026-07-06 15:10:00-04:00,196.75,196.75,196.7899932861328,196.6300048828125,196.6699981689453,343249
2026-07-06 15:12:00-04:00,196.90029907226562,196.90029907226562,196.97000122070312,196.7198944091797,196.7550048828125,327268
2026-07-06 15:14:00-04:00,196.97500610351562,196.97500610351562,196.97999572753906,196.7729949951172,196.90499877929688,339289
2026-07-06 15:16:00-04:00,197.0399932861328,197.0399932861328,197.1300048828125,196.97500610351562,196.97500610351562,536747
2026-07-06 15:18:00-04:00,196.88999938964844,196.88999938964844,197.13999938964844,196.88999938964844,197.04010009765625,401281
2026-07-06 15:20:00-04:00,197.02999877929688,197.02999877929688,197.0800018310547,196.83999633789062,196.88009643554688,347077
2026-07-06 15:22:00-04:00,196.96009826660156,196.96009826660156,197.0792999267578,196.9600067138672,197.03500366210938,273871
2026-07-06 15:24:00-04:00,196.97999572753906,196.97999572753906,196.98989868164062,196.94000244140625,196.96519470214844,241104
2026-07-06 15:26:00-04:00,196.86990356445312,196.86990356445312,197.00999450683594,196.82000732421875,196.99000549316406,317950
2026-07-06 15:28:00-04:00,196.85000610351562,196.85000610351562,196.9700927734375,196.83999633789062,196.86000061035156,268470
2026-07-06 15:30:00-04:00,196.55999755859375,196.55999755859375,196.8800048828125,196.47999572753906,196.85499572753906,455674
2026-07-06 15:32:00-04:00,196.7100067138672,196.7100067138672,196.75,196.55999755859375,196.5635986328125,317224
2026-07-06 15:34:00-04:00,196.8249969482422,196.8249969482422,196.9499969482422,196.71499633789062,196.71499633789062,1332327
2026-07-06 15:36:00-04:00,196.69000244140625,196.69000244140625,196.86000061035156,196.64999389648438,196.8300018310547,347471
2026-07-06 15:38:00-04:00,196.664794921875,196.664794921875,196.77499389648438,196.61000061035156,196.6999969482422,293340
2026-07-06 15:40:00-04:00,196.68499755859375,196.68499755859375,196.6999969482422,196.58999633789062,196.6649932861328,278634
2026-07-06 15:42:00-04:00,196.63999938964844,196.63999938964844,196.7467041015625,196.5800018310547,196.68499755859375,321219
2026-07-06 15:44:00-04:00,196.76499938964844,196.76499938964844,196.80999755859375,196.58999633789062,196.63499450683594,351940
2026-07-06 15:46:00-04:00,196.75360107421875,196.75360107421875,196.76499938964844,196.60000610351562,196.75999450683594,343143
2026-07-06 15:48:00-04:00,196.92999267578125,196.92999267578125,197.03500366210938,196.7200927734375,196.75999450683594,554419
2026-07-06 15:50:00-04:00,196.3800048828125,196.3800048828125,196.9199981689453,196.27000427246094,196.9199981689453,876450
2026-07-06 15:52:00-04:00,196.42999267578125,196.42999267578125,196.52999877929688,196.32000732421875,196.3800048828125,557182
2026-07-06 15:54:00-04:00,195.72000122070312,195.72000122070312,196.5399932861328,195.57000732421875,196.44000244140625,1363614
2026-07-06 15:56:00-04:00,195.59500122070312,195.59500122070312,195.80999755859375,195.4499969482422,195.71499633789062,1407890
2026-07-06 15:58:00-04:00,195.5749969482422,195.5749969482422,195.64999389648438,195.4199981689453,195.59500122070312,2968491
2026-07-07 09:30:00-04:00,192.0800018310547,192.0800018310547,192.3699951171875,191.44000244140625,192.3699951171875,8235473
2026-07-07 09:32:00-04:00,192.37100219726562,192.37100219726562,192.4499969482422,191.9199981689453,192.0950927734375,1301093
2026-07-07 09:34:00-04:00,192.69000244140625,192.69000244140625,192.8800048828125,192.27999877929688,192.38999938964844,1199636
2026-07-07 09:36:00-04:00,192.40480041503906,192.40480041503906,192.83999633789062,192.3101043701172,192.69000244140625,1029961
2026-07-07 09:38:00-04:00,192.27499389648438,192.27499389648438,192.69000244140625,191.63999938964844,192.3699951171875,1060975
2026-07-07 09:40:00-04:00,192.5699005126953,192.5699005126953,192.72999572753906,192.0800018310547,192.27999877929688,728363
2026-07-07 09:42:00-04:00,192.75,192.75,193.29989624023438,192.22999572753906,192.55999755859375,952201
2026-07-07 09:44:00-04:00,192.24000549316406,192.24000549316406,192.80999755859375,192.22000122070312,192.73500061035156,936774
2026-07-07 09:46:00-04:00,192.02000427246094,192.02000427246094,192.38999938964844,192.00999450683594,192.1999969482422,934856
2026-07-07 09:48:00-04:00,191.92999267578125,191.92999267578125,192.5500030517578,191.8372039794922,192.00999450683594,857922
2026-07-07 09:50:00-04:00,192.10989379882812,192.10989379882812,192.2895050048828,191.91000366210938,191.92999267578125,786598
2026-07-07 09:52:00-04:00,191.875,191.875,192.42999267578125,191.70199584960938,192.11000061035156,791073
2026-07-07 09:54:00-04:00,192.0800018310547,192.0800018310547,192.11000061035156,191.72000122070312,191.86990356445312,631381
2026-07-07 09:56:00-04:00,191.7799072265625,191.7799072265625,192.19500732421875,191.5800018310547,192.07000732421875,778085
2026-07-07 09:58:00-04:00,192.63999938964844,192.63999938964844,192.88999938964844,191.6699981689453,191.77999877929688,1050648
2026-07-07 10:00:00-04:00,193.110107421875,193.110107421875,193.35560607910156,192.5399932861328,192.63499450683594,960981
2026-07-07 10:02:00-04:00,193.08999633789062,193.08999633789062,193.38999938964844,192.86000061035156,193.08999633789062,656713
2026-07-07 10:04:00-04:00,193.30999755859375,193.30999755859375,193.44000244140625,192.97999572753906,193.0850067138672,667516
2026-07-07 10:06:00-04:00,192.97000122070312,192.97000122070312,193.5,192.9344940185547,193.2899932861328,596055
2026-07-07 10:08:00-04:00,193.26429748535156,193.26429748535156,193.36990356445312,192.94000244140625,192.97500610351562,547657
2026-07-07 10:10:00-04:00,193.2899932861328,193.2899932861328,193.47999572753906,192.99249267578125,193.28500366210938,624421
2026-07-07 10:12:00-04:00,192.83200073242188,192.83200073242188,193.3939971923828,192.8300018310547,193.27000427246094,527212
2026-07-07 10:14:00-04:00,192.77000427246094,192.77000427246094,193.05999755859375,192.64999389648438,192.8300018310547,657490
2026-07-07 10:16:00-04:00,192.56500244140625,192.56500244140625,192.87989807128906,192.36000061035156,192.7899932861328,608299
2026-07-07 10:18:00-04:00,192.3300018310547,192.3300018310547,192.74000549316406,192.25,192.55999755859375,611024
2026-07-07 10:20:00-04:00,192.00999450683594,192.00999450683594,192.5,191.89999389648438,192.3300018310547,723771
2026-07-07 10:22:00-04:00,192.11000061035156,192.11000061035156,192.25999450683594,191.91000366210938,192.0,458390
2026-07-07 10:24:00-04:00,191.88999938964844,191.88999938964844,192.17999267578125,191.8699951171875,192.1300048828125,563979
2026-07-07 10:26:00-04:00,191.71499633789062,191.71499633789062,191.94000244140625,191.4600067138672,191.88999938964844,890328
2026-07-07 10:28:00-04:00,191.860107421875,191.860107421875,191.89999389648438,191.59039306640625,191.72500610351562,523097
2026-07-07 10:30:00-04:00,191.88999938964844,191.88999938964844,192.17970275878906,191.75999450683594,191.8699951171875,596395
2026-07-07 10:32:00-04:00,191.97999572753906,191.97999572753906,192.08999633789062,191.57000732421875,191.88999938964844,553632
2026-07-07 10:34:00-04:00,191.3000030517578,191.3000030517578,191.99000549316406,191.14999389648438,191.9600067138672,815516
2026-07-07 10:36:00-04:00,191.66000366210938,191.66000366210938,191.67999267578125,191.25,191.2899932861328,484182
2026-07-07 10:38:00-04:00,191.76010131835938,191.76010131835938,191.86000061035156,191.47999572753906,191.66009521484375,505917
2026-07-07 10:40:00-04:00,191.69000244140625,191.69000244140625,191.92999267578125,191.69000244140625,191.8000030517578,361634
2026-07-07 10:42:00-04:00,191.6999969482422,191.6999969482422,191.8695068359375,191.52999877929688,191.69509887695312,529305
2026-07-07 10:44:00-04:00,191.6699981689453,191.6699981689453,191.86549377441406,191.52000427246094,191.7050018310547,420076
2026-07-07 10:46:00-04:00,191.9499969482422,191.9499969482422,192.09500122070312,191.60000610351562,191.66000366210938,449857
2026-07-07 10:48:00-04:00,191.92999267578125,191.92999267578125,192.0800018310547,191.80999755859375,191.92999267578125,453466
2026-07-07 10:50:00-04:00,192.11000061035156,192.11000061035156,192.1999969482422,191.84010314941406,191.93499755859375,420071
2026-07-07 10:52:00-04:00,192.50999450683594,192.50999450683594,192.60000610351562,192.0706024169922,192.08999633789062,603883
2026-07-07 10:54:00-04:00,192.57510375976562,192.57510375976562,192.72000122070312,192.16000366210938,192.5,456170
2026-07-07 10:56:00-04:00,192.60499572753906,192.60499572753906,192.72999572753906,192.3699951171875,192.5850067138672,366817
2026-07-07 10:58:00-04:00,192.57000732421875,192.57000732421875,192.7899932861328,192.55999755859375,192.61500549316406,383670
2026-07-07 11:00:00-04:00,192.69000244140625,192.69000244140625,192.72950744628906,192.32000732421875,192.5800018310547,459300
2026-07-07 11:02:00-04:00,192.6199951171875,192.6199951171875,192.85000610351562,192.5554962158203,192.67999267578125,425445
2026-07-07 11:04:00-04:00,192.61000061035156,192.61000061035156,192.8699951171875,192.60000610351562,192.6300048828125,374540
2026-07-07 11:06:00-04:00,192.81500244140625,192.81500244140625,192.8300018310547,192.55999755859375,192.60000610351562,461872
2026-07-07 11:08:00-04:00,192.7449951171875,192.7449951171875,192.8699951171875,192.6199951171875,192.82000732421875,310664
2026-07-07 11:10:00-04:00,192.72999572753906,192.72999572753906,192.83639526367188,192.61000061035156,192.75,326450
2026-07-07 11:12:00-04:00,193.27000427246094,193.27000427246094,193.27999877929688,192.66400146484375,192.72999572753906,969020
2026-07-07 11:14:00-04:00,192.97000122070312,192.97000122070312,193.36500549316406,192.8800048828125,193.26499938964844,567056
2026-07-07 11:16:00-04:00,192.8249969482422,192.8249969482422,193.08999633789062,192.73350524902344,192.97000122070312,447501
2026-07-07 11:18:00-04:00,192.72999572753906,192.72999572753906,192.83999633789062,192.6199951171875,192.83990478515625,333649
2026-07-07 11:20:00-04:00,192.8000030517578,192.8000030517578,192.9199981689453,192.64999389648438,192.72000122070312,415358
2026-07-07 11:22:00-04:00,192.57510375976562,192.57510375976562,192.8350067138672,192.54400634765625,192.8000030517578,387309
2026-07-07 11:24:00-04:00,192.9971923828125,192.9971923828125,193.0399932861328,192.5449981689453,192.57000732421875,498189
2026-07-07 11:26:00-04:00,193.05499267578125,193.05499267578125,193.0800018310547,192.9199981689453,192.99000549316406,279889
2026-07-07 11:28:00-04:00,193.0500030517578,193.0500030517578,193.19000244140625,192.83999633789062,193.05499267578125,450601
2026-07-07 11:30:00-04:00,193.1199951171875,193.1199951171875,193.24989318847656,193.02999877929688,193.0500030517578,432087
2026-07-07 11:32:00-04:00,193.17999267578125,193.17999267578125,193.28500366210938,193.0399932861328,193.1300048828125,381520
2026-07-07 11:34:00-04:00,193.22999572753906,193.22999572753906,193.27999877929688,192.9600067138672,193.18499755859375,496015
2026-07-07 11:36:00-04:00,193.33999633789062,193.33999633789062,193.48500061035156,193.2100067138672,193.24000549316406,389921
2026-07-07 11:38:00-04:00,192.94949340820312,192.94949340820312,193.35000610351562,192.94000244140625,193.3267059326172,314178
2026-07-07 11:40:00-04:00,193.02999877929688,193.02999877929688,193.13999938964844,192.8000946044922,192.94500732421875,361443
2026-07-07 11:42:00-04:00,193.22999572753906,193.22999572753906,193.2949981689453,192.89720153808594,193.00999450683594,243329
2026-07-07 11:44:00-04:00,193.69000244140625,193.69000244140625,193.75999450683594,193.1699981689453,193.22000122070312,535742
2026-07-07 11:46:00-04:00,193.8905029296875,193.8905029296875,194.0399932861328,193.6699981689453,193.6804962158203,538285
2026-07-07 11:48:00-04:00,193.89999389648438,193.89999389648438,194.13999938964844,193.8802947998047,193.9001007080078,362662
2026-07-07 11:50:00-04:00,194.05999755859375,194.05999755859375,194.08990478515625,193.80499267578125,193.91000366210938,323212
2026-07-07 11:52:00-04:00,194.1199951171875,194.1199951171875,194.16000366210938,193.91000366210938,194.0500030517578,292085
2026-07-07 11:54:00-04:00,194.0601043701172,194.0601043701172,194.17999267578125,194.00999450683594,194.10000610351562,282749
2026-07-07 11:56:00-04:00,194.33999633789062,194.33999633789062,194.41650390625,194.02000427246094,194.05999755859375,378140
2026-07-07 11:58:00-04:00,194.72000122070312,194.72000122070312,194.77999877929688,194.32000732421875,194.3300018310547,653329
2026-07-07 12:00:00-04:00,194.92999267578125,194.92999267578125,195.02999877929688,194.60000610351562,194.72500610351562,596093
2026-07-07 12:02:00-04:00,195.44000244140625,195.44000244140625,195.5,194.92999267578125,194.92999267578125,674964
2026-07-07 12:04:00-04:00,195.28250122070312,195.28250122070312,195.4600067138672,195.17999267578125,195.43499755859375,655493
2026-07-07 12:06:00-04:00,195.25079345703125,195.25079345703125,195.49000549316406,195.13999938964844,195.2949981689453,453571
2026-07-07 12:08:00-04:00,195.3699951171875,195.3699951171875,195.47000122070312,195.1199951171875,195.27000427246094,469589
2026-07-07 12:10:00-04:00,195.5,195.5,195.60000610351562,195.3820037841797,195.38499450683594,709697
2026-07-07 12:12:00-04:00,195.89500427246094,195.89500427246094,195.97999572753906,195.47999572753906,195.5,700141
2026-07-07 12:14:00-04:00,196.22999572753906,196.22999572753906,196.24000549316406,195.8800048828125,195.88999938964844,825050
2026-07-07 12:16:00-04:00,196.25,196.25,196.52999877929688,196.1999053955078,196.2200927734375,751841
2026-07-07 12:18:00-04:00,196.4199981689453,196.4199981689453,196.5399932861328,196.24000549316406,196.24000549316406,603457
2026-07-07 12:20:00-04:00,196.89990234375,196.89990234375,196.96499633789062,196.39999389648438,196.4199981689453,731140
2026-07-07 12:22:00-04:00,196.91000366210938,196.91000366210938,197.15989685058594,196.85000610351562,196.89999389648438,780665
2026-07-07 12:24:00-04:00,196.68499755859375,196.68499755859375,196.99000549316406,196.52000427246094,196.9250030517578,599424
2026-07-07 12:26:00-04:00,197.13999938964844,197.13999938964844,197.20989990234375,196.6699981689453,196.67999267578125,608466
2026-07-07 12:28:00-04:00,197.38999938964844,197.38999938964844,197.58999633789062,197.1199951171875,197.13999938964844,958684
2026-07-07 12:30:00-04:00,197.9149932861328,197.9149932861328,197.97999572753906,197.3699951171875,197.38949584960938,749313
2026-07-07 12:32:00-04:00,197.65499877929688,197.65499877929688,198.1199951171875,197.60000610351562,197.9149932861328,1065814
2026-07-07 12:34:00-04:00,197.22000122070312,197.22000122070312,197.85980224609375,197.22000122070312,197.64999389648438,561742
2026-07-07 12:36:00-04:00,197.32000732421875,197.32000732421875,197.35000610351562,196.91000366210938,197.21009826660156,888440
2026-07-07 12:38:00-04:00,197.0,197.0,197.32000732421875,196.92999267578125,197.32000732421875,360315
2026-07-07 12:40:00-04:00,196.94000244140625,196.94000244140625,197.16000366210938,196.78030395507812,197.0,500389
2026-07-07 12:42:00-04:00,197.27999877929688,197.27999877929688,197.2884979248047,196.88999938964844,196.94000244140625,582099
2026-07-07 12:44:00-04:00,197.39999389648438,197.39999389648438,197.47999572753906,197.25999450683594,197.28799438476562,421716
2026-07-07 12:46:00-04:00,197.4199981689453,197.4199981689453,197.50999450683594,197.13009643554688,197.3979949951172,1220109
2026-07-07 12:48:00-04:00,197.35000610351562,197.35000610351562,197.4499969482422,197.24000549316406,197.4199981689453,255106
2026-07-07 12:50:00-04:00,197.25,197.25,197.4550018310547,197.2100067138672,197.3800048828125,630825
2026-07-07 12:52:00-04:00,197.11000061035156,197.11000061035156,197.27000427246094,197.0500030517578,197.22999572753906,336440
2026-07-07 12:54:00-04:00,196.8000030517578,196.8000030517578,197.1199951171875,196.74000549316406,197.10499572753906,387410
2026-07-07 12:56:00-04:00,196.74000549316406,196.74000549316406,196.97999572753906,196.74000549316406,196.79150390625,264166
2026-07-07 12:58:00-04:00,197.44000244140625,197.44000244140625,197.50999450683594,196.63099670410156,196.75999450683594,832346
2026-07-07 13:00:00-04:00,197.6300048828125,197.6300048828125,197.85000610351562,197.35000610351562,197.4499969482422,872596
2026-07-07 13:02:00-04:00,197.67999267578125,197.67999267578125,197.8300018310547,197.61000061035156,197.64999389648438,428079
2026-07-07 13:04:00-04:00,198.19500732421875,198.19500732421875,198.32000732421875,197.67999267578125,197.67999267578125,1017033
2026-07-07 13:06:00-04:00,198.27999877929688,198.27999877929688,198.41000366210938,197.91000366210938,198.19000244140625,615854
2026-07-07 13:08:00-04:00,198.02000427246094,198.02000427246094,198.35980224609375,197.98500061035156,198.30540466308594,365320
2026-07-07 13:10:00-04:00,197.72000122070312,197.72000122070312,198.0299072265625,197.62010192871094,198.02000427246094,502452
2026-07-07 13:12:00-04:00,197.4696044921875,197.4696044921875,197.72999572753906,197.44000244140625,197.72000122070312,321124
2026-07-07 13:14:00-04:00,197.6300048828125,197.6300048828125,197.64999389648438,197.3300018310547,197.47000122070312,347407
2026-07-07 13:16:00-04:00,197.50999450683594,197.50999450683594,197.6927947998047,197.4199981689453,197.63999938964844,298560
2026-07-07 13:18:00-04:00,197.35499572753906,197.35499572753906,197.66000366210938,197.33009338378906,197.51080322265625,325385
2026-07-07 13:20:00-04:00,197.67999267578125,197.67999267578125,197.75,197.2899932861328,197.36500549316406,405722
2026-07-07 13:22:00-04:00,197.8699951171875,197.8699951171875,197.87010192871094,197.58999633789062,197.69500732421875,272552
2026-07-07 13:24:00-04:00,197.75,197.75,198.00999450683594,197.64010620117188,197.8699951171875,286860
2026-07-07 13:26:00-04:00,197.57000732421875,197.57000732421875,197.75999450683594,197.49000549316406,197.75999450683594,264605
2026-07-07 13:28:00-04:00,197.44000244140625,197.44000244140625,197.6300048828125,197.3699951171875,197.5800018310547,308259
2026-07-07 13:30:00-04:00,197.62120056152344,197.62120056152344,197.66000366210938,197.3800048828125,197.42999267578125,392554
2026-07-07 13:32:00-04:00,197.7700958251953,197.7700958251953,197.82000732421875,197.40170288085938,197.6300048828125,359671
2026-07-07 13:34:00-04:00,197.83999633789062,197.83999633789062,197.85000610351562,197.64999389648438,197.77999877929688,313625
2026-07-07 13:36:00-04:00,197.85899353027344,197.85899353027344,197.97000122070312,197.82000732421875,197.8406982421875,314254
2026-07-07 13:38:00-04:00,198.00990295410156,198.00990295410156,198.0399932861328,197.63499450683594,197.86990356445312,390282
2026-07-07 13:40:00-04:00,198.19000244140625,198.19000244140625,198.25,197.91000366210938,198.00999450683594,588809
2026-07-07 13:42:00-04:00,197.99000549316406,197.99000549316406,198.17999267578125,197.97000122070312,198.16720581054688,338495
2026-07-07 13:44:00-04:00,197.88499450683594,197.88499450683594,198.01499938964844,197.74009704589844,197.9949951171875,424592
2026-07-07 13:46:00-04:00,197.78919982910156,197.78919982910156,197.92999267578125,197.63999938964844,197.88999938964844,312669
2026-07-07 13:48:00-04:00,198.03500366210938,198.03500366210938,198.05499267578125,197.625,197.75010681152344,388220
2026-07-07 13:50:00-04:00,198.0500030517578,198.0500030517578,198.0800018310547,197.89999389648438,198.0399932861328,279571
2026-07-07 13:52:00-04:00,197.97000122070312,197.97000122070312,198.13999938964844,197.9600067138672,198.03050231933594,370999
2026-07-07 13:54:00-04:00,197.8300018310547,197.8300018310547,198.10000610351562,197.80999755859375,197.96499633789062,255063
2026-07-07 13:56:00-04:00,198.0,198.0,198.0699005126953,197.78199768066406,197.83999633789062,201926
2026-07-07 13:58:00-04:00,197.94000244140625,197.94000244140625,197.99989318847656,197.8000946044922,197.99000549316406,130971
2026-07-07 14:00:00-04:00,197.69000244140625,197.69000244140625,197.9499969482422,197.65499877929688,197.9499969482422,273578
2026-07-07 14:02:00-04:00,197.42999267578125,197.42999267578125,197.6999969482422,197.41000366210938,197.67999267578125,253974
2026-07-07 14:04:00-04:00,197.55499267578125,197.55499267578125,197.61000061035156,197.3800048828125,197.43499755859375,212997
2026-07-07 14:06:00-04:00,197.3800048828125,197.3800048828125,197.5500030517578,197.3000030517578,197.5500030517578,250696
2026-07-07 14:08:00-04:00,197.3699951171875,197.3699951171875,197.4600067138672,197.32000732421875,197.3699951171875,230879
2026-07-07 14:10:00-04:00,197.5399932861328,197.5399932861328,197.55999755859375,197.32000732421875,197.39999389648438,261115
2026-07-07 14:12:00-04:00,197.63499450683594,197.63499450683594,197.7550048828125,197.50999450683594,197.52999877929688,237964
2026-07-07 14:14:00-04:00,197.71499633789062,197.71499633789062,197.72999572753906,197.42999267578125,197.63999938964844,227640
2026-07-07 14:16:00-04:00,197.6750030517578,197.6750030517578,197.7779998779297,197.6300048828125,197.7100067138672,249357
2026-07-07 14:18:00-04:00,197.67999267578125,197.67999267578125,197.77999877929688,197.5500030517578,197.6750030517578,265671
2026-07-07 14:20:00-04:00,197.76499938964844,197.76499938964844,197.77000427246094,197.60000610351562,197.67990112304688,225036
2026-07-07 14:22:00-04:00,197.67999267578125,197.67999267578125,197.77850341796875,197.60000610351562,197.77000427246094,203067
2026-07-07 14:24:00-04:00,197.61500549316406,197.61500549316406,197.67999267578125,197.5399932861328,197.6750030517578,186527
2026-07-07 14:26:00-04:00,197.343505859375,197.343505859375,197.63999938964844,197.3300018310547,197.61000061035156,293257
2026-07-07 14:28:00-04:00,197.27499389648438,197.27499389648438,197.42999267578125,197.22000122070312,197.34019470214844,280847
2026-07-07 14:30:00-04:00,197.42999267578125,197.42999267578125,197.4499969482422,197.1199951171875,197.27999877929688,415657
2026-07-07 14:32:00-04:00,197.30999755859375,197.30999755859375,197.49000549316406,197.25999450683594,197.43499755859375,312216
2026-07-07 14:34:00-04:00,197.32000732421875,197.32000732421875,197.4199981689453,197.22999572753906,197.27999877929688,299955
2026-07-07 14:36:00-04:00,197.3350067138672,197.3350067138672,197.42489624023438,197.22999572753906,197.3300018310547,212847
2026-07-07 14:38:00-04:00,197.58999633789062,197.58999633789062,197.60499572753906,197.3000030517578,197.32000732421875,305257
2026-07-07 14:40:00-04:00,197.27999877929688,197.27999877929688,197.64999389648438,197.1999969482422,197.58929443359375,276584
2026-07-07 14:42:00-04:00,197.05999755859375,197.05999755859375,197.29029846191406,196.9600067138672,197.2700958251953,441288
2026-07-07 14:44:00-04:00,197.1999969482422,197.1999969482422,197.22999572753906,196.99000549316406,197.05999755859375,288628
2026-07-07 14:46:00-04:00,197.25,197.25,197.2550048828125,197.0800018310547,197.18499755859375,301713
2026-07-07 14:48:00-04:00,197.1251983642578,197.1251983642578,197.35000610351562,196.85000610351562,197.28990173339844,340482
2026-07-07 14:50:00-04:00,196.72169494628906,196.72169494628906,197.13999938964844,196.60000610351562,197.13999938964844,422329
2026-07-07 14:52:00-04:00,196.58999633789062,196.58999633789062,196.80999755859375,196.57000732421875,196.72999572753906,444512
2026-07-07 14:54:00-04:00,196.66000366210938,196.66000366210938,196.86000061035156,196.55999755859375,196.6300048828125,294022
2026-07-07 14:56:00-04:00,196.4803924560547,196.4803924560547,196.72000122070312,196.4199981689453,196.65499877929688,355421
2026-07-07 14:58:00-04:00,196.41799926757812,196.41799926757812,196.52000427246094,196.32000732421875,196.49000549316406,417442
2026-07-07 15:00:00-04:00,196.30999755859375,196.30999755859375,196.53500366210938,196.17010498046875,196.41799926757812,483813
2026-07-07 15:02:00-04:00,196.360107421875,196.360107421875,196.5399932861328,196.3300018310547,196.3300018310547,301191
2026-07-07 15:04:00-04:00,196.66000366210938,196.66000366210938,196.69000244140625,196.27000427246094,196.3699951171875,320377
2026-07-07 15:06:00-04:00,196.47000122070312,196.47000122070312,196.89500427246094,196.4600067138672,196.64999389648438,414701
2026-07-07 15:08:00-04:00,196.47000122070312,196.47000122070312,196.50999450683594,196.33999633789062,196.47999572753906,325974
2026-07-07 15:10:00-04:00,196.375,196.375,196.5800018310547,196.27999877929688,196.47000122070312,385334
2026-07-07 15:12:00-04:00,196.57000732421875,196.57000732421875,196.60899353027344,196.25,196.36000061035156,367570
2026-07-07 15:14:00-04:00,196.30999755859375,196.30999755859375,196.64999389648438,196.25,196.55999755859375,411543
2026-07-07 15:16:00-04:00,196.19000244140625,196.19000244140625,196.33999633789062,196.16000366210938,196.3000030517578,352947
2026-07-07 15:18:00-04:00,196.16000366210938,196.16000366210938,196.2698974609375,195.8820037841797,196.1699981689453,611085
2026-07-07 15:20:00-04:00,195.91000366210938,195.91000366210938,196.27000427246094,195.87550354003906,196.1501007080078,453606
2026-07-07 15:22:00-04:00,196.02999877929688,196.02999877929688,196.17999267578125,195.91990661621094,195.91990661621094,360765
2026-07-07 15:24:00-04:00,195.8800048828125,195.8800048828125,196.0399932861328,195.8000030517578,196.02000427246094,449871
2026-07-07 15:26:00-04:00,195.9799041748047,195.9799041748047,196.05999755859375,195.6999969482422,195.88999938964844,460535
2026-07-07 15:28:00-04:00,196.14500427246094,196.14500427246094,196.14500427246094,195.94000244140625,195.97000122070312,321017
2026-07-07 15:30:00-04:00,196.5800018310547,196.5800018310547,196.6699981689453,196.07000732421875,196.14999389648438,556159
2026-07-07 15:32:00-04:00,196.56500244140625,196.56500244140625,196.61990356445312,196.38999938964844,196.55999755859375,375645
2026-07-07 15:34:00-04:00,196.12010192871094,196.12010192871094,196.5500030517578,196.09500122070312,196.5500030517578,410425
2026-07-07 15:36:00-04:00,196.0399932861328,196.0399932861328,196.13999938964844,195.83999633789062,196.1278076171875,648381
2026-07-07 15:38:00-04:00,195.8699951171875,195.8699951171875,196.1999969482422,195.85000610351562,196.0449981689453,439181
2026-07-07 15:40:00-04:00,195.6053924560547,195.6053924560547,195.8800048828125,195.47000122070312,195.85000610351562,487222
2026-07-07 15:42:00-04:00,195.7899932861328,195.7899932861328,195.84280395507812,195.5399932861328,195.6199951171875,413602
2026-07-07 15:44:00-04:00,195.93020629882812,195.93020629882812,196.10000610351562,195.75,195.7899932861328,584237
2026-07-07 15:46:00-04:00,196.06500244140625,196.06500244140625,196.17990112304688,195.875,195.92999267578125,497061
2026-07-07 15:48:00-04:00,196.07000732421875,196.07000732421875,196.1999969482422,196.00999450683594,196.07000732421875,426490
2026-07-07 15:50:00-04:00,196.0010986328125,196.0010986328125,196.34500122070312,195.85000610351562,196.0800018310547,737710
2026-07-07 15:52:00-04:00,196.02000427246094,196.02000427246094,196.08999633789062,195.8800048828125,195.99000549316406,608965
2026-07-07 15:54:00-04:00,196.5800018310547,196.5800018310547,196.72000122070312,195.9199981689453,196.0200958251953,960068
2026-07-07 15:56:00-04:00,196.63499450683594,196.63499450683594,196.67120361328125,196.49000549316406,196.5800018310547,909574
2026-07-07 15:58:00-04:00,196.92999267578125,196.92999267578125,197.0500030517578,196.55999755859375,196.63499450683594,2524924
2026-07-08 09:30:00-04:00,197.69940185546875,197.69940185546875,197.6999969482422,195.10499572753906,195.1300048828125,6227243
2026-07-08 09:32:00-04:00,197.44500732421875,197.44500732421875,197.92999267578125,197.02000427246094,197.68499755859375,957174
2026-07-08 09:34:00-04:00,197.22999572753906,197.22999572753906,197.58990478515625,196.8000946044922,197.4199981689453,644735
2026-07-08 09:36:00-04:00,197.22000122070312,197.22000122070312,197.52000427246094,196.9499969482422,197.22500610351562,676272
2026-07-08 09:38:00-04:00,197.88999938964844,197.88999938964844,197.97999572753906,196.9199981689453,197.1999969482422,867530
2026-07-08 09:40:00-04:00,197.66070556640625,197.66070556640625,198.1999969482422,197.5399932861328,197.85000610351562,924381
2026-07-08 09:42:00-04:00,198.03700256347656,198.03700256347656,198.3000030517578,197.42999267578125,197.66000366210938,847949
2026-07-08 09:44:00-04:00,199.3249969482422,199.3249969482422,199.3249969482422,198.0,198.0050048828125,1359042
2026-07-08 09:46:00-04:00,198.4149932861328,198.4149932861328,199.86000061035156,198.3300018310547,199.33990478515625,1608754
2026-07-08 09:48:00-04:00,197.60009765625,197.60009765625,198.72999572753906,197.60009765625,198.4149932861328,896060
2026-07-08 09:50:00-04:00,197.55999755859375,197.55999755859375,197.9499969482422,197.3300018310547,197.60000610351562,767960
2026-07-08 09:52:00-04:00,197.57009887695312,197.57009887695312,197.88490295410156,197.30999755859375,197.5800018310547,563722
2026-07-08 09:54:00-04:00,197.27999877929688,197.27999877929688,197.77499389648438,197.24000549316406,197.58999633789062,519892
2026-07-08 09:56:00-04:00,197.57000732421875,197.57000732421875,197.84039306640625,197.10000610351562,197.27999877929688,482669
2026-07-08 09:58:00-04:00,197.61500549316406,197.61500549316406,197.72999572753906,197.41009521484375,197.55999755859375,433731
2026-07-08 10:00:00-04:00,197.48500061035156,197.48500061035156,197.72000122070312,197.33999633789062,197.57000732421875,534764
2026-07-08 10:02:00-04:00,197.28500366210938,197.28500366210938,197.52999877929688,197.17999267578125,197.47000122070312,365656
2026-07-08 10:04:00-04:00,197.39999389648438,197.39999389648438,197.5399932861328,197.25,197.3000030517578,364967
2026-07-08 10:06:00-04:00,197.1999969482422,197.1999969482422,197.44000244140625,197.1300048828125,197.4250030517578,418197
2026-07-08 10:08:00-04:00,197.27499389648438,197.27499389648438,197.5299072265625,197.1199951171875,197.19500732421875,467531
2026-07-08 10:10:00-04:00,196.7801055908203,196.7801055908203,197.39999389648438,196.6999969482422,197.28509521484375,786581
2026-07-08 10:12:00-04:00,197.2100067138672,197.2100067138672,197.42999267578125,196.3800048828125,196.8249969482422,756858
2026-07-08 10:14:00-04:00,197.07000732421875,197.07000732421875,197.42979431152344,196.9600067138672,197.22000122070312,431214
2026-07-08 10:16:00-04:00,197.375,197.375,197.4199981689453,196.82000732421875,197.05499267578125,414175
2026-07-08 10:18:00-04:00,197.4199981689453,197.4199981689453,197.5800018310547,197.1300048828125,197.36000061035156,486595
2026-07-08 10:20:00-04:00,197.51499938964844,197.51499938964844,197.5998992919922,197.1999969482422,197.41000366210938,442050
2026-07-08 10:22:00-04:00,197.09500122070312,197.09500122070312,197.52000427246094,197.0399932861328,197.50250244140625,305246
2026-07-08 10:24:00-04:00,196.98500061035156,196.98500061035156,197.1199951171875,196.76060485839844,197.09010314941406,380347
2026-07-08 10:26:00-04:00,197.0447998046875,197.0447998046875,197.3300018310547,196.52000427246094,196.9700927734375,558795
2026-07-08 10:28:00-04:00,197.00999450683594,197.00999450683594,197.17999267578125,196.8800048828125,197.02999877929688,282734
2026-07-08 10:30:00-04:00,197.28500366210938,197.28500366210938,197.36940002441406,196.9600067138672,197.00999450683594,274223
2026-07-08 10:32:00-04:00,197.26780700683594,197.26780700683594,197.31939697265625,196.91200256347656,197.27000427246094,309417
2026-07-08 10:34:00-04:00,196.92120361328125,196.92120361328125,197.2949981689453,196.91009521484375,197.25999450683594,502506
2026-07-08 10:36:00-04:00,197.0449981689453,197.0449981689453,197.1999969482422,196.77000427246094,196.9149932861328,534219
2026-07-08 10:38:00-04:00,196.9499969482422,196.9499969482422,197.14999389648438,196.7899932861328,197.0406036376953,309562
2026-07-08 10:40:00-04:00,197.1999969482422,197.1999969482422,197.21400451660156,196.8699951171875,196.93499755859375,295128
2026-07-08 10:42:00-04:00,197.02499389648438,197.02499389648438,197.22999572753906,196.7899932861328,197.2050018310547,336661
2026-07-08 10:44:00-04:00,196.98910522460938,196.98910522460938,197.30999755859375,196.89999389648438,197.0,293254
2026-07-08 10:46:00-04:00,196.33999633789062,196.33999633789062,197.11000061035156,196.30599975585938,197.0,549580
2026-07-08 10:48:00-04:00,196.34129333496094,196.34129333496094,196.72999572753906,196.33999633789062,196.35000610351562,428148
2026-07-08 10:50:00-04:00,196.29100036621094,196.29100036621094,196.46499633789062,196.0500030517578,196.32000732421875,485656
2026-07-08 10:52:00-04:00,198.0749969482422,198.0749969482422,199.3000030517578,196.1605987548828,196.2949981689453,1950885
2026-07-08 10:54:00-04:00,198.2899932861328,198.2899932861328,198.8560028076172,196.8300018310547,198.10000610351562,2234914
2026-07-08 10:56:00-04:00,198.75,198.75,199.11000061035156,197.8800048828125,198.2550048828125,2175459
2026-07-08 10:58:00-04:00,198.78329467773438,198.78329467773438,198.8800048828125,197.9199981689453,198.71780395507812,1145405
2026-07-08 11:00:00-04:00,198.60000610351562,198.60000610351562,199.4499969482422,198.30999755859375,198.78500366210938,1662390
2026-07-08 11:02:00-04:00,198.7899932861328,198.7899932861328,199.3300018310547,198.52499389648438,198.55499267578125,963786
2026-07-08 11:04:00-04:00,198.35000610351562,198.35000610351562,198.94000244140625,198.13999938964844,198.80799865722656,802854
2026-07-08 11:06:00-04:00,198.09010314941406,198.09010314941406,198.38999938964844,197.75,198.3300018310547,671207
2026-07-08 11:08:00-04:00,198.00999450683594,198.00999450683594,198.28990173339844,197.9199981689453,198.11270141601562,365928
2026-07-08 11:10:00-04:00,197.9199981689453,197.9199981689453,198.16000366210938,197.81500244140625,197.97999572753906,369579
2026-07-08 11:12:00-04:00,197.3699951171875,197.3699951171875,198.0,197.27999877929688,197.9149932861328,505877
2026-07-08 11:14:00-04:00,197.16000366210938,197.16000366210938,197.4600067138672,197.0800018310547,197.37010192871094,472836
2026-07-08 11:16:00-04:00,196.72000122070312,196.72000122070312,197.27000427246094,196.66000366210938,197.14500427246094,661421
2026-07-08 11:18:00-04:00,197.24000549316406,197.24000549316406,197.4499969482422,196.6300048828125,196.67999267578125,515933
2026-07-08 11:20:00-04:00,197.08999633789062,197.08999633789062,197.38999938964844,196.89999389648438,197.22000122070312,370917
2026-07-08 11:22:00-04:00,196.56500244140625,196.56500244140625,197.13999938964844,196.55999755859375,197.0800018310547,494832
2026-07-08 11:24:00-04:00,196.5800018310547,196.5800018310547,196.8000030517578,196.42999267578125,196.58999633789062,493536
2026-07-08 11:26:00-04:00,196.57000732421875,196.57000732421875,196.75999450683594,196.38999938964844,196.58999633789062,423935
2026-07-08 11:28:00-04:00,196.58999633789062,196.58999633789062,196.83999633789062,196.53500366210938,196.54200744628906,352597
2026-07-08 11:30:00-04:00,196.9586944580078,196.9586944580078,197.0,196.5500030517578,196.5500030517578,356555
2026-07-08 11:32:00-04:00,197.50999450683594,197.50999450683594,197.5500030517578,196.94000244140625,197.02000427246094,550354
2026-07-08 11:34:00-04:00,197.7449951171875,197.7449951171875,197.82000732421875,197.3000946044922,197.5399932861328,444238
2026-07-08 11:36:00-04:00,197.75990295410156,197.75990295410156,197.83999633789062,197.52999877929688,197.7449951171875,367576
2026-07-08 11:38:00-04:00,197.30499267578125,197.30499267578125,197.75999450683594,197.22000122070312,197.7449951171875,342492
2026-07-08 11:40:00-04:00,197.5850067138672,197.5850067138672,197.60479736328125,197.28500366210938,197.30499267578125,282986
2026-07-08 11:42:00-04:00,197.39999389648438,197.39999389648438,197.61000061035156,197.27000427246094,197.5850067138672,214167
2026-07-08 11:44:00-04:00,197.48500061035156,197.48500061035156,197.5050048828125,197.1999969482422,197.4199981689453,297786
2026-07-08 11:46:00-04:00,197.375,197.375,197.60000610351562,197.12010192871094,197.4949951171875,269144
2026-07-08 11:48:00-04:00,197.3000030517578,197.3000030517578,197.38999938964844,197.16000366210938,197.36500549316406,150838
2026-07-08 11:50:00-04:00,197.1096954345703,197.1096954345703,197.30490112304688,196.9199981689453,197.27000427246094,335555
2026-07-08 11:52:00-04:00,197.08999633789062,197.08999633789062,197.2100067138672,196.8699951171875,197.1199951171875,1235141
2026-07-08 11:54:00-04:00,197.06500244140625,197.06500244140625,197.22039794921875,196.86000061035156,197.11500549316406,258139
2026-07-08 11:56:00-04:00,197.05499267578125,197.05499267578125,197.1300048828125,196.92999267578125,197.05499267578125,207900
2026-07-08 11:58:00-04:00,197.23989868164062,197.23989868164062,197.2718048095703,196.94000244140625,197.0500030517578,205150
2026-07-08 12:00:00-04:00,197.63499450683594,197.63499450683594,197.7899932861328,197.2100067138672,197.22000122070312,383418
2026-07-08 12:02:00-04:00,197.6750030517578,197.6750030517578,197.77000427246094,197.47000122070312,197.63400268554688,205376
2026-07-08 12:04:00-04:00,197.77999877929688,197.77999877929688,197.98899841308594,197.5399932861328,197.66000366210938,419773
2026-07-08 12:06:00-04:00,197.74009704589844,197.74009704589844,197.83990478515625,197.6199951171875,197.76499938964844,159764
2026-07-08 12:08:00-04:00,197.88510131835938,197.88510131835938,197.91990661621094,197.53750610351562,197.76499938964844,222227
2026-07-08 12:10:00-04:00,198.22999572753906,198.22999572753906,198.27000427246094,197.88499450683594,197.88499450683594,431039
2026-07-08 12:12:00-04:00,198.55999755859375,198.55999755859375,198.63999938964844,198.24000549316406,198.25,931795
2026-07-08 12:14:00-04:00,198.4949951171875,198.4949951171875,198.77999877929688,198.49000549316406,198.57000732421875,379079
2026-07-08 12:16:00-04:00,199.08929443359375,199.08929443359375,199.10000610351562,198.44000244140625,198.4949951171875,560911
2026-07-08 12:18:00-04:00,199.32000732421875,199.32000732421875,199.32000732421875,198.99000549316406,199.0800018310547,710558
2026-07-08 12:20:00-04:00,199.80499267578125,199.80499267578125,200.00999450683594,199.27999877929688,199.27999877929688,1771149
2026-07-08 12:22:00-04:00,199.77000427246094,199.77000427246094,200.10000610351562,199.75,199.8000030517578,951921
2026-07-08 12:24:00-04:00,199.1750030517578,199.1750030517578,199.7899932861328,199.1300048828125,199.77000427246094,617418
2026-07-08 12:26:00-04:00,199.33999633789062,199.33999633789062,199.4499969482422,199.16659545898438,199.1750030517578,395911
2026-07-08 12:28:00-04:00,199.2528076171875,199.2528076171875,199.5500030517578,199.14999389648438,199.3350067138672,321559
2026-07-08 12:30:00-04:00,199.47000122070312,199.47000122070312,199.66000366210938,199.1999969482422,199.25999450683594,324963
2026-07-08 12:32:00-04:00,199.30499267578125,199.30499267578125,199.47999572753906,199.24009704589844,199.4600067138672,306505
2026-07-08 12:34:00-04:00,199.39999389648438,199.39999389648438,199.63999938964844,199.24000549316406,199.32000732421875,391284
2026-07-08 12:36:00-04:00,199.0399932861328,199.0399932861328,199.42999267578125,198.92999267578125,199.39999389648438,392939
2026-07-08 12:38:00-04:00,199.3300018310547,199.3300018310547,199.36000061035156,198.906494140625,199.05999755859375,621535
2026-07-08 12:40:00-04:00,199.52499389648438,199.52499389648438,199.6699981689453,199.1649932861328,199.3249969482422,384463
2026-07-08 12:42:00-04:00,199.64500427246094,199.64500427246094,199.66000366210938,199.41000366210938,199.5399932861328,277005
2026-07-08 12:44:00-04:00,199.4698944091797,199.4698944091797,199.8800048828125,199.33009338378906,199.64500427246094,342199
2026-07-08 12:46:00-04:00,199.72999572753906,199.72999572753906,199.7949981689453,199.47000122070312,199.5,310161
2026-07-08 12:48:00-04:00,200.1999969482422,200.1999969482422,200.22999572753906,199.74000549316406,199.75,648702
2026-07-08 12:50:00-04:00,200.39999389648438,200.39999389648438,200.47999572753906,200.10009765625,200.2050018310547,755076
2026-07-08 12:52:00-04:00,200.27000427246094,200.27000427246094,200.4499969482422,200.1300048828125,200.38499450683594,574058
2026-07-08 12:54:00-04:00,200.44500732421875,200.44500732421875,200.6739959716797,200.08999633789062,200.25999450683594,612654
2026-07-08 12:56:00-04:00,200.61000061035156,200.61000061035156,200.6199951171875,200.37010192871094,200.44500732421875,412405
2026-07-08 12:58:00-04:00,200.9949951171875,200.9949951171875,201.1999969482422,200.6199951171875,200.6199951171875,1122735
2026-07-08 13:00:00-04:00,200.88999938964844,200.88999938964844,201.0399932861328,200.72000122070312,201.0399932861328,641862
2026-07-08 13:02:00-04:00,200.26499938964844,200.26499938964844,200.92999267578125,200.24000549316406,200.91990661621094,475531
2026-07-08 13:04:00-04:00,200.37440490722656,200.37440490722656,200.5299072265625,200.25,200.2707977294922,379728
2026-07-08 13:06:00-04:00,200.8800048828125,200.8800048828125,200.89840698242188,200.3699951171875,200.3699951171875,371550
2026-07-08 13:08:00-04:00,200.875,200.875,201.02000427246094,200.75999450683594,200.8800048828125,338188
2026-07-08 13:10:00-04:00,200.94000244140625,200.94000244140625,201.1300048828125,200.7949981689453,200.875,424935
2026-07-08 13:12:00-04:00,200.8699951171875,200.8699951171875,201.11000061035156,200.83999633789062,200.94500732421875,313236
2026-07-08 13:14:00-04:00,200.73500061035156,200.73500061035156,200.88499450683594,200.5800018310547,200.88499450683594,317699
2026-07-08 13:16:00-04:00,201.0800018310547,201.0800018310547,201.13499450683594,200.69000244140625,200.7050018310547,336799
2026-07-08 13:18:00-04:00,201.60000610351562,201.60000610351562,201.77000427246094,200.9499969482422,201.08999633789062,789388
2026-07-08 13:20:00-04:00,202.0,202.0,202.1199951171875,201.61000061035156,201.61000061035156,971404
2026-07-08 13:22:00-04:00,202.27000427246094,202.27000427246094,202.35000610351562,201.91000366210938,202.0,673678
2026-07-08 13:24:00-04:00,202.83999633789062,202.83999633789062,202.88999938964844,202.22000122070312,202.27000427246094,980657
2026-07-08 13:26:00-04:00,202.72000122070312,202.72000122070312,202.88499450683594,202.55999755859375,202.8582000732422,800234
2026-07-08 13:28:00-04:00,203.0800018310547,203.0800018310547,203.12899780273438,202.72999572753906,202.72999572753906,1062362
2026-07-08 13:30:00-04:00,203.02000427246094,203.02000427246094,203.14999389648438,202.86000061035156,203.08999633789062,812341
2026-07-08 13:32:00-04:00,202.97000122070312,202.97000122070312,203.07000732421875,202.74000549316406,203.02000427246094,810041
2026-07-08 13:34:00-04:00,203.6147003173828,203.6147003173828,203.6999969482422,202.92999267578125,202.9499969482422,1075444
2026-07-08 13:36:00-04:00,203.5200958251953,203.5200958251953,203.7100067138672,203.38999938964844,203.6199951171875,970638
2026-07-08 13:38:00-04:00,203.2550048828125,203.2550048828125,203.5800018310547,203.1699981689453,203.52999877929688,766093
2026-07-08 13:40:00-04:00,202.61199951171875,202.61199951171875,203.36000061035156,202.5500030517578,203.27000427246094,873233
2026-07-08 13:42:00-04:00,202.65460205078125,202.65460205078125,202.78990173339844,202.5,202.61000061035156,599002
2026-07-08 13:44:00-04:00,202.32000732421875,202.32000732421875,202.72999572753906,202.20010375976562,202.6898956298828,554670
2026-07-08 13:46:00-04:00,202.27999877929688,202.27999877929688,202.5,202.22999572753906,202.3300018310547,489921
2026-07-08 13:48:00-04:00,202.13999938964844,202.13999938964844,202.32000732421875,202.0,202.28500366210938,409280
2026-07-08 13:50:00-04:00,202.39999389648438,202.39999389648438,202.5399932861328,202.1300048828125,202.13999938964844,529482
2026-07-08 13:52:00-04:00,202.42999267578125,202.42999267578125,202.66990661621094,202.3708953857422,202.38800048828125,414001
2026-07-08 13:54:00-04:00,202.25,202.25,202.44000244140625,202.10000610351562,202.42320251464844,345716
2026-07-08 13:56:00-04:00,202.0124969482422,202.0124969482422,202.25999450683594,201.92999267578125,202.2436981201172,482426
2026-07-08 13:58:00-04:00,202.1999969482422,202.1999969482422,202.22999572753906,201.92999267578125,202.02000427246094,307625
2026-07-08 14:00:00-04:00,202.36000061035156,202.36000061035156,202.5299072265625,201.89999389648438,202.18499755859375,522920
2026-07-08 14:02:00-04:00,202.47000122070312,202.47000122070312,202.639404296875,202.3000030517578,202.36920166015625,441075
2026-07-08 14:04:00-04:00,202.3800048828125,202.3800048828125,202.6699981689453,202.22999572753906,202.47000122070312,426393
2026-07-08 14:06:00-04:00,202.13499450683594,202.13499450683594,202.38999938964844,202.10000610351562,202.38999938964844,342762
2026-07-08 14:08:00-04:00,202.52999877929688,202.52999877929688,202.55999755859375,202.0399932861328,202.14999389648438,399236
2026-07-08 14:10:00-04:00,202.59500122070312,202.59500122070312,202.7899932861328,202.3188018798828,202.52999877929688,508698
2026-07-08 14:12:00-04:00,202.6699981689453,202.6699981689453,202.67999267578125,202.44000244140625,202.58999633789062,344725
2026-07-08 14:14:00-04:00,202.6999969482422,202.6999969482422,202.79989624023438,202.4499969482422,202.67930603027344,340537
2026-07-08 14:16:00-04:00,202.47999572753906,202.47999572753906,202.72000122070312,202.25,202.72000122070312,400675
2026-07-08 14:18:00-04:00,202.875,202.875,202.88009643554688,202.3699951171875,202.49000549316406,449543
2026-07-08 14:20:00-04:00,202.83999633789062,202.83999633789062,202.9199981689453,202.62010192871094,202.875,507074
2026-07-08 14:22:00-04:00,202.5500030517578,202.5500030517578,202.9600067138672,202.51010131835938,202.85000610351562,404285
2026-07-08 14:24:00-04:00,202.56300354003906,202.56300354003906,202.71499633789062,202.47999572753906,202.5500030517578,398892
2026-07-08 14:26:00-04:00,202.42999267578125,202.42999267578125,202.64999389648438,202.42999267578125,202.57000732421875,243991
2026-07-08 14:28:00-04:00,202.19000244140625,202.19000244140625,202.69000244140625,202.17999267578125,202.42999267578125,345137
2026-07-08 14:30:00-04:00,202.3249969482422,202.3249969482422,202.42999267578125,202.09300231933594,202.1999969482422,388061
2026-07-08 14:32:00-04:00,202.25,202.25,202.5,202.1999969482422,202.31500244140625,335650
2026-07-08 14:34:00-04:00,202.3699951171875,202.3699951171875,202.44000244140625,202.23500061035156,202.23500061035156,232015
2026-07-08 14:36:00-04:00,203.0,203.0,203.02999877929688,202.375,202.39500427246094,610678
2026-07-08 14:38:00-04:00,202.93499755859375,202.93499755859375,203.23680114746094,202.8699951171875,203.0,879824
2026-07-08 14:40:00-04:00,202.75010681152344,202.75010681152344,203.05999755859375,202.6300048828125,202.9199981689453,442821
2026-07-08 14:42:00-04:00,203.05499267578125,203.05499267578125,203.10000610351562,202.60000610351562,202.78500366210938,424804
2026-07-08 14:44:00-04:00,203.08009338378906,203.08009338378906,203.22000122070312,202.97999572753906,203.05999755859375,393429
2026-07-08 14:46:00-04:00,202.9499969482422,202.9499969482422,203.1300048828125,202.8800048828125,203.0800018310547,342958
2026-07-08 14:48:00-04:00,203.0800018310547,203.0800018310547,203.24000549316406,202.9499969482422,202.9499969482422,360601
2026-07-08 14:50:00-04:00,203.3699951171875,203.3699951171875,203.3699951171875,203.0399932861328,203.0800018310547,531486
2026-07-08 14:52:00-04:00,203.27999877929688,203.27999877929688,203.47000122070312,203.24099731445312,203.3699951171875,479224
2026-07-08 14:54:00-04:00,203.39999389648438,203.39999389648438,203.67999267578125,203.25999450683594,203.27499389648438,1798365
2026-07-08 14:56:00-04:00,203.52999877929688,203.52999877929688,203.58880615234375,203.22999572753906,203.36000061035156,377773
2026-07-08 14:58:00-04:00,204.17999267578125,204.17999267578125,204.1999969482422,203.49000549316406,203.5500030517578,1011196
2026-07-08 15:00:00-04:00,204.28500366210938,204.28500366210938,204.52609252929688,204.11000061035156,204.17999267578125,888442
2026-07-08 15:02:00-04:00,204.63999938964844,204.63999938964844,204.7100067138672,204.11000061035156,204.28500366210938,833169
2026-07-08 15:04:00-04:00,204.42999267578125,204.42999267578125,204.8300018310547,204.42999267578125,204.66160583496094,849268
2026-07-08 15:06:00-04:00,204.40179443359375,204.40179443359375,204.4499969482422,204.14500427246094,204.44000244140625,617568
2026-07-08 15:08:00-04:00,204.44009399414062,204.44009399414062,204.5500030517578,204.27999877929688,204.39999389648438,649633
2026-07-08 15:10:00-04:00,204.36000061035156,204.36000061035156,204.57000732421875,204.3000030517578,204.4600067138672,567828
2026-07-08 15:12:00-04:00,204.36500549316406,204.36500549316406,204.50999450683594,204.27999877929688,204.35499572753906,550373
2026-07-08 15:14:00-04:00,204.3498992919922,204.3498992919922,204.42999267578125,204.2100067138672,204.36500549316406,333298
2026-07-08 15:16:00-04:00,204.1999969482422,204.1999969482422,204.37989807128906,204.1199951171875,204.3300018310547,621426
2026-07-08 15:18:00-04:00,204.3350067138672,204.3350067138672,204.5500030517578,204.1999969482422,204.2050018310547,755304
2026-07-08 15:20:00-04:00,204.27049255371094,204.27049255371094,204.52000427246094,204.25,204.32000732421875,475888
2026-07-08 15:22:00-04:00,204.2100067138672,204.2100067138672,204.44000244140625,204.07000732421875,204.27999877929688,614662
2026-07-08 15:24:00-04:00,204.35000610351562,204.35000610351562,204.39999389648438,204.14999389648438,204.1999969482422,413484
2026-07-08 15:26:00-04:00,204.36000061035156,204.36000061035156,204.4499969482422,204.2342071533203,204.3300018310547,497709
2026-07-08 15:28:00-04:00,204.4550018310547,204.4550018310547,204.5,204.1699981689453,204.35989379882812,428334
2026-07-08 15:30:00-04:00,204.3300018310547,204.3300018310547,204.49000549316406,204.0500030517578,204.4550018310547,620982
2026-07-08 15:32:00-04:00,204.32000732421875,204.32000732421875,204.4949951171875,204.30999755859375,204.33999633789062,392217
2026-07-08 15:34:00-04:00,204.69000244140625,204.69000244140625,204.7899932861328,204.27999877929688,204.32000732421875,760679
2026-07-08 15:36:00-04:00,205.07000732421875,205.07000732421875,205.14999389648438,204.6300048828125,204.69000244140625,1216010
2026-07-08 15:38:00-04:00,204.45350646972656,204.45350646972656,205.1199951171875,204.42999267578125,205.07000732421875,731149
2026-07-08 15:40:00-04:00,203.8000030517578,203.8000030517578,204.4550018310547,203.77999877929688,204.4550018310547,722385
2026-07-08 15:42:00-04:00,204.3699951171875,204.3699951171875,204.389892578125,203.77000427246094,203.8000030517578,709449
2026-07-08 15:44:00-04:00,204.5399932861328,204.5399932861328,204.61929321289062,204.27999877929688,204.39999389648438,719210
2026-07-08 15:46:00-04:00,204.14999389648438,204.14999389648438,204.60000610351562,204.0800018310547,204.52999877929688,566763
2026-07-08 15:48:00-04:00,204.2299041748047,204.2299041748047,204.38999938964844,204.10499572753906,204.13499450683594,580483
2026-07-08 15:50:00-04:00,204.39999389648438,204.39999389648438,204.47000122070312,203.85000610351562,204.22000122070312,972229
2026-07-08 15:52:00-04:00,204.77000427246094,204.77000427246094,204.7899932861328,204.27000427246094,204.39999389648438,873917
2026-07-08 15:54:00-04:00,204.39500427246094,204.39500427246094,204.9250030517578,204.27999877929688,204.77000427246094,1399333
2026-07-08 15:56:00-04:00,204.4149932861328,204.4149932861328,204.49000549316406,204.16000366210938,204.39500427246094,1223276
2026-07-08 15:58:00-04:00,204.14999389648438,204.14999389648438,204.5500030517578,204.07000732421875,204.4149932861328,3624987
2026-07-09 09:30:00-04:00,202.83999633789062,202.83999633789062,204.4600067138672,202.67999267578125,204.4600067138672,6920750
2026-07-09 09:32:00-04:00,203.0498046875,203.0498046875,203.14999389648438,202.50999450683594,202.84559631347656,2009738
2026-07-09 09:34:00-04:00,203.19000244140625,203.19000244140625,203.9949951171875,202.97500610351562,203.04989624023438,1434912
2026-07-09 09:36:00-04:00,202.89999389648438,202.89999389648438,203.35000610351562,202.47000122070312,203.19000244140625,1435786
2026-07-09 09:38:00-04:00,202.48500061035156,202.48500061035156,203.0399932861328,202.22999572753906,202.8800048828125,1534086
2026-07-09 09:40:00-04:00,201.9499969482422,201.9499969482422,202.60769653320312,201.8000030517578,202.49000549316406,1458158
2026-07-09 09:42:00-04:00,201.9499969482422,201.9499969482422,201.97999572753906,201.55140686035156,201.97000122070312,1156570
2026-07-09 09:44:00-04:00,201.77000427246094,201.77000427246094,202.02999877929688,201.49000549316406,201.94000244140625,1244013
2026-07-09 09:46:00-04:00,201.97000122070312,201.97000122070312,202.16000366210938,201.61000061035156,201.77000427246094,1205024
2026-07-09 09:48:00-04:00,201.83999633789062,201.83999633789062,202.22000122070312,201.70010375976562,201.92999267578125,1219415
2026-07-09 09:50:00-04:00,202.52499389648438,202.52499389648438,202.60000610351562,201.8249969482422,201.8350067138672,959682
2026-07-09 09:52:00-04:00,202.57000732421875,202.57000732421875,202.677001953125,202.25999450683594,202.52499389648438,784496
2026-07-09 09:54:00-04:00,202.1999969482422,202.1999969482422,202.5850067138672,202.02999877929688,202.5850067138672,750282
2026-07-09 09:56:00-04:00,201.91000366210938,201.91000366210938,202.22999572753906,201.82000732421875,202.2100067138672,883652
2026-07-09 09:58:00-04:00,202.10000610351562,202.10000610351562,202.14999389648438,201.32000732421875,201.90499877929688,1188338
2026-07-09 10:00:00-04:00,201.35000610351562,201.35000610351562,202.1699981689453,201.35000610351562,202.0800018310547,908176
2026-07-09 10:02:00-04:00,201.375,201.375,201.60000610351562,200.92999267578125,201.36000061035156,1377051
2026-07-09 10:04:00-04:00,200.94000244140625,200.94000244140625,201.38999938964844,200.8300018310547,201.38999938964844,908914
2026-07-09 10:06:00-04:00,200.30499267578125,200.30499267578125,201.0500030517578,200.25,200.94500732421875,1170670
2026-07-09 10:08:00-04:00,200.07000732421875,200.07000732421875,200.52999877929688,199.9600067138672,200.3271026611328,1208841
2026-07-09 10:10:00-04:00,199.72000122070312,199.72000122070312,200.25,199.67999267578125,200.05999755859375,1091339
2026-07-09 10:12:00-04:00,200.03500366210938,200.03500366210938,200.41000366210938,199.7100067138672,199.72500610351562,1071189
2026-07-09 10:14:00-04:00,199.38999938964844,199.38999938964844,200.32000732421875,199.3800048828125,200.03500366210938,1108118
2026-07-09 10:16:00-04:00,199.9149932861328,199.9149932861328,200.0800018310547,199.2100067138672,199.38999938964844,1169193
2026-07-09 10:18:00-04:00,199.5,199.5,200.0500030517578,199.39999389648438,199.90499877929688,873147
2026-07-09 10:20:00-04:00,199.13999938964844,199.13999938964844,199.66990661621094,198.97000122070312,199.47999572753906,1225439
2026-07-09 10:22:00-04:00,199.40499877929688,199.40499877929688,199.5,199.00999450683594,199.13499450683594,1540853
2026-07-09 10:24:00-04:00,199.610595703125,199.610595703125,199.86500549316406,199.35000610351562,199.39999389648438,710291
2026-07-09 10:26:00-04:00,199.84609985351562,199.84609985351562,200.0469970703125,199.4600067138672,199.60000610351562,661055
2026-07-09 10:28:00-04:00,200.23500061035156,200.23500061035156,200.27499389648438,199.75,199.82000732421875,725789
2026-07-09 10:30:00-04:00,199.36500549316406,199.36500549316406,200.25,199.32009887695312,200.24850463867188,915000
2026-07-09 10:32:00-04:00,199.9600067138672,199.9600067138672,200.02499389648438,199.30999755859375,199.3699951171875,549335
2026-07-09 10:34:00-04:00,199.88999938964844,199.88999938964844,200.00999450683594,199.5200958251953,199.9600067138672,472410
2026-07-09 10:36:00-04:00,199.99000549316406,199.99000549316406,200.13999938964844,199.5200958251953,199.88999938964844,628716
2026-07-09 10:38:00-04:00,200.36500549316406,200.36500549316406,200.4340057373047,199.5330047607422,199.99920654296875,545002
2026-07-09 10:40:00-04:00,200.7198028564453,200.7198028564453,200.80499267578125,199.52999877929688,200.3800048828125,866693
2026-07-09 10:42:00-04:00,200.7895050048828,200.7895050048828,200.85800170898438,200.61050415039062,200.6999969482422,621526
2026-07-09 10:44:00-04:00,200.65499877929688,200.65499877929688,200.83999633789062,200.60009765625,200.77000427246094,546736
2026-07-09 10:46:00-04:00,201.10000610351562,201.10000610351562,201.1699981689453,200.6649932861328,200.6649932861328,773563
2026-07-09 10:48:00-04:00,201.17999267578125,201.17999267578125,201.23500061035156,200.88999938964844,201.10000610351562,484272
2026-07-09 10:50:00-04:00,201.05999755859375,201.05999755859375,201.22500610351562,200.9250030517578,201.17999267578125,530181
2026-07-09 10:52:00-04:00,200.7449951171875,200.7449951171875,201.05499267578125,200.57009887695312,201.05499267578125,516066
2026-07-09 10:54:00-04:00,201.3000030517578,201.3000030517578,201.35000610351562,200.52000427246094,200.8300018310547,1336564
2026-07-09 10:56:00-04:00,201.42999267578125,201.42999267578125,201.4499053955078,201.16000366210938,201.2989959716797,482122
2026-07-09 10:58:00-04:00,201.2949981689453,201.2949981689453,201.6699981689453,201.22999572753906,201.43499755859375,716085
2026-07-09 11:00:00-04:00,201.40989685058594,201.40989685058594,201.5,201.110107421875,201.2899932861328,500406
2026-07-09 11:02:00-04:00,201.27999877929688,201.27999877929688,201.40280151367188,201.1199951171875,201.39999389648438,299431
2026-07-09 11:04:00-04:00,201.41000366210938,201.41000366210938,201.4600067138672,201.2050018310547,201.289306640625,323426
2026-07-09 11:06:00-04:00,201.5800018310547,201.5800018310547,201.6999969482422,201.38999938964844,201.41000366210938,427710
2026-07-09 11:08:00-04:00,201.86990356445312,201.86990356445312,201.89999389648438,201.49000549316406,201.5800018310547,571964
2026-07-09 11:10:00-04:00,201.7899932861328,201.7899932861328,202.02999877929688,201.74000549316406,201.86000061035156,669427
2026-07-09 11:12:00-04:00,201.60000610351562,201.60000610351562,201.8800048828125,201.58999633789062,201.77499389648438,444461
2026-07-09 11:14:00-04:00,201.4499969482422,201.4499969482422,201.6699981689453,201.27999877929688,201.60499572753906,518073
2026-07-09 11:16:00-04:00,201.2086944580078,201.2086944580078,201.52000427246094,201.0,201.44850158691406,502203
2026-07-09 11:18:00-04:00,201.25,201.25,201.3699951171875,201.14999389648438,201.2050018310547,360170
2026-07-09 11:20:00-04:00,201.4600067138672,201.4600067138672,201.47000122070312,201.24000549316406,201.27999877929688,308163
2026-07-09 11:22:00-04:00,201.72999572753906,201.72999572753906,201.75999450683594,201.4199981689453,201.4499969482422,428672
2026-07-09 11:24:00-04:00,201.94000244140625,201.94000244140625,201.97999572753906,201.72000122070312,201.75,392578
2026-07-09 11:26:00-04:00,201.89500427246094,201.89500427246094,202.1999969482422,201.82000732421875,201.9199981689453,592231
2026-07-09 11:28:00-04:00,201.72000122070312,201.72000122070312,201.92999267578125,201.66000366210938,201.89999389648438,294080
2026-07-09 11:30:00-04:00,201.52999877929688,201.52999877929688,201.77999877929688,201.49000549316406,201.74000549316406,397030
2026-07-09 11:32:00-04:00,201.375,201.375,201.57000732421875,201.3000030517578,201.50999450683594,359072
2026-07-09 11:34:00-04:00,201.42990112304688,201.42990112304688,201.47999572753906,201.17030334472656,201.3699951171875,367949
2026-07-09 11:36:00-04:00,201.22000122070312,201.22000122070312,201.50999450683594,201.2100067138672,201.4199981689453,332729
2026-07-09 11:38:00-04:00,201.47000122070312,201.47000122070312,201.5050048828125,201.17999267578125,201.20010375976562,402401
2026-07-09 11:40:00-04:00,201.60000610351562,201.60000610351562,201.69000244140625,201.44000244140625,201.47000122070312,435892
2026-07-09 11:42:00-04:00,201.50999450683594,201.50999450683594,201.70399475097656,201.47999572753906,201.6199951171875,267769
2026-07-09 11:44:00-04:00,201.4499969482422,201.4499969482422,201.53500366210938,201.34500122070312,201.50999450683594,295903
2026-07-09 11:46:00-04:00,201.52000427246094,201.52000427246094,201.5800018310547,201.33819580078125,201.44500732421875,336628
2026-07-09 11:48:00-04:00,201.72500610351562,201.72500610351562,201.80999755859375,201.5,201.5399932861328,326319
2026-07-09 11:50:00-04:00,201.97500610351562,201.97500610351562,201.99989318847656,201.72999572753906,201.74000549316406,370122
2026-07-09 11:52:00-04:00,202.02499389648438,202.02499389648438,202.1237030029297,201.94000244140625,201.97500610351562,373199
2026-07-09 11:54:00-04:00,201.85000610351562,201.85000610351562,202.0850067138672,201.82000732421875,202.02000427246094,352727
2026-07-09 11:56:00-04:00,201.86000061035156,201.86000061035156,201.97000122070312,201.77000427246094,201.83999633789062,328552
2026-07-09 11:58:00-04:00,201.74000549316406,201.74000549316406,201.92999267578125,201.72999572753906,201.85000610351562,285692
2026-07-09 12:00:00-04:00,201.8800048828125,201.8800048828125,201.99000549316406,201.7100067138672,201.75,349547
2026-07-09 12:02:00-04:00,202.11500549316406,202.11500549316406,202.14999389648438,201.80999755859375,201.8699951171875,402048
2026-07-09 12:04:00-04:00,202.4199981689453,202.4199981689453,202.4199981689453,202.0601043701172,202.1199951171875,450765
2026-07-09 12:06:00-04:00,202.02999877929688,202.02999877929688,202.5084991455078,202.01010131835938,202.42999267578125,504566
2026-07-09 12:08:00-04:00,201.91000366210938,201.91000366210938,202.0800018310547,201.86500549316406,202.03990173339844,353459
2026-07-09 12:10:00-04:00,202.1300048828125,202.1300048828125,202.27999877929688,201.8300018310547,201.89999389648438,710852
2026-07-09 12:12:00-04:00,202.04010009765625,202.04010009765625,202.24000549316406,201.89999389648438,202.13999938964844,1555687
2026-07-09 12:14:00-04:00,202.11000061035156,202.11000061035156,202.1300048828125,201.91000366210938,202.0399932861328,330728
2026-07-09 12:16:00-04:00,202.1999969482422,202.1999969482422,202.2899932861328,202.10000610351562,202.11000061035156,372833
2026-07-09 12:18:00-04:00,202.07269287109375,202.07269287109375,202.22000122070312,202.0399932861328,202.19500732421875,296015
2026-07-09 12:20:00-04:00,202.11000061035156,202.11000061035156,202.2449951171875,202.02999877929688,202.07000732421875,285265
2026-07-09 12:22:00-04:00,202.11000061035156,202.11000061035156,202.16000366210938,201.94000244140625,202.125,346209
2026-07-09 12:24:00-04:00,202.3300018310547,202.3300018310547,202.36000061035156,202.11000061035156,202.11000061035156,330134
2026-07-09 12:26:00-04:00,202.27499389648438,202.27499389648438,202.3300018310547,202.16009521484375,202.3300018310547,234788
2026-07-09 12:28:00-04:00,202.17630004882812,202.17630004882812,202.33999633789062,202.13499450683594,202.27999877929688,264633
2026-07-09 12:30:00-04:00,202.47999572753906,202.47999572753906,202.51699829101562,202.1699981689453,202.19000244140625,367659
2026-07-09 12:32:00-04:00,202.375,202.375,202.55999755859375,202.2938995361328,202.47999572753906,302354
2026-07-09 12:34:00-04:00,202.07130432128906,202.07130432128906,202.3699951171875,202.0,202.3699951171875,301950
2026-07-09 12:36:00-04:00,202.0800018310547,202.0800018310547,202.14999389648438,201.8699951171875,202.0800018310547,338218
2026-07-09 12:38:00-04:00,201.9499969482422,201.9499969482422,202.10499572753906,201.77000427246094,202.10000610351562,267490
2026-07-09 12:40:00-04:00,202.0500030517578,202.0500030517578,202.07000732421875,201.92999267578125,201.92999267578125,245451
2026-07-09 12:42:00-04:00,201.89869689941406,201.89869689941406,202.17860412597656,201.8350067138672,202.0500030517578,244041
2026-07-09 12:44:00-04:00,201.75999450683594,201.75999450683594,201.91000366210938,201.6699981689453,201.90499877929688,308042
2026-07-09 12:46:00-04:00,201.67010498046875,201.67010498046875,201.81500244140625,201.63999938964844,201.75,204737
2026-07-09 12:48:00-04:00,201.718994140625,201.718994140625,201.75,201.64999389648438,201.6699981689453,204902
2026-07-09 12:50:00-04:00,201.8000030517578,201.8000030517578,201.85000610351562,201.7200927734375,201.72500610351562,243473
2026-07-09 12:52:00-04:00,201.8885955810547,201.8885955810547,201.9199981689453,201.77000427246094,201.7949981689453,183647
2026-07-09 12:54:00-04:00,201.94000244140625,201.94000244140625,201.99000549316406,201.86500549316406,201.86500549316406,210011
2026-07-09 12:56:00-04:00,201.6501007080078,201.6501007080078,201.9600067138672,201.6501007080078,201.94500732421875,280530
2026-07-09 12:58:00-04:00,201.7100067138672,201.7100067138672,201.8990020751953,201.65499877929688,201.66000366210938,281543
2026-07-09 13:00:00-04:00,202.00669860839844,202.00669860839844,202.00999450683594,201.69009399414062,201.7100067138672,362066
2026-07-09 13:02:00-04:00,202.2100067138672,202.2100067138672,202.25,201.97999572753906,202.00999450683594,427124
2026-07-09 13:04:00-04:00,202.4199981689453,202.4199981689453,202.42320251464844,202.14999389648438,202.2100067138672,371333
2026-07-09 13:06:00-04:00,203.0850067138672,203.0850067138672,203.1199951171875,202.41000366210938,202.42999267578125,795718
2026-07-09 13:08:00-04:00,202.86000061035156,202.86000061035156,203.1302947998047,202.8177947998047,203.08999633789062,441242
2026-07-09 13:10:00-04:00,203.13999938964844,203.13999938964844,203.23989868164062,202.86000061035156,202.86000061035156,528412
2026-07-09 13:12:00-04:00,203.16000366210938,203.16000366210938,203.17999267578125,202.9499969482422,203.1199951171875,392427
2026-07-09 13:14:00-04:00,202.97000122070312,202.97000122070312,203.24000549316406,202.9600067138672,203.1699981689453,301138
2026-07-09 13:16:00-04:00,202.97000122070312,202.97000122070312,203.3300018310547,202.9600067138672,202.97000122070312,517370
2026-07-09 13:18:00-04:00,202.8498992919922,202.8498992919922,203.02000427246094,202.75,202.9501953125,289801
2026-07-09 13:20:00-04:00,202.91000366210938,202.91000366210938,203.13999938964844,202.84010314941406,202.85899353027344,281485
2026-07-09 13:22:00-04:00,203.00999450683594,203.00999450683594,203.03500366210938,202.83999633789062,202.90499877929688,184994
2026-07-09 13:24:00-04:00,202.9499969482422,202.9499969482422,203.05999755859375,202.86500549316406,203.02000427246094,190545
2026-07-09 13:26:00-04:00,202.91000366210938,202.91000366210938,203.0,202.77999877929688,202.93060302734375,185370
2026-07-09 13:28:00-04:00,202.8300018310547,202.8300018310547,202.98849487304688,202.8000030517578,202.9149932861328,185255
2026-07-09 13:30:00-04:00,202.9199981689453,202.9199981689453,203.03500366210938,202.7913055419922,202.8300018310547,275991
2026-07-09 13:32:00-04:00,202.97000122070312,202.97000122070312,202.99000549316406,202.85000610351562,202.9199981689453,208162
2026-07-09 13:34:00-04:00,202.92999267578125,202.92999267578125,203.0399932861328,202.77000427246094,202.9600067138672,294044
2026-07-09 13:36:00-04:00,203.08700561523438,203.08700561523438,203.08999633789062,202.91000366210938,202.94009399414062,246708
2026-07-09 13:38:00-04:00,203.22000122070312,203.22000122070312,203.27999877929688,203.05999755859375,203.0800018310547,344238
2026-07-09 13:40:00-04:00,203.25,203.25,203.30999755859375,203.19000244140625,203.2205047607422,295565
2026-07-09 13:42:00-04:00,203.25999450683594,203.25999450683594,203.2899932861328,203.17999267578125,203.25,196975
2026-07-09 13:44:00-04:00,203.23500061035156,203.23500061035156,203.3300018310547,203.110107421875,203.24949645996094,278388
2026-07-09 13:46:00-04:00,203.39500427246094,203.39500427246094,203.39999389648438,203.1999969482422,203.24000549316406,278210
2026-07-09 13:48:00-04:00,203.22999572753906,203.22999572753906,203.42999267578125,203.2100067138672,203.39500427246094,261195
2026-07-09 13:50:00-04:00,203.3699951171875,203.3699951171875,203.42999267578125,203.22999572753906,203.24000549316406,373302
2026-07-09 13:52:00-04:00,203.31500244140625,203.31500244140625,203.4499969482422,203.28500366210938,203.3509979248047,223753
2026-07-09 13:54:00-04:00,203.35499572753906,203.35499572753906,203.41000366210938,203.30999755859375,203.3300018310547,160036
2026-07-09 13:56:00-04:00,203.4600067138672,203.4600067138672,203.49000549316406,203.35000610351562,203.35499572753906,321428
2026-07-09 13:58:00-04:00,203.32000732421875,203.32000732421875,203.5299072265625,203.1999969482422,203.4600067138672,416405
2026-07-09 14:00:00-04:00,203.2799072265625,203.2799072265625,203.38999938964844,203.17999267578125,203.30999755859375,240468
2026-07-09 14:02:00-04:00,203.1501007080078,203.1501007080078,203.3000030517578,203.07000732421875,203.2799072265625,272122
2026-07-09 14:04:00-04:00,203.27999877929688,203.27999877929688,203.27999877929688,203.0998992919922,203.16000366210938,253017
2026-07-09 14:06:00-04:00,203.3719940185547,203.3719940185547,203.44000244140625,203.27499389648438,203.27499389648438,319830
2026-07-09 14:08:00-04:00,203.4499969482422,203.4499969482422,203.5500030517578,203.3800048828125,203.3800048828125,277040
2026-07-09 14:10:00-04:00,203.0742950439453,203.0742950439453,203.4499969482422,203.07009887695312,203.4499969482422,255991
2026-07-09 14:12:00-04:00,203.24000549316406,203.24000549316406,203.3498992919922,203.02029418945312,203.08999633789062,392083
2026-07-09 14:14:00-04:00,203.25999450683594,203.25999450683594,203.2899932861328,203.19000244140625,203.25,265985
2026-07-09 14:16:00-04:00,203.4250030517578,203.4250030517578,203.47000122070312,203.2100067138672,203.25,349985
2026-07-09 14:18:00-04:00,203.3000030517578,203.3000030517578,203.49000549316406,203.11500549316406,203.4199981689453,444634
2026-07-09 14:20:00-04:00,203.1300048828125,203.1300048828125,203.3076934814453,203.0800018310547,203.30499267578125,296657
2026-07-09 14:22:00-04:00,203.10000610351562,203.10000610351562,203.14999389648438,202.92010498046875,203.1199951171875,384005
2026-07-09 14:24:00-04:00,203.19500732421875,203.19500732421875,203.19500732421875,203.02000427246094,203.11500549316406,240743
2026-07-09 14:26:00-04:00,203.22999572753906,203.22999572753906,203.25999450683594,203.1199951171875,203.1999969482422,292856
2026-07-09 14:28:00-04:00,203.50999450683594,203.50999450683594,203.52999877929688,203.1999969482422,203.24000549316406,397400
2026-07-09 14:30:00-04:00,203.88499450683594,203.88499450683594,203.88999938964844,203.52999877929688,203.52999877929688,578759
2026-07-09 14:32:00-04:00,203.89500427246094,203.89500427246094,204.0399932861328,203.8000030517578,203.8800048828125,788796
2026-07-09 14:34:00-04:00,203.86500549316406,203.86500549316406,203.9499969482422,203.72999572753906,203.89500427246094,514043
2026-07-09 14:36:00-04:00,203.91000366210938,203.91000366210938,204.03500366210938,203.77000427246094,203.86900329589844,467283
2026-07-09 14:38:00-04:00,203.8419952392578,203.8419952392578,204.1999969482422,203.83999633789062,203.9022979736328,540098
2026-07-09 14:40:00-04:00,203.80499267578125,203.80499267578125,203.88999938964844,203.67999267578125,203.8498992919922,367626
2026-07-09 14:42:00-04:00,203.97999572753906,203.97999572753906,204.0299072265625,203.7899932861328,203.7899932861328,399195
2026-07-09 14:44:00-04:00,203.92999267578125,203.92999267578125,204.0500030517578,203.8699951171875,203.97999572753906,268015
2026-07-09 14:46:00-04:00,203.68499755859375,203.68499755859375,203.98500061035156,203.66000366210938,203.9600067138672,324600
2026-07-09 14:48:00-04:00,203.5800018310547,203.5800018310547,203.7899932861328,203.5500030517578,203.69009399414062,257323
2026-07-09 14:50:00-04:00,203.625,203.625,203.83999633789062,203.57000732421875,203.57000732421875,362575
2026-07-09 14:52:00-04:00,203.8249969482422,203.8249969482422,203.83999633789062,203.58999633789062,203.63999938964844,261138
2026-07-09 14:54:00-04:00,203.58639526367188,203.58639526367188,203.88999938964844,203.52999877929688,203.83999633789062,295902
2026-07-09 14:56:00-04:00,203.5,203.5,203.7178955078125,203.47999572753906,203.57000732421875,360171
2026-07-09 14:58:00-04:00,203.47000122070312,203.47000122070312,203.5449981689453,203.39999389648438,203.5,344531
2026-07-09 15:00:00-04:00,203.1302947998047,203.1302947998047,203.52000427246094,203.0,203.47999572753906,455219
2026-07-09 15:02:00-04:00,203.14999389648438,203.14999389648438,203.3365936279297,203.13009643554688,203.13499450683594,300439
2026-07-09 15:04:00-04:00,203.01060485839844,203.01060485839844,203.15499877929688,202.97000122070312,203.15499877929688,445356
2026-07-09 15:06:00-04:00,203.22999572753906,203.22999572753906,203.2550048828125,203.0399932861328,203.0399932861328,274829
2026-07-09 15:08:00-04:00,203.25,203.25,203.3000030517578,203.14999389648438,203.22999572753906,239607
2026-07-09 15:10:00-04:00,203.3699951171875,203.3699951171875,203.4499969482422,203.24000549316406,203.25999450683594,308053
2026-07-09 15:12:00-04:00,203.4199981689453,203.4199981689453,203.50999450683594,203.27999877929688,203.3800048828125,324085
2026-07-09 15:14:00-04:00,203.36680603027344,203.36680603027344,203.46499633789062,203.32009887695312,203.4199981689453,266521
2026-07-09 15:16:00-04:00,203.9250030517578,203.9250030517578,203.9600067138672,203.38009643554688,203.38999938964844,626159
2026-07-09 15:18:00-04:00,204.26499938964844,204.26499938964844,204.2899932861328,203.88999938964844,203.9250030517578,596800
2026-07-09 15:20:00-04:00,204.5500030517578,204.5500030517578,204.5500030517578,204.17059326171875,204.26499938964844,660781
2026-07-09 15:22:00-04:00,204.55999755859375,204.55999755859375,204.5800018310547,204.31500244140625,204.5449981689453,530379
2026-07-09 15:24:00-04:00,203.89999389648438,203.89999389648438,204.5800018310547,203.8800048828125,204.55999755859375,674529
2026-07-09 15:26:00-04:00,203.85499572753906,203.85499572753906,203.97999572753906,203.77999877929688,203.91000366210938,372440
2026-07-09 15:28:00-04:00,203.7899932861328,203.7899932861328,203.92999267578125,203.70010375976562,203.86990356445312,423176
2026-07-09 15:30:00-04:00,203.8000030517578,203.8000030517578,203.83999633789062,203.5,203.77999877929688,499177
2026-07-09 15:32:00-04:00,203.67999267578125,203.67999267578125,203.91000366210938,203.5800018310547,203.7949981689453,590610
2026-07-09 15:34:00-04:00,203.84500122070312,203.84500122070312,203.8699951171875,203.63999938964844,203.67999267578125,410831
2026-07-09 15:36:00-04:00,203.77000427246094,203.77000427246094,203.9550018310547,203.77000427246094,203.83999633789062,384400
2026-07-09 15:38:00-04:00,203.97999572753906,203.97999572753906,204.1300048828125,203.72999572753906,203.76499938964844,448714
2026-07-09 15:40:00-04:00,203.8699951171875,203.8699951171875,204.02999877929688,203.66000366210938,203.97500610351562,428270
2026-07-09 15:42:00-04:00,203.9149932861328,203.9149932861328,204.07000732421875,203.8350067138672,203.8800048828125,363027
2026-07-09 15:44:00-04:00,203.93499755859375,203.93499755859375,204.03500366210938,203.85009765625,203.9199981689453,481195
2026-07-09 15:46:00-04:00,204.0800018310547,204.0800018310547,204.10000610351562,203.93499755859375,203.94000244140625,386106
2026-07-09 15:48:00-04:00,203.9499969482422,203.9499969482422,204.10000610351562,203.94000244140625,204.07000732421875,369254
2026-07-09 15:50:00-04:00,203.72000122070312,203.72000122070312,203.9600067138672,203.72000122070312,203.9499969482422,529080
2026-07-09 15:52:00-04:00,203.5760955810547,203.5760955810547,203.77000427246094,203.53500366210938,203.7198944091797,604889
2026-07-09 15:54:00-04:00,203.32359313964844,203.32359313964844,203.61000061035156,203.27000427246094,203.5800018310547,981659
2026-07-09 15:56:00-04:00,203.15199279785156,203.15199279785156,203.31500244140625,203.05999755859375,203.30999755859375,828813
2026-07-09 15:58:00-04:00,202.72999572753906,202.72999572753906,203.16000366210938,202.58999633789062,203.14999389648438,2248816
2026-07-10 09:30:00-04:00,203.5,203.5,203.97999572753906,201.9199981689453,201.9199981689453,4135474
2026-07-10 09:32:00-04:00,204.11000061035156,204.11000061035156,204.30999755859375,203.4499969482422,203.52999877929688,1084402
2026-07-10 09:34:00-04:00,204.69500732421875,204.69500732421875,204.97000122070312,203.82000732421875,204.07000732421875,1102365
2026-07-10 09:36:00-04:00,204.39999389648438,204.39999389648438,204.99000549316406,203.82000732421875,204.68800354003906,970746
2026-07-10 09:38:00-04:00,203.5749969482422,203.5749969482422,204.3699951171875,203.4149932861328,204.34500122070312,885328
2026-07-10 09:40:00-04:00,203.97000122070312,203.97000122070312,204.02499389648438,203.10000610351562,203.54849243164062,1835566
2026-07-10 09:42:00-04:00,204.80999755859375,204.80999755859375,204.82000732421875,203.91000366210938,203.98500061035156,995510
2026-07-10 09:44:00-04:00,204.57000732421875,204.57000732421875,204.99000549316406,204.38999938964844,204.8179931640625,12890329
2026-07-10 09:46:00-04:00,205.4600067138672,205.4600067138672,205.6699981689453,204.3800048828125,204.5500030517578,1539728
2026-07-10 09:48:00-04:00,206.4149932861328,206.4149932861328,206.47999572753906,205.44039916992188,205.44039916992188,1968686
2026-07-10 09:50:00-04:00,205.86500549316406,205.86500549316406,206.7386932373047,205.83999633789062,206.4149932861328,1318392
2026-07-10 09:52:00-04:00,206.3300018310547,206.3300018310547,206.5,205.72000122070312,205.85000610351562,898194
2026-07-10 09:54:00-04:00,206.00999450683594,206.00999450683594,206.63999938964844,205.94000244140625,206.3300018310547,887434
2026-07-10 09:56:00-04:00,206.4949951171875,206.4949951171875,206.60499572753906,205.77999877929688,205.97999572753906,976605
2026-07-10 09:58:00-04:00,207.3314971923828,207.3314971923828,207.44000244140625,206.4499969482422,206.5,1507723
2026-07-10 10:00:00-04:00,207.75990295410156,207.75990295410156,207.75990295410156,207.17999267578125,207.3300018310547,3119573
2026-07-10 10:02:00-04:00,207.74000549316406,207.74000549316406,208.02000427246094,207.52999877929688,207.75,1807859
2026-07-10 10:04:00-04:00,206.4550018310547,206.4550018310547,207.7899932861328,206.35009765625,207.72999572753906,1058027
2026-07-10 10:06:00-04:00,206.16009521484375,206.16009521484375,206.72000122070312,205.89999389648438,206.46519470214844,896600
2026-07-10 10:08:00-04:00,206.7299041748047,206.7299041748047,206.74000549316406,206.0446014404297,206.13999938964844,1170211
2026-07-10 10:10:00-04:00,207.26499938964844,207.26499938964844,207.26499938964844,206.69000244140625,206.7698974609375,877762
2026-07-10 10:12:00-04:00,208.10000610351562,208.10000610351562,208.13999938964844,207.3000030517578,207.3000030517578,957129
2026-07-10 10:14:00-04:00,207.55999755859375,207.55999755859375,208.1300048828125,207.30999755859375,208.08999633789062,1100071
2026-07-10 10:16:00-04:00,207.54879760742188,207.54879760742188,207.74000549316406,207.2509002685547,207.55999755859375,686830
2026-07-10 10:18:00-04:00,206.94509887695312,206.94509887695312,207.66000366210938,206.82000732421875,207.5491943359375,566069
2026-07-10 10:20:00-04:00,206.39500427246094,206.39500427246094,207.05780029296875,206.2801055908203,206.9600067138672,604492
2026-07-10 10:22:00-04:00,206.83999633789062,206.83999633789062,206.83999633789062,206.24000549316406,206.38999938964844,659232
2026-07-10 10:24:00-04:00,206.91990661621094,206.91990661621094,206.97000122070312,206.55999755859375,206.8300018310547,548369
2026-07-10 10:26:00-04:00,207.41990661621094,207.41990661621094,207.4499969482422,206.8000030517578,206.91000366210938,619649
2026-07-10 10:28:00-04:00,207.3000030517578,207.3000030517578,207.5800018310547,207.22999572753906,207.40570068359375,515441
2026-07-10 10:30:00-04:00,207.60000610351562,207.60000610351562,207.66000366210938,207.08200073242188,207.2899932861328,577154
2026-07-10 10:32:00-04:00,206.875,206.875,207.83999633789062,205.72000122070312,207.60000610351562,1714161
2026-07-10 10:34:00-04:00,207.39500427246094,207.39500427246094,207.7100067138672,206.11000061035156,206.88499450683594,728217
2026-07-10 10:36:00-04:00,207.31199645996094,207.31199645996094,207.72999572753906,207.1199951171875,207.41000366210938,648264
2026-07-10 10:38:00-04:00,207.36500549316406,207.36500549316406,207.55999755859375,207.09500122070312,207.35899353027344,471701
2026-07-10 10:40:00-04:00,207.2198944091797,207.2198944091797,207.4499053955078,207.13450622558594,207.36500549316406,312092
2026-07-10 10:42:00-04:00,206.875,206.875,207.4600067138672,206.8502960205078,207.2050018310547,432700
2026-07-10 10:44:00-04:00,206.7873992919922,206.7873992919922,207.00999450683594,206.60000610351562,206.86500549316406,402834
2026-07-10 10:46:00-04:00,206.7790985107422,206.7790985107422,206.8699951171875,206.55999755859375,206.77000427246094,368438
2026-07-10 10:48:00-04:00,206.94720458984375,206.94720458984375,207.00999450683594,206.72000122070312,206.77499389648438,545649
2026-07-10 10:50:00-04:00,207.05999755859375,207.05999755859375,207.10000610351562,206.7100067138672,206.9499969482422,560133
2026-07-10 10:52:00-04:00,206.67100524902344,206.67100524902344,207.2100067138672,206.5500030517578,207.0399932861328,386520
2026-07-10 10:54:00-04:00,206.07009887695312,206.07009887695312,206.7100067138672,206.07009887695312,206.6699981689453,524082
2026-07-10 10:56:00-04:00,206.52999877929688,206.52999877929688,206.55999755859375,205.94000244140625,206.08009338378906,649368
2026-07-10 10:58:00-04:00,206.10000610351562,206.10000610351562,206.57000732421875,206.08099365234375,206.52999877929688,500689
2026-07-10 11:00:00-04:00,206.11000061035156,206.11000061035156,206.25,205.94500732421875,206.11000061035156,558658
2026-07-10 11:02:00-04:00,206.07000732421875,206.07000732421875,206.3199005126953,205.87449645996094,206.1002960205078,2056446
2026-07-10 11:04:00-04:00,206.14999389648438,206.14999389648438,206.4199981689453,205.8800048828125,206.0800018310547,566310
2026-07-10 11:06:00-04:00,206.74070739746094,206.74070739746094,206.78990173339844,206.01809692382812,206.14999389648438,517723
2026-07-10 11:08:00-04:00,207.14999389648438,207.14999389648438,207.17999267578125,206.72999572753906,206.75999450683594,565078
2026-07-10 11:10:00-04:00,207.30079650878906,207.30079650878906,207.35000610351562,207.08450317382812,207.1699981689453,586458
2026-07-10 11:12:00-04:00,207.16000366210938,207.16000366210938,207.4199981689453,207.08090209960938,207.31500244140625,493484
2026-07-10 11:14:00-04:00,207.5478057861328,207.5478057861328,207.6300048828125,207.1199951171875,207.16000366210938,578227
2026-07-10 11:16:00-04:00,207.72999572753906,207.72999572753906,207.9499969482422,207.50999450683594,207.56289672851562,682024
2026-07-10 11:18:00-04:00,207.77999877929688,207.77999877929688,207.8800048828125,207.38999938964844,207.72999572753906,576357
2026-07-10 11:20:00-04:00,208.24000549316406,208.24000549316406,208.25999450683594,207.69000244140625,207.7899932861328,1100928
2026-07-10 11:22:00-04:00,208.03990173339844,208.03990173339844,208.2899932861328,207.77000427246094,208.24989318847656,679298
2026-07-10 11:24:00-04:00,208.36000061035156,208.36000061035156,208.48500061035156,208.02130126953125,208.02499389648438,891762
2026-07-10 11:26:00-04:00,208.72000122070312,208.72000122070312,208.72000122070312,208.24000549316406,208.36000061035156,867095
2026-07-10 11:28:00-04:00,208.57000732421875,208.57000732421875,208.8000030517578,208.50999450683594,208.7100067138672,681668
2026-07-10 11:30:00-04:00,208.52000427246094,208.52000427246094,208.6699981689453,208.3800048828125,208.58999633789062,546713
2026-07-10 11:32:00-04:00,208.66000366210938,208.66000366210938,208.72000122070312,208.52999877929688,208.52999877929688,430118
2026-07-10 11:34:00-04:00,208.58999633789062,208.58999633789062,208.85000610351562,208.47999572753906,208.66000366210938,648046
2026-07-10 11:36:00-04:00,208.85000610351562,208.85000610351562,208.8699951171875,208.4600067138672,208.58999633789062,455903
2026-07-10 11:38:00-04:00,209.22999572753906,209.22999572753906,209.47940063476562,208.85000610351562,208.86000061035156,1482819
2026-07-10 11:40:00-04:00,208.8000030517578,208.8000030517578,209.375,208.63999938964844,209.24000549316406,1167468
2026-07-10 11:42:00-04:00,207.71499633789062,207.71499633789062,208.8000030517578,207.66000366210938,208.7949981689453,1311367
2026-07-10 11:44:00-04:00,208.14999389648438,208.14999389648438,208.1999969482422,207.7100067138672,207.72000122070312,867447
2026-07-10 11:46:00-04:00,208.69000244140625,208.69000244140625,208.75,208.08999633789062,208.13999938964844,1018376
2026-07-10 11:48:00-04:00,209.25999450683594,209.25999450683594,209.25999450683594,208.51010131835938,208.69000244140625,713748
2026-07-10 11:50:00-04:00,208.89500427246094,208.89500427246094,209.38999938964844,208.74000549316406,209.25999450683594,787176
2026-07-10 11:52:00-04:00,208.88499450683594,208.88499450683594,209.11000061035156,208.86000061035156,208.89999389648438,465297
2026-07-10 11:54:00-04:00,208.8144989013672,208.8144989013672,208.9499969482422,208.7100067138672,208.8800048828125,393101
2026-07-10 11:56:00-04:00,208.90040588378906,208.90040588378906,208.91000366210938,208.63999938964844,208.80999755859375,313779
2026-07-10 11:58:00-04:00,209.01809692382812,209.01809692382812,209.10000610351562,208.74180603027344,208.9149932861328,478923
2026-07-10 12:00:00-04:00,208.94630432128906,208.94630432128906,209.25,208.9022979736328,209.02999877929688,645375
2026-07-10 12:02:00-04:00,209.03970336914062,209.03970336914062,209.18499755859375,208.9199981689453,208.9499969482422,378597
2026-07-10 12:04:00-04:00,209.3350067138672,209.3350067138672,209.5,209.0399932861328,209.0399932861328,872797
2026-07-10 12:06:00-04:00,209.52000427246094,209.52000427246094,209.5800018310547,209.27999877929688,209.3560028076172,543568
2026-07-10 12:08:00-04:00,209.2635955810547,209.2635955810547,209.5399932861328,209.17999267578125,209.50999450683594,627309
2026-07-10 12:10:00-04:00,209.2100067138672,209.2100067138672,209.33999633789062,209.05999755859375,209.25999450683594,492740
2026-07-10 12:12:00-04:00,209.0800018310547,209.0800018310547,209.2241973876953,208.97000122070312,209.2100067138672,460640
2026-07-10 12:14:00-04:00,209.1300048828125,209.1300048828125,209.25999450683594,209.02000427246094,209.07000732421875,374327
2026-07-10 12:16:00-04:00,209.5850067138672,209.5850067138672,209.6199951171875,209.1300048828125,209.1300048828125,643852
2026-07-10 12:18:00-04:00,209.88980102539062,209.88980102539062,209.90499877929688,209.44000244140625,209.59939575195312,645490
2026-07-10 12:20:00-04:00,209.9949951171875,209.9949951171875,210.1699981689453,209.83999633789062,209.8800048828125,1926471
2026-07-10 12:22:00-04:00,210.3800048828125,210.3800048828125,210.44000244140625,209.94039916992188,209.9949951171875,803966
2026-07-10 12:24:00-04:00,210.13999938964844,210.13999938964844,210.55999755859375,210.125,210.37989807128906,1089849
2026-07-10 12:26:00-04:00,209.92160034179688,209.92160034179688,210.24000549316406,209.91000366210938,210.13999938964844,649219
2026-07-10 12:28:00-04:00,209.7899932861328,209.7899932861328,210.10000610351562,209.768798828125,209.9199981689453,478587
2026-07-10 12:30:00-04:00,209.79010009765625,209.79010009765625,209.92999267578125,209.7100067138672,209.7949981689453,420959
2026-07-10 12:32:00-04:00,210.0449981689453,210.0449981689453,210.05499267578125,209.75,209.80999755859375,499926
2026-07-10 12:34:00-04:00,210.2292938232422,210.2292938232422,210.3800048828125,210.02999877929688,210.05990600585938,711979
2026-07-10 12:36:00-04:00,210.10000610351562,210.10000610351562,210.3800048828125,210.00999450683594,210.22000122070312,464413
2026-07-10 12:38:00-04:00,209.8699951171875,209.8699951171875,210.13999938964844,209.8300018310547,210.10000610351562,378151
2026-07-10 12:40:00-04:00,209.91000366210938,209.91000366210938,210.00999450683594,209.85000610351562,209.86000061035156,289556
2026-07-10 12:42:00-04:00,209.75999450683594,209.75999450683594,209.93260192871094,209.67999267578125,209.91000366210938,396864
2026-07-10 12:44:00-04:00,209.88499450683594,209.88499450683594,210.02000427246094,209.7100067138672,209.76910400390625,458176
2026-07-10 12:46:00-04:00,209.80999755859375,209.80999755859375,209.97000122070312,209.8000030517578,209.8699951171875,255187
2026-07-10 12:48:00-04:00,209.77499389648438,209.77499389648438,209.85000610351562,209.6699981689453,209.80999755859375,298589
2026-07-10 12:50:00-04:00,209.8300018310547,209.8300018310547,209.91000366210938,209.75999450683594,209.77000427246094,284275
2026-07-10 12:52:00-04:00,209.8560028076172,209.8560028076172,210.00999450683594,209.8000030517578,209.85000610351562,368673
2026-07-10 12:54:00-04:00,209.62010192871094,209.62010192871094,209.85000610351562,209.5399932861328,209.8498992919922,604622
2026-07-10 12:56:00-04:00,209.5,209.5,209.72000122070312,209.41000366210938,209.639892578125,487519
2026-07-10 12:58:00-04:00,209.6199951171875,209.6199951171875,209.75,209.49000549316406,209.5,284275
2026-07-10 13:00:00-04:00,209.61500549316406,209.61500549316406,209.70010375976562,209.4801025390625,209.61500549316406,306742
2026-07-10 13:02:00-04:00,209.5500946044922,209.5500946044922,209.82000732421875,209.5200958251953,209.610107421875,280821
2026-07-10 13:04:00-04:00,209.82000732421875,209.82000732421875,209.82000732421875,209.50999450683594,209.55999755859375,340990
2026-07-10 13:06:00-04:00,209.77999877929688,209.77999877929688,209.9250030517578,209.66000366210938,209.8000030517578,408424
2026-07-10 13:08:00-04:00,209.6300048828125,209.6300048828125,209.90499877929688,209.58009338378906,209.7899932861328,532278
2026-07-10 13:10:00-04:00,209.8759002685547,209.8759002685547,209.9499969482422,209.63999938964844,209.63999938964844,383842
2026-07-10 13:12:00-04:00,209.85000610351562,209.85000610351562,210.1905059814453,209.85000610351562,209.8699951171875,520896
2026-07-10 13:14:00-04:00,210.0399932861328,210.0399932861328,210.14999389648438,209.72300720214844,209.83999633789062,343906
2026-07-10 13:16:00-04:00,209.69000244140625,209.69000244140625,210.03720092773438,209.66000366210938,210.02000427246094,341688
2026-07-10 13:18:00-04:00,209.8300018310547,209.8300018310547,209.94000244140625,209.66000366210938,209.69000244140625,259251
2026-07-10 13:20:00-04:00,209.97999572753906,209.97999572753906,210.02000427246094,209.8300018310547,209.8350067138672,297576
2026-07-10 13:22:00-04:00,209.88009643554688,209.88009643554688,210.0500030517578,209.8699951171875,209.97500610351562,269444
2026-07-10 13:24:00-04:00,210.01800537109375,210.01800537109375,210.0699005126953,209.83999633789062,209.88009643554688,284857
2026-07-10 13:26:00-04:00,210.22999572753906,210.22999572753906,210.2550048828125,209.96490478515625,210.02000427246094,450355
2026-07-10 13:28:00-04:00,210.19000244140625,210.19000244140625,210.30999755859375,210.1199951171875,210.22500610351562,423248
2026-07-10 13:30:00-04:00,210.32000732421875,210.32000732421875,210.4250030517578,210.19000244140625,210.19000244140625,370191
2026-07-10 13:32:00-04:00,210.08999633789062,210.08999633789062,210.3300018310547,210.0850067138672,210.3249969482422,446065
2026-07-10 13:34:00-04:00,210.3350067138672,210.3350067138672,210.33999633789062,210.0800018310547,210.08990478515625,337743
2026-07-10 13:36:00-04:00,210.58999633789062,210.58999633789062,210.6300048828125,210.3000030517578,210.33200073242188,632642
2026-07-10 13:38:00-04:00,210.52999877929688,210.52999877929688,210.7100067138672,210.47999572753906,210.6300048828125,607581
2026-07-10 13:40:00-04:00,210.75999450683594,210.75999450683594,210.7899932861328,210.52999877929688,210.52999877929688,482580
2026-07-10 13:42:00-04:00,210.52049255371094,210.52049255371094,210.75999450683594,210.4600067138672,210.75999450683594,346377
2026-07-10 13:44:00-04:00,210.69000244140625,210.69000244140625,210.77999877929688,210.47999572753906,210.5279998779297,602783
2026-07-10 13:46:00-04:00,210.80230712890625,210.80230712890625,210.87989807128906,210.7050018310547,210.7050018310547,570782
2026-07-10 13:48:00-04:00,210.63999938964844,210.63999938964844,210.80999755859375,210.57000732421875,210.80499267578125,414166
2026-07-10 13:50:00-04:00,210.60499572753906,210.60499572753906,210.74000549316406,210.5200958251953,210.64500427246094,390551
2026-07-10 13:52:00-04:00,210.5500030517578,210.5500030517578,210.75999450683594,210.52000427246094,210.61000061035156,356709
2026-07-10 13:54:00-04:00,210.38999938964844,210.38999938964844,210.5500030517578,210.3699951171875,210.5500030517578,648043
2026-07-10 13:56:00-04:00,210.3699951171875,210.3699951171875,210.52499389648438,210.35000610351562,210.39999389648438,370959
2026-07-10 13:58:00-04:00,210.3800048828125,210.3800048828125,210.5,210.3300018310547,210.3699951171875,335414
2026-07-10 14:00:00-04:00,210.55999755859375,210.55999755859375,210.61000061035156,210.27999877929688,210.3800048828125,512673
2026-07-10 14:02:00-04:00,210.66000366210938,210.66000366210938,210.84500122070312,210.51499938964844,210.55999755859375,1264547
2026-07-10 14:04:00-04:00,210.47999572753906,210.47999572753906,210.6699981689453,210.41000366210938,210.6616973876953,408995
2026-07-10 14:06:00-04:00,210.17999267578125,210.17999267578125,210.47999572753906,210.14999389648438,210.47999572753906,355478
2026-07-10 14:08:00-04:00,210.1199951171875,210.1199951171875,210.25,210.00999450683594,210.18499755859375,407700
2026-07-10 14:10:00-04:00,210.13999938964844,210.13999938964844,210.2899932861328,210.05999755859375,210.11000061035156,354899
2026-07-10 14:12:00-04:00,210.10499572753906,210.10499572753906,210.20989990234375,209.9600067138672,210.139892578125,437064
2026-07-10 14:14:00-04:00,209.99749755859375,209.99749755859375,210.14500427246094,209.97999572753906,210.10499572753906,294901
2026-07-10 14:16:00-04:00,210.28799438476562,210.28799438476562,210.3300018310547,209.92999267578125,209.9949951171875,369195
2026-07-10 14:18:00-04:00,210.30999755859375,210.30999755859375,210.41000366210938,210.2100067138672,210.27999877929688,1160654
2026-07-10 14:20:00-04:00,210.30499267578125,210.30499267578125,210.39500427246094,210.18499755859375,210.30999755859375,254093
2026-07-10 14:22:00-04:00,210.30499267578125,210.30499267578125,210.38999938964844,210.22500610351562,210.2949981689453,218157
2026-07-10 14:24:00-04:00,210.4550018310547,210.4550018310547,210.52999877929688,210.3000030517578,210.30499267578125,372406
2026-07-10 14:26:00-04:00,210.4250030517578,210.4250030517578,210.50999450683594,210.4149932861328,210.4499969482422,230168
2026-07-10 14:28:00-04:00,210.30999755859375,210.30999755859375,210.4199981689453,210.22000122070312,210.4199981689453,250635
2026-07-10 14:30:00-04:00,210.25990295410156,210.25990295410156,210.36000061035156,210.2100067138672,210.32000732421875,255560
2026-07-10 14:32:00-04:00,210.3249969482422,210.3249969482422,210.3699951171875,210.11500549316406,210.25,266492
2026-07-10 14:34:00-04:00,210.14500427246094,210.14500427246094,210.42999267578125,210.1300048828125,210.3249969482422,347898
2026-07-10 14:36:00-04:00,209.99000549316406,209.99000549316406,210.18499755859375,209.94009399414062,210.14999389648438,310631
2026-07-10 14:38:00-04:00,209.86000061035156,209.86000061035156,210.02499389648438,209.82000732421875,209.97999572753906,421364
2026-07-10 14:40:00-04:00,209.97000122070312,209.97000122070312,210.07000732421875,209.7899932861328,209.86500549316406,339796
2026-07-10 14:42:00-04:00,210.02000427246094,210.02000427246094,210.16990661621094,209.94009399414062,209.97999572753906,322774
2026-07-10 14:44:00-04:00,209.86000061035156,209.86000061035156,210.02999877929688,209.85000610351562,210.0299072265625,267513
2026-07-10 14:46:00-04:00,209.95010375976562,209.95010375976562,210.0399932861328,209.86000061035156,209.86000061035156,305622
2026-07-10 14:48:00-04:00,209.9398956298828,209.9398956298828,209.97500610351562,209.82000732421875,209.9499969482422,261515
2026-07-10 14:50:00-04:00,210.0,210.0,210.0399932861328,209.86000061035156,209.92999267578125,320355
2026-07-10 14:52:00-04:00,209.9698944091797,209.9698944091797,210.08999633789062,209.91000366210938,210.0,309366
2026-07-10 14:54:00-04:00,210.0749969482422,210.0749969482422,210.16000366210938,209.96499633789062,209.96499633789062,308340
2026-07-10 14:56:00-04:00,210.10000610351562,210.10000610351562,210.1750030517578,210.05999755859375,210.0800018310547,268829
2026-07-10 14:58:00-04:00,210.1300048828125,210.1300048828125,210.25950622558594,210.08999633789062,210.08999633789062,326422
2026-07-10 15:00:00-04:00,210.1800994873047,210.1800994873047,210.27000427246094,210.08999633789062,210.13499450683594,304543
2026-07-10 15:02:00-04:00,210.375,210.375,210.38800048828125,210.13499450683594,210.18499755859375,293423
2026-07-10 15:04:00-04:00,210.51499938964844,210.51499938964844,210.5800018310547,210.30999755859375,210.36000061035156,547670
2026-07-10 15:06:00-04:00,210.5500030517578,210.5500030517578,210.73989868164062,210.51409912109375,210.51499938964844,1599768
2026-07-10 15:08:00-04:00,210.43499755859375,210.43499755859375,210.55999755859375,210.4149932861328,210.5500030517578,448238
2026-07-10 15:10:00-04:00,210.22999572753906,210.22999572753906,210.5,210.21499633789062,210.42999267578125,375370
2026-07-10 15:12:00-04:00,210.15989685058594,210.15989685058594,210.3946990966797,210.14999389648438,210.23989868164062,372293
2026-07-10 15:14:00-04:00,210.1999053955078,210.1999053955078,210.27999877929688,210.11000061035156,210.16000366210938,418273
2026-07-10 15:16:00-04:00,210.0,210.0,210.22999572753906,209.89999389648438,210.19000244140625,451075
2026-07-10 15:18:00-04:00,210.00999450683594,210.00999450683594,210.04989624023438,209.83999633789062,210.0,464541
2026-07-10 15:20:00-04:00,209.89999389648438,209.89999389648438,210.05999755859375,209.74000549316406,210.00999450683594,623609
2026-07-10 15:22:00-04:00,209.91659545898438,209.91659545898438,209.9866943359375,209.77999877929688,209.88999938964844,1661686
2026-07-10 15:24:00-04:00,209.88499450683594,209.88499450683594,210.0399932861328,209.86000061035156,209.91009521484375,441389
2026-07-10 15:26:00-04:00,209.86000061035156,209.86000061035156,209.99000549316406,209.85000610351562,209.88499450683594,324836
2026-07-10 15:28:00-04:00,209.96609497070312,209.96609497070312,209.96609497070312,209.8000030517578,209.86000061035156,547778
2026-07-10 15:30:00-04:00,209.97999572753906,209.97999572753906,210.2899932861328,209.9600067138672,209.97000122070312,603838
2026-07-10 15:32:00-04:00,209.85499572753906,209.85499572753906,210.07000732421875,209.82000732421875,209.93499755859375,462692
2026-07-10 15:34:00-04:00,209.88999938964844,209.88999938964844,209.94000244140625,209.77999877929688,209.8699951171875,521866
2026-07-10 15:36:00-04:00,209.8800048828125,209.8800048828125,209.90469360351562,209.77000427246094,209.8800048828125,412795
2026-07-10 15:38:00-04:00,209.9001007080078,209.9001007080078,209.9949951171875,209.875,209.8800048828125,470648
2026-07-10 15:40:00-04:00,209.7301025390625,209.7301025390625,210.01800537109375,209.72000122070312,209.91000366210938,530675
2026-07-10 15:42:00-04:00,209.77000427246094,209.77000427246094,209.94000244140625,209.72000122070312,209.74000549316406,635089
2026-07-10 15:44:00-04:00,209.6300048828125,209.6300048828125,209.80999755859375,209.55999755859375,209.76499938964844,583076
2026-07-10 15:46:00-04:00,209.8300018310547,209.8300018310547,209.8300018310547,209.57339477539062,209.6300048828125,470084
2026-07-10 15:48:00-04:00,209.83999633789062,209.83999633789062,209.9199981689453,209.7899932861328,209.8249969482422,553799
2026-07-10 15:50:00-04:00,210.14500427246094,210.14500427246094,210.27000427246094,209.86000061035156,209.86000061035156,876443
2026-07-10 15:52:00-04:00,210.07000732421875,210.07000732421875,210.17999267578125,210.0,210.14999389648438,869870
2026-07-10 15:54:00-04:00,210.625,210.625,210.6999969482422,209.97999572753906,210.0500030517578,1733419
2026-07-10 15:56:00-04:00,210.68499755859375,210.68499755859375,210.69000244140625,210.47999572753906,210.625,1449237
2026-07-10 15:58:00-04:00,210.9499969482422,210.9499969482422,211.0,210.57000732421875,210.6875,2833756
2026-07-13 09:30:00-04:00,209.85000610351562,209.85000610351562,209.9499969482422,208.52000427246094,208.5399932861328,6280056
2026-07-13 09:32:00-04:00,209.89500427246094,209.89500427246094,210.22000122070312,209.22000122070312,209.85000610351562,1379344
2026-07-13 09:34:00-04:00,210.39990234375,210.39990234375,210.57000732421875,209.6699981689453,209.9199981689453,1162395
2026-07-13 09:36:00-04:00,208.86000061035156,208.86000061035156,210.39990234375,208.61099243164062,210.33999633789062,1334107
2026-07-13 09:38:00-04:00,208.97000122070312,208.97000122070312,209.6699981689453,208.61000061035156,208.88999938964844,844829
2026-07-13 09:40:00-04:00,208.7899932861328,208.7899932861328,209.1300048828125,208.5500030517578,208.96499633789062,964925
2026-07-13 09:42:00-04:00,207.9149932861328,207.9149932861328,208.94000244140625,207.8300018310547,208.75059509277344,1090854
2026-07-13 09:44:00-04:00,208.2100067138672,208.2100067138672,208.36990356445312,207.66000366210938,207.91000366210938,847975
2026-07-13 09:46:00-04:00,208.4250030517578,208.4250030517578,208.6300048828125,208.0,208.25,691655
2026-07-13 09:48:00-04:00,208.55999755859375,208.55999755859375,208.7899932861328,208.26499938964844,208.4199981689453,507758
2026-07-13 09:50:00-04:00,207.5800018310547,207.5800018310547,208.79989624023438,207.50999450683594,208.53500366210938,829557
2026-07-13 09:52:00-04:00,207.36500549316406,207.36500549316406,208.0592041015625,207.02999877929688,207.5601043701172,1026251
2026-07-13 09:54:00-04:00,207.16000366210938,207.16000366210938,207.54800415039062,207.02000427246094,207.35000610351562,679631
2026-07-13 09:56:00-04:00,207.70010375976562,207.70010375976562,207.75,207.1199951171875,207.14999389648438,548354
2026-07-13 09:58:00-04:00,208.71499633789062,208.71499633789062,208.8300018310547,207.625,207.6699981689453,760915
2026-07-13 10:00:00-04:00,208.8800048828125,208.8800048828125,209.2100067138672,208.5500030517578,208.7100067138672,961083
2026-07-13 10:02:00-04:00,209.00999450683594,209.00999450683594,209.13999938964844,208.33999633789062,208.8699951171875,695884
2026-07-13 10:04:00-04:00,208.77969360351562,208.77969360351562,209.1300048828125,208.6699981689453,209.0,529199
2026-07-13 10:06:00-04:00,209.1999969482422,209.1999969482422,209.27000427246094,208.66000366210938,208.75,704207
2026-07-13 10:08:00-04:00,209.5,209.5,209.5800018310547,209.110107421875,209.17999267578125,612246
2026-07-13 10:10:00-04:00,209.30499267578125,209.30499267578125,209.52969360351562,209.22039794921875,209.52000427246094,444795
2026-07-13 10:12:00-04:00,209.0050048828125,209.0050048828125,209.3300018310547,208.94200134277344,209.3300018310547,453776
2026-07-13 10:14:00-04:00,209.0500030517578,209.0500030517578,209.2899932861328,208.91000366210938,208.9949951171875,361232
2026-07-13 10:16:00-04:00,208.375,208.375,209.11000061035156,207.7100067138672,209.04739379882812,1058831
2026-07-13 10:18:00-04:00,208.7050018310547,208.7050018310547,208.97000122070312,208.16000366210938,208.40499877929688,406305
2026-07-13 10:20:00-04:00,208.5800018310547,208.5800018310547,208.85000610351562,208.32330322265625,208.73789978027344,343836
2026-07-13 10:22:00-04:00,208.8350067138672,208.8350067138672,208.85000610351562,208.2700958251953,208.5399932861328,319560
2026-07-13 10:24:00-04:00,208.96929931640625,208.96929931640625,209.22000122070312,208.82000732421875,208.83999633789062,446539
2026-07-13 10:26:00-04:00,208.5500030517578,208.5500030517578,209.13499450683594,208.5399932861328,208.9600067138672,376178
2026-07-13 10:28:00-04:00,208.6300048828125,208.6300048828125,208.64999389648438,208.3000030517578,208.5500030517578,351964
2026-07-13 10:30:00-04:00,208.63999938964844,208.63999938964844,208.8800048828125,208.57000732421875,208.6300048828125,398861
2026-07-13 10:32:00-04:00,208.25,208.25,208.67999267578125,208.01390075683594,208.63490295410156,392366
2026-07-13 10:34:00-04:00,208.1800994873047,208.1800994873047,208.40499877929688,208.1300048828125,208.25999450683594,371509
2026-07-13 10:36:00-04:00,207.85000610351562,207.85000610351562,208.19920349121094,207.52000427246094,208.19920349121094,512684
2026-07-13 10:38:00-04:00,208.19509887695312,208.19509887695312,208.33999633789062,207.80099487304688,207.83009338378906,427787
2026-07-13 10:40:00-04:00,207.55999755859375,207.55999755859375,208.19839477539062,207.35000610351562,208.19000244140625,575367
2026-07-13 10:42:00-04:00,207.11000061035156,207.11000061035156,207.62969970703125,207.08999633789062,207.52999877929688,566580
2026-07-13 10:44:00-04:00,207.1199951171875,207.1199951171875,207.3800048828125,207.0500030517578,207.11000061035156,412943
2026-07-13 10:46:00-04:00,207.2449951171875,207.2449951171875,207.32000732421875,206.97999572753906,207.11500549316406,587775
2026-07-13 10:48:00-04:00,207.5,207.5,207.6300048828125,207.2100067138672,207.22000122070312,394588
2026-07-13 10:50:00-04:00,207.47000122070312,207.47000122070312,207.625,207.3300018310547,207.5,358707
2026-07-13 10:52:00-04:00,207.0904998779297,207.0904998779297,207.5,207.0,207.46009826660156,503913
2026-07-13 10:54:00-04:00,206.91990661621094,206.91990661621094,207.15989685058594,206.63999938964844,207.10000610351562,632649
2026-07-13 10:56:00-04:00,207.47500610351562,207.47500610351562,207.47999572753906,206.82000732421875,206.88499450683594,496045
2026-07-13 10:58:00-04:00,207.39500427246094,207.39500427246094,207.61000061035156,207.1699981689453,207.47000122070312,636304
2026-07-13 11:00:00-04:00,207.44500732421875,207.44500732421875,207.6300048828125,207.33999633789062,207.39500427246094,510772
2026-07-13 11:02:00-04:00,207.4600067138672,207.4600067138672,207.62950134277344,207.3000030517578,207.4600067138672,355708
2026-07-13 11:04:00-04:00,207.44000244140625,207.44000244140625,207.51730346679688,207.1999969482422,207.46499633789062,313847
2026-07-13 11:06:00-04:00,207.42999267578125,207.42999267578125,207.67999267578125,207.1999969482422,207.4499053955078,419932
2026-07-13 11:08:00-04:00,207.3000030517578,207.3000030517578,207.47999572753906,207.07000732421875,207.42999267578125,392563
2026-07-13 11:10:00-04:00,207.3350067138672,207.3350067138672,207.5399932861328,207.1699981689453,207.30999755859375,429053
2026-07-13 11:12:00-04:00,207.4149932861328,207.4149932861328,207.49000549316406,207.11000061035156,207.3350067138672,380747
2026-07-13 11:14:00-04:00,207.4149932861328,207.4149932861328,207.5399932861328,207.30999755859375,207.39999389648438,409062
2026-07-13 11:16:00-04:00,207.74000549316406,207.74000549316406,207.75,207.41000366210938,207.41000366210938,342160
2026-07-13 11:18:00-04:00,207.51499938964844,207.51499938964844,207.9199981689453,207.3699951171875,207.72999572753906,542492
2026-07-13 11:20:00-04:00,207.6999969482422,207.6999969482422,207.7100067138672,207.48500061035156,207.52999877929688,245450
2026-07-13 11:22:00-04:00,207.90499877929688,207.90499877929688,208.01499938964844,207.64500427246094,207.6649932861328,458177
2026-07-13 11:24:00-04:00,207.69000244140625,207.69000244140625,207.97000122070312,207.61000061035156,207.89999389648438,528295
2026-07-13 11:26:00-04:00,207.8000030517578,207.8000030517578,207.9600067138672,207.64500427246094,207.697998046875,335177
2026-07-13 11:28:00-04:00,207.80499267578125,207.80499267578125,208.0469970703125,207.7550048828125,207.7899932861328,391494
2026-07-13 11:30:00-04:00,207.90499877929688,207.90499877929688,208.0050048828125,207.73399353027344,207.80999755859375,288263
2026-07-13 11:32:00-04:00,207.6199951171875,207.6199951171875,208.02999877929688,207.5438995361328,207.89999389648438,328359
2026-07-13 11:34:00-04:00,207.3000030517578,207.3000030517578,207.7899932861328,207.3000030517578,207.6300048828125,361386
2026-07-13 11:36:00-04:00,207.52999877929688,207.52999877929688,207.58999633789062,207.19000244140625,207.36000061035156,412391
2026-07-13 11:38:00-04:00,207.44500732421875,207.44500732421875,207.57000732421875,207.3000030517578,207.52999877929688,395033
2026-07-13 11:40:00-04:00,207.2100067138672,207.2100067138672,207.49989318847656,207.1300048828125,207.44500732421875,395931
2026-07-13 11:42:00-04:00,207.20010375976562,207.20010375976562,207.30999755859375,207.11000061035156,207.2100067138672,258731
2026-07-13 11:44:00-04:00,207.05999755859375,207.05999755859375,207.3300018310547,207.0,207.22000122070312,454410
2026-07-13 11:46:00-04:00,206.92999267578125,206.92999267578125,207.0998992919922,206.8800048828125,207.0500030517578,511982
2026-07-13 11:48:00-04:00,207.0850067138672,207.0850067138672,207.11000061035156,206.86000061035156,206.9499969482422,410819
2026-07-13 11:50:00-04:00,206.78990173339844,206.78990173339844,207.14999389648438,206.73269653320312,207.10000610351562,446372
2026-07-13 11:52:00-04:00,207.0800018310547,207.0800018310547,207.08999633789062,206.74000549316406,206.77000427246094,400025
2026-07-13 11:54:00-04:00,207.02999877929688,207.02999877929688,207.13999938964844,206.9199981689453,207.0885009765625,218965
2026-07-13 11:56:00-04:00,206.8000030517578,206.8000030517578,207.0399932861328,206.6699981689453,207.02499389648438,374508
2026-07-13 11:58:00-04:00,206.75,206.75,206.93499755859375,206.67999267578125,206.8000030517578,342060
2026-07-13 12:00:00-04:00,206.375,206.375,206.8249969482422,206.32000732421875,206.75,690231
2026-07-13 12:02:00-04:00,206.44500732421875,206.44500732421875,206.5500030517578,206.27000427246094,206.3699951171875,395596
2026-07-13 12:04:00-04:00,205.89010620117188,205.89010620117188,206.5500030517578,205.8699951171875,206.4600067138672,840489
2026-07-13 12:06:00-04:00,205.92999267578125,205.92999267578125,206.07859802246094,205.8000030517578,205.9199981689453,442166
2026-07-13 12:08:00-04:00,206.10000610351562,206.10000610351562,206.13999938964844,205.89999389648438,205.92140197753906,562862
2026-07-13 12:10:00-04:00,206.2321014404297,206.2321014404297,206.32000732421875,206.00999450683594,206.10000610351562,376869
2026-07-13 12:12:00-04:00,206.1262969970703,206.1262969970703,206.3000030517578,206.0301055908203,206.24000549316406,287440
2026-07-13 12:14:00-04:00,206.14990234375,206.14990234375,206.25999450683594,206.05999755859375,206.1300048828125,287514
2026-07-13 12:16:00-04:00,206.1300048828125,206.1300048828125,206.13999938964844,205.8699951171875,206.13999938964844,460408
2026-07-13 12:18:00-04:00,206.02000427246094,206.02000427246094,206.1300048828125,205.91000366210938,206.1300048828125,323202
2026-07-13 12:20:00-04:00,205.9149932861328,205.9149932861328,206.10000610351562,205.8699951171875,206.02499389648438,269628
2026-07-13 12:22:00-04:00,205.8524932861328,205.8524932861328,205.99000549316406,205.75999450683594,205.9199981689453,299259
2026-07-13 12:24:00-04:00,205.77499389648438,205.77499389648438,205.93499755859375,205.77000427246094,205.86000061035156,236626
2026-07-13 12:26:00-04:00,205.83999633789062,205.83999633789062,205.94000244140625,205.57000732421875,205.77499389648438,496262
2026-07-13 12:28:00-04:00,205.9199981689453,205.9199981689453,206.0399932861328,205.7100067138672,205.83999633789062,415637
2026-07-13 12:30:00-04:00,205.5850067138672,205.5850067138672,205.9199981689453,205.39999389648438,205.9199981689453,468118
2026-07-13 12:32:00-04:00,205.31069946289062,205.31069946289062,205.55999755859375,205.14999389648438,205.5500030517578,532769
2026-07-13 12:34:00-04:00,204.72999572753906,204.72999572753906,205.32699584960938,204.63009643554688,205.32699584960938,984546
2026-07-13 12:36:00-04:00,204.6699981689453,204.6699981689453,204.8090057373047,204.52000427246094,204.7899932861328,531693
2026-07-13 12:38:00-04:00,204.97500610351562,204.97500610351562,205.12989807128906,204.52999877929688,204.66000366210938,660757
2026-07-13 12:40:00-04:00,205.10009765625,205.10009765625,205.13999938964844,204.75,204.9600067138672,509071
2026-07-13 12:42:00-04:00,205.24000549316406,205.24000549316406,205.30250549316406,205.08999633789062,205.11500549316406,465551
2026-07-13 12:44:00-04:00,204.93499755859375,204.93499755859375,205.25999450683594,204.92599487304688,205.22999572753906,274320
2026-07-13 12:46:00-04:00,205.14999389648438,205.14999389648438,205.24000549316406,204.89149475097656,204.9199981689453,296203
2026-07-13 12:48:00-04:00,204.72000122070312,204.72000122070312,205.13499450683594,204.69479370117188,205.13499450683594,347532
2026-07-13 12:50:00-04:00,204.65550231933594,204.65550231933594,204.75999450683594,204.32000732421875,204.6999969482422,502365
2026-07-13 12:52:00-04:00,204.69000244140625,204.69000244140625,204.9600067138672,204.62010192871094,204.64999389648438,333892
2026-07-13 12:54:00-04:00,204.6020050048828,204.6020050048828,204.7899932861328,204.39999389648438,204.67010498046875,380963
2026-07-13 12:56:00-04:00,204.89999389648438,204.89999389648438,204.89999389648438,204.55999755859375,204.60499572753906,426655
2026-07-13 12:58:00-04:00,204.64999389648438,204.64999389648438,204.97999572753906,204.57000732421875,204.90499877929688,309553
2026-07-13 13:00:00-04:00,204.8184051513672,204.8184051513672,204.92999267578125,204.57000732421875,204.63999938964844,312878
2026-07-13 13:02:00-04:00,204.77499389648438,204.77499389648438,204.88999938964844,204.64999389648438,204.80999755859375,270675
2026-07-13 13:04:00-04:00,204.5449981689453,204.5449981689453,204.8101043701172,204.49000549316406,204.77999877929688,322758
2026-07-13 13:06:00-04:00,204.8513946533203,204.8513946533203,204.9199981689453,204.52000427246094,204.52999877929688,266650
2026-07-13 13:08:00-04:00,205.01010131835938,205.01010131835938,205.16990661621094,204.74000549316406,204.85000610351562,338101
2026-07-13 13:10:00-04:00,204.89999389648438,204.89999389648438,205.16000366210938,204.80999755859375,205.0399932861328,398732
2026-07-13 13:12:00-04:00,204.69009399414062,204.69009399414062,204.9499969482422,204.69009399414062,204.89999389648438,325324
2026-07-13 13:14:00-04:00,204.53500366210938,204.53500366210938,204.8199005126953,204.50999450683594,204.69949340820312,318530
2026-07-13 13:16:00-04:00,204.44500732421875,204.44500732421875,204.57989501953125,204.25999450683594,204.52099609375,388270
2026-07-13 13:18:00-04:00,204.35000610351562,204.35000610351562,204.4799041748047,204.3000946044922,204.44009399414062,331563
2026-07-13 13:20:00-04:00,204.25,204.25,204.3249969482422,204.11000061035156,204.3249969482422,407735
2026-07-13 13:22:00-04:00,204.29989624023438,204.29989624023438,204.47000122070312,204.22999572753906,204.25,399428
2026-07-13 13:24:00-04:00,203.92999267578125,203.92999267578125,204.37989807128906,203.860107421875,204.29989624023438,842432
2026-07-13 13:26:00-04:00,204.05999755859375,204.05999755859375,204.13510131835938,203.83999633789062,203.94000244140625,616228
2026-07-13 13:28:00-04:00,204.24000549316406,204.24000549316406,204.24000549316406,204.00010681152344,204.05999755859375,345670
2026-07-13 13:30:00-04:00,204.13999938964844,204.13999938964844,204.33999633789062,203.97000122070312,204.25,385426
2026-07-13 13:32:00-04:00,204.26220703125,204.26220703125,204.32000732421875,204.02000427246094,204.1199951171875,273421
2026-07-13 13:34:00-04:00,204.22000122070312,204.22000122070312,204.33999633789062,204.07000732421875,204.25999450683594,279750
2026-07-13 13:36:00-04:00,204.0,204.0,204.2899932861328,203.9700927734375,204.22000122070312,284564
2026-07-13 13:38:00-04:00,203.86000061035156,203.86000061035156,204.05999755859375,203.77999877929688,204.00999450683594,390876
2026-07-13 13:40:00-04:00,203.94000244140625,203.94000244140625,204.0749969482422,203.7100067138672,203.86500549316406,462635
2026-07-13 13:42:00-04:00,204.0050048828125,204.0050048828125,204.08990478515625,203.9199981689453,203.93499755859375,279855
2026-07-13 13:44:00-04:00,204.00999450683594,204.00999450683594,204.13999938964844,203.9499969482422,204.0198974609375,355290
2026-07-13 13:46:00-04:00,203.85499572753906,203.85499572753906,204.11000061035156,203.82000732421875,204.00999450683594,303573
2026-07-13 13:48:00-04:00,203.7100067138672,203.7100067138672,203.9199981689453,203.6800994873047,203.85000610351562,300680
2026-07-13 13:50:00-04:00,203.58700561523438,203.58700561523438,203.73500061035156,203.47000122070312,203.6999969482422,492950
2026-07-13 13:52:00-04:00,203.5,203.5,203.75999450683594,203.47999572753906,203.59500122070312,341139
2026-07-13 13:54:00-04:00,203.77999877929688,203.77999877929688,203.77999877929688,203.47000122070312,203.52000427246094,371872
2026-07-13 13:56:00-04:00,203.81500244140625,203.81500244140625,203.9499969482422,203.6199951171875,203.78509521484375,328154
2026-07-13 13:58:00-04:00,203.64999389648438,203.64999389648438,203.82000732421875,203.60499572753906,203.82000732421875,208293
2026-07-13 14:00:00-04:00,204.02999877929688,204.02999877929688,204.14999389648438,203.60000610351562,203.64500427246094,462004
2026-07-13 14:02:00-04:00,204.0308074951172,204.0308074951172,204.16000366210938,203.91000366210938,204.0399932861328,326258
2026-07-13 14:04:00-04:00,204.36500549316406,204.36500549316406,204.41000366210938,203.9600067138672,204.03500366210938,458726
2026-07-13 14:06:00-04:00,204.25,204.25,204.4499969482422,204.1199951171875,204.3800048828125,435376
2026-07-13 14:08:00-04:00,204.08999633789062,204.08999633789062,204.27999877929688,204.00999450683594,204.25,209271
2026-07-13 14:10:00-04:00,203.8699951171875,203.8699951171875,204.10000610351562,203.75999450683594,204.08999633789062,742436
2026-07-13 14:12:00-04:00,204.05999755859375,204.05999755859375,204.0614013671875,203.77000427246094,203.8699951171875,262678
2026-07-13 14:14:00-04:00,204.15499877929688,204.15499877929688,204.22999572753906,203.99000549316406,204.05999755859375,332260
2026-07-13 14:16:00-04:00,203.97000122070312,203.97000122070312,204.2100067138672,203.9600067138672,204.14999389648438,228188
2026-07-13 14:18:00-04:00,203.86000061035156,203.86000061035156,203.97999572753906,203.72999572753906,203.97000122070312,359781
2026-07-13 14:20:00-04:00,203.97000122070312,203.97000122070312,203.97000122070312,203.74000549316406,203.86000061035156,277304
2026-07-13 14:22:00-04:00,204.07000732421875,204.07000732421875,204.07000732421875,203.8800048828125,203.97999572753906,224937
2026-07-13 14:24:00-04:00,203.92999267578125,203.92999267578125,204.16000366210938,203.8300018310547,204.0850067138672,321092
2026-07-13 14:26:00-04:00,203.78500366210938,203.78500366210938,203.97000122070312,203.67999267578125,203.92999267578125,321503
2026-07-13 14:28:00-04:00,203.6300048828125,203.6300048828125,203.85000610351562,203.6156005859375,203.78990173339844,309578
2026-07-13 14:30:00-04:00,203.85000610351562,203.85000610351562,203.85000610351562,203.35000610351562,203.61500549316406,515395
2026-07-13 14:32:00-04:00,204.05499267578125,204.05499267578125,204.07000732421875,203.8000946044922,203.83999633789062,471556
2026-07-13 14:34:00-04:00,203.99159240722656,203.99159240722656,204.05999755859375,203.72000122070312,204.0399932861328,328518
2026-07-13 14:36:00-04:00,204.05999755859375,204.05999755859375,204.10000610351562,203.86000061035156,203.98500061035156,245162
2026-07-13 14:38:00-04:00,204.15499877929688,204.15499877929688,204.18980407714844,204.05999755859375,204.0699005126953,273763
2026-07-13 14:40:00-04:00,204.2498016357422,204.2498016357422,204.25,204.0399932861328,204.15499877929688,259216
2026-07-13 14:42:00-04:00,204.08990478515625,204.08990478515625,204.2899932861328,204.0800018310547,204.25,288516
2026-07-13 14:44:00-04:00,204.02999877929688,204.02999877929688,204.13999938964844,203.9600067138672,204.07009887695312,246089
2026-07-13 14:46:00-04:00,203.99000549316406,203.99000549316406,204.11129760742188,203.9499969482422,204.00999450683594,239573
2026-07-13 14:48:00-04:00,204.0500030517578,204.0500030517578,204.10000610351562,203.89999389648438,204.0,250365
2026-07-13 14:50:00-04:00,203.9759979248047,203.9759979248047,204.05999755859375,203.82000732421875,204.0449981689453,252985
2026-07-13 14:52:00-04:00,204.03500366210938,204.03500366210938,204.05999755859375,203.8800048828125,203.96029663085938,212572
2026-07-13 14:54:00-04:00,204.0050048828125,204.0050048828125,204.13999938964844,203.92999267578125,204.02000427246094,243575
2026-07-13 14:56:00-04:00,203.97999572753906,203.97999572753906,204.0399932861328,203.91000366210938,204.0050048828125,256355
2026-07-13 14:58:00-04:00,203.7720947265625,203.7720947265625,204.0198974609375,203.5399932861328,203.97000122070312,547322
2026-07-13 15:00:00-04:00,204.125,204.125,204.14999389648438,203.66000366210938,203.8000030517578,387116
2026-07-13 15:02:00-04:00,204.30999755859375,204.30999755859375,204.4199981689453,204.0800018310547,204.1280059814453,333970
2026-07-13 15:04:00-04:00,204.39999389648438,204.39999389648438,204.44000244140625,204.3000030517578,204.30499267578125,288050
2026-07-13 15:06:00-04:00,203.9250030517578,203.9250030517578,204.5,203.8800048828125,204.38999938964844,352591
2026-07-13 15:08:00-04:00,203.82049560546875,203.82049560546875,204.02000427246094,203.8000030517578,203.9199981689453,386812
2026-07-13 15:10:00-04:00,203.69529724121094,203.69529724121094,203.88999938964844,203.6699981689453,203.8249969482422,347873
2026-07-13 15:12:00-04:00,203.78500366210938,203.78500366210938,203.7899932861328,203.60000610351562,203.7050018310547,287291
2026-07-13 15:14:00-04:00,203.83999633789062,203.83999633789062,203.96009826660156,203.7200927734375,203.7899932861328,322587
2026-07-13 15:16:00-04:00,203.83999633789062,203.83999633789062,204.00999450683594,203.77999877929688,203.8300018310547,416209
2026-07-13 15:18:00-04:00,204.00999450683594,204.00999450683594,204.03500366210938,203.74000549316406,203.82000732421875,319901
2026-07-13 15:20:00-04:00,203.77499389648438,203.77499389648438,204.06900024414062,203.75,204.02000427246094,321674
2026-07-13 15:22:00-04:00,203.6699981689453,203.6699981689453,203.81500244140625,203.5500030517578,203.77999877929688,375243
2026-07-13 15:24:00-04:00,203.74000549316406,203.74000549316406,203.77000427246094,203.57000732421875,203.6699981689453,330240
2026-07-13 15:26:00-04:00,203.6199951171875,203.6199951171875,203.74989318847656,203.58999633789062,203.7490997314453,265911
2026-07-13 15:28:00-04:00,203.8300018310547,203.8300018310547,203.8300018310547,203.54910278320312,203.6199951171875,427443
2026-07-13 15:30:00-04:00,204.1199951171875,204.1199951171875,204.27999877929688,203.82000732421875,203.85000610351562,569996
2026-07-13 15:32:00-04:00,204.24000549316406,204.24000549316406,204.35000610351562,204.0800018310547,204.10000610351562,415235
2026-07-13 15:34:00-04:00,204.0399932861328,204.0399932861328,204.2550048828125,203.9250030517578,204.24000549316406,406448
2026-07-13 15:36:00-04:00,203.97999572753906,203.97999572753906,204.05999755859375,203.8800048828125,204.0399932861328,371805
2026-07-13 15:38:00-04:00,203.7100067138672,203.7100067138672,204.0500030517578,203.67999267578125,203.97999572753906,585585
2026-07-13 15:40:00-04:00,203.6699981689453,203.6699981689453,203.7949981689453,203.61000061035156,203.72000122070312,334127
2026-07-13 15:42:00-04:00,203.9199981689453,203.9199981689453,203.94000244140625,203.9199981689453,203.9199981689453,424512
2026-07-13 15:44:00-04:00,203.9600067138672,203.9600067138672,204.11000061035156,203.88999938964844,203.92999267578125,430279
2026-07-13 15:46:00-04:00,203.91000366210938,203.91000366210938,203.99000549316406,203.75,203.94500732421875,402868
2026-07-13 15:48:00-04:00,204.00999450683594,204.00999450683594,204.09640502929688,203.85000610351562,203.89999389648438,505612
2026-07-13 15:50:00-04:00,204.4149932861328,204.4149932861328,204.5,204.02000427246094,204.02999877929688,1070803
2026-07-13 15:52:00-04:00,203.99000549316406,203.99000549316406,204.4600067138672,203.9499969482422,204.4199981689453,827789
2026-07-13 15:54:00-04:00,204.1199951171875,204.1199951171875,204.14999389648438,203.44000244140625,204.0,1347343
2026-07-13 15:56:00-04:00,204.1300048828125,204.1300048828125,204.18499755859375,203.94500732421875,204.1199951171875,1139574
2026-07-13 15:58:00-04:00,203.47999572753906,203.47999572753906,204.2100067138672,203.4199981689453,204.13499450683594,2824182
2026-07-14 09:30:00-04:00,206.53500366210938,206.53500366210938,208.33999633789062,206.0399932861328,208.1999969482422,6518080
2026-07-14 09:32:00-04:00,205.47999572753906,205.47999572753906,206.75999450683594,205.22999572753906,206.49000549316406,1068733
2026-07-14 09:34:00-04:00,204.86000061035156,204.86000061035156,205.55999755859375,204.61000061035156,205.49000549316406,944319
2026-07-14 09:36:00-04:00,205.05999755859375,205.05999755859375,205.17999267578125,204.67999267578125,204.8699951171875,852214
2026-07-14 09:38:00-04:00,204.2449951171875,204.2449951171875,205.05999755859375,204.22000122070312,205.0500030517578,848450
2026-07-14 09:40:00-04:00,204.41990661621094,204.41990661621094,204.5500030517578,204.00999450683594,204.25,851667
2026-07-14 09:42:00-04:00,204.17999267578125,204.17999267578125,204.4499969482422,203.8000030517578,204.38999938964844,883887
2026-07-14 09:44:00-04:00,205.14999389648438,205.14999389648438,205.16000366210938,204.0,204.14999389648438,1447706
2026-07-14 09:46:00-04:00,205.125,205.125,205.30999755859375,204.85000610351562,205.14999389648438,922810
2026-07-14 09:48:00-04:00,205.06500244140625,205.06500244140625,205.25999450683594,204.52999877929688,205.1820068359375,736126
2026-07-14 09:50:00-04:00,205.1699981689453,205.1699981689453,205.38999938964844,204.82000732421875,205.07000732421875,703657
2026-07-14 09:52:00-04:00,205.4550018310547,205.4550018310547,205.4600067138672,204.8000030517578,205.17999267578125,653574
2026-07-14 09:54:00-04:00,204.98989868164062,204.98989868164062,205.52999877929688,204.84500122070312,205.43499755859375,554126
2026-07-14 09:56:00-04:00,205.02000427246094,205.02000427246094,205.1195068359375,204.83999633789062,204.99000549316406,339894
2026-07-14 09:58:00-04:00,205.0,205.0,205.32000732421875,204.93820190429688,205.02999877929688,349552
2026-07-14 10:00:00-04:00,204.60670471191406,204.60670471191406,205.1199951171875,204.52000427246094,204.99000549316406,586496
2026-07-14 10:02:00-04:00,204.72500610351562,204.72500610351562,204.8699951171875,204.41090393066406,204.6199951171875,428704
2026-07-14 10:04:00-04:00,204.61500549316406,204.61500549316406,204.78990173339844,204.35000610351562,204.71499633789062,436945
2026-07-14 10:06:00-04:00,204.72500610351562,204.72500610351562,204.89999389648438,204.5,204.61500549316406,379476
2026-07-14 10:08:00-04:00,204.44000244140625,204.44000244140625,204.75990295410156,204.05999755859375,204.71499633789062,496462
2026-07-14 10:10:00-04:00,204.5749969482422,204.5749969482422,204.64999389648438,204.1999969482422,204.41000366210938,312974
2026-07-14 10:12:00-04:00,204.52999877929688,204.52999877929688,204.85000610351562,204.33999633789062,204.58999633789062,361942
2026-07-14 10:14:00-04:00,204.5102996826172,204.5102996826172,204.77999877929688,204.3300018310547,204.53500366210938,386863
2026-07-14 10:16:00-04:00,204.86000061035156,204.86000061035156,205.08999633789062,204.2263946533203,204.4949951171875,556961
2026-07-14 10:18:00-04:00,205.3699951171875,205.3699951171875,205.5,204.66000366210938,204.82000732421875,585237
2026-07-14 10:20:00-04:00,205.58999633789062,205.58999633789062,205.75950622558594,205.32000732421875,205.36639404296875,780040
2026-07-14 10:22:00-04:00,205.625,205.625,205.8300018310547,205.45010375976562,205.61000061035156,568884
2026-07-14 10:24:00-04:00,205.10000610351562,205.10000610351562,205.77999877929688,204.92999267578125,205.625,621036
2026-07-14 10:26:00-04:00,205.1699981689453,205.1699981689453,206.0500030517578,204.9600067138672,205.08999633789062,872824
2026-07-14 10:28:00-04:00,205.53219604492188,205.53219604492188,205.5955047607422,204.9600067138672,205.14500427246094,582549
2026-07-14 10:30:00-04:00,205.63499450683594,205.63499450683594,205.6898956298828,205.25,205.5399932861328,340330
2026-07-14 10:32:00-04:00,206.76980590820312,206.76980590820312,206.7698974609375,205.57000732421875,205.63499450683594,627149
2026-07-14 10:34:00-04:00,206.97000122070312,206.97000122070312,207.42999267578125,206.47000122070312,206.76010131835938,1216236
2026-07-14 10:36:00-04:00,206.72999572753906,206.72999572753906,207.1300048828125,206.5399932861328,206.98489379882812,497751
2026-07-14 10:38:00-04:00,206.6699981689453,206.6699981689453,206.8990020751953,206.55999755859375,206.7799072265625,348813
2026-07-14 10:40:00-04:00,206.6614990234375,206.6614990234375,206.74000549316406,206.3699951171875,206.6699981689453,335606
2026-07-14 10:42:00-04:00,206.33999633789062,206.33999633789062,206.74989318847656,206.27999877929688,206.6750030517578,270121
2026-07-14 10:44:00-04:00,206.68499755859375,206.68499755859375,206.72560119628906,206.30999755859375,206.30999755859375,348712
2026-07-14 10:46:00-04:00,206.47000122070312,206.47000122070312,206.80560302734375,206.3800048828125,206.68499755859375,315149
2026-07-14 10:48:00-04:00,206.49000549316406,206.49000549316406,206.6999969482422,206.35000610351562,206.5,299786
2026-07-14 10:50:00-04:00,207.0500030517578,207.0500030517578,207.0570068359375,206.3800048828125,206.49000549316406,402533
2026-07-14 10:52:00-04:00,207.1750030517578,207.1750030517578,207.279296875,206.9199981689453,207.05499267578125,464785
2026-07-14 10:54:00-04:00,207.52999877929688,207.52999877929688,207.64999389648438,206.9499969482422,207.19320678710938,521177
2026-07-14 10:56:00-04:00,207.44500732421875,207.44500732421875,207.67999267578125,207.35000610351562,207.52499389648438,387654
2026-07-14 10:58:00-04:00,207.48500061035156,207.48500061035156,207.67999267578125,207.42999267578125,207.4499969482422,397913
2026-07-14 11:00:00-04:00,207.41000366210938,207.41000366210938,207.67999267578125,207.35000610351562,207.5,591006
2026-07-14 11:02:00-04:00,207.34500122070312,207.34500122070312,207.5399932861328,207.2899932861328,207.4199981689453,377217
2026-07-14 11:04:00-04:00,207.72999572753906,207.72999572753906,207.80999755859375,207.2100067138672,207.36500549316406,677136
2026-07-14 11:06:00-04:00,208.0500030517578,208.0500030517578,208.22000122070312,207.72999572753906,207.73500061035156,652586
2026-07-14 11:08:00-04:00,208.173095703125,208.173095703125,208.3300018310547,207.97999572753906,208.05499267578125,566012
2026-07-14 11:10:00-04:00,207.85000610351562,207.85000610351562,208.3000030517578,207.70010375976562,208.1649932861328,591912
2026-07-14 11:12:00-04:00,207.9499969482422,207.9499969482422,208.05499267578125,207.8300018310547,207.8665008544922,338371
2026-07-14 11:14:00-04:00,207.83999633789062,207.83999633789062,207.9600067138672,207.63999938964844,207.94000244140625,338724
2026-07-14 11:16:00-04:00,208.0399932861328,208.0399932861328,208.07000732421875,207.76390075683594,207.82000732421875,371803
2026-07-14 11:18:00-04:00,208.02999877929688,208.02999877929688,208.13999938964844,207.8000030517578,208.05499267578125,405726
2026-07-14 11:20:00-04:00,208.5,208.5,208.5399932861328,207.9199981689453,208.03500366210938,535071
2026-07-14 11:22:00-04:00,208.74000549316406,208.74000549316406,208.92999267578125,208.41000366210938,208.5,772666
2026-07-14 11:24:00-04:00,208.64999389648438,208.64999389648438,208.92999267578125,208.50999450683594,208.74000549316406,487090
2026-07-14 11:26:00-04:00,208.92010498046875,208.92010498046875,208.9499969482422,208.58120727539062,208.6573944091797,422766
2026-07-14 11:28:00-04:00,209.10000610351562,209.10000610351562,209.13999938964844,208.8800048828125,208.9199981689453,702400
2026-07-14 11:30:00-04:00,208.8699951171875,208.8699951171875,209.17999267578125,208.72999572753906,209.1199951171875,563590
2026-07-14 11:32:00-04:00,208.73500061035156,208.73500061035156,208.88949584960938,208.42999267578125,208.88499450683594,459676
2026-07-14 11:34:00-04:00,208.92999267578125,208.92999267578125,209.16000366210938,208.6300048828125,208.72500610351562,563230
2026-07-14 11:36:00-04:00,208.84500122070312,208.84500122070312,209.0500030517578,208.65049743652344,208.91200256347656,401600
2026-07-14 11:38:00-04:00,208.9199981689453,208.9199981689453,209.03990173339844,208.7899932861328,208.85000610351562,327894
2026-07-14 11:40:00-04:00,208.88999938964844,208.88999938964844,208.9250030517578,208.5500030517578,208.9199981689453,346441
2026-07-14 11:42:00-04:00,208.97999572753906,208.97999572753906,208.99000549316406,208.66000366210938,208.89999389648438,303295
2026-07-14 11:44:00-04:00,209.0124053955078,209.0124053955078,209.3188018798828,208.92050170898438,208.97999572753906,630716
2026-07-14 11:46:00-04:00,208.9499969482422,208.9499969482422,209.03919982910156,208.8249969482422,209.0050048828125,290027
2026-07-14 11:48:00-04:00,208.83999633789062,208.83999633789062,209.08999633789062,208.82269287109375,208.94000244140625,441357
2026-07-14 11:50:00-04:00,208.45199584960938,208.45199584960938,208.9248046875,208.4199981689453,208.83999633789062,441107
2026-07-14 11:52:00-04:00,208.72999572753906,208.72999572753906,208.75,208.32000732421875,208.46499633789062,368884
2026-07-14 11:54:00-04:00,208.9499969482422,208.9499969482422,208.99000549316406,208.52999877929688,208.73500061035156,447735
2026-07-14 11:56:00-04:00,208.8249969482422,208.8249969482422,209.2100067138672,208.75999450683594,208.9600067138672,392470
2026-07-14 11:58:00-04:00,209.1699981689453,209.1699981689453,209.2198944091797,208.7899932861328,208.80999755859375,343711
2026-07-14 12:00:00-04:00,208.72999572753906,208.72999572753906,209.27000427246094,208.5,209.18820190429688,594077
2026-07-14 12:02:00-04:00,208.75,208.75,209.0500030517578,208.66009521484375,208.74000549316406,389752
2026-07-14 12:04:00-04:00,208.74000549316406,208.74000549316406,208.8800048828125,208.65499877929688,208.75399780273438,357785
2026-07-14 12:06:00-04:00,208.78799438476562,208.78799438476562,208.8800048828125,208.60000610351562,208.75999450683594,438835
2026-07-14 12:08:00-04:00,208.6497039794922,208.6497039794922,208.89999389648438,208.64500427246094,208.77999877929688,242114
2026-07-14 12:10:00-04:00,208.61000061035156,208.61000061035156,208.6699981689453,208.36000061035156,208.64500427246094,320734
2026-07-14 12:12:00-04:00,208.36500549316406,208.36500549316406,208.66000366210938,208.3101043701172,208.60240173339844,259122
2026-07-14 12:14:00-04:00,208.5,208.5,208.74290466308594,208.35000610351562,208.35000610351562,373532
2026-07-14 12:16:00-04:00,208.66000366210938,208.66000366210938,208.76499938964844,208.47999572753906,208.50999450683594,308914
2026-07-14 12:18:00-04:00,209.16000366210938,209.16000366210938,209.1999969482422,208.58999633789062,208.64999389648438,447168
2026-07-14 12:20:00-04:00,209.3300018310547,209.3300018310547,209.49000549316406,209.14999389648438,209.14999389648438,684311
2026-07-14 12:22:00-04:00,209.07119750976562,209.07119750976562,209.36000061035156,208.9499969482422,209.32000732421875,335306
2026-07-14 12:24:00-04:00,209.29989624023438,209.29989624023438,209.4199981689453,209.0399932861328,209.0800018310547,349037
2026-07-14 12:26:00-04:00,209.4600067138672,209.4600067138672,209.5500030517578,209.2449951171875,209.28990173339844,412434
2026-07-14 12:28:00-04:00,209.55499267578125,209.55499267578125,209.5850067138672,209.3800048828125,209.4499969482422,353780
2026-07-14 12:30:00-04:00,209.5749969482422,209.5749969482422,209.6199951171875,209.42100524902344,209.55999755859375,295707
2026-07-14 12:32:00-04:00,209.60000610351562,209.60000610351562,209.72479248046875,209.3000030517578,209.55999755859375,534329
2026-07-14 12:34:00-04:00,209.6699981689453,209.6699981689453,209.89999389648438,209.51499938964844,209.58680725097656,490299
2026-07-14 12:36:00-04:00,209.51499938964844,209.51499938964844,209.75999450683594,209.30999755859375,209.66050720214844,374681
2026-07-14 12:38:00-04:00,209.7178955078125,209.7178955078125,209.82000732421875,209.4499969482422,209.52999877929688,292535
2026-07-14 12:40:00-04:00,209.82000732421875,209.82000732421875,209.8800048828125,209.63999938964844,209.7100067138672,362930
2026-07-14 12:42:00-04:00,210.2198944091797,210.2198944091797,210.22000122070312,209.7200927734375,209.82000732421875,1001877
2026-07-14 12:44:00-04:00,209.97000122070312,209.97000122070312,210.25950622558594,209.9499969482422,210.20010375976562,482275
2026-07-14 12:46:00-04:00,210.0050048828125,210.0050048828125,210.14999389648438,209.8300018310547,209.9698944091797,425793
2026-07-14 12:48:00-04:00,210.10499572753906,210.10499572753906,210.1094970703125,209.8000030517578,210.0,773020
2026-07-14 12:50:00-04:00,210.27000427246094,210.27000427246094,210.30999755859375,210.02999877929688,210.10000610351562,498501
2026-07-14 12:52:00-04:00,210.36000061035156,210.36000061035156,210.4600067138672,210.13340759277344,210.2783966064453,379128
2026-07-14 12:54:00-04:00,210.52999877929688,210.52999877929688,210.5500030517578,210.24000549316406,210.33999633789062,458649
2026-07-14 12:56:00-04:00,210.85499572753906,210.85499572753906,210.88499450683594,210.4600067138672,210.52999877929688,470625
2026-07-14 12:58:00-04:00,210.8699951171875,210.8699951171875,210.9149932861328,210.5399932861328,210.84500122070312,546399
2026-07-14 13:00:00-04:00,211.22999572753906,211.22999572753906,211.25,210.8000030517578,210.8699951171875,970073
2026-07-14 13:02:00-04:00,211.1999969482422,211.1999969482422,211.35000610351562,211.12010192871094,211.22999572753906,756392
2026-07-14 13:04:00-04:00,211.25999450683594,211.25999450683594,211.30999755859375,211.05499267578125,211.1999969482422,531505
2026-07-14 13:06:00-04:00,211.31500244140625,211.31500244140625,211.36000061035156,211.2100067138672,211.2899932861328,520882
2026-07-14 13:08:00-04:00,211.20010375976562,211.20010375976562,211.5,211.11000061035156,211.32000732421875,689511
2026-07-14 13:10:00-04:00,211.17999267578125,211.17999267578125,211.22999572753906,211.0,211.2100067138672,430072
2026-07-14 13:12:00-04:00,211.33999633789062,211.33999633789062,211.35000610351562,211.0399932861328,211.1699981689453,430754
2026-07-14 13:14:00-04:00,211.4499969482422,211.4499969482422,211.5,211.1999969482422,211.33009338378906,635236
2026-07-14 13:16:00-04:00,211.11500549316406,211.11500549316406,211.52000427246094,211.05999755859375,211.4499969482422,515725
2026-07-14 13:18:00-04:00,211.2100067138672,211.2100067138672,211.21499633789062,210.88999938964844,211.10000610351562,414075
2026-07-14 13:20:00-04:00,211.41000366210938,211.41000366210938,211.43930053710938,211.17999267578125,211.22000122070312,350591
2026-07-14 13:22:00-04:00,211.24000549316406,211.24000549316406,211.49000549316406,211.22000122070312,211.39999389648438,395978
2026-07-14 13:24:00-04:00,211.22999572753906,211.22999572753906,211.3426055908203,211.16000366210938,211.24560546875,335351
2026-07-14 13:26:00-04:00,211.26499938964844,211.26499938964844,211.35000610351562,211.20010375976562,211.22999572753906,295288
2026-07-14 13:28:00-04:00,211.02999877929688,211.02999877929688,211.2899932861328,210.94000244140625,211.26499938964844,364385
2026-07-14 13:30:00-04:00,211.07000732421875,211.07000732421875,211.24000549316406,211.02000427246094,211.02999877929688,322034
2026-07-14 13:32:00-04:00,210.6699981689453,210.6699981689453,211.0749969482422,210.60000610351562,211.07000732421875,416230
2026-07-14 13:34:00-04:00,210.78500366210938,210.78500366210938,210.8000030517578,210.52000427246094,210.6699981689453,408305
2026-07-14 13:36:00-04:00,210.66000366210938,210.66000366210938,210.89990234375,210.50999450683594,210.77000427246094,327742
2026-07-14 13:38:00-04:00,210.72999572753906,210.72999572753906,210.8699951171875,210.60000610351562,210.64010620117188,291014
2026-07-14 13:40:00-04:00,210.63009643554688,210.63009643554688,210.74000549316406,210.5500030517578,210.74000549316406,240539
2026-07-14 13:42:00-04:00,210.64999389648438,210.64999389648438,210.75,210.52000427246094,210.63499450683594,278538
2026-07-14 13:44:00-04:00,210.75999450683594,210.75999450683594,210.89999389648438,210.63999938964844,210.64500427246094,272296
2026-07-14 13:46:00-04:00,210.97000122070312,210.97000122070312,210.97999572753906,210.69000244140625,210.75,288710
2026-07-14 13:48:00-04:00,211.0240020751953,211.0240020751953,211.1300048828125,210.9600067138672,210.96200561523438,381533
2026-07-14 13:50:00-04:00,211.2263946533203,211.2263946533203,211.28500366210938,211.0554962158203,211.0554962158203,311359
2026-07-14 13:52:00-04:00,211.27499389648438,211.27499389648438,211.32000732421875,211.1699981689453,211.22999572753906,309883
2026-07-14 13:54:00-04:00,211.2899932861328,211.2899932861328,211.38999938964844,211.25,211.27000427246094,367218
2026-07-14 13:56:00-04:00,211.33999633789062,211.33999633789062,211.38999938964844,211.22000122070312,211.2949981689453,299915
2026-07-14 13:58:00-04:00,211.3101043701172,211.3101043701172,211.48370361328125,211.26499938964844,211.34280395507812,336770
2026-07-14 14:00:00-04:00,211.25,211.25,211.3300018310547,211.14999389648438,211.32000732421875,361883
2026-07-14 14:02:00-04:00,211.41000366210938,211.41000366210938,211.5,211.17100524902344,211.24000549316406,396254
2026-07-14 14:04:00-04:00,211.33999633789062,211.33999633789062,211.42999267578125,211.30099487304688,211.39999389648438,241781
2026-07-14 14:06:00-04:00,211.4600067138672,211.4600067138672,211.4600067138672,211.1699981689453,211.33999633789062,308611
2026-07-14 14:08:00-04:00,211.57009887695312,211.57009887695312,211.61000061035156,211.44000244140625,211.47000122070312,532558
2026-07-14 14:10:00-04:00,211.73500061035156,211.73500061035156,211.73500061035156,211.52000427246094,211.57009887695312,410697
2026-07-14 14:12:00-04:00,211.97000122070312,211.97000122070312,212.00999450683594,211.72999572753906,211.73500061035156,893049
2026-07-14 14:14:00-04:00,211.97940063476562,211.97940063476562,212.0500030517578,211.8800048828125,211.97000122070312,473166
2026-07-14 14:16:00-04:00,211.9503936767578,211.9503936767578,212.0800018310547,211.85000610351562,211.97000122070312,451920
2026-07-14 14:18:00-04:00,211.9550018310547,211.9550018310547,212.0500030517578,211.89999389648438,211.9600067138672,344694
2026-07-14 14:20:00-04:00,211.94149780273438,211.94149780273438,211.97999572753906,211.8300018310547,211.9499969482422,347990
2026-07-14 14:22:00-04:00,211.97999572753906,211.97999572753906,212.10000610351562,211.91000366210938,211.94639587402344,383170
2026-07-14 14:24:00-04:00,211.69500732421875,211.69500732421875,211.99000549316406,211.60000610351562,211.99000549316406,453228
2026-07-14 14:26:00-04:00,211.66990661621094,211.66990661621094,211.70889282226562,211.57000732421875,211.69000244140625,308374
2026-07-14 14:28:00-04:00,211.77969360351562,211.77969360351562,211.8300018310547,211.61000061035156,211.66000366210938,369463
2026-07-14 14:30:00-04:00,211.96499633789062,211.96499633789062,211.97999572753906,211.72500610351562,211.77999877929688,355598
2026-07-14 14:32:00-04:00,212.1822967529297,212.1822967529297,212.1999969482422,211.85000610351562,211.9600067138672,599452
2026-07-14 14:34:00-04:00,212.4550018310547,212.4550018310547,212.5399932861328,212.14999389648438,212.18499755859375,579419
2026-07-14 14:36:00-04:00,212.25999450683594,212.25999450683594,212.4499969482422,212.0500030517578,212.4499969482422,587174
2026-07-14 14:38:00-04:00,212.1699981689453,212.1699981689453,212.33999633789062,212.11000061035156,212.25,333873
2026-07-14 14:40:00-04:00,212.13999938964844,212.13999938964844,212.24850463867188,211.94000244140625,212.16000366210938,519044
2026-07-14 14:42:00-04:00,211.9499969482422,211.9499969482422,212.24000549316406,211.9199981689453,212.13999938964844,366260
2026-07-14 14:44:00-04:00,211.9600067138672,211.9600067138672,212.10000610351562,211.91000366210938,211.9499969482422,298166
2026-07-14 14:46:00-04:00,212.1800994873047,212.1800994873047,212.1999969482422,211.94000244140625,211.9550018310547,315950
2026-07-14 14:48:00-04:00,211.98550415039062,211.98550415039062,212.2490997314453,211.9600067138672,212.1925048828125,301947
2026-07-14 14:50:00-04:00,212.11000061035156,212.11000061035156,212.11000061035156,211.9499969482422,211.97999572753906,263240
2026-07-14 14:52:00-04:00,212.35000610351562,212.35000610351562,212.3800048828125,212.09500122070312,212.10000610351562,372680
2026-07-14 14:54:00-04:00,212.36000061035156,212.36000061035156,212.42999267578125,212.27000427246094,212.36500549316406,347542
2026-07-14 14:56:00-04:00,212.2899932861328,212.2899932861328,212.36500549316406,212.27999877929688,212.35000610351562,303875
2026-07-14 14:58:00-04:00,212.32000732421875,212.32000732421875,212.39999389648438,212.27999877929688,212.30499267578125,280676
2026-07-14 15:00:00-04:00,212.13999938964844,212.13999938964844,212.33070373535156,212.10000610351562,212.32000732421875,336929
2026-07-14 15:02:00-04:00,211.86000061035156,211.86000061035156,212.14999389648438,211.86000061035156,212.1300048828125,440330
2026-07-14 15:04:00-04:00,211.96499633789062,211.96499633789062,212.00999450683594,211.83999633789062,211.875,301808
2026-07-14 15:06:00-04:00,211.8800048828125,211.8800048828125,212.07000732421875,211.80999755859375,211.97999572753906,279117
2026-07-14 15:08:00-04:00,211.6300048828125,211.6300048828125,211.8800048828125,211.6300048828125,211.8800048828125,342279
2026-07-14 15:10:00-04:00,211.7550048828125,211.7550048828125,211.8000030517578,211.4600067138672,211.63999938964844,447541
2026-07-14 15:12:00-04:00,211.90499877929688,211.90499877929688,211.90989685058594,211.69500732421875,211.77000427246094,341694
2026-07-14 15:14:00-04:00,211.77000427246094,211.77000427246094,211.9199981689453,211.67999267578125,211.91000366210938,386642
2026-07-14 15:16:00-04:00,211.85499572753906,211.85499572753906,211.9600067138672,211.76010131835938,211.76010131835938,310805
2026-07-14 15:18:00-04:00,211.9499969482422,211.9499969482422,211.97999572753906,211.74000549316406,211.86000061035156,399223
2026-07-14 15:20:00-04:00,212.17999267578125,212.17999267578125,212.2100067138672,211.9199981689453,211.9499969482422,501419
2026-07-14 15:22:00-04:00,211.9499053955078,211.9499053955078,212.22500610351562,211.94000244140625,212.1699981689453,399513
2026-07-14 15:24:00-04:00,211.88999938964844,211.88999938964844,212.11500549316406,211.8699951171875,211.94500732421875,357680
2026-07-14 15:26:00-04:00,211.6199951171875,211.6199951171875,211.97999572753906,211.6199951171875,211.88499450683594,429854
2026-07-14 15:28:00-04:00,211.27499389648438,211.27499389648438,211.63999938964844,211.25999450683594,211.6199951171875,514791
2026-07-14 15:30:00-04:00,211.125,211.125,211.33999633789062,211.02000427246094,211.27999877929688,646502
2026-07-14 15:32:00-04:00,211.47999572753906,211.47999572753906,211.47999572753906,211.0500030517578,211.125,483793
2026-07-14 15:34:00-04:00,211.63999938964844,211.63999938964844,211.72000122070312,211.39999389648438,211.48500061035156,408536
2026-07-14 15:36:00-04:00,211.5800018310547,211.5800018310547,211.6699981689453,211.4499969482422,211.6300048828125,432059
2026-07-14 15:38:00-04:00,211.22000122070312,211.22000122070312,211.60000610351562,211.07000732421875,211.5850067138672,536684
2026-07-14 15:40:00-04:00,211.61000061035156,211.61000061035156,211.63499450683594,211.08999633789062,211.2100067138672,578397
2026-07-14 15:42:00-04:00,211.83999633789062,211.83999633789062,211.875,211.60000610351562,211.6199951171875,431877
2026-07-14 15:44:00-04:00,211.75,211.75,211.8800048828125,211.69000244140625,211.8300018310547,494576
2026-07-14 15:46:00-04:00,211.77000427246094,211.77000427246094,211.89999389648438,211.67059326171875,211.75,473941
2026-07-14 15:48:00-04:00,211.9199981689453,211.9199981689453,211.97999572753906,211.77000427246094,211.77499389648438,463818
2026-07-14 15:50:00-04:00,211.94000244140625,211.94000244140625,212.0,211.5399932861328,211.91000366210938,937695
2026-07-14 15:52:00-04:00,212.0758056640625,212.0758056640625,212.22000122070312,211.94000244140625,211.9499969482422,883498
2026-07-14 15:54:00-04:00,211.5850067138672,211.5850067138672,212.3000030517578,211.47999572753906,212.0749969482422,1517853
2026-07-14 15:56:00-04:00,211.77499389648438,211.77499389648438,211.9600067138672,211.58999633789062,211.58999633789062,1151449
2026-07-14 15:58:00-04:00,211.8000030517578,211.8000030517578,211.97000122070312,211.69000244140625,211.779296875,2577198
2026-07-15 09:30:00-04:00,212.52000427246094,212.52000427246094,212.6699981689453,211.16009521484375,212.00999450683594,9339150
2026-07-15 09:32:00-04:00,212.9615936279297,212.9615936279297,213.29989624023438,212.3699951171875,212.5850067138672,1476375
2026-07-15 09:34:00-04:00,212.5399932861328,212.5399932861328,213.80999755859375,212.45010375976562,212.94000244140625,1306805
2026-07-15 09:36:00-04:00,211.97000122070312,211.97000122070312,212.74000549316406,211.6999969482422,212.5522003173828,867609
2026-07-15 09:38:00-04:00,212.07000732421875,212.07000732421875,212.1999969482422,211.4600067138672,211.97000122070312,694788
2026-07-15 09:40:00-04:00,211.69039916992188,211.69039916992188,212.13009643554688,211.3000030517578,212.0749969482422,755497
2026-07-15 09:42:00-04:00,212.2899932861328,212.2899932861328,212.4199981689453,211.6750030517578,211.69500732421875,703263
2026-07-15 09:44:00-04:00,211.88499450683594,211.88499450683594,212.33999633789062,211.8000030517578,212.27999877929688,558111
2026-07-15 09:46:00-04:00,211.82000732421875,211.82000732421875,211.92999267578125,211.35009765625,211.8800048828125,657311
2026-07-15 09:48:00-04:00,211.34039306640625,211.34039306640625,212.00999450683594,211.25999450683594,211.8300018310547,734966
2026-07-15 09:50:00-04:00,211.00999450683594,211.00999450683594,211.49000549316406,210.9199981689453,211.4199981689453,635776
2026-07-15 09:52:00-04:00,210.82000732421875,210.82000732421875,211.38999938964844,210.7100067138672,211.00999450683594,630344
2026-07-15 09:54:00-04:00,211.1999969482422,211.1999969482422,211.27999877929688,210.7700958251953,210.8300018310547,568143
2026-07-15 09:56:00-04:00,211.09500122070312,211.09500122070312,211.3699951171875,210.80999755859375,211.20010375976562,463724
2026-07-15 09:58:00-04:00,211.99000549316406,211.99000549316406,211.99000549316406,211.05999755859375,211.10989379882812,736910
2026-07-15 10:00:00-04:00,211.61000061035156,211.61000061035156,212.07989501953125,211.41000366210938,211.97999572753906,618784
2026-07-15 10:02:00-04:00,211.0500030517578,211.0500030517578,211.74000549316406,210.91000366210938,211.60009765625,557267
2026-07-15 10:04:00-04:00,210.51010131835938,210.51010131835938,211.05499267578125,210.27999877929688,211.0500030517578,775539
2026-07-15 10:06:00-04:00,211.1300048828125,211.1300048828125,211.16000366210938,210.5050048828125,210.5399932861328,589553
2026-07-15 10:08:00-04:00,211.48919677734375,211.48919677734375,211.55999755859375,211.04010009765625,211.14869689941406,512306
2026-07-15 10:10:00-04:00,211.62210083007812,211.62210083007812,211.9698944091797,211.43040466308594,211.5050048828125,556339
2026-07-15 10:12:00-04:00,211.55499267578125,211.55499267578125,211.8300018310547,211.47000122070312,211.61050415039062,312834
2026-07-15 10:14:00-04:00,211.27000427246094,211.27000427246094,211.6300048828125,211.17999267578125,211.53500366210938,457012
2026-07-15 10:16:00-04:00,211.7899932861328,211.7899932861328,211.82000732421875,211.14999389648438,211.27499389648438,452417
2026-07-15 10:18:00-04:00,211.66000366210938,211.66000366210938,211.97000122070312,211.5301055908203,211.7550048828125,458740
2026-07-15 10:20:00-04:00,211.08999633789062,211.08999633789062,211.64999389648438,210.92999267578125,211.64999389648438,559939
2026-07-15 10:22:00-04:00,210.38999938964844,210.38999938964844,211.19000244140625,210.27000427246094,211.10000610351562,513505
2026-07-15 10:24:00-04:00,209.72999572753906,209.72999572753906,210.50999450683594,209.39999389648438,210.40870666503906,1095167
2026-07-15 10:26:00-04:00,209.8800048828125,209.8800048828125,210.0,209.36000061035156,209.74000549316406,635266
2026-07-15 10:28:00-04:00,210.67999267578125,210.67999267578125,210.77000427246094,209.83999633789062,209.89999389648438,615579
2026-07-15 10:30:00-04:00,210.13999938964844,210.13999938964844,210.78500366210938,209.92999267578125,210.67999267578125,682028
2026-07-15 10:32:00-04:00,210.60499572753906,210.60499572753906,210.6699981689453,209.7823028564453,210.1300048828125,541585
2026-07-15 10:34:00-04:00,210.58999633789062,210.58999633789062,210.82000732421875,210.42999267578125,210.6300048828125,497604
2026-07-15 10:36:00-04:00,210.1699981689453,210.1699981689453,210.58999633789062,210.10040283203125,210.58999633789062,370629
2026-07-15 10:38:00-04:00,209.7449951171875,209.7449951171875,210.22999572753906,209.64999389648438,210.1699981689453,605197
2026-07-15 10:40:00-04:00,209.94500732421875,209.94500732421875,210.22999572753906,209.54449462890625,209.75999450683594,543365
2026-07-15 10:42:00-04:00,209.7100067138672,209.7100067138672,209.9600067138672,209.36500549316406,209.93499755859375,587105
2026-07-15 10:44:00-04:00,209.6300048828125,209.6300048828125,210.05999755859375,209.57009887695312,209.7100067138672,507185
2026-07-15 10:46:00-04:00,210.07000732421875,210.07000732421875,210.25,209.58999633789062,209.64999389648438,491718
2026-07-15 10:48:00-04:00,210.51010131835938,210.51010131835938,210.67999267578125,209.92999267578125,210.0800018310547,518565
2026-07-15 10:50:00-04:00,210.17999267578125,210.17999267578125,210.5800018310547,210.0500946044922,210.52499389648438,338134
2026-07-15 10:52:00-04:00,210.3300018310547,210.3300018310547,210.63999938964844,210.1199951171875,210.1750030517578,324674
2026-07-15 10:54:00-04:00,210.13999938964844,210.13999938964844,210.4499969482422,209.83999633789062,210.3300018310547,889431
2026-07-15 10:56:00-04:00,210.00999450683594,210.00999450683594,210.25999450683594,209.97000122070312,210.1300048828125,242273
2026-07-15 10:58:00-04:00,210.02999877929688,210.02999877929688,210.22999572753906,209.8800048828125,210.0,363595
2026-07-15 11:00:00-04:00,209.7602996826172,209.7602996826172,210.0399932861328,209.69500732421875,210.03500366210938,420284
2026-07-15 11:02:00-04:00,209.74000549316406,209.74000549316406,209.91000366210938,209.61000061035156,209.75,368854
2026-07-15 11:04:00-04:00,209.66839599609375,209.66839599609375,209.78379821777344,209.41000366210938,209.75999450683594,429711
2026-07-15 11:06:00-04:00,209.8300018310547,209.8300018310547,209.8300018310547,209.47999572753906,209.66000366210938,850364
2026-07-15 11:08:00-04:00,209.94500732421875,209.94500732421875,210.2100067138672,209.7700958251953,209.82000732421875,483860
2026-07-15 11:10:00-04:00,209.5449981689453,209.5449981689453,209.9600067138672,209.3800048828125,209.95989990234375,358848
2026-07-15 11:12:00-04:00,209.39500427246094,209.39500427246094,209.63999938964844,209.30999755859375,209.5399932861328,405880
2026-07-15 11:14:00-04:00,208.9593963623047,208.9593963623047,209.41000366210938,208.82000732421875,209.39990234375,703552
2026-07-15 11:16:00-04:00,208.67999267578125,208.67999267578125,209.0,208.3699951171875,208.9199981689453,689316
2026-07-15 11:18:00-04:00,208.89999389648438,208.89999389648438,208.91000366210938,208.5850067138672,208.66000366210938,513248
2026-07-15 11:20:00-04:00,208.94000244140625,208.94000244140625,209.0500030517578,208.6199951171875,208.88999938964844,419874
2026-07-15 11:22:00-04:00,208.63999938964844,208.63999938964844,208.94500732421875,208.5500030517578,208.94000244140625,359924
2026-07-15 11:24:00-04:00,208.89500427246094,208.89500427246094,209.1405029296875,208.56410217285156,208.63999938964844,389398
2026-07-15 11:26:00-04:00,209.0399932861328,209.0399932861328,209.1999969482422,208.83999633789062,208.94000244140625,351443
2026-07-15 11:28:00-04:00,209.5,209.5,209.52000427246094,209.00999450683594,209.07000732421875,384041
2026-07-15 11:30:00-04:00,209.4149932861328,209.4149932861328,209.73779296875,209.35000610351562,209.5050048828125,421083
2026-07-15 11:32:00-04:00,209.45010375976562,209.45010375976562,209.63999938964844,209.3800048828125,209.40699768066406,273033
2026-07-15 11:34:00-04:00,209.05999755859375,209.05999755859375,209.5399932861328,208.9600067138672,209.4600067138672,335253
2026-07-15 11:36:00-04:00,209.27000427246094,209.27000427246094,209.43040466308594,209.0399932861328,209.0399932861328,291615
2026-07-15 11:38:00-04:00,209.32000732421875,209.32000732421875,209.35000610351562,209.0800018310547,209.27420043945312,251249
2026-07-15 11:40:00-04:00,209.16000366210938,209.16000366210938,209.3300018310547,209.0399932861328,209.3300018310547,249945
2026-07-15 11:42:00-04:00,208.92999267578125,208.92999267578125,209.30499267578125,208.9199981689453,209.16000366210938,247269
2026-07-15 11:44:00-04:00,208.72000122070312,208.72000122070312,208.99000549316406,208.60000610351562,208.93499755859375,1390126
2026-07-15 11:46:00-04:00,208.5709991455078,208.5709991455078,208.9199981689453,208.4506072998047,208.72000122070312,508610
2026-07-15 11:48:00-04:00,208.9199981689453,208.9199981689453,208.97999572753906,208.5,208.5449981689453,360509
2026-07-15 11:50:00-04:00,208.47999572753906,208.47999572753906,208.91000366210938,208.41000366210938,208.88999938964844,412244
2026-07-15 11:52:00-04:00,208.6750030517578,208.6750030517578,208.75,208.47000122070312,208.49000549316406,278387
2026-07-15 11:54:00-04:00,208.60000610351562,208.60000610351562,208.70010375976562,208.375,208.69000244140625,359562
2026-07-15 11:56:00-04:00,208.5399932861328,208.5399932861328,208.74000549316406,208.3699951171875,208.60009765625,328517
2026-07-15 11:58:00-04:00,208.64010620117188,208.64010620117188,208.7899932861328,208.47999572753906,208.55499267578125,769225
2026-07-15 12:00:00-04:00,208.26010131835938,208.26010131835938,208.77000427246094,208.10000610351562,208.60000610351562,548908
2026-07-15 12:02:00-04:00,207.94000244140625,207.94000244140625,208.30499267578125,207.8800048828125,208.27000427246094,691757
2026-07-15 12:04:00-04:00,207.4600067138672,207.4600067138672,207.97509765625,207.4499969482422,207.93499755859375,879436
2026-07-15 12:06:00-04:00,207.03680419921875,207.03680419921875,207.5,206.9600067138672,207.4600067138672,1145078
2026-07-15 12:08:00-04:00,207.36199951171875,207.36199951171875,207.42999267578125,206.91000366210938,207.02499389648438,729189
2026-07-15 12:10:00-04:00,207.15499877929688,207.15499877929688,207.49000549316406,207.1199951171875,207.3699951171875,686895
2026-07-15 12:12:00-04:00,206.91140747070312,206.91140747070312,207.4199981689453,206.91000366210938,207.1595001220703,470671
2026-07-15 12:14:00-04:00,207.02999877929688,207.02999877929688,207.18899536132812,206.83189392089844,206.9499969482422,770876
2026-07-15 12:16:00-04:00,207.07009887695312,207.07009887695312,207.13999938964844,206.80999755859375,207.0449981689453,510730
2026-07-15 12:18:00-04:00,206.96499633789062,206.96499633789062,207.2899932861328,206.89999389648438,207.0800018310547,527741
2026-07-15 12:20:00-04:00,206.72000122070312,206.72000122070312,207.02999877929688,206.67999267578125,206.97000122070312,423878
2026-07-15 12:22:00-04:00,206.91000366210938,206.91000366210938,207.0399932861328,206.69009399414062,206.716796875,365246
2026-07-15 12:24:00-04:00,206.74609375,206.74609375,206.9199981689453,206.52000427246094,206.89999389648438,516826
2026-07-15 12:26:00-04:00,206.75990295410156,206.75990295410156,206.8699951171875,206.60000610351562,206.73500061035156,282905
2026-07-15 12:28:00-04:00,206.86000061035156,206.86000061035156,207.0,206.72000122070312,206.75,300568
2026-07-15 12:30:00-04:00,206.75790405273438,206.75790405273438,207.10000610351562,206.5800018310547,206.85499572753906,669590
2026-07-15 12:32:00-04:00,206.5800018310547,206.5800018310547,206.86000061035156,206.4600067138672,206.77000427246094,620157
2026-07-15 12:34:00-04:00,206.44500732421875,206.44500732421875,206.64999389648438,206.1300048828125,206.5500030517578,661325
2026-07-15 12:36:00-04:00,206.3300018310547,206.3300018310547,206.47999572753906,206.22999572753906,206.41000366210938,392792
2026-07-15 12:38:00-04:00,206.3699951171875,206.3699951171875,206.49000549316406,206.25,206.3350067138672,370736
2026-07-15 12:40:00-04:00,206.2799072265625,206.2799072265625,206.52999877929688,206.0399932861328,206.375,512510
2026-07-15 12:42:00-04:00,206.52999877929688,206.52999877929688,206.57000732421875,206.1999969482422,206.26499938964844,426277
2026-07-15 12:44:00-04:00,206.5500030517578,206.5500030517578,206.71499633789062,206.47999572753906,206.52000427246094,551607
2026-07-15 12:46:00-04:00,206.97999572753906,206.97999572753906,207.77999877929688,206.52999877929688,206.5399932861328,867525
2026-07-15 12:48:00-04:00,207.06500244140625,207.06500244140625,207.25,206.91000366210938,206.98500061035156,471980
2026-07-15 12:50:00-04:00,207.22999572753906,207.22999572753906,207.30999755859375,207.02000427246094,207.05999755859375,410712
2026-07-15 12:52:00-04:00,207.5399932861328,207.5399932861328,207.60000610351562,207.13009643554688,207.22999572753906,383074
2026-07-15 12:54:00-04:00,207.1699981689453,207.1699981689453,207.63999938964844,207.14999389648438,207.5399932861328,447942
2026-07-15 12:56:00-04:00,207.08999633789062,207.08999633789062,207.21499633789062,206.77000427246094,207.19970703125,385496
2026-07-15 12:58:00-04:00,207.27999877929688,207.27999877929688,207.32000732421875,207.0500030517578,207.10989379882812,306135
2026-07-15 13:00:00-04:00,207.50999450683594,207.50999450683594,207.5399932861328,207.19000244140625,207.3000030517578,265328
2026-07-15 13:02:00-04:00,207.75,207.75,207.80999755859375,207.50999450683594,207.52000427246094,363056
2026-07-15 13:04:00-04:00,207.64999389648438,207.64999389648438,207.88999938964844,207.64999389648438,207.74000549316406,441024
2026-07-15 13:06:00-04:00,208.2100067138672,208.2100067138672,208.25,207.64999389648438,207.66990661621094,477505
2026-07-15 13:08:00-04:00,208.22999572753906,208.22999572753906,208.36990356445312,208.19000244140625,208.2100067138672,498358
2026-07-15 13:10:00-04:00,208.0399932861328,208.0399932861328,208.2899932861328,208.02999877929688,208.22999572753906,416016
2026-07-15 13:12:00-04:00,208.16000366210938,208.16000366210938,208.30999755859375,208.03599548339844,208.0399932861328,382687
2026-07-15 13:14:00-04:00,208.19500732421875,208.19500732421875,208.2100067138672,207.89999389648438,208.13999938964844,352140
2026-07-15 13:16:00-04:00,208.58999633789062,208.58999633789062,208.61000061035156,208.1300048828125,208.19000244140625,419403
2026-07-15 13:18:00-04:00,208.97000122070312,208.97000122070312,208.99000549316406,208.5399932861328,208.58999633789062,555656
2026-07-15 13:20:00-04:00,208.73500061035156,208.73500061035156,209.10989379882812,208.6699981689453,208.9550018310547,514473
2026-07-15 13:22:00-04:00,208.9199981689453,208.9199981689453,209.02000427246094,208.6750030517578,208.69000244140625,279249
2026-07-15 13:24:00-04:00,208.97999572753906,208.97999572753906,209.0998992919922,208.9001007080078,208.91000366210938,288172
2026-07-15 13:26:00-04:00,208.96499633789062,208.96499633789062,209.0800018310547,208.88999938964844,208.96499633789062,279348
2026-07-15 13:28:00-04:00,209.02999877929688,209.02999877929688,209.0800018310547,208.67999267578125,208.96499633789062,379840
2026-07-15 13:30:00-04:00,209.17999267578125,209.17999267578125,209.25,209.02200317382812,209.02999877929688,429325
2026-07-15 13:32:00-04:00,209.2550048828125,209.2550048828125,209.40989685058594,209.16929626464844,209.16929626464844,388440
2026-07-15 13:34:00-04:00,209.11000061035156,209.11000061035156,209.3699951171875,209.08999633789062,209.27499389648438,282646
2026-07-15 13:36:00-04:00,209.28500366210938,209.28500366210938,209.33999633789062,209.02000427246094,209.10499572753906,245945
2026-07-15 13:38:00-04:00,209.13999938964844,209.13999938964844,209.3000030517578,209.11000061035156,209.28500366210938,232936
2026-07-15 13:40:00-04:00,209.02999877929688,209.02999877929688,209.25,208.9600067138672,209.13999938964844,309625
2026-07-15 13:42:00-04:00,209.17999267578125,209.17999267578125,209.22999572753906,208.86000061035156,209.0500030517578,261831
2026-07-15 13:44:00-04:00,209.1300048828125,209.1300048828125,209.19000244140625,209.0500946044922,209.1699981689453,160232
2026-07-15 13:46:00-04:00,209.2700958251953,209.2700958251953,209.35000610351562,209.09010314941406,209.13499450683594,271241
2026-07-15 13:48:00-04:00,209.5500030517578,209.5500030517578,209.5800018310547,209.2700958251953,209.28500366210938,494250
2026-07-15 13:50:00-04:00,209.57009887695312,209.57009887695312,209.6699981689453,209.41000366210938,209.55999755859375,314615
2026-07-15 13:52:00-04:00,209.60499572753906,209.60499572753906,209.7899932861328,209.5399932861328,209.5800018310547,304085
2026-07-15 13:54:00-04:00,209.69500732421875,209.69500732421875,209.747802734375,209.4600067138672,209.60499572753906,255697
2026-07-15 13:56:00-04:00,209.6501007080078,209.6501007080078,209.7299041748047,209.57000732421875,209.67999267578125,268212
2026-07-15 13:58:00-04:00,209.63999938964844,209.63999938964844,209.80499267578125,209.5500030517578,209.64999389648438,1019701
2026-07-15 14:00:00-04:00,210.1199951171875,210.1199951171875,210.1300048828125,209.5800018310547,209.6199951171875,564869
2026-07-15 14:02:00-04:00,210.4199981689453,210.4199981689453,211.0,210.09010314941406,210.1199951171875,551660
2026-07-15 14:04:00-04:00,210.2100067138672,210.2100067138672,210.49000549316406,210.10000610351562,210.4199981689453,494409
2026-07-15 14:06:00-04:00,210.27000427246094,210.27000427246094,210.35000610351562,210.19500732421875,210.2100067138672,298743
2026-07-15 14:08:00-04:00,210.30499267578125,210.30499267578125,210.33999633789062,210.14999389648438,210.27499389648438,204870
2026-07-15 14:10:00-04:00,210.38499450683594,210.38499450683594,210.4698944091797,210.25,210.2899932861328,228715
2026-07-15 14:12:00-04:00,210.45010375976562,210.45010375976562,210.49000549316406,210.1999969482422,210.38999938964844,328386
2026-07-15 14:14:00-04:00,210.1999969482422,210.1999969482422,210.52000427246094,210.16000366210938,210.4600067138672,288417
2026-07-15 14:16:00-04:00,210.125,210.125,210.26499938964844,209.9199981689453,210.19500732421875,266239
2026-07-15 14:18:00-04:00,210.1300048828125,210.1300048828125,210.25599670410156,209.94000244140625,210.1280975341797,221529
2026-07-15 14:20:00-04:00,210.3699951171875,210.3699951171875,210.3769989013672,210.02999877929688,210.10000610351562,211743
2026-07-15 14:22:00-04:00,210.58999633789062,210.58999633789062,210.64999389648438,210.36000061035156,210.375,402771
2026-07-15 14:24:00-04:00,210.4550018310547,210.4550018310547,210.64999389648438,210.3699951171875,210.60000610351562,310440
2026-07-15 14:26:00-04:00,210.6699981689453,210.6699981689453,210.69000244140625,210.4499969482422,210.4600067138672,250428
2026-07-15 14:28:00-04:00,210.47000122070312,210.47000122070312,210.75,210.4199981689453,210.67010498046875,250385
2026-07-15 14:30:00-04:00,210.5749969482422,210.5749969482422,210.5850067138672,210.42999267578125,210.49000549316406,238056
2026-07-15 14:32:00-04:00,210.52000427246094,210.52000427246094,210.6300048828125,210.43499755859375,210.58990478515625,194823
2026-07-15 14:34:00-04:00,210.5399932861328,210.5399932861328,210.61000061035156,210.47000122070312,210.52499389648438,197454
2026-07-15 14:36:00-04:00,210.5,210.5,210.57000732421875,210.2100067138672,210.5500030517578,318469
2026-07-15 14:38:00-04:00,210.3000030517578,210.3000030517578,210.5399932861328,210.2899932861328,210.5,164792
2026-07-15 14:40:00-04:00,210.47999572753906,210.47999572753906,210.5,210.22999572753906,210.2899932861328,295515
2026-07-15 14:42:00-04:00,210.35499572753906,210.35499572753906,210.7198944091797,210.25,210.5,412228
2026-07-15 14:44:00-04:00,210.4199981689453,210.4199981689453,210.5,210.25,210.36000061035156,300765
2026-07-15 14:46:00-04:00,210.5399932861328,210.5399932861328,210.66000366210938,210.35000610351562,210.44000244140625,369687
2026-07-15 14:48:00-04:00,210.48500061035156,210.48500061035156,210.61160278320312,210.47000122070312,210.53500366210938,191503
2026-07-15 14:50:00-04:00,210.0399932861328,210.0399932861328,210.4949951171875,209.98500061035156,210.47000122070312,392760
2026-07-15 14:52:00-04:00,210.06820678710938,210.06820678710938,210.1699981689453,209.85000610351562,210.07000732421875,342085
2026-07-15 14:54:00-04:00,210.24000549316406,210.24000549316406,210.27000427246094,210.0,210.0800018310547,273889
2026-07-15 14:56:00-04:00,210.3800048828125,210.3800048828125,210.389892578125,210.07000732421875,210.25,355677
2026-07-15 14:58:00-04:00,210.27000427246094,210.27000427246094,210.5800018310547,210.21499633789062,210.3800048828125,374340
2026-07-15 15:00:00-04:00,210.62620544433594,210.62620544433594,210.63999938964844,210.19000244140625,210.27999877929688,298896
2026-07-15 15:02:00-04:00,211.1699981689453,211.1699981689453,211.25,210.6199951171875,210.6300048828125,640362
2026-07-15 15:04:00-04:00,211.49000549316406,211.49000549316406,211.5399932861328,211.14999389648438,211.15499877929688,638239
2026-07-15 15:06:00-04:00,211.72000122070312,211.72000122070312,212.00999450683594,211.47500610351562,211.50999450683594,823248
2026-07-15 15:08:00-04:00,211.6300048828125,211.6300048828125,211.77999877929688,211.34500122070312,211.72000122070312,526032
2026-07-15 15:10:00-04:00,211.47650146484375,211.47650146484375,211.88999938964844,211.47000122070312,211.61000061035156,588522
2026-07-15 15:12:00-04:00,211.5500030517578,211.5500030517578,211.6999969482422,211.30999755859375,211.47500610351562,559872
2026-07-15 15:14:00-04:00,211.61500549316406,211.61500549316406,211.74000549316406,211.49009704589844,211.55999755859375,415818
2026-07-15 15:16:00-04:00,211.42999267578125,211.42999267578125,211.7100067138672,211.38999938964844,211.61500549316406,413663
2026-07-15 15:18:00-04:00,210.92999267578125,210.92999267578125,211.42999267578125,210.92999267578125,211.4199981689453,472679
2026-07-15 15:20:00-04:00,210.7550048828125,210.7550048828125,210.92999267578125,210.6300048828125,210.9199981689453,433213
2026-07-15 15:22:00-04:00,210.6649932861328,210.6649932861328,210.74000549316406,210.41000366210938,210.74000549316406,433854
2026-07-15 15:24:00-04:00,210.5800018310547,210.5800018310547,210.77999877929688,210.50120544433594,210.69000244140625,263124
2026-07-15 15:26:00-04:00,210.85000610351562,210.85000610351562,211.0,210.5312042236328,210.56500244140625,356046
2026-07-15 15:28:00-04:00,210.968505859375,210.968505859375,211.0780029296875,210.8000030517578,210.83999633789062,337840
2026-07-15 15:30:00-04:00,211.27000427246094,211.27000427246094,211.42999267578125,210.94500732421875,211.0,487878
2026-07-15 15:32:00-04:00,211.0500946044922,211.0500946044922,211.35989379882812,210.91380310058594,211.27499389648438,399860
2026-07-15 15:34:00-04:00,211.1508026123047,211.1508026123047,211.2100067138672,210.91000366210938,211.07000732421875,359101
2026-07-15 15:36:00-04:00,211.2899932861328,211.2899932861328,211.2899932861328,211.11000061035156,211.13999938964844,224946
2026-07-15 15:38:00-04:00,211.47000122070312,211.47000122070312,211.49940490722656,211.27999877929688,211.3000030517578,311943
2026-07-15 15:40:00-04:00,211.65040588378906,211.65040588378906,211.72999572753906,211.39999389648438,211.4600067138672,442595
2026-07-15 15:42:00-04:00,211.78500366210938,211.78500366210938,211.85000610351562,211.50010681152344,211.65499877929688,656510
2026-07-15 15:44:00-04:00,211.5749969482422,211.5749969482422,211.85000610351562,211.5399932861328,211.77000427246094,419323
2026-07-15 15:46:00-04:00,211.44500732421875,211.44500732421875,211.60499572753906,211.3699951171875,211.57000732421875,323638
2026-07-15 15:48:00-04:00,211.3800048828125,211.3800048828125,211.47999572753906,211.25999450683594,211.44500732421875,706788
2026-07-15 15:50:00-04:00,212.0305938720703,212.0305938720703,212.1699981689453,211.38999938964844,211.38999938964844,1522687
2026-07-15 15:52:00-04:00,211.85499572753906,211.85499572753906,212.1199951171875,211.75999450683594,212.02999877929688,779385
2026-07-15 15:54:00-04:00,212.47000122070312,212.47000122070312,212.56930541992188,211.61000061035156,211.85499572753906,1380834
2026-07-15 15:56:00-04:00,212.5200958251953,212.5200958251953,212.55999755859375,212.375,212.46499633789062,1246283
2026-07-15 15:58:00-04:00,212.49000549316406,212.49000549316406,212.5399932861328,212.3699951171875,212.52000427246094,2325914
2026-07-16 09:30:00-04:00,210.66000366210938,210.66000366210938,210.97999572753906,209.50999450683594,210.26499938964844,5354741
2026-07-16 09:32:00-04:00,209.85000610351562,209.85000610351562,211.0800018310547,209.75999450683594,210.61000061035156,895708
2026-07-16 09:34:00-04:00,208.6204071044922,208.6204071044922,210.2100067138672,208.5,209.8000030517578,935994
2026-07-16 09:36:00-04:00,208.7100067138672,208.7100067138672,208.97999572753906,208.3800048828125,208.65989685058594,729989
2026-07-16 09:38:00-04:00,208.4781036376953,208.4781036376953,208.82000732421875,208.22000122070312,208.6750030517578,641948
2026-07-16 09:40:00-04:00,208.2550048828125,208.2550048828125,209.277099609375,208.19000244140625,208.47999572753906,742703
2026-07-16 09:42:00-04:00,208.14999389648438,208.14999389648438,208.3800048828125,208.00999450683594,208.22999572753906,932498
2026-07-16 09:44:00-04:00,207.5399932861328,207.5399932861328,208.3300018310547,207.47500610351562,208.1199951171875,1286482
2026-07-16 09:46:00-04:00,207.6092987060547,207.6092987060547,207.69000244140625,207.17999267578125,207.5,792067
2026-07-16 09:48:00-04:00,207.35000610351562,207.35000610351562,207.8000030517578,207.30039978027344,207.6300048828125,548564
2026-07-16 09:50:00-04:00,207.82000732421875,207.82000732421875,207.97999572753906,207.19000244140625,207.3361053466797,696794
2026-07-16 09:52:00-04:00,207.97500610351562,207.97500610351562,208.39999389648438,207.6511993408203,207.8350067138672,725097
2026-07-16 09:54:00-04:00,208.07000732421875,208.07000732421875,208.4600067138672,207.61000061035156,207.97999572753906,660523
2026-07-16 09:56:00-04:00,207.47500610351562,207.47500610351562,208.42999267578125,207.41000366210938,208.0500030517578,651581
2026-07-16 09:58:00-04:00,207.5,207.5,207.8697052001953,207.38999938964844,207.4636993408203,676572
2026-07-16 10:00:00-04:00,207.5500030517578,207.5500030517578,207.81350708007812,207.2899932861328,207.47999572753906,611651
2026-07-16 10:02:00-04:00,207.69000244140625,207.69000244140625,207.9340057373047,207.51150512695312,207.52000427246094,482522
2026-07-16 10:04:00-04:00,207.6699981689453,207.6699981689453,207.92999267578125,207.52999877929688,207.67999267578125,455866
2026-07-16 10:06:00-04:00,208.17999267578125,208.17999267578125,208.24000549316406,207.66000366210938,207.69000244140625,724791
2026-07-16 10:08:00-04:00,208.36000061035156,208.36000061035156,208.52999877929688,208.0399932861328,208.17999267578125,638094
2026-07-16 10:10:00-04:00,208.0850067138672,208.0850067138672,208.4250030517578,208.02000427246094,208.36000061035156,531881
2026-07-16 10:12:00-04:00,208.4499969482422,208.4499969482422,208.54800415039062,207.8800048828125,208.08999633789062,551532
2026-07-16 10:14:00-04:00,208.88999938964844,208.88999938964844,209.0399932861328,208.2301025390625,208.4499053955078,670917
2026-07-16 10:16:00-04:00,209.0,209.0,209.27000427246094,208.7301025390625,208.88999938964844,803379
2026-07-16 10:18:00-04:00,208.75999450683594,208.75999450683594,209.10000610351562,208.41000366210938,209.00050354003906,445381
2026-07-16 10:20:00-04:00,208.13999938964844,208.13999938964844,208.88330078125,208.1300048828125,208.7550048828125,491151
2026-07-16 10:22:00-04:00,208.4199981689453,208.4199981689453,208.55999755859375,207.9138946533203,208.13999938964844,501018
2026-07-16 10:24:00-04:00,208.44000244140625,208.44000244140625,208.75999450683594,208.0,208.44000244140625,463996
2026-07-16 10:26:00-04:00,208.78179931640625,208.78179931640625,208.92999267578125,208.16000366210938,208.4199981689453,405459
2026-07-16 10:28:00-04:00,208.9698944091797,208.9698944091797,208.97999572753906,208.6436004638672,208.8000030517578,571566
2026-07-16 10:30:00-04:00,208.52999877929688,208.52999877929688,208.97999572753906,208.35009765625,208.9499969482422,427526
2026-07-16 10:32:00-04:00,208.8874053955078,208.8874053955078,208.89999389648438,208.47000122070312,208.5500030517578,290108
2026-07-16 10:34:00-04:00,208.98500061035156,208.98500061035156,209.00999450683594,208.72000122070312,208.86000061035156,340386
2026-07-16 10:36:00-04:00,208.99000549316406,208.99000549316406,209.14999389648438,208.72000122070312,208.9846954345703,318499
2026-07-16 10:38:00-04:00,208.2899932861328,208.2899932861328,209.11990356445312,208.22000122070312,208.98500061035156,356348
2026-07-16 10:40:00-04:00,207.85000610351562,207.85000610351562,208.36000061035156,207.6999969482422,208.27020263671875,585323
2026-07-16 10:42:00-04:00,207.6750030517578,207.6750030517578,207.9600067138672,207.66000366210938,207.8625030517578,467036
2026-07-16 10:44:00-04:00,207.78500366210938,207.78500366210938,207.97000122070312,207.6300048828125,207.6862030029297,387247
2026-07-16 10:46:00-04:00,207.61000061035156,207.61000061035156,208.00999450683594,207.5800018310547,207.77999877929688,418489
2026-07-16 10:48:00-04:00,207.5500946044922,207.5500946044922,207.72999572753906,207.52000427246094,207.61000061035156,312355
2026-07-16 10:50:00-04:00,207.17999267578125,207.17999267578125,207.6300048828125,206.8289031982422,207.55999755859375,1401084
2026-07-16 10:52:00-04:00,206.3699951171875,206.3699951171875,207.24000549316406,206.11000061035156,207.17999267578125,786726
2026-07-16 10:54:00-04:00,206.27999877929688,206.27999877929688,206.57000732421875,206.0,206.3699951171875,1058560
2026-07-16 10:56:00-04:00,206.39999389648438,206.39999389648438,206.5500030517578,206.14329528808594,206.26499938964844,470010
2026-07-16 10:58:00-04:00,206.48500061035156,206.48500061035156,206.68499755859375,206.1199951171875,206.39999389648438,665280
2026-07-16 11:00:00-04:00,206.47500610351562,206.47500610351562,206.74000549316406,206.38999938964844,206.5,589432
2026-07-16 11:02:00-04:00,206.35000610351562,206.35000610351562,206.75,206.25999450683594,206.47500610351562,615847
2026-07-16 11:04:00-04:00,206.05999755859375,206.05999755859375,206.44000244140625,205.91000366210938,206.3209991455078,600216
2026-07-16 11:06:00-04:00,206.05029296875,206.05029296875,206.24000549316406,205.85000610351562,206.05999755859375,648567
2026-07-16 11:08:00-04:00,206.41000366210938,206.41000366210938,206.42999267578125,205.96009826660156,206.07000732421875,635093
2026-07-16 11:10:00-04:00,206.2449951171875,206.2449951171875,206.75,206.22999572753906,206.4199981689453,587082
2026-07-16 11:12:00-04:00,206.0,206.0,206.30999755859375,205.86500549316406,206.2449951171875,523734
2026-07-16 11:14:00-04:00,206.08009338378906,206.08009338378906,206.19000244140625,205.87010192871094,205.97129821777344,436008
2026-07-16 11:16:00-04:00,206.00999450683594,206.00999450683594,206.25,205.91000366210938,206.08799743652344,435922
2026-07-16 11:18:00-04:00,206.57009887695312,206.57009887695312,206.60000610351562,206.00999450683594,206.02499389648438,475839
2026-07-16 11:20:00-04:00,206.40280151367188,206.40280151367188,206.58999633789062,206.2899932861328,206.57000732421875,410938
2026-07-16 11:22:00-04:00,206.4199981689453,206.4199981689453,206.5,206.05990600585938,206.38999938964844,424553
2026-07-16 11:24:00-04:00,206.74000549316406,206.74000549316406,206.8699951171875,206.32009887695312,206.4149932861328,2389335
2026-07-16 11:26:00-04:00,206.875,206.875,207.0800018310547,206.72500610351562,206.73080444335938,543166
2026-07-16 11:28:00-04:00,207.05999755859375,207.05999755859375,207.0970001220703,206.4700927734375,206.88999938964844,403058
2026-07-16 11:30:00-04:00,207.32000732421875,207.32000732421875,207.3300018310547,206.7100067138672,207.02999877929688,375358
2026-07-16 11:32:00-04:00,207.22000122070312,207.22000122070312,207.4593048095703,207.05999755859375,207.30999755859375,380266
2026-07-16 11:34:00-04:00,207.2198944091797,207.2198944091797,207.39950561523438,207.11000061035156,207.25010681152344,325588
2026-07-16 11:36:00-04:00,207.25,207.25,207.39999389648438,206.97999572753906,207.22000122070312,319628
2026-07-16 11:38:00-04:00,207.67999267578125,207.67999267578125,207.73390197753906,207.25,207.25,382487
2026-07-16 11:40:00-04:00,207.2449951171875,207.2449951171875,207.8699951171875,207.22000122070312,207.6699981689453,461054
2026-07-16 11:42:00-04:00,207.35000610351562,207.35000610351562,207.5749969482422,207.20399475097656,207.25999450683594,252297
2026-07-16 11:44:00-04:00,207.1750030517578,207.1750030517578,207.51499938964844,207.08160400390625,207.3350067138672,306105
2026-07-16 11:46:00-04:00,207.1750030517578,207.1750030517578,207.3300018310547,207.0601043701172,207.13999938964844,319958
2026-07-16 11:48:00-04:00,207.5301055908203,207.5301055908203,207.61000061035156,207.05999755859375,207.17999267578125,368350
2026-07-16 11:50:00-04:00,207.7949981689453,207.7949981689453,207.81500244140625,207.52999877929688,207.5449981689453,412273
2026-07-16 11:52:00-04:00,207.65750122070312,207.65750122070312,207.94000244140625,207.57000732421875,207.7949981689453,349888
2026-07-16 11:54:00-04:00,207.57000732421875,207.57000732421875,207.78500366210938,207.33999633789062,207.64999389648438,277039
2026-07-16 11:56:00-04:00,207.47500610351562,207.47500610351562,207.75,207.36000061035156,207.57000732421875,334879
2026-07-16 11:58:00-04:00,207.60000610351562,207.60000610351562,207.67999267578125,207.3699951171875,207.47610473632812,306433
2026-07-16 12:00:00-04:00,208.0301055908203,208.0301055908203,208.1699981689453,207.39999389648438,207.60000610351562,659817
2026-07-16 12:02:00-04:00,207.88999938964844,207.88999938964844,208.11000061035156,207.82000732421875,208.0305938720703,545749
2026-07-16 12:04:00-04:00,207.03500366210938,207.03500366210938,207.9600067138672,206.9600067138672,207.88999938964844,524287
2026-07-16 12:06:00-04:00,206.97999572753906,206.97999572753906,207.2949981689453,206.9499969482422,207.06500244140625,415582
2026-07-16 12:08:00-04:00,207.0399932861328,207.0399932861328,207.1999969482422,206.9320068359375,206.97500610351562,250782
2026-07-16 12:10:00-04:00,206.8699951171875,206.8699951171875,207.0449981689453,206.75999450683594,207.0399932861328,292417
2026-07-16 12:12:00-04:00,206.75999450683594,206.75999450683594,206.86500549316406,206.4644012451172,206.85000610351562,396899
2026-07-16 12:14:00-04:00,206.69009399414062,206.69009399414062,206.82000732421875,206.4700927734375,206.76499938964844,342399
2026-07-16 12:16:00-04:00,206.82000732421875,206.82000732421875,206.9199981689453,206.5399932861328,206.6999969482422,384715
2026-07-16 12:18:00-04:00,207.05499267578125,207.05499267578125,207.16000366210938,206.7899932861328,206.80999755859375,325287
2026-07-16 12:20:00-04:00,206.61000061035156,206.61000061035156,207.05499267578125,206.57000732421875,207.05499267578125,400421
2026-07-16 12:22:00-04:00,206.82009887695312,206.82009887695312,206.88999938964844,206.5399932861328,206.61000061035156,339638
2026-07-16 12:24:00-04:00,206.93499755859375,206.93499755859375,206.94000244140625,206.6300048828125,206.8300018310547,286184
2026-07-16 12:26:00-04:00,212.5,212.5,212.5,206.9152069091797,206.94000244140625,419133
2026-07-16 12:28:00-04:00,207.22000122070312,207.22000122070312,207.25,207.05999755859375,207.1699981689453,184154
2026-07-16 12:30:00-04:00,207.6300048828125,207.6300048828125,207.63999938964844,207.1999969482422,207.22999572753906,336445
2026-07-16 12:32:00-04:00,207.74000549316406,207.74000549316406,207.81500244140625,207.61000061035156,207.63999938964844,330494
2026-07-16 12:34:00-04:00,207.27999877929688,207.27999877929688,207.8000030517578,207.22189331054688,207.74000549316406,302528
2026-07-16 12:36:00-04:00,207.39999389648438,207.39999389648438,207.42999267578125,207.1699981689453,207.28500366210938,265019
2026-07-16 12:38:00-04:00,207.19500732421875,207.19500732421875,207.47979736328125,207.1300048828125,207.4199981689453,220274
2026-07-16 12:40:00-04:00,207.33990478515625,207.33990478515625,207.45770263671875,207.14999389648438,207.18499755859375,215751
2026-07-16 12:42:00-04:00,207.27000427246094,207.27000427246094,207.3199005126953,207.10000610351562,207.3199005126953,664511
2026-07-16 12:44:00-04:00,207.1649932861328,207.1649932861328,207.41000366210938,207.14999389648438,207.27499389648438,238297
2026-07-16 12:46:00-04:00,207.01499938964844,207.01499938964844,207.22999572753906,206.9600067138672,207.19000244140625,337249
2026-07-16 12:48:00-04:00,206.9600067138672,206.9600067138672,207.03500366210938,206.82000732421875,207.02999877929688,324553
2026-07-16 12:50:00-04:00,207.02999877929688,207.02999877929688,207.19679260253906,206.8800048828125,206.9600067138672,347843
2026-07-16 12:52:00-04:00,207.27000427246094,207.27000427246094,207.2971954345703,207.0,207.02999877929688,271863
2026-07-16 12:54:00-04:00,207.41000366210938,207.41000366210938,207.5,207.2550048828125,207.2550048828125,273010
2026-07-16 12:56:00-04:00,207.3092041015625,207.3092041015625,207.58999633789062,207.25999450683594,207.4199981689453,248615
2026-07-16 12:58:00-04:00,207.1999969482422,207.1999969482422,207.42999267578125,207.1300048828125,207.27000427246094,222684
2026-07-16 13:00:00-04:00,206.875,206.875,207.24000549316406,206.84500122070312,207.2050018310547,347098
2026-07-16 13:02:00-04:00,206.8300018310547,206.8300018310547,206.94000244140625,206.6199951171875,206.86019897460938,286996
2026-07-16 13:04:00-04:00,207.0500030517578,207.0500030517578,207.1999969482422,206.82000732421875,206.83999633789062,304063
2026-07-16 13:06:00-04:00,207.260498046875,207.260498046875,207.39999389648438,206.95010375976562,207.0399932861328,334603
2026-07-16 13:08:00-04:00,207.52000427246094,207.52000427246094,207.61000061035156,207.1999969482422,207.26010131835938,404862
2026-07-16 13:10:00-04:00,207.61000061035156,207.61000061035156,207.6999969482422,207.49000549316406,207.50999450683594,308766
2026-07-16 13:12:00-04:00,207.24000549316406,207.24000549316406,207.61000061035156,207.2200927734375,207.61000061035156,270554
2026-07-16 13:14:00-04:00,206.9949951171875,206.9949951171875,207.27999877929688,206.8699951171875,207.21499633789062,319256
2026-07-16 13:16:00-04:00,207.07000732421875,207.07000732421875,207.11500549316406,206.75,206.99000549316406,265108
2026-07-16 13:18:00-04:00,207.19000244140625,207.19000244140625,207.2100067138672,206.97999572753906,207.05999755859375,264027
2026-07-16 13:20:00-04:00,207.0,207.0,207.27999877929688,206.98049926757812,207.17999267578125,267119
2026-07-16 13:22:00-04:00,207.11000061035156,207.11000061035156,207.14999389648438,206.92999267578125,207.0,206304
2026-07-16 13:24:00-04:00,207.0850067138672,207.0850067138672,207.22999572753906,206.9600067138672,207.11500549316406,265306
2026-07-16 13:26:00-04:00,207.22000122070312,207.22000122070312,207.33889770507812,207.0,207.0850067138672,274347
2026-07-16 13:28:00-04:00,207.32260131835938,207.32260131835938,207.3498992919922,207.14999389648438,207.19000244140625,182226
2026-07-16 13:30:00-04:00,207.17999267578125,207.17999267578125,207.4499969482422,207.0399932861328,207.3300018310547,346228
2026-07-16 13:32:00-04:00,207.1199951171875,207.1199951171875,207.3800048828125,207.08999633789062,207.2100067138672,237203
2026-07-16 13:34:00-04:00,206.85000610351562,206.85000610351562,207.14999389648438,206.83999633789062,207.11500549316406,329887
2026-07-16 13:36:00-04:00,206.82000732421875,206.82000732421875,207.02499389648438,206.77999877929688,206.85000610351562,239779
2026-07-16 13:38:00-04:00,206.78500366210938,206.78500366210938,206.92999267578125,206.7248992919922,206.82400512695312,227826
2026-07-16 13:40:00-04:00,206.3300018310547,206.3300018310547,206.80999755859375,206.24000549316406,206.7899932861328,474007
2026-07-16 13:42:00-04:00,206.2550048828125,206.2550048828125,206.42999267578125,206.22999572753906,206.32000732421875,380057
2026-07-16 13:44:00-04:00,205.9600067138672,205.9600067138672,206.35000610351562,205.91000366210938,206.25,610715
2026-07-16 13:46:00-04:00,206.4199981689453,206.4199981689453,206.47999572753906,205.875,205.97999572753906,486590
2026-07-16 13:48:00-04:00,206.5800018310547,206.5800018310547,206.60000610351562,206.32000732421875,206.39999389648438,369835
2026-07-16 13:50:00-04:00,206.63999938964844,206.63999938964844,206.67999267578125,206.52000427246094,206.5800018310547,276966
2026-07-16 13:52:00-04:00,206.75,206.75,206.8300018310547,206.5399932861328,206.63999938964844,310164
2026-07-16 13:54:00-04:00,206.50999450683594,206.50999450683594,206.7899932861328,206.4199981689453,206.75,261889
2026-07-16 13:56:00-04:00,206.5399932861328,206.5399932861328,206.7100067138672,206.4499969482422,206.52999877929688,206816
2026-07-16 13:58:00-04:00,206.6782989501953,206.6782989501953,206.75,206.5200958251953,206.5399932861328,204322
2026-07-16 14:00:00-04:00,206.73500061035156,206.73500061035156,206.83999633789062,206.6300048828125,206.67999267578125,241743
2026-07-16 14:02:00-04:00,206.58999633789062,206.58999633789062,206.74000549316406,206.57000732421875,206.73500061035156,202964
2026-07-16 14:04:00-04:00,206.3800048828125,206.3800048828125,206.67999267578125,206.30999755859375,206.58999633789062,292025
2026-07-16 14:06:00-04:00,206.66000366210938,206.66000366210938,206.69000244140625,206.27499389648438,206.3699951171875,313976
2026-07-16 14:08:00-04:00,206.86000061035156,206.86000061035156,206.86000061035156,206.57000732421875,206.66000366210938,388633
2026-07-16 14:10:00-04:00,206.92999267578125,206.92999267578125,207.02999877929688,206.75010681152344,206.86000061035156,421648
2026-07-16 14:12:00-04:00,207.0605010986328,207.0605010986328,207.24000549316406,206.89999389648438,206.94000244140625,320269
2026-07-16 14:14:00-04:00,206.6199951171875,206.6199951171875,207.1199951171875,206.58999633789062,207.07000732421875,271965
2026-07-16 14:16:00-04:00,207.00010681152344,207.00010681152344,207.08999633789062,206.60499572753906,206.60800170898438,243925
2026-07-16 14:18:00-04:00,207.0399932861328,207.0399932861328,207.1199951171875,206.83999633789062,207.00010681152344,335066
2026-07-16 14:20:00-04:00,207.10000610351562,207.10000610351562,207.17999267578125,206.97999572753906,207.0399932861328,2826523
2026-07-16 14:22:00-04:00,207.13499450683594,207.13499450683594,207.1699981689453,207.0,207.08999633789062,210803
2026-07-16 14:24:00-04:00,207.15989685058594,207.15989685058594,207.3800048828125,207.10009765625,207.13499450683594,346366
2026-07-16 14:26:00-04:00,207.14500427246094,207.14500427246094,207.35000610351562,207.0500030517578,207.14500427246094,247919
2026-07-16 14:28:00-04:00,206.88999938964844,206.88999938964844,207.19500732421875,206.80999755859375,207.16000366210938,256210
2026-07-16 14:30:00-04:00,206.75999450683594,206.75999450683594,206.8800048828125,206.67999267578125,206.8800048828125,255188
2026-07-16 14:32:00-04:00,206.85499572753906,206.85499572753906,206.9600067138672,206.7550048828125,206.7550048828125,271332
2026-07-16 14:34:00-04:00,206.6999053955078,206.6999053955078,206.89999389648438,206.6300048828125,206.86500549316406,279148
2026-07-16 14:36:00-04:00,206.7899932861328,206.7899932861328,206.8800048828125,206.55999755859375,206.69000244140625,273563
2026-07-16 14:38:00-04:00,206.80999755859375,206.80999755859375,206.89999389648438,206.75999450683594,206.8000030517578,200020
2026-07-16 14:40:00-04:00,206.6999969482422,206.6999969482422,206.8249969482422,206.52000427246094,206.82000732421875,305071
2026-07-16 14:42:00-04:00,206.88949584960938,206.88949584960938,206.98989868164062,206.64999389648438,206.69500732421875,275323
2026-07-16 14:44:00-04:00,207.0,207.0,207.0399932861328,206.83999633789062,206.8800048828125,268861
2026-07-16 14:46:00-04:00,207.02499389648438,207.02499389648438,207.1699981689453,207.00999450683594,207.00999450683594,277534
2026-07-16 14:48:00-04:00,207.22500610351562,207.22500610351562,207.35000610351562,207.02499389648438,207.02999877929688,314023
2026-07-16 14:50:00-04:00,207.30499267578125,207.30499267578125,207.4199981689453,207.17999267578125,207.23500061035156,227700
2026-07-16 14:52:00-04:00,207.14500427246094,207.14500427246094,207.35989379882812,207.1300048828125,207.3000030517578,238407
2026-07-16 14:54:00-04:00,206.9600067138672,206.9600067138672,207.16000366210938,206.94000244140625,207.1457977294922,217748
2026-07-16 14:56:00-04:00,206.9499969482422,206.9499969482422,207.25999450683594,206.94000244140625,206.96499633789062,265210
2026-07-16 14:58:00-04:00,207.02000427246094,207.02000427246094,207.07000732421875,206.9199981689453,206.94009399414062,248273
2026-07-16 15:00:00-04:00,207.3350067138672,207.3350067138672,207.3699951171875,207.0,207.0,291733
2026-07-16 15:02:00-04:00,207.4199981689453,207.4199981689453,207.6300048828125,207.25999450683594,207.3350067138672,546300
2026-07-16 15:04:00-04:00,207.6199951171875,207.6199951171875,207.66000366210938,207.4199981689453,207.4199981689453,464768
2026-07-16 15:06:00-04:00,207.02999877929688,207.02999877929688,207.63499450683594,206.9600067138672,207.61000061035156,479728
2026-07-16 15:08:00-04:00,206.97999572753906,206.97999572753906,207.1300048828125,206.85009765625,207.02499389648438,354264
2026-07-16 15:10:00-04:00,206.8916015625,206.8916015625,207.125,206.83999633789062,206.97000122070312,376391
2026-07-16 15:12:00-04:00,206.73500061035156,206.73500061035156,206.9199981689453,206.68319702148438,206.88499450683594,335408
2026-07-16 15:14:00-04:00,206.7050018310547,206.7050018310547,206.8300018310547,206.6300048828125,206.72500610351562,357451
2026-07-16 15:16:00-04:00,206.75,206.75,206.91990661621094,206.6999969482422,206.6999969482422,364557
2026-07-16 15:18:00-04:00,206.83999633789062,206.83999633789062,207.06500244140625,206.70010375976562,206.74000549316406,362882
2026-07-16 15:20:00-04:00,207.04010009765625,207.04010009765625,207.19000244140625,206.82000732421875,206.83999633789062,407701
2026-07-16 15:22:00-04:00,206.54969787597656,206.54969787597656,207.0449981689453,206.50999450683594,207.0399932861328,551993
2026-07-16 15:24:00-04:00,206.41000366210938,206.41000366210938,206.7100067138672,206.41000366210938,206.5449981689453,347925
2026-07-16 15:26:00-04:00,206.27999877929688,206.27999877929688,206.41000366210938,206.13999938964844,206.41000366210938,427217
2026-07-16 15:28:00-04:00,206.47000122070312,206.47000122070312,206.47000122070312,206.22999572753906,206.27999877929688,370297
2026-07-16 15:30:00-04:00,206.13999938964844,206.13999938964844,206.48919677734375,206.11000061035156,206.4600067138672,472366
2026-07-16 15:32:00-04:00,206.36000061035156,206.36000061035156,206.44000244140625,206.10450744628906,206.13499450683594,393568
2026-07-16 15:34:00-04:00,206.32000732421875,206.32000732421875,206.57989501953125,206.30999755859375,206.36000061035156,453013
2026-07-16 15:36:00-04:00,206.2100067138672,206.2100067138672,206.4149932861328,206.0800018310547,206.3101043701172,561061
2026-07-16 15:38:00-04:00,206.25,206.25,206.41000366210938,206.19000244140625,206.1999969482422,470725
2026-07-16 15:40:00-04:00,206.25999450683594,206.25999450683594,206.2899932861328,205.94000244140625,206.22999572753906,653248
2026-07-16 15:42:00-04:00,206.05999755859375,206.05999755859375,206.2899932861328,206.00999450683594,206.2550048828125,449026
2026-07-16 15:44:00-04:00,206.1750030517578,206.1750030517578,206.1999969482422,205.9600067138672,206.0500030517578,1132774
2026-07-16 15:46:00-04:00,206.14999389648438,206.14999389648438,206.22999572753906,205.97999572753906,206.18499755859375,554607
2026-07-16 15:48:00-04:00,206.0825958251953,206.0825958251953,206.24000549316406,206.02999877929688,206.13999938964844,612856
2026-07-16 15:50:00-04:00,206.5050048828125,206.5050048828125,206.89999389648438,206.08999633789062,206.08999633789062,1553811
2026-07-16 15:52:00-04:00,206.67100524902344,206.67100524902344,206.7100067138672,206.49000549316406,206.52999877929688,926883
2026-07-16 15:54:00-04:00,206.91000366210938,206.91000366210938,206.92999267578125,206.3800048828125,206.66000366210938,1470971
2026-07-16 15:56:00-04:00,207.27999877929688,207.27999877929688,207.38999938964844,206.77000427246094,206.9199981689453,1345086
2026-07-16 15:58:00-04:00,207.47000122070312,207.47000122070312,207.5399932861328,207.23500061035156,207.27000427246094,3141216
2026-07-17 09:30:00-04:00,202.1699981689453,202.1699981689453,202.73500061035156,201.80999755859375,202.73500061035156,13165158
2026-07-17 09:32:00-04:00,200.0850067138672,200.0850067138672,202.5,200.02000427246094,202.2100067138672,2745100
2026-07-17 09:34:00-04:00,200.43099975585938,200.43099975585938,200.5800018310547,199.94000244140625,200.07000732421875,2075390
2026-07-17 09:36:00-04:00,199.75999450683594,199.75999450683594,200.63999938964844,199.610107421875,200.4199981689453,1466206
2026-07-17 09:38:00-04:00,199.42999267578125,199.42999267578125,199.92999267578125,199.41000366210938,199.74000549316406,2657049
2026-07-17 09:40:00-04:00,199.11500549316406,199.11500549316406,199.97999572753906,199.10000610351562,199.42999267578125,2315521
2026-07-17 09:42:00-04:00,198.08999633789062,198.08999633789062,199.1697998046875,197.97999572753906,199.11000061035156,1920733
2026-07-17 09:44:00-04:00,198.75,198.75,199.02000427246094,197.97000122070312,198.0800018310547,1378420
2026-07-17 09:46:00-04:00,198.8300018310547,198.8300018310547,199.1300048828125,198.25999450683594,198.75999450683594,1164627
2026-07-17 09:48:00-04:00,199.2449951171875,199.2449951171875,199.61000061035156,198.77999877929688,198.82000732421875,1240568
2026-07-17 09:50:00-04:00,199.61000061035156,199.61000061035156,199.8300018310547,199.02999877929688,199.22999572753906,1050940
2026-07-17 09:52:00-04:00,200.1300048828125,200.1300048828125,200.16929626464844,199.58999633789062,199.625,1053674
2026-07-17 09:54:00-04:00,200.28500366210938,200.28500366210938,200.55999755859375,200.05340576171875,200.1300048828125,1103919
2026-07-17 09:56:00-04:00,200.6300048828125,200.6300048828125,200.82000732421875,200.0,200.25,957329
2026-07-17 09:58:00-04:00,201.6649932861328,201.6649932861328,201.7299041748047,200.6199951171875,200.64999389648438,5080754
2026-07-17 10:00:00-04:00,202.26010131835938,202.26010131835938,202.61000061035156,201.52000427246094,201.69000244140625,1142449
2026-07-17 10:02:00-04:00,202.74490356445312,202.74490356445312,203.02999877929688,202.2449951171875,202.3000030517578,1072074
2026-07-17 10:04:00-04:00,203.51499938964844,203.51499938964844,203.66000366210938,202.5449981689453,202.72000122070312,1252017
2026-07-17 10:06:00-04:00,204.5500946044922,204.5500946044922,204.8249969482422,203.4600067138672,203.49000549316406,1448263
2026-07-17 10:08:00-04:00,204.63999938964844,204.63999938964844,204.97999572753906,204.35000610351562,204.5626983642578,984912
2026-07-17 10:10:00-04:00,205.1907958984375,205.1907958984375,205.5399932861328,204.60000610351562,204.66000366210938,1177080
2026-07-17 10:12:00-04:00,204.30029296875,204.30029296875,205.24000549316406,204.0399932861328,205.18499755859375,1262914
2026-07-17 10:14:00-04:00,205.13499450683594,205.13499450683594,205.2176055908203,204.08999633789062,204.28500366210938,831506
2026-07-17 10:16:00-04:00,205.72000122070312,205.72000122070312,206.1999969482422,204.9499969482422,205.14010620117188,1673702
2026-07-17 10:18:00-04:00,205.05499267578125,205.05499267578125,205.77000427246094,204.80999755859375,205.72999572753906,927920
2026-07-17 10:20:00-04:00,205.0,205.0,205.63999938964844,204.5800018310547,205.05999755859375,845205
2026-07-17 10:22:00-04:00,204.58999633789062,204.58999633789062,205.14990234375,204.42999267578125,204.98980712890625,629784
2026-07-17 10:24:00-04:00,204.45509338378906,204.45509338378906,205.11000061035156,204.39999389648438,204.5800018310547,535623
2026-07-17 10:26:00-04:00,204.40719604492188,204.40719604492188,204.6199951171875,204.1999969482422,204.44000244140625,502830
2026-07-17 10:28:00-04:00,203.8000030517578,203.8000030517578,204.44000244140625,203.60000610351562,204.4149932861328,670423
2026-07-17 10:30:00-04:00,203.8000030517578,203.8000030517578,204.38999938964844,203.61000061035156,203.82000732421875,797570
2026-07-17 10:32:00-04:00,203.13499450683594,203.13499450683594,203.85000610351562,202.9001007080078,203.8199005126953,814675
2026-07-17 10:34:00-04:00,204.1999969482422,204.1999969482422,204.25,203.16000366210938,203.16000366210938,712831
2026-07-17 10:36:00-04:00,204.22999572753906,204.22999572753906,204.5800018310547,204.00010681152344,204.1699981689453,549210
2026-07-17 10:38:00-04:00,204.5399932861328,204.5399932861328,204.64500427246094,203.9499969482422,204.17999267578125,517075
2026-07-17 10:40:00-04:00,204.16000366210938,204.16000366210938,204.5,204.0850067138672,204.42999267578125,1055687
2026-07-17 10:42:00-04:00,203.16000366210938,203.16000366210938,204.22999572753906,203.02000427246094,204.14779663085938,824700
2026-07-17 10:44:00-04:00,203.22000122070312,203.22000122070312,203.42999267578125,203.03500366210938,203.1649932861328,483770
2026-07-17 10:46:00-04:00,203.78500366210938,203.78500366210938,204.0,202.76600646972656,203.23500061035156,711639
2026-07-17 10:48:00-04:00,203.9199981689453,203.9199981689453,204.14999389648438,203.51499938964844,203.8000030517578,897307
2026-07-17 10:50:00-04:00,203.54510498046875,203.54510498046875,204.2899932861328,203.54510498046875,203.91009521484375,1074570
2026-07-17 10:52:00-04:00,203.8000030517578,203.8000030517578,204.07989501953125,203.50999450683594,203.52999877929688,357584
2026-07-17 10:54:00-04:00,204.1300048828125,204.1300048828125,204.1999969482422,203.42999267578125,203.7698974609375,420171
2026-07-17 10:56:00-04:00,203.5789031982422,203.5789031982422,204.17999267578125,203.57000732421875,204.13499450683594,323358
2026-07-17 10:58:00-04:00,203.01019287109375,203.01019287109375,203.67999267578125,202.97500610351562,203.5601043701172,503426
2026-07-17 11:00:00-04:00,203.1199951171875,203.1199951171875,203.23989868164062,202.7100067138672,203.00999450683594,628435
2026-07-17 11:02:00-04:00,202.72999572753906,202.72999572753906,203.3000030517578,202.69000244140625,203.06500244140625,525223
2026-07-17 11:04:00-04:00,202.7100067138672,202.7100067138672,202.8800048828125,202.3699951171875,202.74000549316406,632633
2026-07-17 11:06:00-04:00,202.85000610351562,202.85000610351562,203.05499267578125,202.64010620117188,202.69000244140625,532252
2026-07-17 11:08:00-04:00,203.21499633789062,203.21499633789062,203.30990600585938,202.781005859375,202.89999389648438,385686
2026-07-17 11:10:00-04:00,203.0500030517578,203.0500030517578,203.47000122070312,202.82000732421875,203.17999267578125,443908
2026-07-17 11:12:00-04:00,203.18099975585938,203.18099975585938,203.47999572753906,202.89999389648438,203.02499389648438,428720
2026-07-17 11:14:00-04:00,203.25,203.25,203.54840087890625,203.08999633789062,203.22610473632812,373699
2026-07-17 11:16:00-04:00,203.44500732421875,203.44500732421875,203.69000244140625,203.27040100097656,203.27999877929688,407127
2026-07-17 11:18:00-04:00,203.67999267578125,203.67999267578125,203.889892578125,203.33999633789062,203.42999267578125,382261
2026-07-17 11:20:00-04:00,203.6999969482422,203.6999969482422,203.86000061035156,203.38499450683594,203.69000244140625,317003
2026-07-17 11:22:00-04:00,203.36000061035156,203.36000061035156,204.0399932861328,203.33999633789062,203.72500610351562,542758
2026-07-17 11:24:00-04:00,203.72000122070312,203.72000122070312,203.8000030517578,203.13999938964844,203.3699951171875,411527
2026-07-17 11:26:00-04:00,203.60009765625,203.60009765625,203.9499969482422,203.60009765625,203.72500610351562,349530
2026-07-17 11:28:00-04:00,203.9250030517578,203.9250030517578,204.05999755859375,203.60000610351562,203.6300048828125,325250
2026-07-17 11:30:00-04:00,204.11000061035156,204.11000061035156,204.25,203.84010314941406,203.9250030517578,371133
2026-07-17 11:32:00-04:00,204.26499938964844,204.26499938964844,204.4600067138672,203.83999633789062,204.10000610351562,526725
2026-07-17 11:34:00-04:00,204.2550048828125,204.2550048828125,204.35000610351562,203.8699951171875,204.26499938964844,349624
2026-07-17 11:36:00-04:00,204.72000122070312,204.72000122070312,204.8800048828125,204.23609924316406,204.2550048828125,440767
2026-07-17 11:38:00-04:00,204.7200927734375,204.7200927734375,205.0,204.4405059814453,204.7100067138672,563443
2026-07-17 11:40:00-04:00,204.24000549316406,204.24000549316406,204.88999938964844,204.11000061035156,204.7449951171875,393463
2026-07-17 11:42:00-04:00,204.3000030517578,204.3000030517578,204.45989990234375,204.04299926757812,204.21499633789062,290806
2026-07-17 11:44:00-04:00,204.36000061035156,204.36000061035156,204.57009887695312,204.27499389648438,204.2949981689453,805708
2026-07-17 11:46:00-04:00,204.69000244140625,204.69000244140625,204.6999969482422,204.2899932861328,204.34500122070312,397435
2026-07-17 11:48:00-04:00,204.8542938232422,204.8542938232422,204.88999938964844,204.57000732421875,204.69500732421875,275781
2026-07-17 11:50:00-04:00,204.75,204.75,204.9600067138672,204.5399932861328,204.83999633789062,307028
2026-07-17 11:52:00-04:00,204.73500061035156,204.73500061035156,204.83990478515625,204.6490020751953,204.7550048828125,237538
2026-07-17 11:54:00-04:00,205.17999267578125,205.17999267578125,205.218994140625,204.74000549316406,204.75999450683594,463340
2026-07-17 11:56:00-04:00,205.16000366210938,205.16000366210938,205.35499572753906,205.01499938964844,205.2100067138672,563315
2026-07-17 11:58:00-04:00,205.1199951171875,205.1199951171875,205.39990234375,205.09500122070312,205.19000244140625,487129
2026-07-17 12:00:00-04:00,204.8800048828125,204.8800048828125,205.3800048828125,204.75999450683594,205.1199951171875,753838
2026-07-17 12:02:00-04:00,204.47999572753906,204.47999572753906,205.07000732421875,204.42999267578125,204.88999938964844,387383
2026-07-17 12:04:00-04:00,204.36000061035156,204.36000061035156,204.5399932861328,204.1999969482422,204.42999267578125,370377
2026-07-17 12:06:00-04:00,204.1800994873047,204.1800994873047,204.39999389648438,204.0,204.33999633789062,356031
2026-07-17 12:08:00-04:00,204.7200927734375,204.7200927734375,204.74000549316406,204.0832061767578,204.1999969482422,352192
2026-07-17 12:10:00-04:00,204.55990600585938,204.55990600585938,205.0,204.5301055908203,204.72000122070312,306735
2026-07-17 12:12:00-04:00,204.875,204.875,204.9398956298828,204.4600067138672,204.52999877929688,1260357
2026-07-17 12:14:00-04:00,205.11500549316406,205.11500549316406,205.12989807128906,204.8350067138672,204.87010192871094,410821
2026-07-17 12:16:00-04:00,204.9949951171875,204.9949951171875,205.22000122070312,204.92999267578125,205.1199951171875,425712
2026-07-17 12:18:00-04:00,205.1649932861328,205.1649932861328,205.25,204.91000366210938,205.0,337003
2026-07-17 12:20:00-04:00,204.65499877929688,204.65499877929688,205.2949981689453,204.5800018310547,205.16000366210938,413789
2026-07-17 12:22:00-04:00,204.2899932861328,204.2899932861328,204.67999267578125,204.1699981689453,204.66000366210938,373155
2026-07-17 12:24:00-04:00,204.49989318847656,204.49989318847656,204.55999755859375,204.1903076171875,204.3000030517578,295948
2026-07-17 12:26:00-04:00,204.72500610351562,204.72500610351562,204.75999450683594,204.36000061035156,204.49989318847656,505444
2026-07-17 12:28:00-04:00,204.8350067138672,204.8350067138672,204.94500732421875,204.66000366210938,204.72500610351562,238676
2026-07-17 12:30:00-04:00,204.77000427246094,204.77000427246094,205.0399932861328,204.55999755859375,204.8249969482422,368389
2026-07-17 12:32:00-04:00,205.16000366210938,205.16000366210938,205.1699981689453,204.66000366210938,204.7899932861328,320025
2026-07-17 12:34:00-04:00,205.11000061035156,205.11000061035156,205.1999969482422,205.07080078125,205.14999389648438,259360
2026-07-17 12:36:00-04:00,204.84010314941406,204.84010314941406,205.2100067138672,204.82000732421875,205.11000061035156,248488
2026-07-17 12:38:00-04:00,204.97500610351562,204.97500610351562,205.22000122070312,204.83999633789062,204.85499572753906,206847
2026-07-17 12:40:00-04:00,204.97500610351562,204.97500610351562,205.02499389648438,204.75,204.97500610351562,252418
2026-07-17 12:42:00-04:00,205.0850067138672,205.0850067138672,205.32000732421875,204.92999267578125,204.97500610351562,242741
2026-07-17 12:44:00-04:00,205.36500549316406,205.36500549316406,205.42999267578125,204.9499969482422,205.0836944580078,275194
2026-07-17 12:46:00-04:00,205.50999450683594,205.50999450683594,205.52000427246094,205.1699981689453,205.35000610351562,238562
2026-07-17 12:48:00-04:00,205.85000610351562,205.85000610351562,205.8800048828125,205.4600067138672,205.5,402843
2026-07-17 12:50:00-04:00,205.97500610351562,205.97500610351562,206.14999389648438,205.7445068359375,205.86000061035156,614595
2026-07-17 12:52:00-04:00,205.94000244140625,205.94000244140625,206.08999633789062,205.84500122070312,205.9799041748047,323725
2026-07-17 12:54:00-04:00,205.85000610351562,205.85000610351562,206.16000366210938,205.83999633789062,205.94000244140625,361748
2026-07-17 12:56:00-04:00,205.5500030517578,205.5500030517578,205.85650634765625,205.47000122070312,205.83999633789062,321252
2026-07-17 12:58:00-04:00,205.61000061035156,205.61000061035156,205.75,205.47000122070312,205.56500244140625,747848
2026-07-17 13:00:00-04:00,206.02999877929688,206.02999877929688,206.14999389648438,205.5800018310547,205.6199951171875,444920
2026-07-17 13:02:00-04:00,205.86000061035156,205.86000061035156,206.04949951171875,205.72000122070312,206.02999877929688,370275
2026-07-17 13:04:00-04:00,205.94000244140625,205.94000244140625,205.9499969482422,205.77099609375,205.85000610351562,222586
2026-07-17 13:06:00-04:00,206.3699951171875,206.3699951171875,206.44000244140625,205.9250030517578,205.94500732421875,400635
2026-07-17 13:08:00-04:00,206.49949645996094,206.49949645996094,206.639892578125,206.2899932861328,206.3699951171875,460862
2026-07-17 13:10:00-04:00,206.3800048828125,206.3800048828125,206.64500427246094,206.3800048828125,206.4949951171875,276820
2026-07-17 13:12:00-04:00,206.32000732421875,206.32000732421875,206.4949951171875,206.29100036621094,206.3699951171875,376959
2026-07-17 13:14:00-04:00,206.2050018310547,206.2050018310547,206.32000732421875,206.02499389648438,206.30999755859375,275542
2026-07-17 13:16:00-04:00,206.3000030517578,206.3000030517578,206.375,206.16000366210938,206.2100067138672,283205
2026-07-17 13:18:00-04:00,205.8800048828125,205.8800048828125,206.36990356445312,205.82000732421875,206.3000030517578,379719
2026-07-17 13:20:00-04:00,205.4600067138672,205.4600067138672,205.86000061035156,205.3509979248047,205.86000061035156,577422
2026-07-17 13:22:00-04:00,205.7375030517578,205.7375030517578,205.82000732421875,205.47000122070312,205.47000122070312,304091
2026-07-17 13:24:00-04:00,205.8000030517578,205.8000030517578,205.83990478515625,205.67010498046875,205.74000549316406,202012
2026-07-17 13:26:00-04:00,206.09010314941406,206.09010314941406,206.13499450683594,205.81500244140625,205.8300018310547,315737
2026-07-17 13:28:00-04:00,206.13499450683594,206.13499450683594,206.17999267578125,206.02999877929688,206.11000061035156,285592
2026-07-17 13:30:00-04:00,205.9600067138672,205.9600067138672,206.22999572753906,205.94000244140625,206.13999938964844,304401
2026-07-17 13:32:00-04:00,205.875,205.875,205.9499969482422,205.76010131835938,205.94500732421875,239987
2026-07-17 13:34:00-04:00,205.35000610351562,205.35000610351562,205.87989807128906,205.27000427246094,205.875,327454
2026-07-17 13:36:00-04:00,205.5301055908203,205.5301055908203,205.54249572753906,205.25,205.36000061035156,361442
2026-07-17 13:38:00-04:00,205.42999267578125,205.42999267578125,205.54510498046875,205.3300018310547,205.54510498046875,250363
2026-07-17 13:40:00-04:00,205.30999755859375,205.30999755859375,205.49000549316406,205.22999572753906,205.4250030517578,226952
2026-07-17 13:42:00-04:00,205.3000030517578,205.3000030517578,205.3699951171875,205.11000061035156,205.3000030517578,222626
2026-07-17 13:44:00-04:00,205.47000122070312,205.47000122070312,205.5,205.2100067138672,205.2949981689453,254078
2026-07-17 13:46:00-04:00,205.2949981689453,205.2949981689453,205.49000549316406,205.1300048828125,205.47000122070312,221564
2026-07-17 13:48:00-04:00,205.1999969482422,205.1999969482422,205.42999267578125,205.14999389648438,205.29010009765625,253269
2026-07-17 13:50:00-04:00,205.0500946044922,205.0500946044922,205.27499389648438,204.94000244140625,205.2100067138672,310734
2026-07-17 13:52:00-04:00,205.02000427246094,205.02000427246094,205.24000549316406,205.00999450683594,205.07000732421875,221256
2026-07-17 13:54:00-04:00,204.875,204.875,205.19000244140625,204.86000061035156,205.05999755859375,292963
2026-07-17 13:56:00-04:00,204.42999267578125,204.42999267578125,204.88999938964844,204.42999267578125,204.8800048828125,417132
2026-07-17 13:58:00-04:00,204.41000366210938,204.41000366210938,204.55999755859375,204.25,204.42999267578125,305160
2026-07-17 14:00:00-04:00,204.4149932861328,204.4149932861328,204.6649932861328,204.3699951171875,204.42300415039062,306531
2026-07-17 14:02:00-04:00,204.69000244140625,204.69000244140625,204.69000244140625,204.41000366210938,204.42999267578125,253007
2026-07-17 14:04:00-04:00,204.15499877929688,204.15499877929688,204.7073974609375,204.10000610351562,204.68499755859375,394480
2026-07-17 14:06:00-04:00,203.97999572753906,203.97999572753906,204.17999267578125,203.91000366210938,204.1300048828125,327305
2026-07-17 14:08:00-04:00,203.8800048828125,203.8800048828125,204.08140563964844,203.83999633789062,203.97999572753906,423502
2026-07-17 14:10:00-04:00,203.85000610351562,203.85000610351562,204.0,203.7606964111328,203.88999938964844,238852
2026-07-17 14:12:00-04:00,203.77999877929688,203.77999877929688,203.86000061035156,203.6300048828125,203.8350067138672,273302
2026-07-17 14:14:00-04:00,203.3800048828125,203.3800048828125,203.82000732421875,203.3800048828125,203.77999877929688,349984
2026-07-17 14:16:00-04:00,203.0998992919922,203.0998992919922,203.42999267578125,203.0399932861328,203.375,414020
2026-07-17 14:18:00-04:00,203.38499450683594,203.38499450683594,203.41000366210938,202.99000549316406,203.0800018310547,460162
2026-07-17 14:20:00-04:00,203.1649932861328,203.1649932861328,203.41000366210938,203.07000732421875,203.38499450683594,327331
2026-07-17 14:22:00-04:00,203.52000427246094,203.52000427246094,203.58999633789062,203.1699981689453,203.1699981689453,370131
2026-07-17 14:24:00-04:00,203.16000366210938,203.16000366210938,203.54989624023438,203.14999389648438,203.5399932861328,286005
2026-07-17 14:26:00-04:00,203.1199951171875,203.1199951171875,203.27999877929688,203.0800018310547,203.1750030517578,272767
2026-07-17 14:28:00-04:00,203.3957977294922,203.3957977294922,203.44000244140625,203.11000061035156,203.13999938964844,323275
2026-07-17 14:30:00-04:00,203.6300048828125,203.6300048828125,203.89999389648438,203.33999633789062,203.36000061035156,514807
2026-07-17 14:32:00-04:00,203.25999450683594,203.25999450683594,203.69509887695312,203.25999450683594,203.60000610351562,392161
2026-07-17 14:34:00-04:00,203.3800048828125,203.3800048828125,203.47500610351562,203.1699981689453,203.26499938964844,257674
2026-07-17 14:36:00-04:00,203.26499938964844,203.26499938964844,203.52000427246094,203.2104034423828,203.38999938964844,496299
2026-07-17 14:38:00-04:00,203.33999633789062,203.33999633789062,203.4499969482422,203.19000244140625,203.26499938964844,190931
2026-07-17 14:40:00-04:00,203.07000732421875,203.07000732421875,203.39999389648438,202.97999572753906,203.35000610351562,341370
2026-07-17 14:42:00-04:00,202.92999267578125,202.92999267578125,203.15350341796875,202.8000030517578,203.07000732421875,375920
2026-07-17 14:44:00-04:00,203.05999755859375,203.05999755859375,203.1699981689453,202.89999389648438,202.89999389648438,246640
2026-07-17 14:46:00-04:00,203.36000061035156,203.36000061035156,203.3800048828125,202.9600067138672,203.0399932861328,294359
2026-07-17 14:48:00-04:00,203.22500610351562,203.22500610351562,203.47000122070312,203.2050018310547,203.3800048828125,323373
2026-07-17 14:50:00-04:00,203.14999389648438,203.14999389648438,203.27999877929688,203.05999755859375,203.22500610351562,250783
2026-07-17 14:52:00-04:00,203.3350067138672,203.3350067138672,203.39999389648438,203.08999633789062,203.14500427246094,254486
2026-07-17 14:54:00-04:00,203.52000427246094,203.52000427246094,203.6708984375,203.25999450683594,203.33999633789062,320613
2026-07-17 14:56:00-04:00,203.27499389648438,203.27499389648438,203.52000427246094,203.13009643554688,203.50999450683594,295102
2026-07-17 14:58:00-04:00,203.30499267578125,203.30499267578125,203.4199981689453,203.17999267578125,203.27000427246094,506532
2026-07-17 15:00:00-04:00,203.1699981689453,203.1699981689453,203.3800048828125,203.1300048828125,203.2949981689453,299085
2026-07-17 15:02:00-04:00,203.1699981689453,203.1699981689453,203.25,202.97000122070312,203.1699981689453,307100
2026-07-17 15:04:00-04:00,203.0449981689453,203.0449981689453,203.2384033203125,202.92999267578125,203.1699981689453,309001
2026-07-17 15:06:00-04:00,202.75,202.75,203.0800018310547,202.75,203.0399932861328,327903
2026-07-17 15:08:00-04:00,202.72999572753906,202.72999572753906,202.8800048828125,202.6804962158203,202.75,344157
2026-07-17 15:10:00-04:00,202.49000549316406,202.49000549316406,202.77000427246094,202.39999389648438,202.74000549316406,502499
2026-07-17 15:12:00-04:00,202.27000427246094,202.27000427246094,202.5583038330078,202.11000061035156,202.49000549316406,594256
2026-07-17 15:14:00-04:00,201.9199981689453,201.9199981689453,202.33999633789062,201.88999938964844,202.27999877929688,634480
2026-07-17 15:16:00-04:00,201.7550048828125,201.7550048828125,202.00999450683594,201.63009643554688,201.94000244140625,636662
2026-07-17 15:18:00-04:00,202.22500610351562,202.22500610351562,202.30999755859375,201.7449951171875,201.76499938964844,711079
2026-07-17 15:20:00-04:00,202.25,202.25,202.35000610351562,202.10000610351562,202.22000122070312,411046
2026-07-17 15:22:00-04:00,202.25,202.25,202.2899932861328,202.0800018310547,202.25,334234
2026-07-17 15:24:00-04:00,202.07000732421875,202.07000732421875,202.32000732421875,201.9600067138672,202.25,362079
2026-07-17 15:26:00-04:00,202.52999877929688,202.52999877929688,202.54989624023438,202.02499389648438,202.0399932861328,447356
2026-07-17 15:28:00-04:00,202.96499633789062,202.96499633789062,203.11000061035156,202.52999877929688,202.53500366210938,549629
2026-07-17 15:30:00-04:00,203.16000366210938,203.16000366210938,203.30499267578125,202.77000427246094,202.97000122070312,836662
2026-07-17 15:32:00-04:00,203.1750030517578,203.1750030517578,203.24000549316406,202.9705047607422,203.13999938964844,371292
2026-07-17 15:34:00-04:00,202.8000030517578,202.8000030517578,203.25,202.76010131835938,203.16000366210938,550196
2026-07-17 15:36:00-04:00,203.25,203.25,203.3300018310547,202.7449951171875,202.8000030517578,549779
2026-07-17 15:38:00-04:00,202.60069274902344,202.60069274902344,203.2698974609375,202.60000610351562,203.25999450683594,452011
2026-07-17 15:40:00-04:00,203.02999877929688,203.02999877929688,203.0399932861328,202.52000427246094,202.6199951171875,538843
2026-07-17 15:42:00-04:00,203.2100067138672,203.2100067138672,203.24000549316406,202.8907012939453,203.02999877929688,518822
2026-07-17 15:44:00-04:00,203.03770446777344,203.03770446777344,203.2899932861328,202.92999267578125,203.22000122070312,469517
2026-07-17 15:46:00-04:00,203.24600219726562,203.24600219726562,203.27000427246094,202.85000610351562,203.02999877929688,384891
2026-07-17 15:48:00-04:00,203.39999389648438,203.39999389648438,203.5399932861328,203.22000122070312,203.25,576526
2026-07-17 15:50:00-04:00,203.7100067138672,203.7100067138672,203.82000732421875,203.33999633789062,203.41000366210938,611572
2026-07-17 15:52:00-04:00,203.43479919433594,203.43479919433594,203.74000549316406,203.3800048828125,203.6999969482422,623664
2026-07-17 15:54:00-04:00,203.5072021484375,203.5072021484375,203.61000061035156,203.2301025390625,203.43499755859375,974553
2026-07-17 15:56:00-04:00,203.14999389648438,203.14999389648438,203.5998992919922,203.125,203.5050048828125,863751
2026-07-17 15:58:00-04:00,202.63999938964844,202.63999938964844,203.3300018310547,202.5800018310547,203.14999389648438,2690855
2026-07-20 09:30:00-04:00,205.40499877929688,205.40499877929688,206.27999877929688,205.0800018310547,205.97500610351562,5140238
2026-07-20 09:32:00-04:00,206.9387969970703,206.9387969970703,207.33999633789062,205.35499572753906,205.38999938964844,1257715
2026-07-20 09:34:00-04:00,206.97500610351562,206.97500610351562,207.1699981689453,206.52499389648438,206.88999938964844,810269
2026-07-20 09:36:00-04:00,207.59500122070312,207.59500122070312,207.74000549316406,206.92999267578125,206.96499633789062,1043920
2026-07-20 09:38:00-04:00,206.9550018310547,206.9550018310547,207.72999572753906,206.92999267578125,207.60000610351562,870261
2026-07-20 09:40:00-04:00,207.50999450683594,207.50999450683594,207.61000061035156,206.91000366210938,206.9600067138672,724988
2026-07-20 09:42:00-04:00,206.85009765625,206.85009765625,207.49000549316406,206.80999755859375,207.49000549316406,626330
2026-07-20 09:44:00-04:00,206.8800048828125,206.8800048828125,207.29989624023438,206.75880432128906,206.8350067138672,628517
2026-07-20 09:46:00-04:00,206.7899932861328,206.7899932861328,207.1488037109375,206.67010498046875,206.881103515625,605487
2026-07-20 09:48:00-04:00,207.11000061035156,207.11000061035156,207.17999267578125,206.6649932861328,206.80999755859375,470503
2026-07-20 09:50:00-04:00,206.29310607910156,206.29310607910156,207.2100067138672,206.14999389648438,207.1300048828125,588247
2026-07-20 09:52:00-04:00,206.31500244140625,206.31500244140625,206.5500030517578,206.0500030517578,206.3199005126953,608342
2026-07-20 09:54:00-04:00,206.35000610351562,206.35000610351562,206.47000122070312,206.08999633789062,206.31500244140625,456642
2026-07-20 09:56:00-04:00,205.66009521484375,205.66009521484375,206.35000610351562,205.5988006591797,206.35000610351562,474365
2026-07-20 09:58:00-04:00,205.85499572753906,205.85499572753906,205.85499572753906,205.60000610351562,205.64999389648438,467371
2026-07-20 10:00:00-04:00,205.94000244140625,205.94000244140625,206.0299072265625,205.51499938964844,205.85000610351562,482955
2026-07-20 10:02:00-04:00,206.4149932861328,206.4149932861328,206.4600067138672,205.92999267578125,205.9499969482422,582810
2026-07-20 10:04:00-04:00,206.38999938964844,206.38999938964844,206.57989501953125,206.1300048828125,206.4149932861328,494373
2026-07-20 10:06:00-04:00,206.14500427246094,206.14500427246094,206.42999267578125,205.8903045654297,206.3699951171875,377981
2026-07-20 10:08:00-04:00,206.2100067138672,206.2100067138672,206.22000122070312,205.8701934814453,206.16000366210938,286585
2026-07-20 10:10:00-04:00,205.77999877929688,205.77999877929688,206.20010375976562,205.6199951171875,206.20010375976562,291823
2026-07-20 10:12:00-04:00,205.42999267578125,205.42999267578125,205.82000732421875,205.27000427246094,205.75999450683594,466195
2026-07-20 10:14:00-04:00,205.6199951171875,205.6199951171875,205.8300018310547,205.4210968017578,205.4210968017578,332547
2026-07-20 10:16:00-04:00,205.26400756835938,205.26400756835938,205.66000366210938,205.17030334472656,205.61500549316406,567218
2026-07-20 10:18:00-04:00,205.1300048828125,205.1300048828125,205.39999389648438,204.9600067138672,205.2449951171875,414559
2026-07-20 10:20:00-04:00,204.7550048828125,204.7550048828125,205.13999938964844,204.66000366210938,205.1300048828125,435797
2026-07-20 10:22:00-04:00,205.360107421875,205.360107421875,205.4600067138672,204.6999969482422,204.77999877929688,493961
2026-07-20 10:24:00-04:00,205.72999572753906,205.72999572753906,205.83999633789062,205.36000061035156,205.36000061035156,454846
2026-07-20 10:26:00-04:00,205.60000610351562,205.60000610351562,205.80799865722656,205.52000427246094,205.74000549316406,377289
2026-07-20 10:28:00-04:00,205.93499755859375,205.93499755859375,205.99000549316406,205.5749969482422,205.6199951171875,385441
2026-07-20 10:30:00-04:00,205.88650512695312,205.88650512695312,206.25,205.77000427246094,205.9261016845703,677317
2026-07-20 10:32:00-04:00,205.65499877929688,205.65499877929688,205.9499969482422,205.5500946044922,205.8699951171875,370959
2026-07-20 10:34:00-04:00,205.7646026611328,205.7646026611328,205.78990173339844,205.50999450683594,205.6750030517578,292956
2026-07-20 10:36:00-04:00,205.50990295410156,205.50990295410156,205.779296875,205.3249969482422,205.779296875,367637
2026-07-20 10:38:00-04:00,205.43319702148438,205.43319702148438,205.5,205.2100067138672,205.5,233225
2026-07-20 10:40:00-04:00,205.51010131835938,205.51010131835938,205.8000030517578,205.41000366210938,205.41000366210938,302604
2026-07-20 10:42:00-04:00,205.52000427246094,205.52000427246094,205.7100067138672,205.41000366210938,205.5399932861328,263731
2026-07-20 10:44:00-04:00,205.63499450683594,205.63499450683594,205.6999969482422,205.22999572753906,205.52499389648438,271211
2026-07-20 10:46:00-04:00,205.42999267578125,205.42999267578125,205.88999938964844,205.41310119628906,205.63999938964844,320682
2026-07-20 10:48:00-04:00,205.1999969482422,205.1999969482422,205.4499053955078,205.16000366210938,205.39999389648438,246663
2026-07-20 10:50:00-04:00,205.18980407714844,205.18980407714844,205.32000732421875,205.08999633789062,205.17999267578125,218526
2026-07-20 10:52:00-04:00,204.7050018310547,204.7050018310547,205.22000122070312,204.58009338378906,205.17999267578125,392217
2026-07-20 10:54:00-04:00,204.87939453125,204.87939453125,204.87939453125,204.60000610351562,204.72000122070312,248108
2026-07-20 10:56:00-04:00,204.86000061035156,204.86000061035156,204.9199981689453,204.6999969482422,204.85000610351562,276959
2026-07-20 10:58:00-04:00,204.875,204.875,204.99000549316406,204.65499877929688,204.86000061035156,363068
2026-07-20 11:00:00-04:00,205.17999267578125,205.17999267578125,205.3000030517578,204.71060180664062,204.875,455907
2026-07-20 11:02:00-04:00,205.49920654296875,205.49920654296875,205.6699981689453,205.1750030517578,205.1750030517578,373896
2026-07-20 11:04:00-04:00,205.05499267578125,205.05499267578125,205.5198974609375,204.99000549316406,205.49000549316406,325030
2026-07-20 11:06:00-04:00,205.5780029296875,205.5780029296875,205.6199951171875,205.02999877929688,205.05499267578125,290540
2026-07-20 11:08:00-04:00,205.97999572753906,205.97999572753906,206.00999450683594,205.4600067138672,205.5500946044922,467886
2026-07-20 11:10:00-04:00,205.8052978515625,205.8052978515625,205.97999572753906,205.64500427246094,205.96499633789062,282735
2026-07-20 11:12:00-04:00,205.83999633789062,205.83999633789062,206.0800018310547,205.8000030517578,205.80999755859375,330483
2026-07-20 11:14:00-04:00,205.90870666503906,205.90870666503906,205.92999267578125,205.6300048828125,205.85000610351562,231265
2026-07-20 11:16:00-04:00,206.13999938964844,206.13999938964844,206.1999969482422,205.82000732421875,205.89999389648438,353165
2026-07-20 11:18:00-04:00,205.9199981689453,205.9199981689453,206.14999389648438,205.83999633789062,206.13999938964844,345246
2026-07-20 11:20:00-04:00,206.11000061035156,206.11000061035156,206.24000549316406,205.77999877929688,205.91000366210938,368520
2026-07-20 11:22:00-04:00,206.27999877929688,206.27999877929688,206.4705047607422,206.04010009765625,206.11000061035156,354846
2026-07-20 11:24:00-04:00,206.15499877929688,206.15499877929688,206.3883056640625,206.05999755859375,206.27499389648438,332664
2026-07-20 11:26:00-04:00,206.1649932861328,206.1649932861328,206.32000732421875,206.0800018310547,206.17999267578125,331363
2026-07-20 11:28:00-04:00,206.49000549316406,206.49000549316406,206.5050048828125,205.97000122070312,206.13499450683594,544465
2026-07-20 11:30:00-04:00,206.375,206.375,206.53500366210938,206.1999969482422,206.4604949951172,343509
2026-07-20 11:32:00-04:00,206.3699951171875,206.3699951171875,206.42999267578125,206.1999969482422,206.375,221167
2026-07-20 11:34:00-04:00,206.08999633789062,206.08999633789062,206.42999267578125,205.9720001220703,206.35000610351562,253651
2026-07-20 11:36:00-04:00,205.77000427246094,205.77000427246094,206.16000366210938,205.76010131835938,206.10000610351562,215308
2026-07-20 11:38:00-04:00,205.63999938964844,205.63999938964844,205.94000244140625,205.5800018310547,205.7899932861328,282386
2026-07-20 11:40:00-04:00,205.66009521484375,205.66009521484375,205.6999969482422,205.5,205.64999389648438,254337
2026-07-20 11:42:00-04:00,206.05499267578125,206.05499267578125,206.19500732421875,205.69000244140625,205.69000244140625,374876
2026-07-20 11:44:00-04:00,205.75999450683594,205.75999450683594,206.19000244140625,205.6750030517578,206.0500030517578,424919
2026-07-20 11:46:00-04:00,205.3000030517578,205.3000030517578,205.77999877929688,205.25999450683594,205.75,291851
2026-07-20 11:48:00-04:00,204.91000366210938,204.91000366210938,205.27999877929688,204.77999877929688,205.27000427246094,491071
2026-07-20 11:50:00-04:00,205.14089965820312,205.14089965820312,205.19500732421875,204.80999755859375,204.89999389648438,404004
2026-07-20 11:52:00-04:00,205.3000030517578,205.3000030517578,205.35000610351562,205.05999755859375,205.13999938964844,242239
2026-07-20 11:54:00-04:00,205.7050018310547,205.7050018310547,205.72000122070312,205.30990600585938,205.30999755859375,258214
2026-07-20 11:56:00-04:00,205.91990661621094,205.91990661621094,205.9499969482422,205.7100067138672,205.72999572753906,258499
2026-07-20 11:58:00-04:00,205.92010498046875,205.92010498046875,206.02999877929688,205.82069396972656,205.91990661621094,267877
2026-07-20 12:00:00-04:00,206.00999450683594,206.00999450683594,206.22000122070312,205.89999389648438,205.94000244140625,374084
2026-07-20 12:02:00-04:00,205.94500732421875,205.94500732421875,206.0399932861328,205.74549865722656,206.0050048828125,252869
2026-07-20 12:04:00-04:00,206.16000366210938,206.16000366210938,206.22000122070312,205.9300994873047,205.94000244140625,190915
2026-07-20 12:06:00-04:00,206.27499389648438,206.27499389648438,206.3300018310547,206.1199951171875,206.17999267578125,223511
2026-07-20 12:08:00-04:00,206.1699981689453,206.1699981689453,206.3300018310547,206.16000366210938,206.27999877929688,240900
2026-07-20 12:10:00-04:00,206.19009399414062,206.19009399414062,206.3350067138672,206.1280059814453,206.1699981689453,216228
2026-07-20 12:12:00-04:00,205.97000122070312,205.97000122070312,206.2698974609375,205.9080047607422,206.19000244140625,209212
2026-07-20 12:14:00-04:00,205.6999969482422,205.6999969482422,205.9759979248047,205.66000366210938,205.9759979248047,220607
2026-07-20 12:16:00-04:00,205.72000122070312,205.72000122070312,205.74000549316406,205.52000427246094,205.6999969482422,259481
2026-07-20 12:18:00-04:00,205.64999389648438,205.64999389648438,205.7698974609375,205.5800018310547,205.73500061035156,241269
2026-07-20 12:20:00-04:00,205.72999572753906,205.72999572753906,205.75,205.52000427246094,205.6699981689453,219188
2026-07-20 12:22:00-04:00,205.64999389648438,205.64999389648438,205.76800537109375,205.5800018310547,205.72500610351562,170865
2026-07-20 12:24:00-04:00,205.25,205.25,205.61000061035156,205.22000122070312,205.60000610351562,220887
2026-07-20 12:26:00-04:00,205.20799255371094,205.20799255371094,205.3000030517578,205.1300048828125,205.25,184795
2026-07-20 12:28:00-04:00,205.27499389648438,205.27499389648438,205.35000610351562,205.14999389648438,205.20989990234375,225538
2026-07-20 12:30:00-04:00,205.19000244140625,205.19000244140625,205.36000061035156,205.14999389648438,205.2899932861328,216561
2026-07-20 12:32:00-04:00,204.92999267578125,204.92999267578125,205.22000122070312,204.9199981689453,205.1800994873047,282626
2026-07-20 12:34:00-04:00,204.93499755859375,204.93499755859375,204.97999572753906,204.8699951171875,204.92999267578125,250771
2026-07-20 12:36:00-04:00,205.13999938964844,205.13999938964844,205.13999938964844,204.9199981689453,204.94500732421875,283154
2026-07-20 12:38:00-04:00,205.1300048828125,205.1300048828125,205.19500732421875,204.97000122070312,205.13999938964844,253175
2026-07-20 12:40:00-04:00,204.77000427246094,204.77000427246094,205.1999969482422,204.38999938964844,205.125,762140
2026-07-20 12:42:00-04:00,204.42539978027344,204.42539978027344,204.82000732421875,204.3699951171875,204.75,288925
2026-07-20 12:44:00-04:00,204.3000030517578,204.3000030517578,204.4499969482422,204.1999969482422,204.4499969482422,248085
2026-07-20 12:46:00-04:00,204.7449951171875,204.7449951171875,204.81500244140625,204.27000427246094,204.28500366210938,318305
2026-07-20 12:48:00-04:00,204.64999389648438,204.64999389648438,204.75,204.59500122070312,204.75,182251
2026-07-20 12:50:00-04:00,204.2689971923828,204.2689971923828,204.6649932861328,204.25,204.6649932861328,217223
2026-07-20 12:52:00-04:00,204.14999389648438,204.14999389648438,204.2899932861328,204.0800018310547,204.27000427246094,278092
2026-07-20 12:54:00-04:00,204.0,204.0,204.14999389648438,203.88070678710938,204.14999389648438,401242
2026-07-20 12:56:00-04:00,203.7899932861328,203.7899932861328,204.0050048828125,203.66000366210938,204.0,318165
2026-07-20 12:58:00-04:00,204.02000427246094,204.02000427246094,204.07000732421875,203.8000030517578,203.8000030517578,334907
2026-07-20 13:00:00-04:00,203.75,203.75,204.10000610351562,203.7100067138672,204.02999877929688,252341
2026-07-20 13:02:00-04:00,203.7449951171875,203.7449951171875,203.8350067138672,203.64999389648438,203.77000427246094,209580
2026-07-20 13:04:00-04:00,203.64999389648438,203.64999389648438,203.80999755859375,203.56100463867188,203.73800659179688,323560
2026-07-20 13:06:00-04:00,203.55079650878906,203.55079650878906,203.66000366210938,203.52000427246094,203.63999938964844,212421
2026-07-20 13:08:00-04:00,203.6199951171875,203.6199951171875,203.72000122070312,203.5,203.55999755859375,197820
2026-07-20 13:10:00-04:00,203.35000610351562,203.35000610351562,203.61000061035156,203.25,203.60000610351562,325469
2026-07-20 13:12:00-04:00,203.33999633789062,203.33999633789062,203.3699951171875,203.19000244140625,203.35000610351562,262529
2026-07-20 13:14:00-04:00,203.1051025390625,203.1051025390625,203.3350067138672,203.0426025390625,203.3350067138672,334846
2026-07-20 13:16:00-04:00,203.3800048828125,203.3800048828125,203.39999389648438,203.0800018310547,203.11000061035156,266371
2026-07-20 13:18:00-04:00,203.67999267578125,203.67999267578125,203.7100067138672,203.3699951171875,203.3699951171875,377288
2026-07-20 13:20:00-04:00,203.74600219726562,203.74600219726562,203.80990600585938,203.5800018310547,203.67010498046875,330227
2026-07-20 13:22:00-04:00,203.86000061035156,203.86000061035156,203.875,203.6999969482422,203.74000549316406,318819
2026-07-20 13:24:00-04:00,203.91000366210938,203.91000366210938,203.9199981689453,203.67999267578125,203.85499572753906,229681
2026-07-20 13:26:00-04:00,203.6750030517578,203.6750030517578,203.91000366210938,203.614501953125,203.91000366210938,245769
2026-07-20 13:28:00-04:00,203.7899932861328,203.7899932861328,203.7899932861328,203.64999389648438,203.6999969482422,161696
2026-07-20 13:30:00-04:00,203.77000427246094,203.77000427246094,203.83999633789062,203.6501007080078,203.7899932861328,195730
2026-07-20 13:32:00-04:00,203.86000061035156,203.86000061035156,203.8795928955078,203.72000122070312,203.77000427246094,162519
2026-07-20 13:34:00-04:00,204.1699981689453,204.1699981689453,204.2100067138672,203.85000610351562,203.86000061035156,312264
2026-07-20 13:36:00-04:00,204.10000610351562,204.10000610351562,204.19000244140625,203.9853057861328,204.1699981689453,187872
2026-07-20 13:38:00-04:00,204.10000610351562,204.10000610351562,204.25999450683594,204.02999877929688,204.10000610351562,243016
2026-07-20 13:40:00-04:00,203.97500610351562,203.97500610351562,204.1396942138672,203.85009765625,204.10000610351562,204971
2026-07-20 13:42:00-04:00,203.94000244140625,203.94000244140625,204.1300048828125,203.91000366210938,203.97000122070312,153775
2026-07-20 13:44:00-04:00,204.2899932861328,204.2899932861328,204.30999755859375,203.8699951171875,203.92999267578125,185091
2026-07-20 13:46:00-04:00,204.2550048828125,204.2550048828125,204.3800048828125,204.1793975830078,204.2899932861328,240360
2026-07-20 13:48:00-04:00,204.27999877929688,204.27999877929688,204.4199981689453,204.22000122070312,204.26499938964844,195531
2026-07-20 13:50:00-04:00,204.42999267578125,204.42999267578125,204.4550018310547,204.24000549316406,204.27499389648438,192288
2026-07-20 13:52:00-04:00,204.58999633789062,204.58999633789062,204.60000610351562,204.44000244140625,204.44000244140625,232666
2026-07-20 13:54:00-04:00,204.60000610351562,204.60000610351562,204.72999572753906,204.50999450683594,204.58999633789062,243108
2026-07-20 13:56:00-04:00,204.47999572753906,204.47999572753906,204.61000061035156,204.33999633789062,204.60000610351562,258595
2026-07-20 13:58:00-04:00,204.43499755859375,204.43499755859375,204.52000427246094,204.27000427246094,204.47000122070312,233368
2026-07-20 14:00:00-04:00,204.88999938964844,204.88999938964844,204.88999938964844,204.4539031982422,204.47000122070312,239295
2026-07-20 14:02:00-04:00,204.7100067138672,204.7100067138672,204.88999938964844,204.58999633789062,204.8800048828125,225459
2026-07-20 14:04:00-04:00,204.7100067138672,204.7100067138672,204.74600219726562,204.577392578125,204.7100067138672,197392
2026-07-20 14:06:00-04:00,204.6699981689453,204.6699981689453,204.77999877929688,204.5500030517578,204.71499633789062,198419
2026-07-20 14:08:00-04:00,204.77000427246094,204.77000427246094,204.77999877929688,204.60499572753906,204.6750030517578,178049
2026-07-20 14:10:00-04:00,204.65499877929688,204.65499877929688,204.7899932861328,204.57000732421875,204.77999877929688,171269
2026-07-20 14:12:00-04:00,204.84500122070312,204.84500122070312,204.88999938964844,204.6300048828125,204.66000366210938,239693
2026-07-20 14:14:00-04:00,204.83999633789062,204.83999633789062,204.8800048828125,204.74000549316406,204.84500122070312,233265
2026-07-20 14:16:00-04:00,204.92010498046875,204.92010498046875,205.01499938964844,204.75999450683594,204.8300018310547,275649
2026-07-20 14:18:00-04:00,204.8000030517578,204.8000030517578,204.97000122070312,204.72999572753906,204.92599487304688,163407
2026-07-20 14:20:00-04:00,204.6300048828125,204.6300048828125,204.82940673828125,204.49000549316406,204.82000732421875,208800
2026-07-20 14:22:00-04:00,204.485107421875,204.485107421875,204.6300048828125,204.36000061035156,204.6300048828125,188920
2026-07-20 14:24:00-04:00,204.4250030517578,204.4250030517578,204.5,204.24000549316406,204.49000549316406,190617
2026-07-20 14:26:00-04:00,204.39999389648438,204.39999389648438,204.5399932861328,204.35000610351562,204.41000366210938,188595
2026-07-20 14:28:00-04:00,204.30999755859375,204.30999755859375,204.53720092773438,204.2899932861328,204.38999938964844,170164
2026-07-20 14:30:00-04:00,204.17999267578125,204.17999267578125,204.31500244140625,204.07000732421875,204.3105926513672,257277
2026-07-20 14:32:00-04:00,203.94000244140625,203.94000244140625,204.1898956298828,203.91000366210938,204.1750030517578,207768
2026-07-20 14:34:00-04:00,204.0500030517578,204.0500030517578,204.13999938964844,203.7899932861328,203.94000244140625,259248
2026-07-20 14:36:00-04:00,204.02000427246094,204.02000427246094,204.25999450683594,204.01499938964844,204.05999755859375,173746
2026-07-20 14:38:00-04:00,203.92999267578125,203.92999267578125,204.10000610351562,203.83999633789062,204.01499938964844,271458
2026-07-20 14:40:00-04:00,203.8300018310547,203.8300018310547,204.0500030517578,203.68719482421875,203.91000366210938,324375
2026-07-20 14:42:00-04:00,203.7899932861328,203.7899932861328,203.89999389648438,203.75999450683594,203.86990356445312,211581
2026-07-20 14:44:00-04:00,203.4709930419922,203.4709930419922,203.82989501953125,203.4499969482422,203.8000030517578,303135
2026-07-20 14:46:00-04:00,203.5998992919922,203.5998992919922,203.6898956298828,203.4949951171875,203.4949951171875,235014
2026-07-20 14:48:00-04:00,203.42999267578125,203.42999267578125,203.60000610351562,203.4199981689453,203.59010314941406,173436
2026-07-20 14:50:00-04:00,203.36000061035156,203.36000061035156,203.56500244140625,203.35000610351562,203.44000244140625,234613
2026-07-20 14:52:00-04:00,203.5050048828125,203.5050048828125,203.52000427246094,203.36000061035156,203.38999938964844,241739
2026-07-20 14:54:00-04:00,203.52000427246094,203.52000427246094,203.5800018310547,203.42999267578125,203.50999450683594,245872
2026-07-20 14:56:00-04:00,203.2050018310547,203.2050018310547,203.5399932861328,203.1999969482422,203.5,217862
2026-07-20 14:58:00-04:00,203.35000610351562,203.35000610351562,203.3699951171875,203.13999938964844,203.2050018310547,239543
2026-07-20 15:00:00-04:00,203.4199981689453,203.4199981689453,203.47000122070312,203.30499267578125,203.36500549316406,198012
2026-07-20 15:02:00-04:00,203.02000427246094,203.02000427246094,203.45849609375,203.01010131835938,203.4199981689453,313909
2026-07-20 15:04:00-04:00,202.72000122070312,202.72000122070312,203.13319396972656,202.5800018310547,203.02000427246094,797988
2026-07-20 15:06:00-04:00,202.8300018310547,202.8300018310547,202.8699951171875,202.6199951171875,202.7238006591797,471584
2026-07-20 15:08:00-04:00,202.89999389648438,202.89999389648438,202.97999572753906,202.77000427246094,202.85499572753906,571590
2026-07-20 15:10:00-04:00,202.76499938964844,202.76499938964844,203.22000122070312,202.61500549316406,202.89500427246094,447884
2026-07-20 15:12:00-04:00,202.49000549316406,202.49000549316406,202.88999938964844,202.4499969482422,202.77999877929688,481012
2026-07-20 15:14:00-04:00,202.4149932861328,202.4149932861328,202.55999755859375,202.35000610351562,202.50999450683594,395344
2026-07-20 15:16:00-04:00,202.44000244140625,202.44000244140625,202.6300048828125,202.27999877929688,202.42999267578125,477170
2026-07-20 15:18:00-04:00,202.49000549316406,202.49000549316406,202.6199951171875,202.42889404296875,202.43919372558594,369941
2026-07-20 15:20:00-04:00,202.46499633789062,202.46499633789062,202.5800018310547,202.4199981689453,202.5,254395
2026-07-20 15:22:00-04:00,202.69000244140625,202.69000244140625,202.69000244140625,202.36459350585938,202.46499633789062,286044
2026-07-20 15:24:00-04:00,202.64999389648438,202.64999389648438,202.81500244140625,202.6199951171875,202.69000244140625,255581
2026-07-20 15:26:00-04:00,202.55999755859375,202.55999755859375,202.6699981689453,202.37010192871094,202.64500427246094,270467
2026-07-20 15:28:00-04:00,202.95989990234375,202.95989990234375,203.0500030517578,202.50999450683594,202.5500946044922,372137
2026-07-20 15:30:00-04:00,203.0,203.0,203.02999877929688,202.7100067138672,202.9499969482422,349954
2026-07-20 15:32:00-04:00,203.19000244140625,203.19000244140625,203.25,202.97000122070312,203.0,368884
2026-07-20 15:34:00-04:00,202.97999572753906,202.97999572753906,203.30999755859375,202.89999389648438,203.19000244140625,351850
2026-07-20 15:36:00-04:00,202.94000244140625,202.94000244140625,203.05999755859375,202.8795928955078,202.99000549316406,259939
2026-07-20 15:38:00-04:00,203.07000732421875,203.07000732421875,203.19000244140625,202.8800048828125,202.9093017578125,364615
2026-07-20 15:40:00-04:00,203.2899932861328,203.2899932861328,203.35000610351562,203.02999877929688,203.07000732421875,279905
2026-07-20 15:42:00-04:00,203.13510131835938,203.13510131835938,203.38999938964844,203.0500030517578,203.30409240722656,322912
2026-07-20 15:44:00-04:00,202.86000061035156,202.86000061035156,203.1699981689453,202.8000030517578,203.1199951171875,345580
2026-07-20 15:46:00-04:00,202.96499633789062,202.96499633789062,203.0399932861328,202.77000427246094,202.8699951171875,262078
2026-07-20 15:48:00-04:00,203.33999633789062,203.33999633789062,203.35000610351562,202.9199981689453,202.9499969482422,382199
2026-07-20 15:50:00-04:00,202.8300018310547,202.8300018310547,203.3300018310547,202.5800018310547,203.3300018310547,579447
2026-07-20 15:52:00-04:00,202.92990112304688,202.92990112304688,202.99000549316406,202.64999389648438,202.8000030517578,402764
2026-07-20 15:54:00-04:00,203.25,203.25,203.35000610351562,202.8800048828125,202.91000366210938,793583
2026-07-20 15:56:00-04:00,203.30999755859375,203.30999755859375,203.39999389648438,203.2100067138672,203.25,818779
2026-07-20 15:58:00-04:00,203.3800048828125,203.3800048828125,203.44000244140625,203.24000549316406,203.30999755859375,1988031
2026-07-21 09:30:00-04:00,207.3800048828125,207.3800048828125,208.64999389648438,207.0500030517578,207.5399932861328,5582336
2026-07-21 09:32:00-04:00,206.39999389648438,206.39999389648438,207.4250030517578,206.33999633789062,207.41000366210938,1142075
2026-07-21 09:34:00-04:00,206.6999969482422,206.6999969482422,206.75,206.25999450683594,206.39999389648438,941142
2026-07-21 09:36:00-04:00,206.74000549316406,206.74000549316406,207.33949279785156,206.29010009765625,206.70730590820312,1059415
2026-07-21 09:38:00-04:00,207.06170654296875,207.06170654296875,207.39999389648438,206.7100067138672,206.75999450683594,885929
2026-07-21 09:40:00-04:00,206.6147003173828,206.6147003173828,207.0800018310547,206.44000244140625,207.0800018310547,739185
2026-07-21 09:42:00-04:00,206.86500549316406,206.86500549316406,206.9149932861328,206.4199981689453,206.61000061035156,607178
2026-07-21 09:44:00-04:00,206.78500366210938,206.78500366210938,207.08999633789062,206.57000732421875,206.86000061035156,709142
2026-07-21 09:46:00-04:00,206.52999877929688,206.52999877929688,207.05999755859375,206.22999572753906,206.8000030517578,668433
2026-07-21 09:48:00-04:00,206.14999389648438,206.14999389648438,206.64999389648438,205.7899932861328,206.50070190429688,783271
2026-07-21 09:50:00-04:00,206.00250244140625,206.00250244140625,206.79010009765625,205.94200134277344,206.2050018310547,723195
2026-07-21 09:52:00-04:00,205.83999633789062,205.83999633789062,206.11000061035156,205.72999572753906,206.02000427246094,683599
2026-07-21 09:54:00-04:00,205.5850067138672,205.5850067138672,205.97999572753906,205.42999267578125,205.82000732421875,626673
2026-07-21 09:56:00-04:00,205.4499969482422,205.4499969482422,205.8699951171875,205.1999969482422,205.58999633789062,681862
2026-07-21 09:58:00-04:00,205.44000244140625,205.44000244140625,205.50999450683594,204.82000732421875,205.4219970703125,831341
2026-07-21 10:00:00-04:00,205.4499969482422,205.4499969482422,205.9199981689453,205.3300018310547,205.44000244140625,642436
2026-07-21 10:02:00-04:00,204.69000244140625,204.69000244140625,205.42999267578125,204.4600067138672,205.42999267578125,692388
2026-07-21 10:04:00-04:00,204.8249969482422,204.8249969482422,204.83999633789062,204.25999450683594,204.697998046875,656314
2026-07-21 10:06:00-04:00,204.75999450683594,204.75999450683594,205.05999755859375,204.51449584960938,204.82000732421875,577147
2026-07-21 10:08:00-04:00,204.19500732421875,204.19500732421875,204.74000549316406,204.0200958251953,204.67999267578125,693008
2026-07-21 10:10:00-04:00,204.43499755859375,204.43499755859375,204.4499969482422,204.05999755859375,204.19500732421875,474841
2026-07-21 10:12:00-04:00,204.42999267578125,204.42999267578125,204.7899932861328,204.36000061035156,204.42999267578125,473428
2026-07-21 10:14:00-04:00,204.14999389648438,204.14999389648438,204.67999267578125,204.05999755859375,204.43499755859375,633776
2026-07-21 10:16:00-04:00,204.5,204.5,204.57000732421875,204.01010131835938,204.1649932861328,366040
2026-07-21 10:18:00-04:00,205.22000122070312,205.22000122070312,205.25999450683594,204.49000549316406,204.52000427246094,619961
2026-07-21 10:20:00-04:00,204.77999877929688,204.77999877929688,205.4499969482422,204.72000122070312,205.22500610351562,575974
2026-07-21 10:22:00-04:00,204.74000549316406,204.74000549316406,205.00999450683594,204.6300048828125,204.8000030517578,358948
2026-07-21 10:24:00-04:00,205.0998992919922,205.0998992919922,205.1199951171875,204.63999938964844,204.74000549316406,362433
2026-07-21 10:26:00-04:00,205.2301025390625,205.2301025390625,205.41990661621094,204.97000122070312,205.09629821777344,402954
2026-07-21 10:28:00-04:00,205.38999938964844,205.38999938964844,205.41000366210938,205.0,205.27999877929688,332187
2026-07-21 10:30:00-04:00,205.36000061035156,205.36000061035156,205.4499969482422,205.0399932861328,205.3699951171875,358406
2026-07-21 10:32:00-04:00,204.7550048828125,204.7550048828125,205.43499755859375,204.70030212402344,205.36090087890625,429771
2026-07-21 10:34:00-04:00,205.05999755859375,205.05999755859375,205.16000366210938,204.72500610351562,204.75,358328
2026-07-21 10:36:00-04:00,205.46009826660156,205.46009826660156,205.47999572753906,205.03500366210938,205.0399932861328,320685
2026-07-21 10:38:00-04:00,205.43499755859375,205.43499755859375,205.53529357910156,205.1999969482422,205.47000122070312,339469
2026-07-21 10:40:00-04:00,205.0500946044922,205.0500946044922,205.47999572753906,205.02999877929688,205.47000122070312,295038
2026-07-21 10:42:00-04:00,205.375,205.375,205.47000122070312,204.9199981689453,205.05999755859375,395331
2026-07-21 10:44:00-04:00,205.5399932861328,205.5399932861328,205.75,205.22000122070312,205.38470458984375,391272
2026-07-21 10:46:00-04:00,205.5449981689453,205.5449981689453,205.67999267578125,205.27000427246094,205.5449981689453,335839
2026-07-21 10:48:00-04:00,205.24989318847656,205.24989318847656,205.88999938964844,205.22999572753906,205.5500030517578,465053
2026-07-21 10:50:00-04:00,205.5,205.5,205.50999450683594,205.08999633789062,205.23500061035156,340017
2026-07-21 10:52:00-04:00,205.52000427246094,205.52000427246094,205.63999938964844,205.46009826660156,205.5050048828125,249467
2026-07-21 10:54:00-04:00,205.49000549316406,205.49000549316406,205.60000610351562,205.36000061035156,205.51499938964844,248600
2026-07-21 10:56:00-04:00,205.6199951171875,205.6199951171875,205.64999389648438,205.1699981689453,205.47000122070312,348232
2026-07-21 10:58:00-04:00,205.83050537109375,205.83050537109375,205.88999938964844,205.5800018310547,205.6575927734375,383308
2026-07-21 11:00:00-04:00,205.99000549316406,205.99000549316406,206.5800018310547,205.7801055908203,205.8300018310547,1083090
2026-07-21 11:02:00-04:00,205.72999572753906,205.72999572753906,206.05990600585938,205.5399932861328,205.9810028076172,532722
2026-07-21 11:04:00-04:00,205.6999969482422,205.6999969482422,205.80999755859375,205.4600067138672,205.74000549316406,355000
2026-07-21 11:06:00-04:00,206.1999969482422,206.1999969482422,206.22999572753906,205.67999267578125,205.68499755859375,480248
2026-07-21 11:08:00-04:00,206.02499389648438,206.02499389648438,206.22999572753906,205.91099548339844,206.19500732421875,336016
2026-07-21 11:10:00-04:00,206.00729370117188,206.00729370117188,206.16990661621094,205.9700927734375,206.0399932861328,279572
2026-07-21 11:12:00-04:00,206.27999877929688,206.27999877929688,206.35000610351562,205.98280334472656,205.9949951171875,332197
2026-07-21 11:14:00-04:00,206.21969604492188,206.21969604492188,206.30099487304688,206.11000061035156,206.26040649414062,412114
2026-07-21 11:16:00-04:00,206.21499633789062,206.21499633789062,206.27999877929688,206.068603515625,206.21139526367188,382857
2026-07-21 11:18:00-04:00,206.0800018310547,206.0800018310547,206.30999755859375,206.0399932861328,206.2100067138672,388187
2026-07-21 11:20:00-04:00,206.2700958251953,206.2700958251953,206.3800048828125,205.6999969482422,206.07000732421875,620446
2026-07-21 11:22:00-04:00,206.41000366210938,206.41000366210938,206.42990112304688,206.22999572753906,206.27999877929688,356571
2026-07-21 11:24:00-04:00,206.58999633789062,206.58999633789062,206.60000610351562,206.35499572753906,206.41000366210938,358232
2026-07-21 11:26:00-04:00,206.5625,206.5625,206.67999267578125,206.5299072265625,206.58999633789062,389241
2026-07-21 11:28:00-04:00,206.60000610351562,206.60000610351562,206.72999572753906,206.48300170898438,206.58999633789062,355578
2026-07-21 11:30:00-04:00,206.41990661621094,206.41990661621094,206.8000030517578,206.39999389648438,206.6199951171875,712410
2026-07-21 11:32:00-04:00,206.39280700683594,206.39280700683594,206.46499633789062,206.24009704589844,206.4001007080078,285315
2026-07-21 11:34:00-04:00,206.64500427246094,206.64500427246094,206.82000732421875,206.4300994873047,206.4499969482422,475913
2026-07-21 11:36:00-04:00,206.64010620117188,206.64010620117188,206.81979370117188,206.60000610351562,206.64999389648438,258790
2026-07-21 11:38:00-04:00,206.42880249023438,206.42880249023438,206.65499877929688,206.30999755859375,206.63999938964844,262664
2026-07-21 11:40:00-04:00,206.52000427246094,206.52000427246094,206.64999389648438,206.4149932861328,206.4149932861328,418489
2026-07-21 11:42:00-04:00,206.35040283203125,206.35040283203125,206.55999755859375,206.25,206.50999450683594,301902
2026-07-21 11:44:00-04:00,206.09500122070312,206.09500122070312,206.51499938964844,206.00999450683594,206.35000610351562,911960
2026-07-21 11:46:00-04:00,206.22999572753906,206.22999572753906,206.27999877929688,206.0399932861328,206.08999633789062,312648
2026-07-21 11:48:00-04:00,206.3800048828125,206.3800048828125,206.5,206.23500061035156,206.23500061035156,240452
2026-07-21 11:50:00-04:00,206.24000549316406,206.24000549316406,206.4604949951172,206.13999938964844,206.40499877929688,208728
2026-07-21 11:52:00-04:00,206.25,206.25,206.3000030517578,206.0500030517578,206.23500061035156,258763
2026-07-21 11:54:00-04:00,205.99000549316406,205.99000549316406,206.30499267578125,205.89999389648438,206.27999877929688,3282272
2026-07-21 11:56:00-04:00,205.9199981689453,205.9199981689453,206.1269989013672,205.90499877929688,206.00999450683594,259187
2026-07-21 11:58:00-04:00,205.77000427246094,205.77000427246094,205.97999572753906,205.72000122070312,205.92999267578125,322979
2026-07-21 12:00:00-04:00,205.80999755859375,205.80999755859375,205.89999389648438,205.58050537109375,205.77999877929688,284704
2026-07-21 12:02:00-04:00,206.11019897460938,206.11019897460938,206.13999938964844,205.80999755859375,205.80999755859375,425240
2026-07-21 12:04:00-04:00,206.4600067138672,206.4600067138672,206.4980010986328,206.11000061035156,206.11500549316406,394654
2026-07-21 12:06:00-04:00,206.27499389648438,206.27499389648438,206.5373992919922,206.20010375976562,206.42999267578125,285853
2026-07-21 12:08:00-04:00,206.10009765625,206.10009765625,206.39999389648438,206.10000610351562,206.26499938964844,211700
2026-07-21 12:10:00-04:00,206.1999969482422,206.1999969482422,206.22000122070312,206.0399932861328,206.11000061035156,203455
2026-07-21 12:12:00-04:00,205.94000244140625,205.94000244140625,206.1999969482422,205.89999389648438,206.19000244140625,218894
2026-07-21 12:14:00-04:00,206.07000732421875,206.07000732421875,206.10000610351562,205.8000030517578,205.94000244140625,841374
2026-07-21 12:16:00-04:00,205.92999267578125,205.92999267578125,206.10000610351562,205.9029998779297,206.06500244140625,199668
2026-07-21 12:18:00-04:00,205.8000030517578,205.8000030517578,205.9532928466797,205.6699981689453,205.9199981689453,290548
2026-07-21 12:20:00-04:00,205.92999267578125,205.92999267578125,205.9499969482422,205.66000366210938,205.77999877929688,236292
2026-07-21 12:22:00-04:00,205.74000549316406,205.74000549316406,205.9499969482422,205.66000366210938,205.94000244140625,239826
2026-07-21 12:24:00-04:00,205.375,205.375,205.74000549316406,205.36000061035156,205.74000549316406,327408
2026-07-21 12:26:00-04:00,205.1501007080078,205.1501007080078,205.38999938964844,205.02000427246094,205.38999938964844,373771
2026-07-21 12:28:00-04:00,205.0850067138672,205.0850067138672,205.25,205.0850067138672,205.16000366210938,296853
2026-07-21 12:30:00-04:00,204.89999389648438,204.89999389648438,205.13499450683594,204.8300018310547,205.0800018310547,466002
2026-07-21 12:32:00-04:00,204.97999572753906,204.97999572753906,205.0399932861328,204.88999938964844,204.9149932861328,511797
2026-07-21 12:34:00-04:00,204.94000244140625,204.94000244140625,205.0500030517578,204.9199981689453,204.97500610351562,781271
2026-07-21 12:36:00-04:00,205.05999755859375,205.05999755859375,205.0720977783203,204.85000610351562,204.9499969482422,245508
2026-07-21 12:38:00-04:00,205.09959411621094,205.09959411621094,205.10000610351562,204.96060180664062,205.05499267578125,250869
2026-07-21 12:40:00-04:00,205.27000427246094,205.27000427246094,205.39500427246094,205.07009887695312,205.0800018310547,367779
2026-07-21 12:42:00-04:00,205.34010314941406,205.34010314941406,205.3699951171875,205.17999267578125,205.26499938964844,256813
2026-07-21 12:44:00-04:00,205.22000122070312,205.22000122070312,205.4199981689453,205.2100067138672,205.35000610351562,294063
2026-07-21 12:46:00-04:00,205.0,205.0,205.22000122070312,204.97000122070312,205.21499633789062,637370
2026-07-21 12:48:00-04:00,205.12989807128906,205.12989807128906,205.1999969482422,204.97000122070312,204.97999572753906,348886
2026-07-21 12:50:00-04:00,205.30999755859375,205.30999755859375,205.31629943847656,205.0,205.11500549316406,265938
2026-07-21 12:52:00-04:00,205.25,205.25,205.35000610351562,205.25,205.32000732421875,200405
2026-07-21 12:54:00-04:00,205.30499267578125,205.30499267578125,205.3800048828125,205.2100067138672,205.2550048828125,244733
2026-07-21 12:56:00-04:00,205.16000366210938,205.16000366210938,205.31500244140625,205.13999938964844,205.30499267578125,180570
2026-07-21 12:58:00-04:00,205.4573974609375,205.4573974609375,205.50729370117188,205.1699981689453,205.1699981689453,417479
2026-07-21 13:00:00-04:00,205.52999877929688,205.52999877929688,205.57000732421875,205.33999633789062,205.4550018310547,437928
2026-07-21 13:02:00-04:00,205.30999755859375,205.30999755859375,205.55499267578125,205.3000030517578,205.52999877929688,259835
2026-07-21 13:04:00-04:00,205.4199981689453,205.4199981689453,205.47000122070312,205.3000030517578,205.30999755859375,221303
2026-07-21 13:06:00-04:00,205.40499877929688,205.40499877929688,205.49000549316406,205.3000030517578,205.42999267578125,293042
2026-07-21 13:08:00-04:00,205.7100067138672,205.7100067138672,205.8000030517578,205.38499450683594,205.40499877929688,521391
2026-07-21 13:10:00-04:00,206.0449981689453,206.0449981689453,206.13999938964844,205.7100067138672,205.7100067138672,728024
2026-07-21 13:12:00-04:00,206.0500030517578,206.0500030517578,206.16000366210938,205.83999633789062,206.05999755859375,662613
2026-07-21 13:14:00-04:00,206.22500610351562,206.22500610351562,206.36000061035156,206.0,206.05999755859375,612256
2026-07-21 13:16:00-04:00,206.1750030517578,206.1750030517578,206.3300018310547,206.06500244140625,206.2100067138672,625645
2026-07-21 13:18:00-04:00,206.0200958251953,206.0200958251953,206.2899932861328,206.0,206.19000244140625,421746
2026-07-21 13:20:00-04:00,205.99000549316406,205.99000549316406,206.24000549316406,205.97000122070312,206.02000427246094,311462
2026-07-21 13:22:00-04:00,205.92999267578125,205.92999267578125,206.02999877929688,205.88499450683594,205.97999572753906,244333
2026-07-21 13:24:00-04:00,205.89999389648438,205.89999389648438,206.02999877929688,205.77999877929688,205.92999267578125,216447
2026-07-21 13:26:00-04:00,205.8699951171875,205.8699951171875,206.02999877929688,205.85000610351562,205.89500427246094,300063
2026-07-21 13:28:00-04:00,206.125,206.125,206.13999938964844,205.67999267578125,205.86500549316406,463928
2026-07-21 13:30:00-04:00,206.63999938964844,206.63999938964844,206.67999267578125,206.125,206.125,471535
2026-07-21 13:32:00-04:00,206.6304931640625,206.6304931640625,206.7899932861328,206.54010009765625,206.64999389648438,555659
2026-07-21 13:34:00-04:00,206.72000122070312,206.72000122070312,206.9499053955078,206.63499450683594,206.64999389648438,436914
2026-07-21 13:36:00-04:00,206.7100067138672,206.7100067138672,206.77999877929688,206.610107421875,206.72000122070312,266600
2026-07-21 13:38:00-04:00,206.89990234375,206.89990234375,206.89990234375,206.64999389648438,206.72000122070312,253232
2026-07-21 13:40:00-04:00,206.85499572753906,206.85499572753906,206.9199981689453,206.72999572753906,206.8905029296875,272579
2026-07-21 13:42:00-04:00,206.80499267578125,206.80499267578125,206.96499633789062,206.76499938964844,206.85499572753906,237597
2026-07-21 13:44:00-04:00,206.63999938964844,206.63999938964844,206.8800048828125,205.71119689941406,206.7899932861328,281367
2026-07-21 13:46:00-04:00,206.8300018310547,206.8300018310547,206.92999267578125,206.5500030517578,206.6300048828125,275976
2026-07-21 13:48:00-04:00,206.8300018310547,206.8300018310547,206.88670349121094,206.69500732421875,206.8350067138672,194071
2026-07-21 13:50:00-04:00,206.7100067138672,206.7100067138672,206.85000610351562,206.64999389648438,206.83999633789062,170372
2026-07-21 13:52:00-04:00,206.47000122070312,206.47000122070312,206.72999572753906,206.44000244140625,206.72999572753906,230594
2026-07-21 13:54:00-04:00,206.38999938964844,206.38999938964844,206.49989318847656,206.37010192871094,206.4604949951172,186360
2026-07-21 13:56:00-04:00,206.22000122070312,206.22000122070312,206.42999267578125,206.1999969482422,206.3699951171875,243730
2026-07-21 13:58:00-04:00,206.25999450683594,206.25999450683594,206.3159942626953,206.17999267578125,206.23500061035156,192635
2026-07-21 14:00:00-04:00,206.60000610351562,206.60000610351562,206.61000061035156,206.2100067138672,206.27000427246094,257688
2026-07-21 14:02:00-04:00,206.39999389648438,206.39999389648438,206.64999389648438,206.35499572753906,206.59500122070312,262569
2026-07-21 14:04:00-04:00,206.47000122070312,206.47000122070312,206.5,206.3000030517578,206.41000366210938,193700
2026-07-21 14:06:00-04:00,206.49049377441406,206.49049377441406,206.58999633789062,206.4600067138672,206.4698944091797,178352
2026-07-21 14:08:00-04:00,206.38999938964844,206.38999938964844,206.50999450683594,206.36000061035156,206.50999450683594,145947
2026-07-21 14:10:00-04:00,206.35000610351562,206.35000610351562,206.43850708007812,206.3000030517578,206.3800048828125,154967
2026-07-21 14:12:00-04:00,206.2899932861328,206.2899932861328,206.44000244140625,206.24000549316406,206.35400390625,179922
2026-07-21 14:14:00-04:00,206.27000427246094,206.27000427246094,206.35000610351562,206.16000366210938,206.3000030517578,247025
2026-07-21 14:16:00-04:00,206.27999877929688,206.27999877929688,206.30499267578125,206.1999969482422,206.26499938964844,149357
2026-07-21 14:18:00-04:00,206.1199951171875,206.1199951171875,206.2799072265625,206.02000427246094,206.2799072265625,214834
2026-07-21 14:20:00-04:00,205.9499969482422,205.9499969482422,206.1300048828125,205.94000244140625,206.125,199408
2026-07-21 14:22:00-04:00,206.19000244140625,206.19000244140625,206.2100067138672,205.94720458984375,205.9499969482422,211729
2026-07-21 14:24:00-04:00,206.31219482421875,206.31219482421875,206.44000244140625,206.13009643554688,206.19000244140625,292939
2026-07-21 14:26:00-04:00,206.19000244140625,206.19000244140625,206.36000061035156,206.16000366210938,206.31500244140625,205853
2026-07-21 14:28:00-04:00,206.25,206.25,206.3000030517578,206.1800994873047,206.1800994873047,146847
2026-07-21 14:30:00-04:00,206.3249969482422,206.3249969482422,206.44000244140625,206.23800659179688,206.24989318847656,242607
2026-07-21 14:32:00-04:00,206.22500610351562,206.22500610351562,206.3300018310547,206.22000122070312,206.3249969482422,225517
2026-07-21 14:34:00-04:00,206.52999877929688,206.52999877929688,206.5590057373047,206.22999572753906,206.22999572753906,244853
2026-07-21 14:36:00-04:00,206.76499938964844,206.76499938964844,206.77999877929688,206.44000244140625,206.5399932861328,286795
2026-07-21 14:38:00-04:00,206.8280029296875,206.8280029296875,206.8800048828125,206.72999572753906,206.77000427246094,264784
2026-07-21 14:40:00-04:00,206.90499877929688,206.90499877929688,206.9199981689453,206.75999450683594,206.8249969482422,244330
2026-07-21 14:42:00-04:00,206.9199981689453,206.9199981689453,206.99000549316406,206.88999938964844,206.90499877929688,308103
2026-07-21 14:44:00-04:00,207.14999389648438,207.14999389648438,207.17990112304688,206.91000366210938,206.92990112304688,555022
2026-07-21 14:46:00-04:00,207.27000427246094,207.27000427246094,207.27999877929688,207.11000061035156,207.14010620117188,440320
2026-07-21 14:48:00-04:00,206.9499969482422,206.9499969482422,207.2899932861328,206.9499969482422,207.25999450683594,340743
2026-07-21 14:50:00-04:00,207.0749969482422,207.0749969482422,207.0800018310547,206.92930603027344,206.9550018310547,202936
2026-07-21 14:52:00-04:00,207.17010498046875,207.17010498046875,207.34500122070312,207.0800018310547,207.0800018310547,354758
2026-07-21 14:54:00-04:00,207.1649932861328,207.1649932861328,207.25999450683594,207.02000427246094,207.17999267578125,265261
2026-07-21 14:56:00-04:00,207.10000610351562,207.10000610351562,207.3000030517578,207.0800018310547,207.1699981689453,293166
2026-07-21 14:58:00-04:00,207.1699981689453,207.1699981689453,207.1999969482422,207.02000427246094,207.08999633789062,178120
2026-07-21 15:00:00-04:00,206.9573974609375,206.9573974609375,207.3000030517578,206.92999267578125,207.18499755859375,331772
2026-07-21 15:02:00-04:00,206.79010009765625,206.79010009765625,207.0,206.77999877929688,206.94200134277344,268406
2026-07-21 15:04:00-04:00,206.8397979736328,206.8397979736328,206.9199981689453,206.7100067138672,206.7998046875,273799
2026-07-21 15:06:00-04:00,206.806396484375,206.806396484375,206.85000610351562,206.72000122070312,206.8350067138672,245647
2026-07-21 15:08:00-04:00,206.5399932861328,206.5399932861328,206.8300018310547,206.5,206.82000732421875,1828144
2026-07-21 15:10:00-04:00,206.64999389648438,206.64999389648438,206.69000244140625,206.5,206.5500030517578,259080
2026-07-21 15:12:00-04:00,206.78500366210938,206.78500366210938,206.8000030517578,206.6300048828125,206.6699981689453,253549
2026-07-21 15:14:00-04:00,206.69000244140625,206.69000244140625,206.7949981689453,206.610107421875,206.78500366210938,295186
2026-07-21 15:16:00-04:00,206.83999633789062,206.83999633789062,207.0399932861328,206.61000061035156,206.66000366210938,367673
2026-07-21 15:18:00-04:00,206.9600067138672,206.9600067138672,207.02000427246094,206.85000610351562,206.85499572753906,297244
2026-07-21 15:20:00-04:00,207.0572967529297,207.0572967529297,207.11000061035156,206.89999389648438,206.9499969482422,277573
2026-07-21 15:22:00-04:00,207.05999755859375,207.05999755859375,207.0800018310547,206.92999267578125,207.0500030517578,215553
2026-07-21 15:24:00-04:00,206.9600067138672,206.9600067138672,207.19000244140625,206.9499969482422,207.0601043701172,358248
2026-07-21 15:26:00-04:00,206.96499633789062,206.96499633789062,207.08999633789062,206.8800048828125,206.97000122070312,277681
2026-07-21 15:28:00-04:00,206.77000427246094,206.77000427246094,206.97999572753906,206.71499633789062,206.97999572753906,332493
2026-07-21 15:30:00-04:00,206.94000244140625,206.94000244140625,206.97000122070312,206.61000061035156,206.7899932861328,339425
2026-07-21 15:32:00-04:00,206.9550018310547,206.9550018310547,207.05569458007812,206.85000610351562,206.94500732421875,355565
2026-07-21 15:34:00-04:00,207.0,207.0,207.02999877929688,206.88499450683594,206.95010375976562,217737
2026-07-21 15:36:00-04:00,207.07000732421875,207.07000732421875,207.16900634765625,206.96499633789062,207.0,330547
2026-07-21 15:38:00-04:00,207.00999450683594,207.00999450683594,207.13999938964844,206.9600067138672,207.0749969482422,284993
2026-07-21 15:40:00-04:00,207.16000366210938,207.16000366210938,207.2100067138672,206.99000549316406,207.02999877929688,389290
2026-07-21 15:42:00-04:00,207.05999755859375,207.05999755859375,207.1999969482422,206.97999572753906,207.15499877929688,350927
2026-07-21 15:44:00-04:00,206.94500732421875,206.94500732421875,207.0635986328125,206.8820037841797,207.05999755859375,308491
2026-07-21 15:46:00-04:00,206.80999755859375,206.80999755859375,206.9600067138672,206.64999389648438,206.94639587402344,255104
2026-07-21 15:48:00-04:00,206.8209991455078,206.8209991455078,206.91200256347656,206.7707061767578,206.8000030517578,320808
2026-07-21 15:50:00-04:00,206.82000732421875,206.82000732421875,207.0,206.5,206.82000732421875,696142
2026-07-21 15:52:00-04:00,206.96499633789062,206.96499633789062,207.05999755859375,206.75999450683594,206.82000732421875,663621
2026-07-21 15:54:00-04:00,207.39999389648438,207.39999389648438,207.5800018310547,206.95599365234375,206.9600067138672,1263135
2026-07-21 15:56:00-04:00,207.67999267578125,207.67999267578125,207.82009887695312,207.32000732421875,207.40029907226562,1497747
2026-07-21 15:58:00-04:00,207.17999267578125,207.17999267578125,207.7100067138672,207.1199951171875,207.6699981689453,3165651
2026-07-22 09:30:00-04:00,205.52999877929688,205.52999877929688,206.24000549316406,204.9499969482422,205.80499267578125,7838692
2026-07-22 09:32:00-04:00,206.41000366210938,206.41000366210938,206.51499938964844,205.2100067138672,205.55999755859375,660986
2026-07-22 09:34:00-04:00,206.85000610351562,206.85000610351562,207.05999755859375,206.33999633789062,206.39999389648438,829335
2026-07-22 09:36:00-04:00,206.78500366210938,206.78500366210938,207.0399932861328,206.5,206.8592071533203,615545
2026-07-22 09:38:00-04:00,206.7899932861328,206.7899932861328,206.8699951171875,206.16000366210938,206.77999877929688,566721
2026-07-22 09:40:00-04:00,207.27000427246094,207.27000427246094,207.27999877929688,206.48890686035156,206.8074951171875,877266
2026-07-22 09:42:00-04:00,207.27999877929688,207.27999877929688,207.38999938964844,207.01499938964844,207.28990173339844,801200
2026-07-22 09:44:00-04:00,207.14999389648438,207.14999389648438,207.5399932861328,207.01010131835938,207.25999450683594,813768
2026-07-22 09:46:00-04:00,206.89500427246094,206.89500427246094,207.24000549316406,206.76499938964844,207.18499755859375,544672
2026-07-22 09:48:00-04:00,207.13009643554688,207.13009643554688,207.3199005126953,206.8000030517578,206.89999389648438,422971
2026-07-22 09:50:00-04:00,207.5500030517578,207.5500030517578,207.72999572753906,207.07000732421875,207.13999938964844,578832
2026-07-22 09:52:00-04:00,208.0500030517578,208.0500030517578,208.06239318847656,207.47999572753906,207.52000427246094,934112
2026-07-22 09:54:00-04:00,207.81820678710938,207.81820678710938,208.22999572753906,207.7100067138672,208.05499267578125,659391
2026-07-22 09:56:00-04:00,207.6699981689453,207.6699981689453,208.1199951171875,207.39999389648438,207.7899932861328,704281
2026-07-22 09:58:00-04:00,207.75,207.75,207.77999877929688,207.4300994873047,207.6800994873047,654844
2026-07-22 10:00:00-04:00,207.5,207.5,207.77000427246094,207.4199981689453,207.72999572753906,556058
2026-07-22 10:02:00-04:00,207.3697967529297,207.3697967529297,207.60000610351562,207.19000244140625,207.47999572753906,488130
2026-07-22 10:04:00-04:00,207.63999938964844,207.63999938964844,207.72999572753906,207.2899932861328,207.36000061035156,492178
2026-07-22 10:06:00-04:00,207.14999389648438,207.14999389648438,207.65499877929688,207.1199951171875,207.64999389648438,417901
2026-07-22 10:08:00-04:00,206.83999633789062,206.83999633789062,207.42999267578125,206.82000732421875,207.21499633789062,460085
2026-07-22 10:10:00-04:00,207.10000610351562,207.10000610351562,207.1031951904297,206.52540588378906,206.82000732421875,578536
2026-07-22 10:12:00-04:00,207.00999450683594,207.00999450683594,207.38999938964844,206.9700927734375,207.08009338378906,500770
2026-07-22 10:14:00-04:00,206.6300048828125,206.6300048828125,207.1699981689453,206.55999755859375,207.00999450683594,431706
2026-07-22 10:16:00-04:00,206.7949981689453,206.7949981689453,206.85330200195312,206.58999633789062,206.61000061035156,326015
2026-07-22 10:18:00-04:00,207.18499755859375,207.18499755859375,207.18499755859375,206.58999633789062,206.79510498046875,349782
2026-07-22 10:20:00-04:00,207.27650451660156,207.27650451660156,207.5850067138672,207.1199951171875,207.1999969482422,463891
2026-07-22 10:22:00-04:00,206.63999938964844,206.63999938964844,207.32000732421875,206.6199951171875,207.27000427246094,494437
2026-07-22 10:24:00-04:00,206.82000732421875,206.82000732421875,206.99000549316406,206.5,206.6219940185547,470188
2026-07-22 10:26:00-04:00,206.61500549316406,206.61500549316406,206.94000244140625,206.46490478515625,206.83990478515625,419038
2026-07-22 10:28:00-04:00,206.79949951171875,206.79949951171875,206.80999755859375,206.52000427246094,206.61500549316406,354349
2026-07-22 10:30:00-04:00,206.6300048828125,206.6300048828125,206.9799041748047,206.4499969482422,206.8000030517578,944863
2026-07-22 10:32:00-04:00,207.0850067138672,207.0850067138672,207.25,206.63929748535156,206.63929748535156,571429
2026-07-22 10:34:00-04:00,207.125,207.125,207.13999938964844,206.8699951171875,207.08999633789062,313926
2026-07-22 10:36:00-04:00,207.38999938964844,207.38999938964844,207.6999969482422,207.125,207.125,541928
2026-07-22 10:38:00-04:00,207.7239990234375,207.7239990234375,207.73989868164062,207.3000946044922,207.40040588378906,364952
2026-07-22 10:40:00-04:00,207.60499572753906,207.60499572753906,208.17999267578125,207.60499572753906,207.72369384765625,650082
2026-07-22 10:42:00-04:00,207.3249969482422,207.3249969482422,207.6300048828125,207.1199951171875,207.60499572753906,479795
2026-07-22 10:44:00-04:00,207.35470581054688,207.35470581054688,207.42039489746094,207.17999267578125,207.30999755859375,339263
2026-07-22 10:46:00-04:00,207.55999755859375,207.55999755859375,207.75990295410156,207.3699951171875,207.375,393303
2026-07-22 10:48:00-04:00,207.84500122070312,207.84500122070312,208.0198974609375,207.47999572753906,207.55999755859375,418142
2026-07-22 10:50:00-04:00,207.9573974609375,207.9573974609375,207.97999572753906,207.63999938964844,207.85000610351562,327709
2026-07-22 10:52:00-04:00,207.91050720214844,207.91050720214844,208.25999450683594,207.8300018310547,207.97000122070312,661040
2026-07-22 10:54:00-04:00,208.4691925048828,208.4691925048828,208.49000549316406,207.92999267578125,207.92999267578125,487678
2026-07-22 10:56:00-04:00,209.21429443359375,209.21429443359375,209.3000030517578,208.46009826660156,208.468505859375,1071217
2026-07-22 10:58:00-04:00,209.22999572753906,209.22999572753906,209.5,209.13999938964844,209.1999969482422,891883
2026-07-22 11:00:00-04:00,209.38999938964844,209.38999938964844,209.5,209.10000610351562,209.17999267578125,758043
2026-07-22 11:02:00-04:00,209.72000122070312,209.72000122070312,209.73989868164062,209.36000061035156,209.38999938964844,581519
2026-07-22 11:04:00-04:00,210.1602020263672,210.1602020263672,210.2100067138672,209.69000244140625,209.74000549316406,1246498
2026-07-22 11:06:00-04:00,210.97459411621094,210.97459411621094,211.08999633789062,210.1407928466797,210.1699981689453,1667291
2026-07-22 11:08:00-04:00,211.64999389648438,211.64999389648438,211.80499267578125,210.92999267578125,210.97500610351562,1309473
2026-07-22 11:10:00-04:00,212.01499938964844,212.01499938964844,212.38999938964844,211.6199951171875,211.63999938964844,1780745
2026-07-22 11:12:00-04:00,212.6300048828125,212.6300048828125,213.11000061035156,211.82000732421875,212.02000427246094,1956941
2026-07-22 11:14:00-04:00,213.05999755859375,213.05999755859375,213.24000549316406,212.4499969482422,212.63999938964844,1478874
2026-07-22 11:16:00-04:00,213.1699981689453,213.1699981689453,213.5458984375,212.8800048828125,213.05999755859375,1630260
2026-07-22 11:18:00-04:00,212.71560668945312,212.71560668945312,213.22999572753906,212.50999450683594,213.21499633789062,1738020
2026-07-22 11:20:00-04:00,212.3300018310547,212.3300018310547,212.8361053466797,212.27999877929688,212.71380615234375,1111791
2026-07-22 11:22:00-04:00,212.5,212.5,212.6699981689453,212.1199951171875,212.3300018310547,1013646
2026-07-22 11:24:00-04:00,212.5399932861328,212.5399932861328,212.7554931640625,212.22000122070312,212.49000549316406,749604
2026-07-22 11:26:00-04:00,212.47720336914062,212.47720336914062,212.5800018310547,212.3300018310547,212.53500366210938,690739
2026-07-22 11:28:00-04:00,212.1999969482422,212.1999969482422,212.70989990234375,212.1199951171875,212.47999572753906,615359
2026-07-22 11:30:00-04:00,212.45010375976562,212.45010375976562,212.6699981689453,212.1999969482422,212.22500610351562,624134
2026-07-22 11:32:00-04:00,212.27000427246094,212.27000427246094,212.5800018310547,212.24009704589844,212.4499969482422,446234
2026-07-22 11:34:00-04:00,212.50999450683594,212.50999450683594,212.52999877929688,212.0800018310547,212.28500366210938,839323
2026-07-22 11:36:00-04:00,212.13999938964844,212.13999938964844,212.55999755859375,212.08999633789062,212.52000427246094,502477
2026-07-22 11:38:00-04:00,211.9322052001953,211.9322052001953,212.27000427246094,211.83999633789062,212.1699981689453,620795
2026-07-22 11:40:00-04:00,212.1750030517578,212.1750030517578,212.36500549316406,211.89999389648438,211.94540405273438,567833
2026-07-22 11:42:00-04:00,212.0749969482422,212.0749969482422,212.1894989013672,211.9700927734375,212.18179321289062,365627
2026-07-22 11:44:00-04:00,211.9199981689453,211.9199981689453,212.2100067138672,211.8800048828125,212.0749969482422,503675
2026-07-22 11:46:00-04:00,212.08999633789062,212.08999633789062,212.1898956298828,211.91009521484375,211.91009521484375,414432
2026-07-22 11:48:00-04:00,212.42999267578125,212.42999267578125,212.42999267578125,211.97000122070312,212.0968017578125,509657
2026-07-22 11:50:00-04:00,212.72999572753906,212.72999572753906,212.74000549316406,212.32000732421875,212.41009521484375,620070
2026-07-22 11:52:00-04:00,213.03109741210938,213.03109741210938,213.61000061035156,212.72999572753906,212.73500061035156,1489285
2026-07-22 11:54:00-04:00,212.91000366210938,212.91000366210938,213.1300048828125,212.66000366210938,213.02999877929688,710241
2026-07-22 11:56:00-04:00,212.75,212.75,213.05999755859375,212.67999267578125,212.92970275878906,435443
2026-07-22 11:58:00-04:00,213.2301025390625,213.2301025390625,213.4499969482422,212.74000549316406,212.75,697036
2026-07-22 12:00:00-04:00,213.48019409179688,213.48019409179688,213.5500030517578,213.19000244140625,213.2100067138672,796344
2026-07-22 12:02:00-04:00,213.34500122070312,213.34500122070312,213.6999969482422,213.3300018310547,213.47999572753906,706357
2026-07-22 12:04:00-04:00,213.64999389648438,213.64999389648438,213.69000244140625,213.2100067138672,213.34500122070312,747330
2026-07-22 12:06:00-04:00,213.3905029296875,213.3905029296875,213.6649932861328,213.37010192871094,213.64010620117188,521836
2026-07-22 12:08:00-04:00,213.17999267578125,213.17999267578125,213.5500030517578,213.16200256347656,213.40499877929688,527450
2026-07-22 12:10:00-04:00,212.9456024169922,212.9456024169922,213.24000549316406,212.9149932861328,213.17999267578125,672985
2026-07-22 12:12:00-04:00,213.22999572753906,213.22999572753906,213.3000030517578,212.93649291992188,212.93649291992188,507299
2026-07-22 12:14:00-04:00,213.72000122070312,213.72000122070312,213.97999572753906,213.23699951171875,213.24000549316406,1346288
2026-07-22 12:16:00-04:00,214.16000366210938,214.16000366210938,214.1699981689453,213.52000427246094,213.72900390625,1121103
2026-07-22 12:18:00-04:00,213.9499969482422,213.9499969482422,214.25999450683594,213.9199981689453,214.1501007080078,883400
2026-07-22 12:20:00-04:00,213.99000549316406,213.99000549316406,214.25,213.77000427246094,213.9600067138672,749838
2026-07-22 12:22:00-04:00,213.80499267578125,213.80499267578125,214.02999877929688,213.75999450683594,213.99000549316406,581520
2026-07-22 12:24:00-04:00,214.02000427246094,214.02000427246094,214.0399932861328,213.77000427246094,213.80999755859375,453185
2026-07-22 12:26:00-04:00,213.7899932861328,213.7899932861328,214.00999450683594,213.77000427246094,214.0,348577
2026-07-22 12:28:00-04:00,213.5,213.5,213.77999877929688,213.41000366210938,213.77999877929688,541731
2026-07-22 12:30:00-04:00,213.61000061035156,213.61000061035156,213.91000366210938,213.3800048828125,213.49000549316406,573172
2026-07-22 12:32:00-04:00,214.2449951171875,214.2449951171875,214.27999877929688,213.5500030517578,213.61000061035156,624703
2026-07-22 12:34:00-04:00,213.80650329589844,213.80650329589844,214.32000732421875,213.7100067138672,214.24009704589844,645742
2026-07-22 12:36:00-04:00,213.71949768066406,213.71949768066406,213.92999267578125,213.66990661621094,213.8000030517578,371106
2026-07-22 12:38:00-04:00,213.78500366210938,213.78500366210938,213.97000122070312,213.66000366210938,213.72999572753906,317860
2026-07-22 12:40:00-04:00,213.81500244140625,213.81500244140625,213.8300018310547,213.66000366210938,213.78990173339844,420461
2026-07-22 12:42:00-04:00,213.5749969482422,213.5749969482422,213.83999633789062,213.5500030517578,213.8000030517578,294288
2026-07-22 12:44:00-04:00,213.55990600585938,213.55990600585938,213.77000427246094,213.5399932861328,213.58059692382812,245993
2026-07-22 12:46:00-04:00,213.50990295410156,213.50990295410156,213.66000366210938,213.35000610351562,213.52000427246094,471067
2026-07-22 12:48:00-04:00,213.375,213.375,213.56500244140625,213.32000732421875,213.5,1346395
2026-07-22 12:50:00-04:00,213.65499877929688,213.65499877929688,213.7050018310547,213.32000732421875,213.38999938964844,395378
2026-07-22 12:52:00-04:00,213.82989501953125,213.82989501953125,213.91000366210938,213.58999633789062,213.6501007080078,396685
2026-07-22 12:54:00-04:00,214.05499267578125,214.05499267578125,214.06500244140625,213.66000366210938,213.8000030517578,429361
2026-07-22 12:56:00-04:00,214.125,214.125,214.1699981689453,213.9510040283203,214.05050659179688,388478
2026-07-22 12:58:00-04:00,214.00999450683594,214.00999450683594,214.14999389648438,213.92999267578125,214.11199951171875,385631
2026-07-22 13:00:00-04:00,214.29400634765625,214.29400634765625,214.33999633789062,213.97999572753906,214.02999877929688,638031
2026-07-22 13:02:00-04:00,214.19000244140625,214.19000244140625,214.38999938964844,214.05999755859375,214.27999877929688,241405
2026-07-22 13:04:00-04:00,214.19000244140625,214.19000244140625,214.25999450683594,214.00999450683594,214.19500732421875,324098
2026-07-22 13:06:00-04:00,214.24000549316406,214.24000549316406,214.27000427246094,214.0500030517578,214.19000244140625,446855
2026-07-22 13:08:00-04:00,214.02000427246094,214.02000427246094,214.25,213.8800048828125,214.25,348542
2026-07-22 13:10:00-04:00,213.89500427246094,213.89500427246094,214.0500030517578,213.74000549316406,214.02499389648438,417275
2026-07-22 13:12:00-04:00,213.67990112304688,213.67990112304688,213.94000244140625,213.65499877929688,213.89500427246094,314033
2026-07-22 13:14:00-04:00,213.32029724121094,213.32029724121094,213.6999053955078,213.25999450683594,213.67149353027344,490919
2026-07-22 13:16:00-04:00,213.5,213.5,213.52999877929688,213.27000427246094,213.3350067138672,429250
2026-07-22 13:18:00-04:00,213.3000030517578,213.3000030517578,213.50999450683594,213.27499389648438,213.5050048828125,343790
2026-07-22 13:20:00-04:00,213.3699951171875,213.3699951171875,213.47500610351562,213.25,213.31919860839844,353188
2026-07-22 13:22:00-04:00,213.67359924316406,213.67359924316406,213.72999572753906,213.1999969482422,213.3730010986328,617256
2026-07-22 13:24:00-04:00,213.6300048828125,213.6300048828125,213.77000427246094,213.5601043701172,213.6699981689453,360479
2026-07-22 13:26:00-04:00,213.74009704589844,213.74009704589844,213.75,213.55999755859375,213.63949584960938,239689
2026-07-22 13:28:00-04:00,213.75999450683594,213.75999450683594,213.83999633789062,213.72000122070312,213.74009704589844,278539
2026-07-22 13:30:00-04:00,214.27999877929688,214.27999877929688,214.37989807128906,213.75,213.77000427246094,660783
2026-07-22 13:32:00-04:00,213.94000244140625,213.94000244140625,214.30999755859375,213.82000732421875,214.2899932861328,444351
2026-07-22 13:34:00-04:00,213.9499053955078,213.9499053955078,214.05499267578125,213.6999969482422,213.9499969482422,400414
2026-07-22 13:36:00-04:00,213.98500061035156,213.98500061035156,214.1300048828125,213.8800048828125,213.97000122070312,312602
2026-07-22 13:38:00-04:00,214.28500366210938,214.28500366210938,214.33999633789062,213.8800048828125,213.97720336914062,486395
2026-07-22 13:40:00-04:00,214.02499389648438,214.02499389648438,214.3498992919922,213.97999572753906,214.28500366210938,401791
2026-07-22 13:42:00-04:00,213.77499389648438,213.77499389648438,214.0500030517578,213.77000427246094,214.0,358531
2026-07-22 13:44:00-04:00,214.03500366210938,214.03500366210938,214.0760040283203,213.77000427246094,213.78599548339844,300548
2026-07-22 13:46:00-04:00,213.99000549316406,213.99000549316406,214.15989685058594,213.9199981689453,214.03500366210938,331666
2026-07-22 13:48:00-04:00,213.9490966796875,213.9490966796875,214.05999755859375,213.9199981689453,213.99000549316406,283214
2026-07-22 13:50:00-04:00,214.0050048828125,214.0050048828125,214.02499389648438,213.8800048828125,213.9600067138672,230813
2026-07-22 13:52:00-04:00,213.77999877929688,213.77999877929688,214.0050048828125,213.74000549316406,214.0,323754
2026-07-22 13:54:00-04:00,213.58999633789062,213.58999633789062,213.7899932861328,213.46009826660156,213.77999877929688,360391
2026-07-22 13:56:00-04:00,213.5399932861328,213.5399932861328,213.75990295410156,213.47999572753906,213.60000610351562,350681
2026-07-22 13:58:00-04:00,213.60000610351562,213.60000610351562,213.610107421875,213.4801025390625,213.53599548339844,271603
2026-07-22 14:00:00-04:00,213.80999755859375,213.80999755859375,213.86000061035156,213.58999633789062,213.58999633789062,361793
2026-07-22 14:02:00-04:00,213.6699981689453,213.6699981689453,213.86500549316406,213.55999755859375,213.8300018310547,314835
2026-07-22 14:04:00-04:00,213.73500061035156,213.73500061035156,213.82000732421875,213.61000061035156,213.67999267578125,210214
2026-07-22 14:06:00-04:00,213.86000061035156,213.86000061035156,213.86990356445312,213.6699981689453,213.7301025390625,244370
2026-07-22 14:08:00-04:00,213.5850067138672,213.5850067138672,213.88999938964844,213.5800018310547,213.86000061035156,296948
2026-07-22 14:10:00-04:00,213.68499755859375,213.68499755859375,213.9499969482422,213.50999450683594,213.5800018310547,437155
2026-07-22 14:12:00-04:00,213.58009338378906,213.58009338378906,213.69000244140625,213.52000427246094,213.6898956298828,322762
2026-07-22 14:14:00-04:00,213.55999755859375,213.55999755859375,213.6999969482422,213.50999450683594,213.58999633789062,300819
2026-07-22 14:16:00-04:00,213.59500122070312,213.59500122070312,213.74000549316406,213.52000427246094,213.55450439453125,257656
2026-07-22 14:18:00-04:00,213.60499572753906,213.60499572753906,213.8000030517578,213.55999755859375,213.60000610351562,315881
2026-07-22 14:20:00-04:00,213.57000732421875,213.57000732421875,213.75,213.52000427246094,213.60000610351562,253979
2026-07-22 14:22:00-04:00,213.5749969482422,213.5749969482422,213.63999938964844,213.47999572753906,213.57000732421875,218300
2026-07-22 14:24:00-04:00,213.64999389648438,213.64999389648438,213.72000122070312,213.5500030517578,213.5749969482422,247622
2026-07-22 14:26:00-04:00,213.625,213.625,213.7100067138672,213.56500244140625,213.64010620117188,284419
2026-07-22 14:28:00-04:00,213.74000549316406,213.74000549316406,213.8300018310547,213.6199951171875,213.6199951171875,363751
2026-07-22 14:30:00-04:00,213.5449981689453,213.5449981689453,213.75,213.50999450683594,213.72999572753906,340036
2026-07-22 14:32:00-04:00,213.55990600585938,213.55990600585938,213.6199951171875,213.4600067138672,213.5399932861328,386239
2026-07-22 14:34:00-04:00,213.69729614257812,213.69729614257812,213.6999969482422,213.4600067138672,213.5500946044922,331749
2026-07-22 14:36:00-04:00,213.6750030517578,213.6750030517578,213.8000030517578,213.6300048828125,213.69500732421875,273744
2026-07-22 14:38:00-04:00,213.72300720214844,213.72300720214844,213.75999450683594,213.61000061035156,213.6750030517578,231252
2026-07-22 14:40:00-04:00,213.58999633789062,213.58999633789062,213.74000549316406,213.52999877929688,213.72000122070312,294787
2026-07-22 14:42:00-04:00,213.7100067138672,213.7100067138672,213.75,213.5500030517578,213.59640502929688,447712
2026-07-22 14:44:00-04:00,213.84620666503906,213.84620666503906,213.8699951171875,213.6199951171875,213.69009399414062,279061
2026-07-22 14:46:00-04:00,213.75,213.75,213.8800048828125,213.6999969482422,213.84970092773438,216277
2026-07-22 14:48:00-04:00,213.72999572753906,213.72999572753906,213.8699951171875,213.69000244140625,213.74000549316406,293292
2026-07-22 14:50:00-04:00,213.60009765625,213.60009765625,213.75999450683594,213.57000732421875,213.73500061035156,293800
2026-07-22 14:52:00-04:00,213.72500610351562,213.72500610351562,213.74000549316406,213.58999633789062,213.60049438476562,289836
2026-07-22 14:54:00-04:00,213.97000122070312,213.97000122070312,213.97999572753906,213.6699981689453,213.72500610351562,349406
2026-07-22 14:56:00-04:00,213.80999755859375,213.80999755859375,213.99000549316406,213.66000366210938,213.9700927734375,300823
2026-07-22 14:58:00-04:00,213.77000427246094,213.77000427246094,213.91990661621094,213.75999450683594,213.80999755859375,281001
2026-07-22 15:00:00-04:00,213.9149932861328,213.9149932861328,213.9149932861328,213.74000549316406,213.77000427246094,265666
2026-07-22 15:02:00-04:00,213.96499633789062,213.96499633789062,213.97000122070312,213.77000427246094,213.9149932861328,271891
2026-07-22 15:04:00-04:00,214.0,214.0,214.2050018310547,213.92999267578125,213.96499633789062,707666
2026-07-22 15:06:00-04:00,213.7198944091797,213.7198944091797,214.0,213.6300048828125,214.0,474950
2026-07-22 15:08:00-04:00,213.67999267578125,213.67999267578125,213.76390075683594,213.6199951171875,213.7100067138672,284495
2026-07-22 15:10:00-04:00,213.57000732421875,213.57000732421875,213.72000122070312,213.5,213.6699981689453,352660
2026-07-22 15:12:00-04:00,213.46009826660156,213.46009826660156,213.58999633789062,213.44000244140625,213.5800018310547,409963
2026-07-22 15:14:00-04:00,213.16009521484375,213.16009521484375,213.47999572753906,213.00999450683594,213.46499633789062,738045
2026-07-22 15:16:00-04:00,213.49000549316406,213.49000549316406,213.52999877929688,213.09500122070312,213.16409301757812,799796
2026-07-22 15:18:00-04:00,213.39999389648438,213.39999389648438,213.5,213.1300048828125,213.5,499182
2026-07-22 15:20:00-04:00,213.32000732421875,213.32000732421875,213.42999267578125,213.25,213.39349365234375,304865
2026-07-22 15:22:00-04:00,213.43499755859375,213.43499755859375,213.49000549316406,213.2993927001953,213.32000732421875,380403
2026-07-22 15:24:00-04:00,213.31500244140625,213.31500244140625,213.58999633789062,213.25,213.42999267578125,526320
2026-07-22 15:26:00-04:00,213.10000610351562,213.10000610351562,213.3699951171875,212.91000366210938,213.3179931640625,494514
2026-07-22 15:28:00-04:00,213.35000610351562,213.35000610351562,213.49000549316406,213.05999755859375,213.08999633789062,489792
2026-07-22 15:30:00-04:00,213.14039611816406,213.14039611816406,213.39999389648438,213.02000427246094,213.35000610351562,606144
2026-07-22 15:32:00-04:00,212.75,212.75,213.14500427246094,212.72999572753906,213.14500427246094,465069
2026-07-22 15:34:00-04:00,212.57640075683594,212.57640075683594,212.89999389648438,212.57000732421875,212.75,537093
2026-07-22 15:36:00-04:00,212.6195068359375,212.6195068359375,212.7899932861328,212.42999267578125,212.5800018310547,728835
2026-07-22 15:38:00-04:00,212.5399932861328,212.5399932861328,212.6300048828125,212.36000061035156,212.61500549316406,656096
2026-07-22 15:40:00-04:00,212.71499633789062,212.71499633789062,212.74000549316406,212.51539611816406,212.5399932861328,1020692
2026-07-22 15:42:00-04:00,212.63999938964844,212.63999938964844,212.75,212.5399932861328,212.71499633789062,614886
2026-07-22 15:44:00-04:00,212.6699981689453,212.6699981689453,212.80999755859375,212.3800048828125,212.63009643554688,643634
2026-07-22 15:46:00-04:00,212.47999572753906,212.47999572753906,212.72860717773438,212.38999938964844,212.6699981689453,417928
2026-07-22 15:48:00-04:00,212.50999450683594,212.50999450683594,212.58099365234375,212.4503936767578,212.4700927734375,616448
2026-07-22 15:50:00-04:00,212.46099853515625,212.46099853515625,212.80999755859375,212.27999877929688,212.52000427246094,968359
2026-07-22 15:52:00-04:00,212.5699005126953,212.5699005126953,212.6300048828125,212.4199981689453,212.4600067138672,564662
2026-07-22 15:54:00-04:00,211.76499938964844,211.76499938964844,212.56500244140625,211.74000549316406,212.56500244140625,1270111
2026-07-22 15:56:00-04:00,212.25,212.25,212.25999450683594,211.72000122070312,211.77499389648438,1557631
2026-07-22 15:58:00-04:00,212.05990600585938,212.05990600585938,212.4600067138672,211.9600067138672,212.2550048828125,2734173
2026-07-23 09:30:00-04:00,208.7899932861328,208.7899932861328,210.00900268554688,208.5500030517578,209.39500427246094,5270928
2026-07-23 09:32:00-04:00,208.82000732421875,208.82000732421875,209.1699981689453,208.4499969482422,208.7899932861328,910304
2026-07-23 09:34:00-04:00,209.53829956054688,209.53829956054688,209.8000030517578,208.7449951171875,208.8300018310547,883740
2026-07-23 09:36:00-04:00,210.07000732421875,210.07000732421875,210.8686981201172,209.39089965820312,209.4904022216797,1248451
2026-07-23 09:38:00-04:00,208.77999877929688,208.77999877929688,210.3199005126953,208.60020446777344,210.07000732421875,1049536
2026-07-23 09:40:00-04:00,209.11000061035156,209.11000061035156,209.3699951171875,208.77000427246094,208.772705078125,858710
2026-07-23 09:42:00-04:00,209.8300018310547,209.8300018310547,209.9499969482422,209.01499938964844,209.10000610351562,839279
2026-07-23 09:44:00-04:00,209.5299072265625,209.5299072265625,209.86000061035156,209.13119506835938,209.8000030517578,688082
2026-07-23 09:46:00-04:00,209.5800018310547,209.5800018310547,209.83999633789062,209.16000366210938,209.5,615123
2026-07-23 09:48:00-04:00,209.30499267578125,209.30499267578125,209.62550354003906,209.1999969482422,209.55999755859375,392070
