Datetime,Adj Close,Close,High,Low,Open,Volume
,QQQ,QQQ,QQQ,QQQ,QQQ,QQQ
2026-06-04 09:30:00-04:00,735.52001953125,735.52001953125,736.0399780273438,734.0700073242188,735.489990234375,3884657
2026-06-04 09:32:00-04:00,737.2100219726562,737.2100219726562,737.2100219726562,735.0399780273438,735.614990234375,475709
2026-06-04 09:34:00-04:00,736.780029296875,736.780029296875,737.5599975585938,736.5999755859375,737.2000122070312,516161
2026-06-04 09:36:00-04:00,737.5599975585938,737.5599975585938,737.7999877929688,736.4000244140625,736.739990234375,374298
2026-06-04 09:38:00-04:00,737.0599975585938,737.0599975585938,737.77001953125,736.8300170898438,737.4600219726562,293426
2026-06-04 09:40:00-04:00,735.635009765625,735.635009765625,737.280029296875,735.5900268554688,737.0700073242188,424873
2026-06-04 09:42:00-04:00,734.6799926757812,734.6799926757812,735.885009765625,734.6799926757812,735.6500244140625,443439
2026-06-04 09:44:00-04:00,733.8300170898438,733.8300170898438,735.1099853515625,733.5599975585938,734.6699829101562,575313
2026-06-04 09:46:00-04:00,735.3350219726562,735.3350219726562,735.530029296875,733.6400146484375,733.8300170898438,610998
2026-06-04 09:48:00-04:00,734.9500122070312,734.9500122070312,735.8499755859375,734.5250244140625,735.3499755859375,263711
2026-06-04 09:50:00-04:00,736.02001953125,736.02001953125,736.0800170898438,734.3599853515625,735.0,404218
2026-06-04 09:52:00-04:00,735.280029296875,735.280029296875,736.6099853515625,734.9400024414062,736.0,276903
2026-06-04 09:54:00-04:00,734.8302001953125,734.8302001953125,735.489990234375,734.52001953125,735.2550048828125,222404
2026-06-04 09:56:00-04:00,735.760009765625,735.760009765625,736.0399780273438,734.6500244140625,734.9099731445312,295860
2026-06-04 09:58:00-04:00,735.0,735.0,736.510009765625,735.0,735.7100219726562,328001
2026-06-04 10:00:00-04:00,734.9500122070312,734.9500122070312,735.510009765625,734.5800170898438,735.0,321792
2026-06-04 10:02:00-04:00,734.0900268554688,734.0900268554688,735.0,734.0900268554688,734.9550170898438,272918
2026-06-04 10:04:00-04:00,733.2100219726562,733.2100219726562,734.22998046875,733.0399780273438,734.0800170898438,351859
2026-06-04 10:06:00-04:00,733.0399780273438,733.0399780273438,733.6099853515625,732.6300048828125,733.2150268554688,423682
2026-06-04 10:08:00-04:00,733.4400024414062,733.4400024414062,733.9600219726562,733.0349731445312,733.0599975585938,371252
2026-06-04 10:10:00-04:00,735.4299926757812,735.4299926757812,735.5900268554688,733.3300170898438,733.4099731445312,394186
2026-06-04 10:12:00-04:00,735.280029296875,735.280029296875,735.75,734.760009765625,735.344970703125,287349
2026-06-04 10:14:00-04:00,735.969970703125,735.969970703125,736.0800170898438,735.239990234375,735.3400268554688,215046
2026-06-04 10:16:00-04:00,736.1599731445312,736.1599731445312,736.3200073242188,735.4099731445312,735.9299926757812,168855
2026-06-04 10:18:00-04:00,735.3300170898438,735.3300170898438,736.1500244140625,735.3300170898438,736.105224609375,174480
2026-06-04 10:20:00-04:00,735.510009765625,735.510009765625,735.8699951171875,735.02001953125,735.4299926757812,131567
2026-06-04 10:22:00-04:00,736.3900146484375,736.3900146484375,736.4199829101562,735.510009765625,735.52001953125,114324
2026-06-04 10:24:00-04:00,736.8099975585938,736.8099975585938,736.9000244140625,736.0900268554688,736.4099731445312,146089
2026-06-04 10:26:00-04:00,736.9696044921875,736.9696044921875,737.0599975585938,736.4000244140625,736.8250122070312,153827
2026-06-04 10:28:00-04:00,737.1900024414062,737.1900024414062,737.3499755859375,736.77001953125,736.9650268554688,163337
2026-06-04 10:30:00-04:00,736.5798950195312,736.5798950195312,737.3200073242188,736.330078125,737.1500244140625,287128
2026-06-04 10:32:00-04:00,736.7949829101562,736.7949829101562,736.9299926757812,736.1599731445312,736.5399780273438,188140
2026-06-04 10:34:00-04:00,736.2401123046875,736.2401123046875,737.2100219726562,736.0800170898438,736.77001953125,176870
2026-06-04 10:36:00-04:00,736.7100219726562,736.7100219726562,736.780029296875,736.02001953125,736.27001953125,127845
2026-06-04 10:38:00-04:00,736.47998046875,736.47998046875,736.97998046875,736.2899780273438,736.6699829101562,84846
2026-06-04 10:40:00-04:00,737.02001953125,737.02001953125,737.0900268554688,736.469970703125,736.47998046875,117257
2026-06-04 10:42:00-04:00,736.5900268554688,736.5900268554688,736.989990234375,736.4500122070312,736.9299926757812,126690
2026-06-04 10:44:00-04:00,736.3099975585938,736.3099975585938,736.6849975585938,736.0900268554688,736.618896484375,131049
2026-06-04 10:46:00-04:00,736.5900268554688,736.5900268554688,736.9771728515625,736.2100219726562,736.2899780273438,158223
2026-06-04 10:48:00-04:00,736.530029296875,736.530029296875,736.6900024414062,735.98876953125,736.60498046875,111780
2026-06-04 10:50:00-04:00,736.7899780273438,736.7899780273438,736.8599853515625,736.1300048828125,736.5499877929688,100472
2026-06-04 10:52:00-04:00,736.2000122070312,736.2000122070312,736.8200073242188,736.1400146484375,736.8200073242188,129925
2026-06-04 10:54:00-04:00,736.8250122070312,736.8250122070312,736.919921875,736.2000122070312,736.239990234375,80968
2026-06-04 10:56:00-04:00,737.2100219726562,737.2100219726562,737.2999877929688,736.7100219726562,736.8400268554688,91205
2026-06-04 10:58:00-04:00,737.5200805664062,737.5200805664062,737.5800170898438,737.1300048828125,737.22998046875,115045
2026-06-04 11:00:00-04:00,737.919921875,737.919921875,738.1599731445312,737.5399780273438,737.5700073242188,219136
2026-06-04 11:02:00-04:00,737.8300170898438,737.8300170898438,738.0900268554688,737.7000122070312,737.9099731445312,67838
2026-06-04 11:04:00-04:00,738.239990234375,738.239990234375,738.3400268554688,737.5599975585938,737.8200073242188,147785
2026-06-04 11:06:00-04:00,738.77001953125,738.77001953125,738.7899780273438,738.2100219726562,738.219970703125,184478
2026-06-04 11:08:00-04:00,739.3300170898438,739.3300170898438,739.489990234375,738.75,738.780029296875,257787
2026-06-04 11:10:00-04:00,739.4600219726562,739.4600219726562,739.6199951171875,739.0399780273438,739.3599853515625,282652
2026-06-04 11:12:00-04:00,739.5,739.5,739.72998046875,739.3499755859375,739.456298828125,145924
2026-06-04 11:14:00-04:00,740.0499877929688,740.0499877929688,740.1099853515625,739.489990234375,739.489990234375,240803
2026-06-04 11:16:00-04:00,740.22998046875,740.22998046875,740.27001953125,739.97998046875,740.0599975585938,158477
2026-06-04 11:18:00-04:00,740.1099853515625,740.1099853515625,740.260009765625,739.7999877929688,740.2000122070312,170359
2026-06-04 11:20:00-04:00,739.719970703125,739.719970703125,740.1408081054688,739.510009765625,740.1024780273438,197166
2026-06-04 11:22:00-04:00,739.4000244140625,739.4000244140625,739.8599853515625,739.3599853515625,739.739990234375,112680
2026-06-04 11:24:00-04:00,739.9000244140625,739.9000244140625,740.219970703125,739.385009765625,739.4000244140625,149914
2026-06-04 11:26:00-04:00,739.8900756835938,739.8900756835938,739.97998046875,739.6500244140625,739.9400024414062,66004
2026-06-04 11:28:00-04:00,739.6104736328125,739.6104736328125,739.9749755859375,739.52001953125,739.9199829101562,48881
2026-06-04 11:30:00-04:00,739.5155029296875,739.5155029296875,739.7000122070312,739.3599853515625,739.6300048828125,86140
2026-06-04 11:32:00-04:00,739.5698852539062,739.5698852539062,739.739990234375,739.260009765625,739.5250244140625,70533
2026-06-04 11:34:00-04:00,739.4299926757812,739.4299926757812,739.6199951171875,739.2249755859375,739.4899291992188,113834
2026-06-04 11:36:00-04:00,739.3400268554688,739.3400268554688,739.780029296875,739.2100219726562,739.4000244140625,102372
2026-06-04 11:38:00-04:00,739.6500244140625,739.6500244140625,739.6900024414062,739.3499755859375,739.3499755859375,253386
2026-06-04 11:40:00-04:00,739.625,739.625,739.760009765625,739.3499755859375,739.6900024414062,200122
2026-06-04 11:42:00-04:00,739.3306274414062,739.3306274414062,739.6599731445312,739.3306274414062,739.6300048828125,39660
2026-06-04 11:44:00-04:00,738.7200927734375,738.7200927734375,739.3499755859375,738.7200927734375,739.3499755859375,107378
2026-06-04 11:46:00-04:00,738.25,738.25,739.0499877929688,738.219970703125,738.72998046875,84490
2026-06-04 11:48:00-04:00,737.9426879882812,737.9426879882812,738.3699951171875,737.7899780273438,738.22998046875,167499
2026-06-04 11:50:00-04:00,738.1699829101562,738.1699829101562,738.3300170898438,737.719970703125,737.9299926757812,182953
2026-06-04 11:52:00-04:00,738.77001953125,738.77001953125,738.8300170898438,738.0999755859375,738.1400146484375,132661
2026-06-04 11:54:00-04:00,738.7200927734375,738.7200927734375,738.8162231445312,738.3400268554688,738.7899780273438,175447
2026-06-04 11:56:00-04:00,738.6599731445312,738.6599731445312,738.7000122070312,738.260009765625,738.6849975585938,62170
2026-06-04 11:58:00-04:00,738.9400024414062,738.9400024414062,739.135009765625,738.6099853515625,738.6500244140625,87032
2026-06-04 12:00:00-04:00,739.1099853515625,739.1099853515625,739.1588134765625,738.5,738.9600219726562,68147
2026-06-04 12:02:00-04:00,739.280029296875,739.280029296875,739.280029296875,738.9199829101562,739.1199951171875,209442
2026-06-04 12:04:00-04:00,739.0399780273438,739.0399780273438,739.3400268554688,738.9600219726562,739.2449951171875,56008
2026-06-04 12:06:00-04:00,739.5499877929688,739.5499877929688,739.6400146484375,739.0399780273438,739.0499877929688,183658
2026-06-04 12:08:00-04:00,739.6386108398438,739.6386108398438,739.8400268554688,739.5,739.5599975585938,139004
2026-06-04 12:10:00-04:00,739.719970703125,739.719970703125,739.7750244140625,739.4000244140625,739.6300048828125,97193
2026-06-04 12:12:00-04:00,739.7100219726562,739.7100219726562,739.8800048828125,739.6107177734375,739.7050170898438,52751
2026-06-04 12:14:00-04:00,739.8499755859375,739.8499755859375,739.9500122070312,739.6013793945312,739.7100219726562,43795
2026-06-04 12:16:00-04:00,740.0750122070312,740.0750122070312,740.2000122070312,739.7100219726562,739.8399047851562,107386
2026-06-04 12:18:00-04:00,740.02001953125,740.02001953125,740.1300048828125,739.77001953125,740.0700073242188,56673
2026-06-04 12:20:00-04:00,740.25,740.25,740.3200073242188,739.8800048828125,740.0,60107
2026-06-04 12:22:00-04:00,740.5750122070312,740.5750122070312,740.5850219726562,740.0700073242188,740.27001953125,76652
2026-06-04 12:24:00-04:00,740.3900146484375,740.3900146484375,740.6749877929688,740.2100219726562,740.5900268554688,114512
2026-06-04 12:26:00-04:00,740.5800170898438,740.5800170898438,740.6124267578125,740.2958984375,740.52001953125,53680
2026-06-04 12:28:00-04:00,740.5499877929688,740.5499877929688,740.6400146484375,740.4600830078125,740.5800170898438,42322
2026-06-04 12:30:00-04:00,739.5599975585938,739.5599975585938,740.5700073242188,739.5401000976562,740.5549926757812,115207
2026-06-04 12:32:00-04:00,739.8400268554688,739.8400268554688,739.9500122070312,739.5999755859375,739.5999755859375,103476
2026-06-04 12:34:00-04:00,739.760009765625,739.760009765625,739.9600219726562,739.6300048828125,739.7899780273438,275494
2026-06-04 12:36:00-04:00,740.1599731445312,740.1599731445312,740.2000122070312,739.739990234375,739.77001953125,48927
2026-06-04 12:38:00-04:00,740.3499755859375,740.3499755859375,740.47998046875,740.1300048828125,740.1300048828125,87803
2026-06-04 12:40:00-04:00,740.5499877929688,740.5499877929688,740.5599975585938,740.1400756835938,740.3499755859375,105613
2026-06-04 12:42:00-04:00,740.7150268554688,740.7150268554688,740.7799072265625,740.4600219726562,740.5700073242188,127214
2026-06-04 12:44:00-04:00,740.4149780273438,740.4149780273438,740.7963256835938,740.380126953125,740.7100219726562,94605
2026-06-04 12:46:00-04:00,740.3200073242188,740.3200073242188,740.5889282226562,740.2901000976562,740.4400024414062,46527
2026-06-04 12:48:00-04:00,740.3800048828125,740.3800048828125,740.5399780273438,740.2200927734375,740.3151245117188,146587
2026-06-04 12:50:00-04:00,740.6099853515625,740.6099853515625,740.7899780273438,740.4000244140625,740.4000244140625,57006
2026-06-04 12:52:00-04:00,740.7899780273438,740.7899780273438,740.8800048828125,740.4550170898438,740.639892578125,80791
2026-06-04 12:54:00-04:00,740.7000122070312,740.7000122070312,740.8400268554688,740.60498046875,740.8001098632812,61601
2026-06-04 12:56:00-04:00,740.6536865234375,740.6536865234375,740.8200073242188,740.510009765625,740.6599731445312,86250
2026-06-04 12:58:00-04:00,740.52001953125,740.52001953125,740.780029296875,740.5,740.6400146484375,73087
2026-06-04 13:00:00-04:00,740.5999755859375,740.5999755859375,740.6500244140625,740.239990234375,740.52001953125,147297
2026-06-04 13:02:00-04:00,740.4299926757812,740.4299926757812,740.6900024414062,740.3400268554688,740.60009765625,77784
2026-06-04 13:04:00-04:00,740.239990234375,740.239990234375,740.5399780273438,740.239990234375,740.4600219726562,47058
2026-06-04 13:06:00-04:00,740.4299926757812,740.4299926757812,740.4299926757812,740.1799926757812,740.2545776367188,89269
2026-06-04 13:08:00-04:00,740.9299926757812,740.9299926757812,740.9400024414062,740.4600219726562,740.469970703125,108946
2026-06-04 13:10:00-04:00,741.030029296875,741.030029296875,741.0499877929688,740.780029296875,740.9199829101562,143558
2026-06-04 13:12:00-04:00,740.6849975585938,740.6849975585938,741.0700073242188,740.6400146484375,741.0308837890625,99690
2026-06-04 13:14:00-04:00,740.9000244140625,740.9000244140625,740.9500122070312,740.7000122070312,740.7000122070312,41936
2026-06-04 13:16:00-04:00,740.5599975585938,740.5599975585938,740.9199829101562,740.52001953125,740.9199829101562,153299
2026-06-04 13:18:00-04:00,740.7750244140625,740.7750244140625,740.8499755859375,740.4400024414062,740.5700073242188,68276
2026-06-04 13:20:00-04:00,740.5599975585938,740.5599975585938,740.9199829101562,740.47998046875,740.760009765625,57277
2026-06-04 13:22:00-04:00,740.8400268554688,740.8400268554688,740.8599853515625,740.5200805664062,740.5399780273438,30425
2026-06-04 13:24:00-04:00,741.1400146484375,741.1400146484375,741.1799926757812,740.760009765625,740.8200073242188,85742
2026-06-04 13:26:00-04:00,741.3900146484375,741.3900146484375,741.4000244140625,741.0599975585938,741.1500244140625,95294
2026-06-04 13:28:00-04:00,741.3900146484375,741.3900146484375,741.4500122070312,741.2249755859375,741.3997192382812,81188
2026-06-04 13:30:00-04:00,741.580078125,741.580078125,741.7999877929688,741.3099975585938,741.385009765625,132174
2026-06-04 13:32:00-04:00,741.9749755859375,741.9749755859375,742.02001953125,741.5800170898438,741.5900268554688,209190
2026-06-04 13:34:00-04:00,741.6699829101562,741.6699829101562,742.0,741.6300048828125,741.9749755859375,186209
2026-06-04 13:36:00-04:00,741.530029296875,741.530029296875,741.7650146484375,741.4550170898438,741.6599731445312,60287
2026-06-04 13:38:00-04:00,741.4199829101562,741.4199829101562,741.7598876953125,741.4099731445312,741.5700073242188,49628
2026-06-04 13:40:00-04:00,741.6541748046875,741.6541748046875,741.6699829101562,741.3499755859375,741.4099731445312,83090
2026-06-04 13:42:00-04:00,741.8900146484375,741.8900146484375,742.0,741.5449829101562,741.610107421875,43578
2026-06-04 13:44:00-04:00,741.8800048828125,741.8800048828125,742.1099853515625,741.77001953125,741.9099731445312,90868
2026-06-04 13:46:00-04:00,741.7899780273438,741.7899780273438,741.9299926757812,741.6900024414062,741.8900756835938,53115
2026-06-04 13:48:00-04:00,742.1199951171875,742.1199951171875,742.1199951171875,741.7899780273438,741.8099975585938,68377
2026-06-04 13:50:00-04:00,742.3400268554688,742.3400268554688,742.3599853515625,742.0200805664062,742.10498046875,112645
2026-06-04 13:52:00-04:00,742.1500244140625,742.1500244140625,742.3900146484375,742.1400146484375,742.3099975585938,85925
2026-06-04 13:54:00-04:00,742.38623046875,742.38623046875,742.38623046875,742.0999755859375,742.1500244140625,37587
2026-06-04 13:56:00-04:00,742.469970703125,742.469970703125,742.47998046875,742.2600708007812,742.360107421875,52111
2026-06-04 13:58:00-04:00,742.5,742.5,742.5700073242188,742.4299926757812,742.4801025390625,82181
2026-06-04 14:00:00-04:00,742.6799926757812,742.6799926757812,742.760009765625,742.405029296875,742.4949951171875,132263
2026-06-04 14:02:00-04:00,742.8699951171875,742.8699951171875,742.8699951171875,742.6599731445312,742.6900024414062,181659
2026-06-04 14:04:00-04:00,743.1900024414062,743.1900024414062,743.219970703125,742.8300170898438,742.8699951171875,183565
2026-06-04 14:06:00-04:00,743.27001953125,743.27001953125,743.3300170898438,743.1500244140625,743.1900024414062,96819
2026-06-04 14:08:00-04:00,743.1699829101562,743.1699829101562,743.3300170898438,743.02001953125,743.260009765625,136914
2026-06-04 14:10:00-04:00,743.375,743.375,743.4000244140625,742.9826049804688,743.1799926757812,132165
2026-06-04 14:12:00-04:00,743.3599853515625,743.3599853515625,743.4299926757812,743.2600708007812,743.3699951171875,79525
2026-06-04 14:14:00-04:00,743.0700073242188,743.0700073242188,743.3800048828125,742.97998046875,743.3690795898438,88460
2026-06-04 14:16:00-04:00,742.9299926757812,742.9299926757812,743.1849975585938,742.8499755859375,743.0700073242188,221212
2026-06-04 14:18:00-04:00,743.27001953125,743.27001953125,743.3499755859375,742.9099731445312,742.9349975585938,60212
2026-06-04 14:20:00-04:00,743.2249755859375,743.2249755859375,743.3389892578125,743.0800170898438,743.2650146484375,39782
2026-06-04 14:22:00-04:00,742.9650268554688,742.9650268554688,743.2750244140625,742.9099731445312,743.239990234375,233901
2026-06-04 14:24:00-04:00,743.2000122070312,743.2000122070312,743.2100219726562,742.9099731445312,742.969970703125,78478
2026-06-04 14:26:00-04:00,743.22998046875,743.22998046875,743.3800048828125,743.1849975585938,743.2000122070312,61443
2026-06-04 14:28:00-04:00,743.1599731445312,743.1599731445312,743.2999877929688,743.094970703125,743.2899780273438,112544
2026-06-04 14:30:00-04:00,742.75,742.75,743.25,742.739990234375,743.135009765625,71373
2026-06-04 14:32:00-04:00,742.6099853515625,742.6099853515625,742.8699951171875,742.5499877929688,742.780029296875,149123
2026-06-04 14:34:00-04:00,742.6799926757812,742.6799926757812,743.0,742.5900268554688,742.6300048828125,119540
2026-06-04 14:36:00-04:00,742.8652954101562,742.8652954101562,742.9299926757812,742.5750122070312,742.6599731445312,338621
2026-06-04 14:38:00-04:00,742.739990234375,742.739990234375,742.9080810546875,742.530029296875,742.8400268554688,182577
2026-06-04 14:40:00-04:00,742.6799926757812,742.6799926757812,742.719970703125,742.4199829101562,742.719970703125,137381
2026-06-04 14:42:00-04:00,742.8200073242188,742.8200073242188,742.8599853515625,742.5399780273438,742.6799926757812,84576
2026-06-04 14:44:00-04:00,742.6199951171875,742.6199951171875,742.8200073242188,742.5999755859375,742.8004760742188,140363
2026-06-04 14:46:00-04:00,743.0599975585938,743.0599975585938,743.114990234375,742.5900268554688,742.6199951171875,100074
2026-06-04 14:48:00-04:00,743.1599731445312,743.1599731445312,743.1649780273438,742.969970703125,743.0549926757812,56304
2026-06-04 14:50:00-04:00,743.22998046875,743.22998046875,743.2550048828125,743.030029296875,743.1599731445312,43648
2026-06-04 14:52:00-04:00,743.2000122070312,743.2000122070312,743.239990234375,743.0800170898438,743.2100219726562,33576
2026-06-04 14:54:00-04:00,742.75,742.75,743.2100219726562,742.719970703125,743.2000122070312,73205
2026-06-04 14:56:00-04:00,742.4830932617188,742.4830932617188,742.8800048828125,742.469970703125,742.75,83966
2026-06-04 14:58:00-04:00,742.402099609375,742.402099609375,742.530029296875,742.219970703125,742.4600219726562,179498
2026-06-04 15:00:00-04:00,742.6099853515625,742.6099853515625,742.75,742.3300170898438,742.4400024414062,75321
2026-06-04 15:02:00-04:00,742.6649780273438,742.6649780273438,742.77978515625,742.5700073242188,742.5999145507812,72731
2026-06-04 15:04:00-04:00,743.0900268554688,743.0900268554688,743.0900268554688,742.5499877929688,742.6699829101562,94713
2026-06-04 15:06:00-04:00,743.0250244140625,743.0250244140625,743.1099853515625,742.8900146484375,743.0374755859375,173930
2026-06-04 15:08:00-04:00,742.7100219726562,742.7100219726562,743.1699829101562,742.7000122070312,743.0399780273438,232342
2026-06-04 15:10:00-04:00,742.2999877929688,742.2999877929688,742.7999877929688,742.2899780273438,742.7100830078125,121995
2026-06-04 15:12:00-04:00,742.1400146484375,742.1400146484375,742.4498901367188,742.1007080078125,742.3099975585938,141425
2026-06-04 15:14:00-04:00,742.0800170898438,742.0800170898438,742.4199829101562,742.010009765625,742.1300048828125,217204
2026-06-04 15:16:00-04:00,741.8309936523438,741.8309936523438,742.1300048828125,741.7999877929688,742.0999755859375,217322
2026-06-04 15:18:00-04:00,741.8499755859375,741.8499755859375,742.0701904296875,741.7449951171875,741.8302001953125,135811
2026-06-04 15:20:00-04:00,741.9901123046875,741.9901123046875,742.1699829101562,741.8400268554688,741.8402099609375,100855
2026-06-04 15:22:00-04:00,742.52001953125,742.52001953125,742.5999755859375,741.9603271484375,742.0,146578
2026-06-04 15:24:00-04:00,742.719970703125,742.719970703125,742.780029296875,742.52001953125,742.52001953125,116958
2026-06-04 15:26:00-04:00,742.9199829101562,742.9199829101562,742.9199829101562,742.719970703125,742.75,69291
2026-06-04 15:28:00-04:00,743.281494140625,743.281494140625,743.3099975585938,742.8200073242188,742.9199829101562,205330
2026-06-04 15:30:00-04:00,743.1300048828125,743.1300048828125,743.498779296875,743.1119995117188,743.2750244140625,255259
2026-06-04 15:32:00-04:00,743.1699829101562,743.1699829101562,743.35498046875,743.1400146484375,743.1400146484375,58352
2026-06-04 15:34:00-04:00,743.2750244140625,743.2750244140625,743.2899780273438,742.9000244140625,743.1599731445312,79952
2026-06-04 15:36:00-04:00,743.0399780273438,743.0399780273438,743.3400268554688,743.0283813476562,743.2750244140625,153833
2026-06-04 15:38:00-04:00,743.0999755859375,743.0999755859375,743.1300048828125,742.8765258789062,743.0349731445312,60544
2026-06-04 15:40:00-04:00,742.4149780273438,742.4149780273438,743.1500244140625,742.3400268554688,743.1300048828125,146964
2026-06-04 15:42:00-04:00,742.2100219726562,742.2100219726562,742.5198974609375,742.1400146484375,742.4099731445312,129377
2026-06-04 15:44:00-04:00,741.8099975585938,741.8099975585938,742.2899780273438,741.7949829101562,742.1900024414062,214357
2026-06-04 15:46:00-04:00,741.6199951171875,741.6199951171875,742.030029296875,741.6099853515625,741.7899780273438,190736
2026-06-04 15:48:00-04:00,741.8800048828125,741.8800048828125,744.2100219726562,741.594970703125,741.6300048828125,238719
2026-06-04 15:50:00-04:00,741.5800170898438,741.5800170898438,742.239990234375,741.219970703125,741.8300170898438,407106
2026-06-04 15:52:00-04:00,741.4749755859375,741.4749755859375,741.760009765625,741.2849731445312,741.5700073242188,319351
2026-06-04 15:54:00-04:00,740.8200073242188,740.8200073242188,741.6599731445312,740.75,741.469970703125,985223
2026-06-04 15:56:00-04:00,740.8300170898438,740.8300170898438,741.0,740.6010131835938,740.8300170898438,896300
2026-06-04 15:58:00-04:00,740.5,740.5,740.9299926757812,740.3900146484375,740.8200073242188,1547901
2026-06-05 09:30:00-04:00,731.5499877929688,731.5499877929688,731.6500244140625,729.1300048828125,729.926025390625,3790399
2026-06-05 09:32:00-04:00,730.739990234375,730.739990234375,731.6799926757812,730.4301147460938,731.510009765625,382204
2026-06-05 09:34:00-04:00,730.0798950195312,730.0798950195312,730.7249755859375,729.6300048828125,730.7150268554688,441945
2026-06-05 09:36:00-04:00,729.3099975585938,729.3099975585938,730.094970703125,729.1300048828125,730.0700073242188,418801
2026-06-05 09:38:00-04:00,729.2899780273438,729.2899780273438,729.614990234375,728.4099731445312,729.2999877929688,536625
2026-06-05 09:40:00-04:00,727.9299926757812,727.9299926757812,729.4000244140625,727.9000244140625,729.3099975585938,490194
2026-06-05 09:42:00-04:00,727.9400024414062,727.9400024414062,728.5,727.6500244140625,727.9400024414062,483761
2026-06-05 09:44:00-04:00,726.97998046875,726.97998046875,728.1599731445312,726.9000244140625,727.9400024414062,490181
2026-06-05 09:46:00-04:00,726.530029296875,726.530029296875,727.280029296875,726.405029296875,726.97998046875,509208
2026-06-05 09:48:00-04:00,725.7000122070312,725.7000122070312,726.5499877929688,725.5399780273438,726.5150146484375,608839
2026-06-05 09:50:00-04:00,726.3200073242188,726.3200073242188,726.5399780273438,725.4400024414062,725.6900024414062,689410
2026-06-05 09:52:00-04:00,726.5599975585938,726.5599975585938,726.7000122070312,725.8400268554688,726.2999877929688,820313
2026-06-05 09:54:00-04:00,726.1699829101562,726.1699829101562,726.875,725.989990234375,726.5499877929688,377759
2026-06-05 09:56:00-04:00,725.1099853515625,725.1099853515625,726.3049926757812,725.0599975585938,726.1300048828125,452689
2026-06-05 09:58:00-04:00,723.7000122070312,723.7000122070312,725.1300048828125,723.6539916992188,725.0999755859375,882111
2026-06-05 10:00:00-04:00,723.969970703125,723.969970703125,724.3900146484375,723.3400268554688,723.739990234375,603493
2026-06-05 10:02:00-04:00,724.5599975585938,724.5599975585938,725.0900268554688,723.6801147460938,723.9600219726562,573900
2026-06-05 10:04:00-04:00,724.5900268554688,724.5900268554688,724.7999877929688,723.719970703125,724.530029296875,333055
2026-06-05 10:06:00-04:00,724.7550048828125,724.7550048828125,724.844970703125,723.47998046875,724.5399780273438,259456
2026-06-05 10:08:00-04:00,725.6699829101562,725.6699829101562,725.8400268554688,724.4840087890625,724.75,863862
2026-06-05 10:10:00-04:00,725.1599731445312,725.1599731445312,726.0499877929688,724.5999755859375,725.7100219726562,615276
2026-06-05 10:12:00-04:00,725.5999755859375,725.5999755859375,725.9498901367188,724.4199829101562,725.1699829101562,337584
2026-06-05 10:14:00-04:00,726.7100219726562,726.7100219726562,726.8099975585938,725.530029296875,725.6099853515625,427600
2026-06-05 10:16:00-04:00,727.0499877929688,727.0499877929688,727.0800170898438,726.1799926757812,726.719970703125,384435
2026-06-05 10:18:00-04:00,727.7700805664062,727.7700805664062,727.8400268554688,726.75,727.0399780273438,328298
2026-06-05 10:20:00-04:00,727.3300170898438,727.3300170898438,727.8300170898438,727.1099853515625,727.8300170898438,267760
2026-06-05 10:22:00-04:00,726.3300170898438,726.3300170898438,727.4478759765625,725.9500122070312,727.3200073242188,265246
2026-06-05 10:24:00-04:00,725.130126953125,725.130126953125,726.564697265625,725.1300048828125,726.375,165347
2026-06-05 10:26:00-04:00,724.6799926757812,724.6799926757812,725.52001953125,724.52001953125,725.1599731445312,237207
2026-06-05 10:28:00-04:00,724.9598999023438,724.9598999023438,724.9899291992188,724.4201049804688,724.6799926757812,210724
2026-06-05 10:30:00-04:00,725.8099975585938,725.8099975585938,725.8099975585938,724.739990234375,724.9550170898438,246120
2026-06-05 10:32:00-04:00,725.9949951171875,725.9949951171875,726.3098754882812,725.6199951171875,725.8400268554688,229074
2026-06-05 10:34:00-04:00,727.260009765625,727.260009765625,727.3599853515625,725.969970703125,726.0,297475
2026-06-05 10:36:00-04:00,727.4400024414062,727.4400024414062,727.47998046875,726.7550048828125,727.260009765625,319996
2026-06-05 10:38:00-04:00,726.3800048828125,726.3800048828125,727.4799194335938,726.260009765625,727.4400024414062,580341
2026-06-05 10:40:00-04:00,725.9910278320312,725.9910278320312,726.5198974609375,725.7899780273438,726.4199829101562,173992
2026-06-05 10:42:00-04:00,725.3184814453125,725.3184814453125,726.0599975585938,725.1500244140625,726.010009765625,169977
2026-06-05 10:44:00-04:00,725.7999877929688,725.7999877929688,726.1099853515625,724.969970703125,725.260009765625,235889
2026-06-05 10:46:00-04:00,724.6799926757812,724.6799926757812,725.8599853515625,724.530029296875,725.7999877929688,197455
2026-06-05 10:48:00-04:00,725.010009765625,725.010009765625,725.4600219726562,724.6900024414062,724.719970703125,178078
2026-06-05 10:50:00-04:00,725.6300048828125,725.6300048828125,725.719970703125,724.780029296875,724.9949951171875,245545
2026-06-05 10:52:00-04:00,725.125,725.125,725.6300048828125,724.8599853515625,725.6199951171875,174148
2026-06-05 10:54:00-04:00,724.9500122070312,724.9500122070312,725.3400268554688,724.9199829101562,725.0999755859375,176371
2026-06-05 10:56:00-04:00,725.8499755859375,725.8499755859375,726.1199951171875,724.8001098632812,724.9199829101562,238690
2026-06-05 10:58:00-04:00,725.6602172851562,725.6602172851562,725.989990234375,725.3599853515625,725.8599853515625,146150
2026-06-05 11:00:00-04:00,724.5599975585938,724.5599975585938,726.0399780273438,724.5599975585938,725.6799926757812,301888
2026-06-05 11:02:00-04:00,724.4000244140625,724.4000244140625,724.6799926757812,724.1500244140625,724.5599975585938,243459
2026-06-05 11:04:00-04:00,724.0800170898438,724.0800170898438,724.909912109375,724.02001953125,724.4400024414062,170330
2026-06-05 11:06:00-04:00,723.9299926757812,723.9299926757812,724.1199951171875,723.5499877929688,724.0499267578125,327244
2026-06-05 11:08:00-04:00,723.8599853515625,723.8599853515625,724.1900024414062,723.5999755859375,723.9400024414062,182031
2026-06-05 11:10:00-04:00,723.4500122070312,723.4500122070312,724.280029296875,723.4199829101562,723.7496948242188,165211
2026-06-05 11:12:00-04:00,722.9299926757812,722.9299926757812,723.6699829101562,722.8900146484375,723.469970703125,401185
2026-06-05 11:14:00-04:00,722.5650024414062,722.5650024414062,723.1199951171875,722.510009765625,722.9400024414062,361916
2026-06-05 11:16:00-04:00,723.3212280273438,723.3212280273438,723.3298950195312,722.469970703125,722.5700073242188,350977
2026-06-05 11:18:00-04:00,723.27001953125,723.27001953125,723.3800048828125,723.0700073242188,723.2899780273438,181572
2026-06-05 11:20:00-04:00,722.6298828125,722.6298828125,723.47998046875,722.4199829101562,723.2100219726562,372203
2026-06-05 11:22:00-04:00,722.3200073242188,722.3200073242188,722.8400268554688,721.760009765625,722.5700073242188,620708
2026-06-05 11:24:00-04:00,722.4598999023438,722.4598999023438,722.489990234375,721.905029296875,722.3300170898438,208787
2026-06-05 11:26:00-04:00,722.3499755859375,722.3499755859375,722.6300048828125,722.030029296875,722.4600219726562,177264
2026-06-05 11:28:00-04:00,722.3181762695312,722.3181762695312,722.5900268554688,721.9650268554688,722.2901000976562,277124
2026-06-05 11:30:00-04:00,722.4299926757812,722.4299926757812,722.8499755859375,722.0599975585938,722.22021484375,280429
2026-06-05 11:32:00-04:00,721.7108764648438,721.7108764648438,722.44921875,721.7108764648438,722.4299926757812,153252
2026-06-05 11:34:00-04:00,721.8300170898438,721.8300170898438,722.010009765625,721.5001220703125,721.7100830078125,257890
2026-06-05 11:36:00-04:00,721.125,721.125,721.97998046875,721.1099853515625,721.8599853515625,276431
2026-06-05 11:38:00-04:00,720.5650024414062,720.5650024414062,721.2091064453125,720.3599853515625,721.125,433140
2026-06-05 11:40:00-04:00,719.989990234375,719.989990234375,720.75,719.8599853515625,720.5449829101562,379467
2026-06-05 11:42:00-04:00,721.0601196289062,721.0601196289062,721.1900024414062,719.989013671875,720.0,275221
2026-06-05 11:44:00-04:00,720.989990234375,720.989990234375,721.0999755859375,720.4099731445312,721.0800170898438,112650
2026-06-05 11:46:00-04:00,720.9099731445312,720.9099731445312,721.469970703125,720.8350219726562,720.9199829101562,255150
2026-06-05 11:48:00-04:00,720.6699829101562,720.6699829101562,720.97998046875,720.1901245117188,720.8800048828125,211659
2026-06-05 11:50:00-04:00,720.97998046875,720.97998046875,721.1599731445312,720.5499877929688,720.64501953125,320635
2026-06-05 11:52:00-04:00,721.1199951171875,721.1199951171875,721.260009765625,720.5250244140625,720.9500122070312,166690
2026-06-05 11:54:00-04:00,721.0,721.0,721.3300170898438,720.6799926757812,721.1300048828125,207188
2026-06-05 11:56:00-04:00,721.2899780273438,721.2899780273438,721.3200073242188,720.7999877929688,720.9942016601562,155647
2026-06-05 11:58:00-04:00,720.989990234375,720.989990234375,721.3300170898438,720.5800170898438,721.25,159195
2026-06-05 12:00:00-04:00,720.1400146484375,720.1400146484375,720.97998046875,720.0700073242188,720.9401245117188,228110
2026-06-05 12:02:00-04:00,719.989990234375,719.989990234375,720.4400024414062,719.760009765625,720.1199951171875,314120
2026-06-05 12:04:00-04:00,719.3842163085938,719.3842163085938,720.0599975585938,719.3300170898438,719.969970703125,438706
2026-06-05 12:06:00-04:00,719.4199829101562,719.4199829101562,719.719970703125,719.1389770507812,719.344970703125,245671
2026-06-05 12:08:00-04:00,718.9400024414062,718.9400024414062,719.3800048828125,718.75,719.364990234375,460775
2026-06-05 12:10:00-04:00,719.47998046875,719.47998046875,719.510009765625,718.6199951171875,718.9299926757812,317654
2026-06-05 12:12:00-04:00,719.844970703125,719.844970703125,719.85498046875,719.0401000976562,719.469970703125,234979
2026-06-05 12:14:00-04:00,718.8198852539062,718.8198852539062,719.9199829101562,718.8198852539062,719.8499755859375,159016
2026-06-05 12:16:00-04:00,718.2999877929688,718.2999877929688,718.8250122070312,718.0549926757812,718.7999877929688,787960
2026-06-05 12:18:00-04:00,718.1099853515625,718.1099853515625,718.5,717.9500122070312,718.25,293354
2026-06-05 12:20:00-04:00,718.72998046875,718.72998046875,718.739990234375,717.9149780273438,718.1099853515625,239549
2026-06-05 12:22:00-04:00,718.905029296875,718.905029296875,719.02001953125,718.4500122070312,718.7100219726562,261221
2026-06-05 12:24:00-04:00,718.9400024414062,718.9400024414062,719.0900268554688,718.3699951171875,718.9199829101562,130518
2026-06-05 12:26:00-04:00,718.7000122070312,718.7000122070312,719.2000122070312,718.6599731445312,718.97998046875,161625
2026-06-05 12:28:00-04:00,718.0798950195312,718.0798950195312,718.7249755859375,718.030029296875,718.6699829101562,303144
2026-06-05 12:30:00-04:00,717.405029296875,717.405029296875,718.2100219726562,717.385009765625,718.0750122070312,1817314
2026-06-05 12:32:00-04:00,716.9099731445312,716.9099731445312,717.4349975585938,716.6900024414062,717.4099731445312,474422
2026-06-05 12:34:00-04:00,717.3800048828125,717.3800048828125,717.489990234375,716.7849731445312,716.9000244140625,393318
2026-06-05 12:36:00-04:00,716.8300170898438,716.8300170898438,717.3800048828125,716.3200073242188,717.3350219726562,271906
2026-06-05 12:38:00-04:00,716.75,716.75,717.3499755859375,716.6199951171875,716.8099975585938,250151
2026-06-05 12:40:00-04:00,715.9500122070312,715.9500122070312,717.010009765625,715.8699951171875,716.739990234375,496176
2026-06-05 12:42:00-04:00,715.280029296875,715.280029296875,716.25,715.25,715.9500122070312,472836
2026-06-05 12:44:00-04:00,714.5399780273438,714.5399780273438,715.6799926757812,714.1950073242188,715.260009765625,716090
2026-06-05 12:46:00-04:00,714.8200073242188,714.8200073242188,715.219970703125,714.3300170898438,714.5599975585938,659468
2026-06-05 12:48:00-04:00,715.6599731445312,715.6599731445312,715.7000122070312,714.280029296875,714.8099975585938,467330
2026-06-05 12:50:00-04:00,715.8201293945312,715.8201293945312,715.8599853515625,714.9500122070312,715.6599731445312,588250
2026-06-05 12:52:00-04:00,716.6799926757812,716.6799926757812,716.7000122070312,715.5800170898438,715.8099975585938,544849
2026-06-05 12:54:00-04:00,716.1998901367188,716.1998901367188,717.2000122070312,716.0,716.6500854492188,581428
2026-06-05 12:56:00-04:00,716.669921875,716.669921875,716.72998046875,715.9808959960938,716.1998901367188,219735
2026-06-05 12:58:00-04:00,716.8099975585938,716.8099975585938,716.8453979492188,716.1500244140625,716.6599731445312,219254
2026-06-05 13:00:00-04:00,715.8101196289062,715.8101196289062,716.8300170898438,715.8099975585938,716.8200073242188,242130
2026-06-05 13:02:00-04:00,715.8499755859375,715.8499755859375,716.0,715.1199951171875,715.9099731445312,383019
2026-06-05 13:04:00-04:00,715.3900756835938,715.3900756835938,716.0599975585938,715.2999877929688,715.8200073242188,263308
2026-06-05 13:06:00-04:00,714.9630126953125,714.9630126953125,715.47998046875,714.8900146484375,715.4099731445312,516078
2026-06-05 13:08:00-04:00,715.1300048828125,715.1300048828125,715.3300170898438,714.6849975585938,714.9749755859375,227191
2026-06-05 13:10:00-04:00,714.3400268554688,714.3400268554688,715.2901000976562,714.3400268554688,715.1099853515625,128223
2026-06-05 13:12:00-04:00,714.5999755859375,714.5999755859375,714.989990234375,714.0599975585938,714.3300170898438,377585
2026-06-05 13:14:00-04:00,714.6599731445312,714.6599731445312,714.9299926757812,714.3900146484375,714.510009765625,459539
2026-06-05 13:16:00-04:00,714.25,714.25,714.5499877929688,713.77001953125,714.5349731445312,242910
2026-06-05 13:18:00-04:00,714.530029296875,714.530029296875,714.5999755859375,713.9249877929688,714.2200927734375,179204
2026-06-05 13:20:00-04:00,714.2501220703125,714.2501220703125,714.6599731445312,713.7000122070312,714.5999755859375,69484
2026-06-05 13:22:00-04:00,715.7463989257812,715.7463989257812,715.760009765625,714.1500244140625,714.260009765625,381821
2026-06-05 13:24:00-04:00,714.8798828125,714.8798828125,715.7999877929688,714.8200073242188,715.719970703125,754156
2026-06-05 13:26:00-04:00,715.4199829101562,715.4199829101562,715.5499877929688,714.6400146484375,714.8599853515625,184336
2026-06-05 13:28:00-04:00,715.6500244140625,715.6500244140625,715.7100219726562,715.0501098632812,715.4400024414062,234600
2026-06-05 13:30:00-04:00,715.77001953125,715.77001953125,715.97998046875,715.3099975585938,715.6199951171875,288323
2026-06-05 13:32:00-04:00,715.260009765625,715.260009765625,715.8300170898438,714.9600219726562,715.7899780273438,396877
2026-06-05 13:34:00-04:00,716.3099975585938,716.3099975585938,716.3800048828125,715.2050170898438,715.2449951171875,212839
2026-06-05 13:36:00-04:00,716.77001953125,716.77001953125,716.8099975585938,716.0499877929688,716.2899780273438,272530
2026-06-05 13:38:00-04:00,716.7899780273438,716.7899780273438,716.8699951171875,716.52001953125,716.7999877929688,259272
2026-06-05 13:40:00-04:00,715.9299926757812,715.9299926757812,717.2100219726562,715.8300170898438,716.7899780273438,356893
2026-06-05 13:42:00-04:00,715.2949829101562,715.2949829101562,716.0599975585938,715.1500244140625,715.9650268554688,598289
2026-06-05 13:44:00-04:00,715.4199829101562,715.4199829101562,715.6099243164062,714.77001953125,715.27001953125,142212
2026-06-05 13:46:00-04:00,715.7199096679688,715.7199096679688,715.8200073242188,715.1500244140625,715.3701171875,122991
2026-06-05 13:48:00-04:00,715.3099975585938,715.3099975585938,715.739990234375,714.969970703125,715.739990234375,136484
2026-06-05 13:50:00-04:00,715.2698974609375,715.2698974609375,715.5999755859375,715.1950073242188,715.3150024414062,114454
2026-06-05 13:52:00-04:00,715.712890625,715.712890625,715.7999877929688,715.2100219726562,715.239990234375,119978
2026-06-05 13:54:00-04:00,715.5798950195312,715.5798950195312,715.8699951171875,715.3300170898438,715.6799926757812,100107
2026-06-05 13:56:00-04:00,716.1900024414062,716.1900024414062,716.2155151367188,715.5300903320312,715.5703125,209244
2026-06-05 13:58:00-04:00,716.3900146484375,716.3900146484375,716.4600219726562,716.0449829101562,716.2197875976562,241370
2026-06-05 14:00:00-04:00,716.2449951171875,716.2449951171875,716.52001953125,716.030029296875,716.4000244140625,255444
2026-06-05 14:02:00-04:00,715.02001953125,715.02001953125,716.2410278320312,714.7999877929688,716.239990234375,471125
2026-06-05 14:04:00-04:00,714.2833862304688,714.2833862304688,715.0399169921875,714.219970703125,715.0001220703125,226085
2026-06-05 14:06:00-04:00,714.5800170898438,714.5800170898438,714.72998046875,714.2301025390625,714.280029296875,320514
2026-06-05 14:08:00-04:00,714.197998046875,714.197998046875,714.6199951171875,714.1799926757812,714.5700073242188,114960
2026-06-05 14:10:00-04:00,713.739990234375,713.739990234375,714.52001953125,713.5700073242188,714.18701171875,292616
2026-06-05 14:12:00-04:00,713.25,713.25,713.7899780273438,713.1500244140625,713.75,416086
2026-06-05 14:14:00-04:00,711.75,711.75,713.260009765625,711.6500244140625,713.2249755859375,762011
2026-06-05 14:16:00-04:00,711.9000244140625,711.9000244140625,712.1179809570312,711.5999755859375,711.760009765625,446065
2026-06-05 14:18:00-04:00,711.4600219726562,711.4600219726562,712.219970703125,711.3400268554688,711.8599853515625,356219
2026-06-05 14:20:00-04:00,711.8499755859375,711.8499755859375,712.030029296875,711.3699951171875,711.4849853515625,281788
2026-06-05 14:22:00-04:00,711.7849731445312,711.7849731445312,711.97998046875,711.4000244140625,711.8499755859375,429622
2026-06-05 14:24:00-04:00,711.3200073242188,711.3200073242188,712.030029296875,711.1799926757812,711.780029296875,331309
2026-06-05 14:26:00-04:00,711.0549926757812,711.0549926757812,711.3101196289062,710.3099975585938,711.3101196289062,549522
2026-06-05 14:28:00-04:00,710.8099975585938,710.8099975585938,711.2899780273438,710.780029296875,711.0599975585938,1103969
2026-06-05 14:30:00-04:00,710.8400268554688,710.8400268554688,711.1400146484375,710.4600219726562,710.8300170898438,307303
2026-06-05 14:32:00-04:00,710.3350219726562,710.3350219726562,710.840087890625,710.0,710.840087890625,522514
2026-06-05 14:34:00-04:00,709.9199829101562,709.9199829101562,710.4199829101562,709.9099731445312,710.3599853515625,418367
2026-06-05 14:36:00-04:00,709.9500122070312,709.9500122070312,710.5,709.6699829101562,709.9199829101562,663431
2026-06-05 14:38:00-04:00,709.9600219726562,709.9600219726562,710.0599975585938,709.4349975585938,709.9400024414062,526386
2026-06-05 14:40:00-04:00,709.1937866210938,709.1937866210938,710.0800170898438,709.1937866210938,709.97998046875,467160
2026-06-05 14:42:00-04:00,709.0499877929688,709.0499877929688,709.2999877929688,708.9299926757812,709.2150268554688,678629
2026-06-05 14:44:00-04:00,708.5549926757812,708.5549926757812,709.4400024414062,708.530029296875,709.02001953125,575235
2026-06-05 14:46:00-04:00,707.9099731445312,707.9099731445312,709.1099853515625,707.7999877929688,708.530029296875,624299
2026-06-05 14:48:00-04:00,708.760009765625,708.760009765625,708.969970703125,707.2999877929688,707.9199829101562,673660
2026-06-05 14:50:00-04:00,708.3400268554688,708.3400268554688,709.1599731445312,707.8699951171875,708.780029296875,909350
2026-06-05 14:52:00-04:00,707.7999877929688,707.7999877929688,708.5599975585938,707.6599731445312,708.3499755859375,281649
2026-06-05 14:54:00-04:00,708.97998046875,708.97998046875,709.0499877929688,707.7550048828125,707.8280029296875,528159
2026-06-05 14:56:00-04:00,709.3200073242188,709.3200073242188,710.2000122070312,708.5701293945312,708.97998046875,1210125
2026-06-05 14:58:00-04:00,709.6400146484375,709.6400146484375,709.9500122070312,708.9600219726562,709.3400268554688,565462
2026-06-05 15:00:00-04:00,709.2999877929688,709.2999877929688,709.7650146484375,708.4000244140625,709.6300048828125,469612
2026-06-05 15:02:00-04:00,710.0100708007812,710.0100708007812,710.1099853515625,708.8200073242188,709.3099975585938,555056
2026-06-05 15:04:00-04:00,709.7899780273438,709.7899780273438,710.0700073242188,709.1799926757812,710.0700073242188,413832
2026-06-05 15:06:00-04:00,708.5999755859375,708.5999755859375,709.9000244140625,708.5900268554688,709.780029296875,632079
2026-06-05 15:08:00-04:00,707.9299926757812,707.9299926757812,708.6500244140625,707.3400268554688,708.5900268554688,640889
2026-06-05 15:10:00-04:00,706.7449951171875,706.7449951171875,708.0999755859375,706.6749877929688,707.9600219726562,594198
2026-06-05 15:12:00-04:00,706.6199951171875,706.6199951171875,707.02001953125,706.3599853515625,706.75,553636
2026-06-05 15:14:00-04:00,705.6099853515625,705.6099853515625,706.7999877929688,705.5599975585938,706.5999755859375,588219
2026-06-05 15:16:00-04:00,704.6599731445312,704.6599731445312,705.6500244140625,704.6500244140625,705.6400146484375,408241
2026-06-05 15:18:00-04:00,705.3099975585938,705.3099975585938,705.6300048828125,704.3200073242188,704.6500244140625,982491
2026-06-05 15:20:00-04:00,705.7160034179688,705.7160034179688,706.1599731445312,704.760009765625,705.3099975585938,481788
2026-06-05 15:22:00-04:00,705.1599731445312,705.1599731445312,705.9299926757812,704.97998046875,705.6799926757812,395130
2026-06-05 15:24:00-04:00,707.3101196289062,707.3101196289062,707.489990234375,705.1400146484375,705.1400146484375,591998
2026-06-05 15:26:00-04:00,707.9199829101562,707.9199829101562,707.9550170898438,706.5999755859375,707.2899780273438,396382
2026-06-05 15:28:00-04:00,708.72998046875,708.72998046875,708.780029296875,707.5800170898438,707.833984375,458983
2026-06-05 15:30:00-04:00,707.6199951171875,707.6199951171875,708.7999877929688,707.2100219726562,708.72998046875,543385
2026-06-05 15:32:00-04:00,707.1099853515625,707.1099853515625,707.6799926757812,706.6799926757812,707.6599731445312,410782
2026-06-05 15:34:00-04:00,708.0050048828125,708.0050048828125,708.4500122070312,706.9600219726562,707.1099853515625,469676
2026-06-05 15:36:00-04:00,708.22998046875,708.22998046875,708.2899780273438,707.3200073242188,707.97998046875,2124127
2026-06-05 15:38:00-04:00,708.6300048828125,708.6300048828125,708.8200073242188,707.5999755859375,708.22998046875,678854
2026-06-05 15:40:00-04:00,706.3699951171875,706.3699951171875,708.719970703125,706.35009765625,708.6300048828125,845322
2026-06-05 15:42:00-04:00,706.6099853515625,706.6099853515625,706.9099731445312,706.239990234375,706.3900146484375,444957
2026-06-05 15:44:00-04:00,708.0399780273438,708.0399780273438,708.1400146484375,706.3099975585938,706.5999755859375,503973
2026-06-05 15:46:00-04:00,708.5316772460938,708.5316772460938,708.6199951171875,707.5499877929688,708.0399780273438,482373
2026-06-05 15:48:00-04:00,708.5700073242188,708.5700073242188,709.030029296875,708.2100219726562,708.5599975585938,752658
2026-06-05 15:50:00-04:00,709.27001953125,709.27001953125,709.739990234375,708.0,708.5700073242188,1339240
2026-06-05 15:52:00-04:00,707.8300170898438,707.8300170898438,709.3790283203125,707.8099975585938,709.2860107421875,1036847
2026-06-05 15:54:00-04:00,707.27001953125,707.27001953125,708.4600219726562,707.2100219726562,707.9099731445312,1396699
2026-06-05 15:56:00-04:00,706.760009765625,706.760009765625,707.7000122070312,706.469970703125,707.2750244140625,1645154
2026-06-05 15:58:00-04:00,705.2100219726562,705.2100219726562,706.780029296875,705.0499877929688,706.780029296875,3525742
2026-06-08 09:30:00-04:00,717.6799926757812,717.6799926757812,719.2100219726562,717.1950073242188,717.8099975585938,4989535
2026-06-08 09:32:00-04:00,715.7750244140625,715.7750244140625,717.8900146484375,715.6900024414062,717.6749877929688,718405
2026-06-08 09:34:00-04:00,716.0899047851562,716.0899047851562,716.2999877929688,714.6799926757812,715.7750244140625,733432
2026-06-08 09:36:00-04:00,715.802978515625,715.802978515625,716.4600219726562,715.4600219726562,716.0599975585938,510987
2026-06-08 09:38:00-04:00,715.3900146484375,715.3900146484375,717.135009765625,715.3300170898438,715.7999877929688,415264
2026-06-08 09:40:00-04:00,716.3350219726562,716.3350219726562,716.5,715.3499755859375,715.4199829101562,339547
2026-06-08 09:42:00-04:00,717.614990234375,717.614990234375,718.5499877929688,716.0999755859375,716.375,461328
2026-06-08 09:44:00-04:00,717.5800170898438,717.5800170898438,717.8699951171875,716.7689819335938,717.619873046875,298344
2026-06-08 09:46:00-04:00,717.2199096679688,717.2199096679688,718.52001953125,717.0,717.6799926757812,342479
2026-06-08 09:48:00-04:00,716.6599731445312,716.6599731445312,717.5599975585938,715.8599853515625,717.22998046875,376911
2026-06-08 09:50:00-04:00,716.6599731445312,716.6599731445312,717.2000122070312,715.6259765625,716.614990234375,240593
2026-06-08 09:52:00-04:00,718.0800170898438,718.0800170898438,718.0800170898438,716.4000244140625,716.6699829101562,258244
2026-06-08 09:54:00-04:00,716.0401000976562,716.0401000976562,718.3699951171875,715.9500122070312,718.114990234375,260321
2026-06-08 09:56:00-04:00,714.1900024414062,714.1900024414062,716.2899780273438,714.1900024414062,716.0399780273438,324941
2026-06-08 09:58:00-04:00,713.5399780273438,713.5399780273438,714.5700073242188,713.3800048828125,714.25,423873
2026-06-08 10:00:00-04:00,714.77001953125,714.77001953125,714.9099731445312,713.0999755859375,713.510009765625,346721
2026-06-08 10:02:00-04:00,714.530029296875,714.530029296875,715.47998046875,714.1400146484375,714.8200073242188,428976
2026-06-08 10:04:00-04:00,713.9697265625,713.9697265625,714.5399780273438,713.510009765625,714.530029296875,227628
2026-06-08 10:06:00-04:00,715.1500244140625,715.1500244140625,715.6599731445312,713.8200073242188,713.9000244140625,204518
2026-06-08 10:08:00-04:00,716.0700073242188,716.0700073242188,716.2999267578125,714.469970703125,715.1649780273438,293044
2026-06-08 10:10:00-04:00,716.130126953125,716.130126953125,716.3200073242188,715.25048828125,716.02001953125,220894
2026-06-08 10:12:00-04:00,716.010009765625,716.010009765625,716.239990234375,715.0899047851562,716.239990234375,313845
2026-06-08 10:14:00-04:00,714.6400146484375,714.6400146484375,716.4500122070312,714.4199829101562,716.0700073242188,226404
2026-06-08 10:16:00-04:00,715.1345825195312,715.1345825195312,715.280029296875,714.1199951171875,714.6749877929688,251028
2026-06-08 10:18:00-04:00,715.1082763671875,715.1082763671875,715.5,714.4600219726562,715.02001953125,163670
2026-06-08 10:20:00-04:00,715.080078125,715.080078125,715.780029296875,714.4000244140625,715.030029296875,220909
2026-06-08 10:22:00-04:00,716.3049926757812,716.3049926757812,716.4000244140625,714.5599975585938,715.0999755859375,159229
2026-06-08 10:24:00-04:00,716.8400268554688,716.8400268554688,716.9299926757812,715.801025390625,716.22998046875,184469
2026-06-08 10:26:00-04:00,717.6900024414062,717.6900024414062,717.89697265625,716.72998046875,716.77001953125,177202
2026-06-08 10:28:00-04:00,717.5599975585938,717.5599975585938,717.7379760742188,716.6699829101562,717.719970703125,208928
2026-06-08 10:30:00-04:00,717.6699829101562,717.6699829101562,718.0980224609375,717.25,717.47998046875,282163
2026-06-08 10:32:00-04:00,717.6900024414062,717.6900024414062,718.1749877929688,717.52001953125,717.6199951171875,219749
2026-06-08 10:34:00-04:00,718.9149780273438,718.9149780273438,719.0,717.7100219726562,717.7576293945312,210062
2026-06-08 10:36:00-04:00,719.135009765625,719.135009765625,719.6400146484375,718.510009765625,718.9000244140625,286779
2026-06-08 10:38:00-04:00,719.2485961914062,719.2485961914062,719.5299072265625,718.6300048828125,719.1314086914062,279940
2026-06-08 10:40:00-04:00,718.8099975585938,718.8099975585938,719.6199951171875,718.6400146484375,719.239990234375,207931
2026-06-08 10:42:00-04:00,717.9500732421875,717.9500732421875,718.8900146484375,717.8400268554688,718.7550048828125,215303
2026-06-08 10:44:00-04:00,719.4199829101562,719.4199829101562,719.4400024414062,717.9600219726562,717.989990234375,168467
2026-06-08 10:46:00-04:00,720.3800048828125,720.3800048828125,720.75,719.2999877929688,719.4299926757812,487357
2026-06-08 10:48:00-04:00,719.8099975585938,719.8099975585938,720.3900146484375,719.8099975585938,720.375,194024
2026-06-08 10:50:00-04:00,720.5087280273438,720.5087280273438,720.5087280273438,719.5999755859375,719.8200073242188,145566
2026-06-08 10:52:00-04:00,720.8200073242188,720.8200073242188,721.02001953125,720.4400024414062,720.5,222945
2026-06-08 10:54:00-04:00,720.4000244140625,720.4000244140625,720.89990234375,720.2100219726562,720.8200073242188,159766
2026-06-08 10:56:00-04:00,721.0499877929688,721.0499877929688,721.2249755859375,719.8599853515625,720.4000244140625,176286
2026-06-08 10:58:00-04:00,721.4299926757812,721.4299926757812,721.52001953125,721.0,721.0006103515625,245388
2026-06-08 11:00:00-04:00,721.6500244140625,721.6500244140625,721.8300170898438,721.1799926757812,721.4400024414062,160462
2026-06-08 11:02:00-04:00,721.8699951171875,721.8699951171875,722.1300048828125,721.469970703125,721.64501953125,1607599
2026-06-08 11:04:00-04:00,722.1300048828125,722.1300048828125,722.260009765625,721.75,721.8599853515625,203353
2026-06-08 11:06:00-04:00,722.2800903320312,722.2800903320312,722.6099853515625,722.0999755859375,722.1199951171875,294403
2026-06-08 11:08:00-04:00,722.6099853515625,722.6099853515625,722.6199951171875,722.1701049804688,722.27001953125,162509
2026-06-08 11:10:00-04:00,722.5115966796875,722.5115966796875,722.72998046875,722.4099731445312,722.635009765625,153595
2026-06-08 11:12:00-04:00,722.6500244140625,722.6500244140625,722.8200073242188,722.4600219726562,722.510009765625,157078
2026-06-08 11:14:00-04:00,722.6199951171875,722.6199951171875,722.8499755859375,722.27001953125,722.6281127929688,278470
2026-06-08 11:16:00-04:00,722.4000244140625,722.4000244140625,722.8399047851562,722.3900146484375,722.6500244140625,166602
2026-06-08 11:18:00-04:00,722.792724609375,722.792724609375,722.969970703125,722.0800170898438,722.39501953125,187057
2026-06-08 11:20:00-04:00,722.239990234375,722.239990234375,723.027587890625,722.155029296875,722.7999877929688,201908
2026-06-08 11:22:00-04:00,722.280029296875,722.280029296875,722.405029296875,721.7520141601562,722.219970703125,166806
2026-06-08 11:24:00-04:00,721.7698974609375,721.7698974609375,722.8200073242188,721.7200927734375,722.2899780273438,202362
2026-06-08 11:26:00-04:00,721.0999755859375,721.0999755859375,721.8900146484375,720.9000244140625,721.8300170898438,209696
2026-06-08 11:28:00-04:00,720.2520141601562,720.2520141601562,721.3599853515625,720.1400146484375,721.02001953125,168644
2026-06-08 11:30:00-04:00,719.3499755859375,719.3499755859375,720.469970703125,719.0800170898438,720.299072265625,293373
2026-06-08 11:32:00-04:00,718.8300170898438,718.8300170898438,719.6199951171875,718.739990234375,719.3599853515625,268855
2026-06-08 11:34:00-04:00,719.1199951171875,719.1199951171875,719.385009765625,718.5800170898438,718.8200073242188,285216
2026-06-08 11:36:00-04:00,720.010009765625,720.010009765625,720.0999755859375,718.8499755859375,719.1400146484375,202958
2026-06-08 11:38:00-04:00,720.9022216796875,720.9022216796875,721.0798950195312,719.9099731445312,720.0023803710938,359499
2026-06-08 11:40:00-04:00,721.1300048828125,721.1300048828125,721.4000244140625,720.8200073242188,720.9099731445312,171334
2026-06-08 11:42:00-04:00,721.0399780273438,721.0399780273438,721.219970703125,720.4749755859375,721.1400146484375,134065
2026-06-08 11:44:00-04:00,721.719970703125,721.719970703125,721.8699951171875,720.97998046875,720.97998046875,122447
2026-06-08 11:46:00-04:00,721.9199829101562,721.9199829101562,722.27001953125,721.6599731445312,721.6950073242188,174449
2026-06-08 11:48:00-04:00,720.75,720.75,721.9249877929688,720.6500244140625,721.9249877929688,248707
2026-06-08 11:50:00-04:00,721.5499877929688,721.5499877929688,721.6849975585938,720.75,720.760009765625,94058
2026-06-08 11:52:00-04:00,721.4000244140625,721.4000244140625,721.8099975585938,721.3499755859375,721.530029296875,88695
2026-06-08 11:54:00-04:00,720.2000732421875,720.2000732421875,721.4000244140625,720.0900268554688,721.4000244140625,130692
2026-06-08 11:56:00-04:00,720.0098876953125,720.0098876953125,720.4400024414062,719.822021484375,720.2349853515625,111889
2026-06-08 11:58:00-04:00,719.8203735351562,719.8203735351562,720.1599731445312,719.469970703125,719.9600219726562,103467
2026-06-08 12:00:00-04:00,719.719970703125,719.719970703125,719.989990234375,719.1099853515625,719.8699951171875,217885
2026-06-08 12:02:00-04:00,720.5272827148438,720.5272827148438,720.8099975585938,719.6099853515625,719.6987915039062,138938
2026-06-08 12:04:00-04:00,720.22998046875,720.22998046875,720.7302856445312,719.9500122070312,720.5399780273438,92729
2026-06-08 12:06:00-04:00,720.4199829101562,720.4199829101562,720.7598876953125,720.1199951171875,720.2485961914062,79436
2026-06-08 12:08:00-04:00,719.9849853515625,719.9849853515625,720.5599975585938,719.75,720.4099731445312,69129
2026-06-08 12:10:00-04:00,720.364990234375,720.364990234375,720.364990234375,719.489990234375,719.9099731445312,112009
2026-06-08 12:12:00-04:00,720.5599975585938,720.5599975585938,720.8300170898438,720.3300170898438,720.3599853515625,60220
2026-06-08 12:14:00-04:00,721.0050048828125,721.0050048828125,721.1500244140625,720.3400268554688,720.5006103515625,98799
2026-06-08 12:16:00-04:00,721.0499877929688,721.0499877929688,721.280029296875,720.8699951171875,720.9998779296875,95098
2026-06-08 12:18:00-04:00,721.5,721.5,721.5,721.0399780273438,721.0899047851562,78037
2026-06-08 12:20:00-04:00,721.5401000976562,721.5401000976562,721.8200073242188,721.2899780273438,721.489990234375,100818
2026-06-08 12:22:00-04:00,720.47998046875,720.47998046875,721.5700073242188,720.3800048828125,721.5700073242188,131963
2026-06-08 12:24:00-04:00,720.6500244140625,720.6500244140625,720.8300170898438,720.219970703125,720.47998046875,95472
2026-06-08 12:26:00-04:00,720.4063110351562,720.4063110351562,720.989990234375,720.2849731445312,720.6400146484375,42280
2026-06-08 12:28:00-04:00,719.27001953125,719.27001953125,720.3200073242188,719.1599731445312,720.2999877929688,89514
2026-06-08 12:30:00-04:00,719.9299926757812,719.9299926757812,720.0,719.27001953125,719.27001953125,124695
2026-06-08 12:32:00-04:00,719.1500854492188,719.1500854492188,719.9188232421875,719.1500854492188,719.9188232421875,127934
2026-06-08 12:34:00-04:00,719.3599853515625,719.3599853515625,719.5598754882812,718.97998046875,719.1500244140625,94232
2026-06-08 12:36:00-04:00,718.9000244140625,718.9000244140625,719.7100219726562,718.9000244140625,719.3699951171875,123517
2026-06-08 12:38:00-04:00,718.6699829101562,718.6699829101562,718.9996948242188,718.52001953125,718.969970703125,127880
2026-06-08 12:40:00-04:00,719.3200073242188,719.3200073242188,719.4849853515625,718.47998046875,718.6699829101562,173118
2026-06-08 12:42:00-04:00,718.7052001953125,718.7052001953125,719.3900146484375,718.6599731445312,719.3150024414062,65950
2026-06-08 12:44:00-04:00,719.3499755859375,719.3499755859375,719.6300048828125,718.6699829101562,718.719970703125,117755
2026-06-08 12:46:00-04:00,720.126220703125,720.126220703125,720.1597900390625,719.1199951171875,719.3099975585938,106725
2026-06-08 12:48:00-04:00,719.75,719.75,720.3499145507812,719.7200927734375,720.0999755859375,104652
2026-06-08 12:50:00-04:00,719.9099731445312,719.9099731445312,720.0599975585938,719.405029296875,719.8300170898438,84305
2026-06-08 12:52:00-04:00,719.7999877929688,719.7999877929688,720.0,719.6799926757812,719.8900146484375,56875
2026-06-08 12:54:00-04:00,719.4598999023438,719.4598999023438,720.0399780273438,719.2100219726562,719.77001953125,83080
2026-06-08 12:56:00-04:00,719.3400268554688,719.3400268554688,719.8496704101562,719.280029296875,719.4099731445312,74926
2026-06-08 12:58:00-04:00,719.0999755859375,719.0999755859375,719.4099731445312,719.0399780273438,719.3200073242188,52691
2026-06-08 13:00:00-04:00,718.1348266601562,718.1348266601562,719.1749877929688,717.989990234375,719.125,173656
2026-06-08 13:02:00-04:00,717.1959838867188,717.1959838867188,718.25,717.1500244140625,718.1400146484375,193141
2026-06-08 13:04:00-04:00,717.880126953125,717.880126953125,718.094970703125,717.010009765625,717.1699829101562,200349
2026-06-08 13:06:00-04:00,718.2249755859375,718.2249755859375,718.489990234375,717.6699829101562,717.8599853515625,135354
2026-06-08 13:08:00-04:00,717.7999877929688,717.7999877929688,718.5299072265625,717.6400146484375,718.2000122070312,95151
2026-06-08 13:10:00-04:00,717.125,717.125,717.8699951171875,717.0,717.7750244140625,146836
2026-06-08 13:12:00-04:00,717.625,717.625,717.719970703125,716.8400268554688,717.1599731445312,122600
2026-06-08 13:14:00-04:00,717.5032958984375,717.5032958984375,718.1400146484375,717.469970703125,717.6300048828125,152104
2026-06-08 13:16:00-04:00,717.8800048828125,717.8800048828125,718.27001953125,717.489990234375,717.489990234375,120652
2026-06-08 13:18:00-04:00,717.3300170898438,717.3300170898438,717.9099731445312,716.7999877929688,717.8624267578125,135326
2026-06-08 13:20:00-04:00,717.6900024414062,717.6900024414062,718.0,717.2550048828125,717.2999877929688,98400
2026-06-08 13:22:00-04:00,717.3400268554688,717.3400268554688,717.72998046875,717.1599731445312,717.6812133789062,97213
2026-06-08 13:24:00-04:00,718.1099853515625,718.1099853515625,718.1400146484375,717.0,717.3226928710938,113343
2026-06-08 13:26:00-04:00,718.3800048828125,718.3800048828125,718.4099731445312,717.7449951171875,718.0999755859375,161716
2026-06-08 13:28:00-04:00,719.6798706054688,719.6798706054688,719.72998046875,718.280029296875,718.3499755859375,120417
2026-06-08 13:30:00-04:00,719.4395141601562,719.4395141601562,720.1400146484375,718.97998046875,719.5900268554688,227686
2026-06-08 13:32:00-04:00,718.5599975585938,718.5599975585938,719.4199829101562,718.3800048828125,719.4199829101562,167232
2026-06-08 13:34:00-04:00,718.1300048828125,718.1300048828125,719.25,718.0900268554688,718.5599975585938,114262
2026-06-08 13:36:00-04:00,718.744873046875,718.744873046875,718.77001953125,717.8701171875,718.1300048828125,126811
2026-06-08 13:38:00-04:00,718.6300048828125,718.6300048828125,718.7999877929688,718.3300170898438,718.72998046875,42267
2026-06-08 13:40:00-04:00,717.9500122070312,717.9500122070312,718.77001953125,717.9099731445312,718.7098999023438,97246
2026-06-08 13:42:00-04:00,717.760009765625,717.760009765625,718.1900024414062,717.6505126953125,717.9400024414062,95478
2026-06-08 13:44:00-04:00,717.8201293945312,717.8201293945312,718.0,717.4199829101562,717.72998046875,131034
2026-06-08 13:46:00-04:00,718.3250122070312,718.3250122070312,718.6599731445312,717.8336791992188,717.8800048828125,188451
2026-06-08 13:48:00-04:00,718.9149780273438,718.9149780273438,718.9199829101562,718.10009765625,718.3499755859375,115765
2026-06-08 13:50:00-04:00,718.8300170898438,718.8300170898438,719.1900024414062,718.7000122070312,718.8900146484375,213104
2026-06-08 13:52:00-04:00,719.52001953125,719.52001953125,719.5499877929688,718.5499877929688,718.8099975585938,112874
2026-06-08 13:54:00-04:00,718.844970703125,718.844970703125,719.489990234375,718.8300170898438,719.489990234375,169878
2026-06-08 13:56:00-04:00,718.6699829101562,718.6699829101562,719.159912109375,718.6500244140625,718.8499755859375,82220
2026-06-08 13:58:00-04:00,718.5700073242188,718.5700073242188,718.8699951171875,718.3099975585938,718.6699829101562,79292
2026-06-08 14:00:00-04:00,719.3200073242188,719.3200073242188,719.4400024414062,718.6199951171875,718.6199951171875,112878
2026-06-08 14:02:00-04:00,719.0399780273438,719.0399780273438,719.4600219726562,718.9099731445312,719.3800048828125,58579
2026-06-08 14:04:00-04:00,719.4199829101562,719.4199829101562,719.4199829101562,718.8599853515625,719.02001953125,66641
2026-06-08 14:06:00-04:00,719.4600830078125,719.4600830078125,719.8599853515625,719.1400756835938,719.3499755859375,125152
2026-06-08 14:08:00-04:00,719.4600830078125,719.4600830078125,719.655029296875,719.22998046875,719.4310302734375,62862
2026-06-08 14:10:00-04:00,719.0399780273438,719.0399780273438,719.8099975585938,719.010009765625,719.5198974609375,74072
2026-06-08 14:12:00-04:00,719.10009765625,719.10009765625,719.22998046875,718.5100708007812,719.0700073242188,244816
2026-06-08 14:14:00-04:00,719.1699829101562,719.1699829101562,719.1699829101562,718.6599731445312,719.0700073242188,101257
2026-06-08 14:16:00-04:00,719.239990234375,719.239990234375,719.3400268554688,718.9299926757812,719.0800170898438,57770
2026-06-08 14:18:00-04:00,719.0800170898438,719.0800170898438,719.4000244140625,718.9299926757812,719.280029296875,55339
2026-06-08 14:20:00-04:00,718.97998046875,718.97998046875,719.2000122070312,718.6099853515625,719.0900268554688,385810
2026-06-08 14:22:00-04:00,719.2000122070312,719.2000122070312,719.3200073242188,718.9400024414062,719.10498046875,65410
2026-06-08 14:24:00-04:00,719.4600219726562,719.4600219726562,719.52001953125,719.094970703125,719.184326171875,59002
2026-06-08 14:26:00-04:00,719.0800170898438,719.0800170898438,719.447021484375,719.030029296875,719.4400024414062,396006
2026-06-08 14:28:00-04:00,719.340087890625,719.340087890625,719.5399780273438,718.9349975585938,719.0900268554688,105160
2026-06-08 14:30:00-04:00,719.7100219726562,719.7100219726562,719.9500122070312,719.3499755859375,719.35009765625,134699
2026-06-08 14:32:00-04:00,719.9398803710938,719.9398803710938,720.0050048828125,719.3699951171875,719.719970703125,85803
2026-06-08 14:34:00-04:00,719.5599975585938,719.5599975585938,719.8800048828125,719.3499755859375,719.8800048828125,71655
2026-06-08 14:36:00-04:00,718.9849853515625,718.9849853515625,719.8400268554688,718.9349975585938,719.5650024414062,132332
2026-06-08 14:38:00-04:00,718.4099731445312,718.4099731445312,719.0281982421875,718.2901000976562,718.97998046875,92649
2026-06-08 14:40:00-04:00,717.986328125,717.986328125,718.4400024414062,717.8699951171875,718.3900146484375,863362
2026-06-08 14:42:00-04:00,718.0421752929688,718.0421752929688,718.625,717.9600219726562,718.0,85840
2026-06-08 14:44:00-04:00,718.0,718.0,718.2188720703125,717.8839721679688,718.010009765625,90926
2026-06-08 14:46:00-04:00,718.6099853515625,718.6099853515625,718.6500244140625,717.9299926757812,717.9749755859375,105117
2026-06-08 14:48:00-04:00,718.385009765625,718.385009765625,718.9000244140625,718.2999877929688,718.5700073242188,96089
2026-06-08 14:50:00-04:00,718.6199951171875,718.6199951171875,718.6500244140625,718.2000122070312,718.3699951171875,54863
2026-06-08 14:52:00-04:00,718.5250244140625,718.5250244140625,718.7999877929688,718.3400268554688,718.6099853515625,42059
2026-06-08 14:54:00-04:00,718.52001953125,718.52001953125,718.780029296875,718.4199829101562,718.5399780273438,41670
2026-06-08 14:56:00-04:00,718.4199829101562,718.4199829101562,718.8250122070312,718.3499755859375,718.4600219726562,82287
2026-06-08 14:58:00-04:00,718.219970703125,718.219970703125,718.5700073242188,718.0900268554688,718.4199829101562,230977
2026-06-08 15:00:00-04:00,717.6500244140625,717.6500244140625,718.3399047851562,717.4804077148438,718.2349853515625,148832
2026-06-08 15:02:00-04:00,718.0,718.0,718.1900024414062,717.6300048828125,717.6649780273438,137792
2026-06-08 15:04:00-04:00,717.77001953125,717.77001953125,718.280029296875,717.6400146484375,718.0,112272
2026-06-08 15:06:00-04:00,717.625,717.625,717.8599853515625,717.4299926757812,717.8101196289062,103778
2026-06-08 15:08:00-04:00,716.7000732421875,716.7000732421875,717.6400146484375,716.7000732421875,717.6400146484375,245644
2026-06-08 15:10:00-04:00,715.8400268554688,715.8400268554688,716.7050170898438,715.6500244140625,716.6859741210938,267653
2026-06-08 15:12:00-04:00,716.280029296875,716.280029296875,716.4099731445312,715.6300048828125,715.8049926757812,202317
2026-06-08 15:14:00-04:00,715.52001953125,715.52001953125,716.3150024414062,715.0599975585938,716.3098754882812,280013
2026-06-08 15:16:00-04:00,715.489990234375,715.489990234375,715.8200073242188,715.1199951171875,715.489990234375,366271
2026-06-08 15:18:00-04:00,715.3798828125,715.3798828125,715.5,715.0999755859375,715.5,103688
2026-06-08 15:20:00-04:00,715.8400268554688,715.8400268554688,716.02001953125,715.3300170898438,715.3300170898438,160092
2026-06-08 15:22:00-04:00,714.5050048828125,714.5050048828125,715.8400268554688,714.4801025390625,715.7100219726562,276769
2026-06-08 15:24:00-04:00,714.2750244140625,714.2750244140625,714.8800048828125,714.260009765625,714.47998046875,211590
2026-06-08 15:26:00-04:00,715.5900268554688,715.5900268554688,715.659912109375,714.22998046875,714.280029296875,583132
2026-06-08 15:28:00-04:00,715.6500244140625,715.6500244140625,715.6500244140625,715.1749877929688,715.619873046875,151995
2026-06-08 15:30:00-04:00,716.5,716.5,716.6699829101562,715.510009765625,715.6649780273438,216800
2026-06-08 15:32:00-04:00,716.260009765625,716.260009765625,717.0599975585938,716.1699829101562,716.5050048828125,186252
2026-06-08 15:34:00-04:00,715.8900146484375,715.8900146484375,716.3200073242188,715.739990234375,716.22998046875,162949
2026-06-08 15:36:00-04:00,716.4099731445312,716.4099731445312,716.47998046875,715.4849853515625,715.8800048828125,133765
2026-06-08 15:38:00-04:00,715.9398803710938,715.9398803710938,716.6300048828125,715.8099975585938,716.4000244140625,126239
2026-06-08 15:40:00-04:00,715.9600219726562,715.9600219726562,716.1199951171875,715.280029296875,715.8400268554688,174857
2026-06-08 15:42:00-04:00,715.9500732421875,715.9500732421875,716.2150268554688,715.6599731445312,715.9400024414062,87716
2026-06-08 15:44:00-04:00,715.780029296875,715.780029296875,716.0499877929688,715.510009765625,715.9500122070312,207924
2026-06-08 15:46:00-04:00,716.260009765625,716.260009765625,716.3756103515625,715.52001953125,715.780029296875,375638
2026-06-08 15:48:00-04:00,715.4500122070312,715.4500122070312,716.2999877929688,715.3699951171875,716.25,346645
2026-06-08 15:50:00-04:00,715.3699951171875,715.3699951171875,716.4299926757812,715.2100219726562,715.469970703125,378212
2026-06-08 15:52:00-04:00,716.0700073242188,716.0700073242188,716.25,715.219970703125,715.364990234375,389190
2026-06-08 15:54:00-04:00,716.0501098632812,716.0501098632812,716.530029296875,715.780029296875,716.0700073242188,376573
2026-06-08 15:56:00-04:00,716.0800170898438,716.0800170898438,716.1400146484375,715.622314453125,716.0800170898438,560837
2026-06-08 15:58:00-04:00,716.0999755859375,716.0999755859375,716.3699951171875,715.9299926757812,716.0750122070312,777313
2026-06-09 09:30:00-04:00,721.780029296875,721.780029296875,723.0399780273438,721.719970703125,722.969970703125,2381587
2026-06-09 09:32:00-04:00,721.0,721.0,722.0798950195312,720.969970703125,721.7449951171875,345435
2026-06-09 09:34:00-04:00,722.280029296875,722.280029296875,722.3599853515625,720.5,721.0,329495
2026-06-09 09:36:00-04:00,722.5985717773438,722.5985717773438,722.8599853515625,721.989990234375,722.280029296875,317536
2026-06-09 09:38:00-04:00,721.760009765625,721.760009765625,722.75,721.6799926757812,722.5599975585938,252634
2026-06-09 09:40:00-04:00,721.8099975585938,721.8099975585938,722.0,721.14501953125,721.8099975585938,234868
2026-06-09 09:42:00-04:00,723.3300170898438,723.3300170898438,723.5,721.6699829101562,721.7100219726562,381583
2026-06-09 09:44:00-04:00,724.1300048828125,724.1300048828125,724.1300048828125,723.3099975585938,723.3699951171875,486705
2026-06-09 09:46:00-04:00,725.1799926757812,725.1799926757812,725.2080078125,724.0499877929688,724.1400146484375,280787
2026-06-09 09:48:00-04:00,725.5900268554688,725.5900268554688,725.6599731445312,724.8300170898438,725.1900024414062,321482
2026-06-09 09:50:00-04:00,724.2899780273438,724.2899780273438,725.6500244140625,724.2000122070312,725.6199951171875,311482
2026-06-09 09:52:00-04:00,723.9299926757812,723.9299926757812,724.9299926757812,723.8699951171875,724.25,166656
2026-06-09 09:54:00-04:00,722.5499877929688,722.5499877929688,724.1599731445312,722.1599731445312,723.8699951171875,454697
2026-06-09 09:56:00-04:00,721.9304809570312,721.9304809570312,722.9600219726562,721.6900024414062,722.5700073242188,330575
2026-06-09 09:58:00-04:00,721.5050048828125,721.5050048828125,722.5499877929688,721.3300170898438,721.9000244140625,279085
2026-06-09 10:00:00-04:00,722.010009765625,722.010009765625,722.114990234375,720.3800048828125,721.469970703125,488611
2026-06-09 10:02:00-04:00,721.8099975585938,721.8099975585938,722.4000244140625,721.7911987304688,722.0599975585938,351296
2026-06-09 10:04:00-04:00,722.0599975585938,722.0599975585938,722.1699829101562,720.9199829101562,721.8200073242188,266283
2026-06-09 10:06:00-04:00,721.0900268554688,721.0900268554688,722.0599975585938,720.780029296875,722.0499877929688,206955
2026-06-09 10:08:00-04:00,720.5,720.5,721.719970703125,720.3400268554688,721.0900268554688,314411
2026-06-09 10:10:00-04:00,718.5222778320312,718.5222778320312,720.489990234375,718.280029296875,720.47998046875,577186
2026-06-09 10:12:00-04:00,717.3599853515625,717.3599853515625,719.1799926757812,717.1900024414062,718.5,376176
2026-06-09 10:14:00-04:00,716.5599975585938,716.5599975585938,717.6400146484375,716.5599975585938,717.3599853515625,498139
2026-06-09 10:16:00-04:00,714.793701171875,714.793701171875,716.780029296875,714.1199951171875,716.530029296875,546533
2026-06-09 10:18:00-04:00,715.1099853515625,715.1099853515625,715.22998046875,714.0800170898438,714.760009765625,700708
2026-06-09 10:20:00-04:00,714.6799926757812,714.6799926757812,715.1300048828125,714.010009765625,715.0999755859375,408477
2026-06-09 10:22:00-04:00,716.52001953125,716.52001953125,716.6199951171875,714.5900268554688,714.7000122070312,712401
2026-06-09 10:24:00-04:00,717.5250244140625,717.5250244140625,717.9199829101562,716.3250122070312,716.510009765625,471494
2026-06-09 10:26:00-04:00,717.0399780273438,717.0399780273438,717.8499145507812,716.02001953125,717.5250244140625,350341
2026-06-09 10:28:00-04:00,715.9500122070312,715.9500122070312,717.39990234375,715.5349731445312,717.0,245770
2026-06-09 10:30:00-04:00,714.6199951171875,714.6199951171875,716.010009765625,714.4450073242188,715.9299926757812,314733
2026-06-09 10:32:00-04:00,715.6300048828125,715.6300048828125,716.3798828125,714.4696044921875,714.510009765625,306858
2026-06-09 10:34:00-04:00,715.0700073242188,715.0700073242188,716.1500244140625,714.9600219726562,715.5999755859375,243987
2026-06-09 10:36:00-04:00,716.875,716.875,716.875,714.7899780273438,715.0701293945312,250701
2026-06-09 10:38:00-04:00,715.7999877929688,715.7999877929688,716.969970703125,715.3400268554688,716.8300170898438,207368
2026-06-09 10:40:00-04:00,715.9949951171875,715.9949951171875,716.5,715.52001953125,715.8099975585938,247096
2026-06-09 10:42:00-04:00,713.4099731445312,713.4099731445312,716.1090698242188,713.326171875,716.0330810546875,329109
2026-06-09 10:44:00-04:00,711.7100219726562,711.7100219726562,713.5700073242188,711.4500122070312,713.47998046875,562497
2026-06-09 10:46:00-04:00,709.0700073242188,709.0700073242188,711.7000122070312,708.9400024414062,711.6300048828125,800576
2026-06-09 10:48:00-04:00,707.9349975585938,707.9349975585938,709.4000244140625,707.510009765625,709.0700073242188,811191
2026-06-09 10:50:00-04:00,709.3250122070312,709.3250122070312,709.3250122070312,707.1599731445312,707.8499755859375,781802
2026-06-09 10:52:00-04:00,708.6900024414062,708.6900024414062,709.7999877929688,708.0,709.2899780273438,571078
2026-06-09 10:54:00-04:00,709.5999755859375,709.5999755859375,710.5399780273438,708.5,708.6500244140625,441971
2026-06-09 10:56:00-04:00,709.6599731445312,709.6599731445312,710.0549926757812,708.4000244140625,709.6599731445312,268893
2026-06-09 10:58:00-04:00,710.9401245117188,710.9401245117188,711.0,709.64501953125,709.64501953125,358737
2026-06-09 11:00:00-04:00,710.2100219726562,710.2100219726562,711.3400268554688,709.8200073242188,710.989990234375,338262
2026-06-09 11:02:00-04:00,710.6099853515625,710.6099853515625,711.0700073242188,709.4500122070312,710.1865844726562,236716
2026-06-09 11:04:00-04:00,708.6630859375,708.6630859375,710.6199951171875,708.6300048828125,710.5399169921875,247610
2026-06-09 11:06:00-04:00,710.2098999023438,710.2098999023438,710.2968139648438,708.6199951171875,708.7000122070312,259426
2026-06-09 11:08:00-04:00,711.6409912109375,711.6409912109375,711.75,709.9299926757812,710.2100219726562,361514
2026-06-09 11:10:00-04:00,711.52001953125,711.52001953125,712.4299926757812,711.4400024414062,711.6900024414062,329830
2026-06-09 11:12:00-04:00,711.6400146484375,711.6400146484375,711.7100219726562,710.1300048828125,711.510009765625,187245
2026-06-09 11:14:00-04:00,710.4401245117188,710.4401245117188,711.6799926757812,710.1699829101562,711.6799926757812,170986
2026-06-09 11:16:00-04:00,709.4099731445312,709.4099731445312,710.6055297851562,709.2000122070312,710.469970703125,180869
2026-06-09 11:18:00-04:00,709.1599731445312,709.1599731445312,710.1799926757812,709.030029296875,709.3599853515625,166339
2026-06-09 11:20:00-04:00,708.9500732421875,708.9500732421875,709.8200073242188,708.9400024414062,709.0700073242188,184684
2026-06-09 11:22:00-04:00,706.4400024414062,706.4400024414062,708.9500122070312,706.25,708.9500122070312,562760
2026-06-09 11:24:00-04:00,705.260009765625,705.260009765625,706.6699829101562,705.1599731445312,706.4600219726562,517816
2026-06-09 11:26:00-04:00,703.6790161132812,703.6790161132812,705.3800048828125,703.52001953125,705.2100219726562,665113
2026-06-09 11:28:00-04:00,701.72998046875,701.72998046875,703.6699829101562,701.5,703.6699829101562,838685
2026-06-09 11:30:00-04:00,701.2899780273438,701.2899780273438,702.9400024414062,701.0549926757812,701.760009765625,940357
2026-06-09 11:32:00-04:00,701.6701049804688,701.6701049804688,702.3499755859375,701.1799926757812,701.3200073242188,631012
2026-06-09 11:34:00-04:00,701.97998046875,701.97998046875,702.3099975585938,700.7440185546875,701.6699829101562,858983
2026-06-09 11:36:00-04:00,701.5700073242188,701.5700073242188,702.1900024414062,701.1699829101562,702.02001953125,472562
2026-06-09 11:38:00-04:00,702.0701293945312,702.0701293945312,702.385009765625,700.6099853515625,701.5650024414062,550458
2026-06-09 11:40:00-04:00,703.0800170898438,703.0800170898438,703.22998046875,701.802001953125,702.0700073242188,785787
2026-06-09 11:42:00-04:00,703.010009765625,703.010009765625,703.7899780273438,702.739990234375,703.0399780273438,338949
2026-06-09 11:44:00-04:00,702.5999755859375,702.5999755859375,703.22998046875,702.27001953125,702.97998046875,407991
2026-06-09 11:46:00-04:00,702.739990234375,702.739990234375,703.4749755859375,702.6099853515625,702.6599731445312,358510
2026-06-09 11:48:00-04:00,703.2899780273438,703.2899780273438,703.469970703125,702.6599731445312,702.7000122070312,312197
2026-06-09 11:50:00-04:00,704.0650024414062,704.0650024414062,704.1699829101562,701.9199829101562,703.260009765625,442745
2026-06-09 11:52:00-04:00,702.9000244140625,702.9000244140625,704.405029296875,702.4500732421875,704.030029296875,338861
2026-06-09 11:54:00-04:00,700.4201049804688,700.4201049804688,702.9500122070312,700.3599853515625,702.8800048828125,395950
2026-06-09 11:56:00-04:00,697.7999877929688,697.7999877929688,701.3599853515625,697.7449951171875,700.4199829101562,830380
2026-06-09 11:58:00-04:00,697.7100219726562,697.7100219726562,698.3800048828125,697.4000244140625,697.8599853515625,589215
2026-06-09 12:00:00-04:00,699.2999877929688,699.2999877929688,699.3599853515625,697.6599731445312,697.75,576439
2026-06-09 12:02:00-04:00,698.8350219726562,698.8350219726562,699.9299926757812,698.4199829101562,699.31201171875,465807
2026-06-09 12:04:00-04:00,697.0999755859375,697.0999755859375,699.0499877929688,697.0499877929688,698.8800048828125,427189
2026-06-09 12:06:00-04:00,696.7449951171875,696.7449951171875,698.0599975585938,696.4000244140625,697.10498046875,574280
2026-06-09 12:08:00-04:00,695.5800170898438,695.5800170898438,696.77001953125,694.7700805664062,696.739990234375,667400
2026-06-09 12:10:00-04:00,696.780029296875,696.780029296875,696.780029296875,694.9299926757812,695.5598754882812,668128
2026-06-09 12:12:00-04:00,696.2999877929688,696.2999877929688,697.0399780273438,695.5900268554688,696.780029296875,526658
2026-06-09 12:14:00-04:00,694.5250244140625,694.5250244140625,696.280029296875,694.4000244140625,696.280029296875,406241
2026-06-09 12:16:00-04:00,692.8499755859375,692.8499755859375,694.4598999023438,692.6799926757812,694.4500122070312,642794
2026-06-09 12:18:00-04:00,691.719970703125,691.719970703125,693.77001953125,691.3099975585938,692.8400268554688,924274
2026-06-09 12:20:00-04:00,692.7000122070312,692.7000122070312,692.8300170898438,690.6400146484375,691.6699829101562,806048
2026-06-09 12:22:00-04:00,692.4000244140625,692.4000244140625,693.5,692.1099853515625,692.6701049804688,640368
2026-06-09 12:24:00-04:00,694.4099731445312,694.4099731445312,694.9384765625,692.2999877929688,692.39501953125,737268
2026-06-09 12:26:00-04:00,693.0698852539062,693.0698852539062,694.7100219726562,691.8800048828125,694.52001953125,578849
2026-06-09 12:28:00-04:00,693.5750122070312,693.5750122070312,693.969970703125,692.8101196289062,693.0200805664062,366857
2026-06-09 12:30:00-04:00,693.0499877929688,693.0499877929688,693.6900024414062,691.6500244140625,693.5,740332
2026-06-09 12:32:00-04:00,693.3900146484375,693.3900146484375,694.7199096679688,692.9299926757812,693.0999755859375,580828
2026-06-09 12:34:00-04:00,693.8599853515625,693.8599853515625,694.0900268554688,692.510009765625,693.4500122070312,408769
2026-06-09 12:36:00-04:00,693.030029296875,693.030029296875,694.260009765625,692.580078125,693.8599853515625,396970
2026-06-09 12:38:00-04:00,687.3099975585938,687.3099975585938,693.0700073242188,686.9000244140625,693.0399780273438,1772865
2026-06-09 12:40:00-04:00,687.6500244140625,687.6500244140625,688.989990234375,686.3699951171875,687.3400268554688,909750
2026-06-09 12:42:00-04:00,690.0037231445312,690.0037231445312,690.3900146484375,687.5800170898438,687.6599731445312,838376
2026-06-09 12:44:00-04:00,690.9099731445312,690.9099731445312,691.3900146484375,689.0,690.010009765625,792034
2026-06-09 12:46:00-04:00,689.9000244140625,689.9000244140625,691.0399780273438,688.5800170898438,690.9199829101562,575290
2026-06-09 12:48:00-04:00,689.8599853515625,689.8599853515625,689.9437866210938,688.530029296875,689.9437866210938,559484
2026-06-09 12:50:00-04:00,689.739990234375,689.739990234375,690.1799926757812,688.760009765625,689.77001953125,719450
2026-06-09 12:52:00-04:00,689.02001953125,689.02001953125,690.0,687.97998046875,689.77001953125,486608
2026-06-09 12:54:00-04:00,689.260009765625,689.260009765625,689.3699951171875,687.6074829101562,689.0499877929688,510055
2026-06-09 12:56:00-04:00,689.1699829101562,689.1699829101562,689.7999877929688,688.5540161132812,689.280029296875,425813
2026-06-09 12:58:00-04:00,692.5650024414062,692.5650024414062,692.6599731445312,688.9400024414062,689.1900024414062,633832
2026-06-09 13:00:00-04:00,692.5800170898438,692.5800170898438,693.5,692.219970703125,692.5499877929688,524771
2026-06-09 13:02:00-04:00,695.47998046875,695.47998046875,695.6900024414062,692.5599975585938,692.6400146484375,686113
2026-06-09 13:04:00-04:00,695.8400268554688,695.8400268554688,696.5,695.1799926757812,695.4600219726562,637417
2026-06-09 13:06:00-04:00,695.1699829101562,695.1699829101562,696.0599975585938,694.9400024414062,695.8200073242188,533202
2026-06-09 13:08:00-04:00,695.6962280273438,695.6962280273438,695.8699951171875,694.4299926757812,695.2899780273438,346915
2026-06-09 13:10:00-04:00,695.8900146484375,695.8900146484375,695.9199829101562,694.2100219726562,695.6400146484375,452059
2026-06-09 13:12:00-04:00,695.9191284179688,695.9191284179688,696.1099853515625,695.0,695.8900146484375,272280
2026-06-09 13:14:00-04:00,695.8200073242188,695.8200073242188,697.22998046875,695.719970703125,695.969970703125,574286
2026-06-09 13:16:00-04:00,697.719970703125,697.719970703125,697.8300170898438,695.6099853515625,695.8150024414062,279381
2026-06-09 13:18:00-04:00,698.47998046875,698.47998046875,698.6199951171875,697.61962890625,697.7100219726562,712624
2026-06-09 13:20:00-04:00,699.8099975585938,699.8099975585938,699.8499145507812,698.22998046875,698.469970703125,468823
2026-06-09 13:22:00-04:00,697.719970703125,697.719970703125,700.0,697.719970703125,699.77001953125,677100
2026-06-09 13:24:00-04:00,697.6500244140625,697.6500244140625,698.6300048828125,697.22998046875,697.7550048828125,308477
2026-06-09 13:26:00-04:00,699.2000122070312,699.2000122070312,699.280029296875,697.6500244140625,697.6900024414062,266586
2026-06-09 13:28:00-04:00,698.9550170898438,698.9550170898438,699.780029296875,698.6300048828125,699.2471923828125,596872
2026-06-09 13:30:00-04:00,698.9749755859375,698.9749755859375,699.4600219726562,698.0399780273438,698.9299926757812,338043
2026-06-09 13:32:00-04:00,699.9849853515625,699.9849853515625,700.0698852539062,698.6904907226562,698.9000244140625,391579
2026-06-09 13:34:00-04:00,699.75,699.75,700.4299926757812,699.3150024414062,699.9801025390625,274864
2026-06-09 13:36:00-04:00,701.219970703125,701.219970703125,701.260009765625,699.72998046875,699.7763061523438,369849
2026-06-09 13:38:00-04:00,700.8400268554688,700.8400268554688,701.489990234375,700.5100708007812,701.1099853515625,295491
2026-06-09 13:40:00-04:00,702.2000122070312,702.2000122070312,702.280029296875,700.4600219726562,700.8599853515625,362633
2026-06-09 13:42:00-04:00,702.7100219726562,702.7100219726562,703.3599853515625,701.7590942382812,702.1699829101562,364102
2026-06-09 13:44:00-04:00,701.469970703125,701.469970703125,703.0499877929688,701.3599853515625,702.6799926757812,396864
2026-06-09 13:46:00-04:00,699.1898803710938,699.1898803710938,701.5399780273438,699.1400146484375,701.530029296875,452612
2026-06-09 13:48:00-04:00,698.6998901367188,698.6998901367188,699.6400146484375,698.22998046875,699.1900024414062,510398
2026-06-09 13:50:00-04:00,701.4000244140625,701.4000244140625,701.5700073242188,698.6400146484375,698.6699829101562,400848
2026-06-09 13:52:00-04:00,700.0250244140625,700.0250244140625,701.4086303710938,699.380126953125,701.375,303249
2026-06-09 13:54:00-04:00,701.4099731445312,701.4099731445312,701.77001953125,699.8200073242188,700.010009765625,263844
2026-06-09 13:56:00-04:00,701.47998046875,701.47998046875,701.8900146484375,700.739990234375,701.4000244140625,188241
2026-06-09 13:58:00-04:00,700.97998046875,700.97998046875,701.7899780273438,700.8499755859375,701.4500122070312,164466
2026-06-09 14:00:00-04:00,701.25,701.25,701.8784790039062,700.7999877929688,701.0900268554688,184868
2026-06-09 14:02:00-04:00,700.35498046875,700.35498046875,701.52001953125,699.9199829101562,701.219970703125,239219
2026-06-09 14:04:00-04:00,701.0800170898438,701.0800170898438,701.2100219726562,700.1799926757812,700.4099731445312,191031
2026-06-09 14:06:00-04:00,701.8400268554688,701.8400268554688,701.89990234375,700.4000244140625,701.1099853515625,247728
2026-06-09 14:08:00-04:00,702.1300048828125,702.1300048828125,702.4099731445312,701.469970703125,701.8701171875,225047
2026-06-09 14:10:00-04:00,701.4099731445312,701.4099731445312,702.2000122070312,700.72998046875,702.155029296875,329287
2026-06-09 14:12:00-04:00,701.2979125976562,701.2979125976562,701.9099731445312,701.1400146484375,701.4550170898438,192442
2026-06-09 14:14:00-04:00,701.7000122070312,701.7000122070312,702.1500244140625,701.2700805664062,701.3049926757812,308283
2026-06-09 14:16:00-04:00,701.5300903320312,701.5300903320312,702.256103515625,700.8099975585938,701.7899780273438,246257
2026-06-09 14:18:00-04:00,703.531005859375,703.531005859375,703.6599731445312,701.530029296875,701.5499877929688,302561
2026-06-09 14:20:00-04:00,703.0800170898438,703.0800170898438,704.1300048828125,702.6599731445312,703.5150756835938,375179
2026-06-09 14:22:00-04:00,704.2750244140625,704.2750244140625,704.3300170898438,702.8599853515625,703.0800170898438,240213
2026-06-09 14:24:00-04:00,703.469970703125,703.469970703125,704.614990234375,703.4000244140625,704.27001953125,434460
2026-06-09 14:26:00-04:00,703.9199829101562,703.9199829101562,703.9299926757812,702.6500244140625,703.469970703125,258650
2026-06-09 14:28:00-04:00,704.469970703125,704.469970703125,704.52001953125,703.4749755859375,703.97998046875,414154
2026-06-09 14:30:00-04:00,705.6400146484375,705.6400146484375,706.2299194335938,704.3499755859375,704.469970703125,439283
2026-06-09 14:32:00-04:00,705.260009765625,705.260009765625,705.6500244140625,704.4000244140625,705.6300048828125,296723
2026-06-09 14:34:00-04:00,704.739990234375,704.739990234375,705.5599975585938,704.739990234375,705.260009765625,250788
2026-06-09 14:36:00-04:00,705.6199951171875,705.6199951171875,706.0490112304688,704.739990234375,704.739990234375,613707
2026-06-09 14:38:00-04:00,705.469970703125,705.469970703125,705.9299926757812,705.3599853515625,705.6300048828125,140892
2026-06-09 14:40:00-04:00,704.6500244140625,704.6500244140625,705.5490112304688,704.3599853515625,705.469970703125,249802
2026-06-09 14:42:00-04:00,704.239990234375,704.239990234375,704.8699951171875,703.9000244140625,704.6599731445312,288342
2026-06-09 14:44:00-04:00,703.6500854492188,703.6500854492188,704.4400024414062,703.0399780273438,704.2698974609375,285014
2026-06-09 14:46:00-04:00,703.9970092773438,703.9970092773438,704.5700073242188,703.280029296875,703.760009765625,275549
2026-06-09 14:48:00-04:00,704.6300048828125,704.6300048828125,704.6798706054688,703.969970703125,703.969970703125,182262
2026-06-09 14:50:00-04:00,704.3499755859375,704.3499755859375,704.6300048828125,703.969970703125,704.6300048828125,182235
2026-06-09 14:52:00-04:00,705.3900146484375,705.3900146484375,705.6400146484375,704.3400268554688,704.4000244140625,244156
2026-06-09 14:54:00-04:00,705.010009765625,705.010009765625,705.530029296875,704.5599975585938,705.4199829101562,339701
2026-06-09 14:56:00-04:00,706.5,706.5,706.5800170898438,704.780029296875,705.0150146484375,298765
2026-06-09 14:58:00-04:00,706.739990234375,706.739990234375,707.3099975585938,706.3900146484375,706.5,313760
2026-06-09 15:00:00-04:00,706.3499755859375,706.3499755859375,706.9500122070312,705.6300048828125,706.7000122070312,297254
2026-06-09 15:02:00-04:00,707.2999877929688,707.2999877929688,707.2999877929688,706.1699829101562,706.2999877929688,275178
2026-06-09 15:04:00-04:00,707.4799194335938,707.4799194335938,708.5999755859375,707.27001953125,707.2899780273438,769234
2026-06-09 15:06:00-04:00,707.2100219726562,707.2100219726562,707.5999145507812,706.68017578125,707.4400024414062,272565
2026-06-09 15:08:00-04:00,706.3499755859375,706.3499755859375,707.5499877929688,706.2100219726562,707.22998046875,179273
2026-06-09 15:10:00-04:00,704.6300048828125,704.6300048828125,706.2999877929688,704.4703979492188,706.2999877929688,290925
2026-06-09 15:12:00-04:00,704.969970703125,704.969970703125,705.4650268554688,704.5700073242188,704.5900268554688,290602
2026-06-09 15:14:00-04:00,702.7999877929688,702.7999877929688,705.0499877929688,702.5501098632812,704.8900146484375,338788
2026-06-09 15:16:00-04:00,702.5,702.5,703.0700073242188,701.72998046875,702.77001953125,468049
2026-06-09 15:18:00-04:00,701.7999877929688,701.7999877929688,703.0499267578125,701.52001953125,702.5999755859375,299606
2026-06-09 15:20:00-04:00,702.5,702.5,703.25,701.1799926757812,701.7000122070312,489964
2026-06-09 15:22:00-04:00,702.2000122070312,702.2000122070312,702.6599731445312,701.530029296875,702.530029296875,264166
2026-06-09 15:24:00-04:00,702.489990234375,702.489990234375,702.989990234375,702.0,702.0999755859375,222936
2026-06-09 15:26:00-04:00,702.9050903320312,702.9050903320312,703.0,701.9818725585938,702.52001953125,253203
2026-06-09 15:28:00-04:00,703.969970703125,703.969970703125,704.2999877929688,702.780029296875,702.9099731445312,421524
2026-06-09 15:30:00-04:00,704.5800170898438,704.5800170898438,704.739990234375,703.4100952148438,703.9500122070312,311220
2026-06-09 15:32:00-04:00,704.0250244140625,704.0250244140625,704.760009765625,703.719970703125,704.5800170898438,227773
2026-06-09 15:34:00-04:00,704.331787109375,704.331787109375,704.6099853515625,703.7150268554688,704.0001220703125,231716
2026-06-09 15:36:00-04:00,704.489990234375,704.489990234375,704.6799926757812,703.7800903320312,704.385009765625,249542
2026-06-09 15:38:00-04:00,703.1201171875,703.1201171875,704.5399780273438,703.0700073242188,704.52001953125,212608
2026-06-09 15:40:00-04:00,702.22998046875,702.22998046875,703.219970703125,701.530029296875,703.1500244140625,486070
2026-06-09 15:42:00-04:00,703.1199951171875,703.1199951171875,703.8200073242188,701.9400024414062,702.2498779296875,411406
2026-06-09 15:44:00-04:00,703.280029296875,703.280029296875,703.5700073242188,702.8049926757812,703.0800170898438,266088
2026-06-09 15:46:00-04:00,702.2000122070312,702.2000122070312,703.3900146484375,702.1799926757812,703.2849731445312,237955
2026-06-09 15:48:00-04:00,702.1900024414062,702.1900024414062,702.7092895507812,701.4400024414062,702.1950073242188,305770
2026-06-09 15:50:00-04:00,705.280029296875,705.280029296875,705.5,702.1599731445312,702.22998046875,789413
2026-06-09 15:52:00-04:00,705.1610107421875,705.1610107421875,705.9199829101562,704.6199951171875,705.3250122070312,515153
2026-06-09 15:54:00-04:00,706.52001953125,706.52001953125,706.7100219726562,704.8599853515625,705.1699829101562,546519
2026-06-09 15:56:00-04:00,707.3300170898438,707.3300170898438,707.4299926757812,706.3099975585938,706.510009765625,818919
2026-06-09 15:58:00-04:00,707.9600219726562,707.9600219726562,708.280029296875,707.1699829101562,707.3499755859375,1792411
2026-06-10 09:30:00-04:00,702.1600952148438,702.1600952148438,704.0250244140625,701.0,701.4949951171875,5397917
2026-06-10 09:32:00-04:00,701.3250122070312,701.3250122070312,702.97998046875,700.530029296875,702.1950073242188,370067
2026-06-10 09:34:00-04:00,702.4400024414062,702.4400024414062,702.5999755859375,699.6199951171875,701.2100219726562,613046
2026-06-10 09:36:00-04:00,704.3599853515625,704.3599853515625,704.3599853515625,702.0380249023438,702.4400024414062,643743
2026-06-10 09:38:00-04:00,704.22998046875,704.22998046875,705.77001953125,703.8200073242188,704.2999877929688,702311
2026-06-10 09:40:00-04:00,702.010009765625,702.010009765625,704.27001953125,701.5999755859375,704.2550048828125,499522
2026-06-10 09:42:00-04:00,706.090087890625,706.090087890625,706.2999877929688,701.989990234375,702.02001953125,470391
2026-06-10 09:44:00-04:00,707.0900268554688,707.0900268554688,707.4299926757812,705.7449951171875,706.2100219726562,636103
2026-06-10 09:46:00-04:00,707.5999755859375,707.5999755859375,707.7899780273438,706.2949829101562,707.094970703125,401453
2026-06-10 09:48:00-04:00,708.760009765625,708.760009765625,709.1699829101562,707.5911254882812,707.6300048828125,446757
2026-06-10 09:50:00-04:00,705.5460205078125,705.5460205078125,708.7999877929688,705.3699951171875,708.75,664491
2026-06-10 09:52:00-04:00,704.9199829101562,704.9199829101562,706.3300170898438,704.8499755859375,705.52001953125,307135
2026-06-10 09:54:00-04:00,706.0399780273438,706.0399780273438,706.3499755859375,704.7899780273438,704.8499755859375,267825
2026-06-10 09:56:00-04:00,707.1300048828125,707.1300048828125,707.469970703125,705.9949951171875,706.030029296875,263924
2026-06-10 09:58:00-04:00,705.7349853515625,705.7349853515625,707.3001098632812,705.3200073242188,707.0999755859375,284143
2026-06-10 10:00:00-04:00,705.2700805664062,705.2700805664062,706.2899780273438,704.47998046875,705.75,338513
2026-06-10 10:02:00-04:00,707.280029296875,707.280029296875,708.0800170898438,704.739990234375,705.239990234375,448001
2026-06-10 10:04:00-04:00,706.1400146484375,706.1400146484375,707.4000244140625,705.9400024414062,707.25,234560
2026-06-10 10:06:00-04:00,707.1500854492188,707.1500854492188,707.7199096679688,706.1849975585938,706.1900024414062,200836
2026-06-10 10:08:00-04:00,708.4801025390625,708.4801025390625,708.8699951171875,706.8300170898438,707.239990234375,252286
2026-06-10 10:10:00-04:00,708.4650268554688,708.4650268554688,708.75,706.9500122070312,708.5499877929688,299423
2026-06-10 10:12:00-04:00,708.6400146484375,708.6400146484375,709.1599731445312,707.3599853515625,708.4299926757812,361780
2026-06-10 10:14:00-04:00,706.5338134765625,706.5338134765625,708.760009765625,706.3070068359375,708.6199951171875,238977
2026-06-10 10:16:00-04:00,707.6400146484375,707.6400146484375,708.47998046875,706.3800048828125,706.469970703125,334082
2026-06-10 10:18:00-04:00,707.7000122070312,707.7000122070312,707.9299926757812,706.8499755859375,707.6500244140625,132845
2026-06-10 10:20:00-04:00,707.9598999023438,707.9598999023438,708.1898803710938,706.9400024414062,707.6998901367188,183101
2026-06-10 10:22:00-04:00,709.2899780273438,709.2899780273438,709.4199829101562,707.47998046875,707.9199829101562,225127
2026-06-10 10:24:00-04:00,709.280029296875,709.280029296875,710.77001953125,708.9550170898438,709.2999877929688,345533
2026-06-10 10:26:00-04:00,710.1300048828125,710.1300048828125,710.25,709.0999755859375,709.2899780273438,202591
2026-06-10 10:28:00-04:00,709.3499755859375,709.3499755859375,710.1500244140625,708.22998046875,710.1300048828125,227214
2026-06-10 10:30:00-04:00,707.7150268554688,707.7150268554688,709.7999877929688,707.6801147460938,709.3099975585938,179584
2026-06-10 10:32:00-04:00,709.8300170898438,709.8300170898438,710.0499877929688,707.489990234375,707.739990234375,227624
2026-06-10 10:34:00-04:00,710.8098754882812,710.8098754882812,711.260009765625,709.719970703125,709.8200073242188,292301
2026-06-10 10:36:00-04:00,708.6099853515625,708.6099853515625,710.7598876953125,708.3560180664062,710.7598876953125,188097
2026-06-10 10:38:00-04:00,709.02001953125,709.02001953125,709.3729858398438,708.3599853515625,708.6799926757812,151205
2026-06-10 10:40:00-04:00,709.8198852539062,709.8198852539062,709.9600219726562,708.739990234375,708.9849853515625,243799
2026-06-10 10:42:00-04:00,708.47998046875,708.47998046875,709.989990234375,708.3699951171875,709.8099975585938,210028
2026-06-10 10:44:00-04:00,706.5999755859375,706.5999755859375,708.8150024414062,706.0501098632812,708.56298828125,305861
2026-06-10 10:46:00-04:00,707.0017700195312,707.0017700195312,708.2100219726562,706.5700073242188,706.77001953125,320939
2026-06-10 10:48:00-04:00,706.1199951171875,706.1199951171875,707.030029296875,705.3699951171875,707.030029296875,265636
2026-06-10 10:50:00-04:00,706.4412231445312,706.4412231445312,707.72998046875,705.97998046875,706.1400146484375,563758
2026-06-10 10:52:00-04:00,705.8250122070312,705.8250122070312,706.6900024414062,705.3499755859375,706.47998046875,198629
2026-06-10 10:54:00-04:00,703.6950073242188,703.6950073242188,706.9099731445312,703.6699829101562,705.9500122070312,301077
2026-06-10 10:56:00-04:00,702.0050048828125,702.0050048828125,704.27001953125,701.9099731445312,703.6400146484375,356024
2026-06-10 10:58:00-04:00,702.8200073242188,702.8200073242188,703.260009765625,701.6900024414062,701.910888671875,446176
2026-06-10 11:00:00-04:00,704.52001953125,704.52001953125,704.5250244140625,701.1295776367188,702.7999877929688,514646
2026-06-10 11:02:00-04:00,703.8599853515625,703.8599853515625,704.8779907226562,703.719970703125,704.5700073242188,297565
2026-06-10 11:04:00-04:00,702.4000244140625,702.4000244140625,704.0,702.25,703.8699951171875,277160
2026-06-10 11:06:00-04:00,701.72998046875,701.72998046875,702.77001953125,701.22998046875,702.4400024414062,185129
2026-06-10 11:08:00-04:00,700.9326782226562,700.9326782226562,702.1599731445312,700.8001098632812,701.739990234375,292915
2026-06-10 11:10:00-04:00,699.8400268554688,699.8400268554688,701.2899780273438,699.4400024414062,701.0599975585938,408165
2026-06-10 11:12:00-04:00,700.4000244140625,700.4000244140625,700.8800048828125,699.0599975585938,699.8049926757812,563336
2026-06-10 11:14:00-04:00,698.0349731445312,698.0349731445312,700.52001953125,697.8800048828125,700.3400268554688,373001
2026-06-10 11:16:00-04:00,698.239990234375,698.239990234375,699.3800048828125,697.7999877929688,698.0645751953125,315347
2026-06-10 11:18:00-04:00,698.6199951171875,698.6199951171875,699.0900268554688,697.094970703125,698.1900024414062,521591
2026-06-10 11:20:00-04:00,699.9400024414062,699.9400024414062,700.1500244140625,698.3200073242188,698.52001953125,519419
2026-06-10 11:22:00-04:00,701.3800048828125,701.3800048828125,701.489990234375,699.4201049804688,699.9174194335938,373463
2026-06-10 11:24:00-04:00,702.02001953125,702.02001953125,702.1799926757812,700.6599731445312,701.3800048828125,300656
2026-06-10 11:26:00-04:00,700.8900146484375,700.8900146484375,702.0999755859375,700.4199829101562,702.0999755859375,301461
2026-06-10 11:28:00-04:00,700.0999755859375,700.0999755859375,701.739990234375,700.0599975585938,700.9600219726562,307824
2026-06-10 11:30:00-04:00,700.5700073242188,700.5700073242188,701.6199951171875,699.8400268554688,700.1400146484375,317189
2026-06-10 11:32:00-04:00,699.3049926757812,699.3049926757812,700.6895141601562,699.1599731445312,700.5499877929688,188605
2026-06-10 11:34:00-04:00,699.27001953125,699.27001953125,700.3900146484375,698.9375,699.280029296875,449038
2026-06-10 11:36:00-04:00,699.47900390625,699.47900390625,700.5900268554688,699.1400146484375,699.219970703125,230734
2026-06-10 11:38:00-04:00,699.5499877929688,699.5499877929688,699.890625,698.4600219726562,699.469970703125,323792
2026-06-10 11:40:00-04:00,701.0499877929688,701.0499877929688,701.260009765625,698.969970703125,699.5,292674
2026-06-10 11:42:00-04:00,700.8900146484375,700.8900146484375,701.260009765625,699.7999877929688,701.1300048828125,230786
2026-06-10 11:44:00-04:00,701.8049926757812,701.8049926757812,702.1199951171875,700.8701171875,700.9099731445312,288665
2026-06-10 11:46:00-04:00,699.6500244140625,699.6500244140625,702.1500244140625,699.6400146484375,701.7650146484375,504504
2026-06-10 11:48:00-04:00,698.2000122070312,698.2000122070312,699.8400268554688,697.1300048828125,699.6900024414062,585982
2026-06-10 11:50:00-04:00,696.3599853515625,696.3599853515625,699.2100219726562,696.2949829101562,698.1699829101562,586910
2026-06-10 11:52:00-04:00,699.0599975585938,699.0599975585938,699.2899780273438,696.1900024414062,696.3699951171875,498122
2026-06-10 11:54:00-04:00,699.0300903320312,699.0300903320312,700.9299926757812,698.8499755859375,699.0499877929688,487677
2026-06-10 11:56:00-04:00,701.5050048828125,701.5050048828125,701.5800170898438,698.8099975585938,698.9678955078125,314424
2026-06-10 11:58:00-04:00,701.6900024414062,701.6900024414062,702.0399780273438,700.9550170898438,701.5399780273438,207232
2026-06-10 12:00:00-04:00,700.4821166992188,700.4821166992188,702.6400146484375,700.4500122070312,701.8350219726562,329802
2026-06-10 12:02:00-04:00,700.8400268554688,700.8400268554688,701.3800048828125,700.3250122070312,700.530029296875,164950
2026-06-10 12:04:00-04:00,700.5700073242188,700.5700073242188,701.4199829101562,700.510009765625,700.8499755859375,175191
2026-06-10 12:06:00-04:00,701.1099853515625,701.1099853515625,701.6300048828125,700.4500122070312,700.510009765625,293504
2026-06-10 12:08:00-04:00,699.8599853515625,699.8599853515625,701.260009765625,699.3900146484375,701.1099853515625,237654
2026-06-10 12:10:00-04:00,698.780029296875,698.780029296875,699.8499755859375,698.301025390625,699.8099975585938,207282
2026-06-10 12:12:00-04:00,699.0499877929688,699.0499877929688,699.3900146484375,698.4700927734375,698.760009765625,171189
2026-06-10 12:14:00-04:00,698.534423828125,698.534423828125,699.3300170898438,698.1799926757812,699.0399780273438,148483
2026-06-10 12:16:00-04:00,698.4600219726562,698.4600219726562,699.6799926757812,698.2000122070312,698.4400024414062,236492
2026-06-10 12:18:00-04:00,699.0,699.0,699.1099853515625,698.2000122070312,698.4600219726562,134927
2026-06-10 12:20:00-04:00,699.030029296875,699.030029296875,699.280029296875,697.989990234375,699.0399780273438,179407
2026-06-10 12:22:00-04:00,699.3599853515625,699.3599853515625,699.385009765625,698.4849853515625,699.0599975585938,184970
2026-06-10 12:24:00-04:00,698.5401000976562,698.5401000976562,699.4299926757812,698.0700073242188,699.3300170898438,151137
2026-06-10 12:26:00-04:00,698.5499877929688,698.5499877929688,699.4307250976562,698.380126953125,698.5,267115
2026-06-10 12:28:00-04:00,698.8499755859375,698.8499755859375,699.1019897460938,698.3800048828125,698.5399780273438,129644
2026-06-10 12:30:00-04:00,698.5900268554688,698.5900268554688,698.9600219726562,698.2000122070312,698.7000122070312,100625
2026-06-10 12:32:00-04:00,698.5750122070312,698.5750122070312,699.0,697.990478515625,698.4600219726562,222367
2026-06-10 12:34:00-04:00,700.0399780273438,700.0399780273438,700.6599731445312,698.52001953125,698.5800170898438,344477
2026-06-10 12:36:00-04:00,701.239990234375,701.239990234375,701.5499877929688,699.5700073242188,699.9600219726562,238770
2026-06-10 12:38:00-04:00,701.0,701.0,701.5,700.280029296875,701.2100219726562,168292
2026-06-10 12:40:00-04:00,699.97998046875,699.97998046875,701.4400024414062,699.8900146484375,700.969970703125,187927
2026-06-10 12:42:00-04:00,699.1500244140625,699.1500244140625,700.0599975585938,698.75,699.9099731445312,142433
2026-06-10 12:44:00-04:00,698.1599731445312,698.1599731445312,699.6900024414062,698.1599731445312,699.1699829101562,204764
2026-06-10 12:46:00-04:00,697.280029296875,697.280029296875,698.5650024414062,697.030029296875,698.0900268554688,178500
2026-06-10 12:48:00-04:00,697.9161987304688,697.9161987304688,698.22998046875,697.0700073242188,697.3699951171875,226244
2026-06-10 12:50:00-04:00,698.7000122070312,698.7000122070312,698.8099975585938,697.2899780273438,697.919921875,209322
2026-06-10 12:52:00-04:00,698.49560546875,698.49560546875,699.3599853515625,698.3499755859375,698.6199951171875,164568
2026-06-10 12:54:00-04:00,697.47998046875,697.47998046875,698.489990234375,697.1799926757812,698.489990234375,118774
2026-06-10 12:56:00-04:00,697.9099731445312,697.9099731445312,698.239990234375,697.4099731445312,697.4199829101562,137592
2026-06-10 12:58:00-04:00,698.2999877929688,698.2999877929688,698.4299926757812,697.52001953125,697.9199829101562,93856
2026-06-10 13:00:00-04:00,698.0050048828125,698.0050048828125,699.1597900390625,697.7600708007812,698.3400268554688,134890
2026-06-10 13:02:00-04:00,699.4600219726562,699.4600219726562,699.7100219726562,697.9600219726562,698.010009765625,169021
2026-06-10 13:04:00-04:00,697.9119873046875,697.9119873046875,699.8300170898438,697.864990234375,699.4650268554688,148773
2026-06-10 13:06:00-04:00,698.2100219726562,698.2100219726562,698.9000244140625,697.780029296875,697.8699951171875,124384
2026-06-10 13:08:00-04:00,697.4630126953125,697.4630126953125,698.1900024414062,697.1900024414062,698.1900024414062,101967
2026-06-10 13:10:00-04:00,696.4899291992188,696.4899291992188,697.4910888671875,696.1300048828125,697.4099731445312,242614
2026-06-10 13:12:00-04:00,697.0650024414062,697.0650024414062,697.469970703125,696.4099731445312,696.489990234375,158125
2026-06-10 13:14:00-04:00,696.5399780273438,696.5399780273438,697.0700073242188,696.1900024414062,697.0700073242188,127732
2026-06-10 13:16:00-04:00,696.3800048828125,696.3800048828125,697.219970703125,696.2252807617188,696.5800170898438,132630
2026-06-10 13:18:00-04:00,696.5800170898438,696.5800170898438,696.7100219726562,696.1799926757812,696.4000244140625,117628
2026-06-10 13:20:00-04:00,696.5001220703125,696.5001220703125,696.8300170898438,696.1500244140625,696.4600219726562,148205
2026-06-10 13:22:00-04:00,696.8800048828125,696.8800048828125,696.9699096679688,696.2999877929688,696.5250244140625,137177
2026-06-10 13:24:00-04:00,697.4500732421875,697.4500732421875,697.72998046875,696.8699951171875,696.8699951171875,342321
2026-06-10 13:26:00-04:00,697.1400756835938,697.1400756835938,697.510009765625,696.6699829101562,697.510009765625,108386
2026-06-10 13:28:00-04:00,697.5700073242188,697.5700073242188,697.8099975585938,697.0900268554688,697.1300048828125,164950
2026-06-10 13:30:00-04:00,696.3300170898438,696.3300170898438,697.7000122070312,696.3300170898438,697.5499877929688,137080
2026-06-10 13:32:00-04:00,696.9099731445312,696.9099731445312,697.0399780273438,696.0999755859375,696.4299926757812,152253
2026-06-10 13:34:00-04:00,696.4201049804688,696.4201049804688,697.3099975585938,696.3900146484375,696.9199829101562,96192
2026-06-10 13:36:00-04:00,696.6699829101562,696.6699829101562,697.1300048828125,696.2000122070312,696.4199829101562,121409
2026-06-10 13:38:00-04:00,696.239990234375,696.239990234375,696.760009765625,696.0900268554688,696.72998046875,131710
2026-06-10 13:40:00-04:00,696.3200073242188,696.3200073242188,696.8800048828125,696.0700073242188,696.2899780273438,153804
2026-06-10 13:42:00-04:00,696.0900268554688,696.0900268554688,696.6649780273438,696.030029296875,696.3699951171875,96842
2026-06-10 13:44:00-04:00,696.7899780273438,696.7899780273438,696.7999877929688,695.8699951171875,696.0399780273438,235542
2026-06-10 13:46:00-04:00,698.8200073242188,698.8200073242188,699.1699829101562,696.72998046875,696.7550048828125,482360
2026-06-10 13:48:00-04:00,699.42822265625,699.42822265625,699.9567260742188,698.3369750976562,698.8599853515625,227966
2026-06-10 13:50:00-04:00,699.0399780273438,699.0399780273438,699.6699829101562,698.0,699.4299926757812,329553
2026-06-10 13:52:00-04:00,698.1799926757812,698.1799926757812,698.97998046875,697.6199951171875,698.97998046875,187804
2026-06-10 13:54:00-04:00,699.60498046875,699.60498046875,699.8380126953125,698.0999755859375,698.22998046875,294070
2026-06-10 13:56:00-04:00,699.2100219726562,699.2100219726562,700.1500244140625,699.1900024414062,699.5,158423
2026-06-10 13:58:00-04:00,699.8200073242188,699.8200073242188,699.9600219726562,699.1599731445312,699.1901245117188,119597
2026-06-10 14:00:00-04:00,699.6900024414062,699.6900024414062,700.5599975585938,699.3599853515625,699.8800048828125,186888
2026-06-10 14:02:00-04:00,700.75,700.75,700.8699951171875,699.5599975585938,699.6400146484375,138329
2026-06-10 14:04:00-04:00,700.7000122070312,700.7000122070312,701.0700073242188,700.4114990234375,700.768798828125,208355
2026-06-10 14:06:00-04:00,699.5399169921875,699.5399169921875,700.9000244140625,699.47998046875,700.6599731445312,166400
2026-06-10 14:08:00-04:00,699.1900024414062,699.1900024414062,700.27001953125,699.1500244140625,699.5499877929688,178242
2026-06-10 14:10:00-04:00,699.6699829101562,699.6699829101562,699.9600219726562,699.1300048828125,699.2000122070312,88937
2026-06-10 14:12:00-04:00,699.5750122070312,699.5750122070312,700.3499755859375,699.340087890625,699.7100219726562,97752
2026-06-10 14:14:00-04:00,700.22998046875,700.22998046875,700.385009765625,699.5382080078125,699.5900268554688,88673
2026-06-10 14:16:00-04:00,699.0150146484375,699.0150146484375,700.5599975585938,699.0003051757812,700.2349853515625,123745
2026-06-10 14:18:00-04:00,698.469970703125,698.469970703125,699.219970703125,698.010009765625,699.0449829101562,128619
2026-06-10 14:20:00-04:00,698.4600219726562,698.4600219726562,699.4199829101562,698.35498046875,698.4500122070312,118422
2026-06-10 14:22:00-04:00,698.5449829101562,698.5449829101562,698.625,697.8499755859375,698.4000244140625,152241
2026-06-10 14:24:00-04:00,698.3599853515625,698.3599853515625,698.7999877929688,698.0,698.510009765625,88287
2026-06-10 14:26:00-04:00,698.2100219726562,698.2100219726562,698.6900024414062,698.0700073242188,698.27001953125,91397
2026-06-10 14:28:00-04:00,698.2125244140625,698.2125244140625,698.8624877929688,698.1500244140625,698.25,75017
2026-06-10 14:30:00-04:00,697.323974609375,697.323974609375,698.2999877929688,697.27001953125,698.1799926757812,159525
2026-06-10 14:32:00-04:00,697.489990234375,697.489990234375,697.9099731445312,697.3099975585938,697.3200073242188,172887
2026-06-10 14:34:00-04:00,697.3599853515625,697.3599853515625,697.719970703125,696.8800048828125,697.4400024414062,169481
2026-06-10 14:36:00-04:00,696.5999755859375,696.5999755859375,697.5999755859375,696.47998046875,697.35498046875,202198
2026-06-10 14:38:00-04:00,696.760009765625,696.760009765625,697.0700073242188,696.280029296875,696.5889892578125,151737
2026-06-10 14:40:00-04:00,696.6201171875,696.6201171875,697.3900146484375,696.6201171875,696.8099975585938,210770
2026-06-10 14:42:00-04:00,696.8699951171875,696.8699951171875,697.0399780273438,696.27001953125,696.6500244140625,123332
2026-06-10 14:44:00-04:00,696.6439819335938,696.6439819335938,697.239990234375,696.530029296875,696.8800048828125,140951
2026-06-10 14:46:00-04:00,696.3400268554688,696.3400268554688,696.9000244140625,696.1900024414062,696.6699829101562,160851
2026-06-10 14:48:00-04:00,696.1640014648438,696.1640014648438,696.989990234375,696.1599731445312,696.3200073242188,223074
2026-06-10 14:50:00-04:00,695.47998046875,695.47998046875,696.2000122070312,694.97998046875,696.2000122070312,479695
2026-06-10 14:52:00-04:00,696.0800170898438,696.0800170898438,696.3400268554688,695.3300170898438,695.52001953125,193442
2026-06-10 14:54:00-04:00,695.3800048828125,695.3800048828125,696.239990234375,695.1500244140625,696.0800170898438,128816
2026-06-10 14:56:00-04:00,695.5150146484375,695.5150146484375,695.780029296875,694.8699951171875,695.3300170898438,167940
2026-06-10 14:58:00-04:00,695.6500244140625,695.6500244140625,696.0599975585938,695.4299926757812,695.4450073242188,175378
2026-06-10 15:00:00-04:00,695.2498779296875,695.2498779296875,695.6799926757812,694.8099975585938,695.6500854492188,402801
2026-06-10 15:02:00-04:00,696.6400146484375,696.6400146484375,696.75,694.9700927734375,695.1500244140625,242058
2026-06-10 15:04:00-04:00,695.77001953125,695.77001953125,696.7000122070312,695.4299926757812,696.5999755859375,141012
2026-06-10 15:06:00-04:00,696.8200073242188,696.8200073242188,697.0800170898438,695.7200927734375,695.75,211607
2026-06-10 15:08:00-04:00,696.4650268554688,696.4650268554688,697.0999755859375,696.2473754882812,696.9299926757812,136161
2026-06-10 15:10:00-04:00,695.3001098632812,695.3001098632812,696.489990234375,695.2349853515625,696.4600219726562,163883
2026-06-10 15:12:00-04:00,695.3499755859375,695.3499755859375,695.5700073242188,695.0599975585938,695.2999877929688,163350
2026-06-10 15:14:00-04:00,694.6699829101562,694.6699829101562,695.4000244140625,694.4400024414062,695.3699951171875,231238
2026-06-10 15:16:00-04:00,694.2449951171875,694.2449951171875,695.1599731445312,694.0900268554688,694.6699829101562,214957
2026-06-10 15:18:00-04:00,694.10498046875,694.10498046875,694.3298950195312,693.6699829101562,694.22998046875,231960
2026-06-10 15:20:00-04:00,693.3599853515625,693.3599853515625,694.1400146484375,693.3001098632812,694.0700073242188,201904
2026-06-10 15:22:00-04:00,693.2999877929688,693.2999877929688,693.7899780273438,693.1099853515625,693.3900146484375,237839
2026-06-10 15:24:00-04:00,693.5,693.5,694.0499877929688,693.2899780273438,693.338623046875,457873
2026-06-10 15:26:00-04:00,693.3099975585938,693.3099975585938,693.72998046875,692.9299926757812,693.4500122070312,189902
2026-06-10 15:28:00-04:00,694.2000122070312,694.2000122070312,694.5,693.27001953125,693.4299926757812,270784
2026-06-10 15:30:00-04:00,695.1900024414062,695.1900024414062,695.5648193359375,693.6799926757812,694.1599731445312,537394
2026-06-10 15:32:00-04:00,695.22998046875,695.22998046875,695.4459838867188,694.8300170898438,695.1950073242188,421042
2026-06-10 15:34:00-04:00,695.6500244140625,695.6500244140625,696.2000122070312,695.22998046875,695.2849731445312,408450
2026-06-10 15:36:00-04:00,696.47998046875,696.47998046875,696.5399780273438,695.2899780273438,695.6500244140625,210570
2026-06-10 15:38:00-04:00,696.6199951171875,696.6199951171875,696.8400268554688,696.1099853515625,696.510009765625,419587
2026-06-10 15:40:00-04:00,696.0900268554688,696.0900268554688,697.0,695.7800903320312,696.6199951171875,346714
2026-06-10 15:42:00-04:00,696.3699951171875,696.3699951171875,696.4398803710938,695.2999877929688,696.0499877929688,553085
2026-06-10 15:44:00-04:00,695.4600219726562,695.4600219726562,696.3400268554688,695.280029296875,696.3400268554688,251883
2026-06-10 15:46:00-04:00,695.0499877929688,695.0499877929688,695.6400146484375,694.989990234375,695.4199829101562,167413
2026-06-10 15:48:00-04:00,695.2901000976562,695.2901000976562,695.3250122070312,694.3599853515625,695.0499877929688,323251
2026-06-10 15:50:00-04:00,696.4099731445312,696.4099731445312,696.9600219726562,694.1300048828125,695.2899780273438,1055253
2026-06-10 15:52:00-04:00,695.52001953125,695.52001953125,696.5499877929688,695.239990234375,696.4299926757812,511602
2026-06-10 15:54:00-04:00,695.2849731445312,695.2849731445312,696.4299926757812,694.9500122070312,695.4500122070312,680361
2026-06-10 15:56:00-04:00,695.1799926757812,695.1799926757812,695.5,694.9299926757812,695.280029296875,509671
2026-06-10 15:58:00-04:00,693.7100219726562,693.7100219726562,695.8400268554688,693.7100219726562,695.1799926757812,2193149
2026-06-11 09:30:00-04:00,698.4000854492188,698.4000854492188,700.3400268554688,697.58251953125,699.2899780273438,3695618
2026-06-11 09:32:00-04:00,698.3599853515625,698.3599853515625,698.9298706054688,697.6104125976562,698.4099731445312,432917
2026-06-11 09:34:00-04:00,698.3400268554688,698.3400268554688,698.4500122070312,697.3499755859375,698.3599853515625,387057
2026-06-11 09:36:00-04:00,699.7899780273438,699.7899780273438,700.0700073242188,698.280029296875,698.3699951171875,519009
2026-06-11 09:38:00-04:00,697.969970703125,697.969970703125,699.7849731445312,697.1699829101562,699.780029296875,397865
2026-06-11 09:40:00-04:00,697.5399780273438,697.5399780273438,698.0800170898438,696.8200073242188,698.0,273906
2026-06-11 09:42:00-04:00,699.1699829101562,699.1699829101562,699.3599853515625,697.0,697.5399780273438,254378
2026-06-11 09:44:00-04:00,700.9000244140625,700.9000244140625,700.9099731445312,698.1950073242188,699.1649780273438,501602
2026-06-11 09:46:00-04:00,702.5599975585938,702.5599975585938,702.6500244140625,700.54150390625,700.89990234375,586058
2026-06-11 09:48:00-04:00,700.8499755859375,700.8499755859375,702.5399780273438,700.760009765625,702.5,453093
2026-06-11 09:50:00-04:00,704.0399780273438,704.0399780273438,704.4954223632812,700.8699951171875,700.8699951171875,566416
2026-06-11 09:52:00-04:00,705.1900024414062,705.1900024414062,705.239990234375,703.7050170898438,704.0,515816
2026-06-11 09:54:00-04:00,705.3900146484375,705.3900146484375,705.5499877929688,704.3499755859375,705.1500244140625,507369
2026-06-11 09:56:00-04:00,703.00048828125,703.00048828125,705.3900146484375,702.8699951171875,705.3800048828125,409784
2026-06-11 09:58:00-04:00,702.77001953125,702.77001953125,703.9199829101562,702.3099975585938,703.0349731445312,244651
2026-06-11 10:00:00-04:00,706.25,706.25,706.3300170898438,702.6920166015625,702.8300170898438,394625
2026-06-11 10:02:00-04:00,705.7100219726562,705.7100219726562,706.25,705.2999877929688,706.25,251196
2026-06-11 10:04:00-04:00,704.9000244140625,704.9000244140625,706.4099731445312,704.630126953125,705.6300048828125,275089
2026-06-11 10:06:00-04:00,705.7800903320312,705.7800903320312,705.8200073242188,704.739990234375,704.8699951171875,525218
2026-06-11 10:08:00-04:00,704.510009765625,704.510009765625,705.7899780273438,704.030029296875,705.7899780273438,204955
2026-06-11 10:10:00-04:00,702.8699951171875,702.8699951171875,704.7000122070312,701.3400268554688,704.5399780273438,388678
2026-06-11 10:12:00-04:00,701.7100219726562,701.7100219726562,703.4099731445312,701.7000122070312,702.8800048828125,296975
2026-06-11 10:14:00-04:00,701.6201171875,701.6201171875,702.3400268554688,701.0999755859375,701.6900024414062,320203
2026-06-11 10:16:00-04:00,700.7899780273438,700.7899780273438,702.0399780273438,699.8800048828125,701.6900024414062,362521
2026-06-11 10:18:00-04:00,699.4600219726562,699.4600219726562,700.85498046875,699.2000122070312,700.8200073242188,322941
2026-06-11 10:20:00-04:00,700.8300170898438,700.8300170898438,700.8900146484375,699.260009765625,699.4199829101562,359768
2026-06-11 10:22:00-04:00,703.030029296875,703.030029296875,703.3198852539062,700.3499755859375,700.8300170898438,323651
2026-06-11 10:24:00-04:00,703.1900024414062,703.1900024414062,703.5,702.2100219726562,703.010009765625,303632
2026-06-11 10:26:00-04:00,701.3300170898438,701.3300170898438,703.2399291992188,701.1099853515625,703.2399291992188,261121
2026-06-11 10:28:00-04:00,702.125,702.125,702.530029296875,700.219970703125,701.2449951171875,232419
2026-06-11 10:30:00-04:00,701.1900024414062,701.1900024414062,702.7999877929688,700.97998046875,702.10498046875,223799
2026-06-11 10:32:00-04:00,700.52001953125,700.52001953125,701.9498901367188,700.4099731445312,701.1500244140625,235085
2026-06-11 10:34:00-04:00,702.5599975585938,702.5599975585938,702.6900024414062,700.4600219726562,700.52001953125,243186
2026-06-11 10:36:00-04:00,701.4401245117188,701.4401245117188,703.8400268554688,701.3400268554688,702.510009765625,282476
2026-06-11 10:38:00-04:00,702.0800170898438,702.0800170898438,703.0,701.3400268554688,701.3499755859375,153248
2026-06-11 10:40:00-04:00,702.5999755859375,702.5999755859375,703.0,702.030029296875,702.030029296875,195660
2026-06-11 10:42:00-04:00,702.0399780273438,702.0399780273438,703.1699829101562,701.8200073242188,702.6199951171875,176369
2026-06-11 10:44:00-04:00,700.8499755859375,700.8499755859375,702.2000122070312,700.4500732421875,702.0599975585938,243125
2026-06-11 10:46:00-04:00,700.35009765625,700.35009765625,701.4000244140625,700.1300048828125,700.739990234375,173374
2026-06-11 10:48:00-04:00,700.0900268554688,700.0900268554688,701.0900268554688,699.5700073242188,700.3350219726562,266246
2026-06-11 10:50:00-04:00,700.3800048828125,700.3800048828125,700.7999877929688,699.3499755859375,700.0999755859375,303141
2026-06-11 10:52:00-04:00,699.25,699.25,700.47998046875,699.0,700.4299926757812,187837
2026-06-11 10:54:00-04:00,697.8692016601562,697.8692016601562,699.760009765625,697.6699829101562,699.1300048828125,262791
2026-06-11 10:56:00-04:00,697.4199829101562,697.4199829101562,698.3099975585938,696.7999877929688,697.77001953125,414774
2026-06-11 10:58:00-04:00,696.75048828125,696.75048828125,697.9199829101562,695.72998046875,697.3300170898438,416465
2026-06-11 11:00:00-04:00,695.5399780273438,695.5399780273438,696.77001953125,695.0,696.77001953125,471658
2026-06-11 11:02:00-04:00,697.4299926757812,697.4299926757812,697.8400268554688,695.3800048828125,695.489990234375,402200
2026-06-11 11:04:00-04:00,696.6798706054688,696.6798706054688,697.9299926757812,696.5599975585938,697.4000244140625,271808
2026-06-11 11:06:00-04:00,698.780029296875,698.780029296875,699.0399780273438,696.5449829101562,696.6500244140625,353320
2026-06-11 11:08:00-04:00,698.469970703125,698.469970703125,699.419921875,698.0900268554688,698.739990234375,276181
2026-06-11 11:10:00-04:00,698.739990234375,698.739990234375,699.4299926757812,698.2100219726562,698.4400024414062,244186
2026-06-11 11:12:00-04:00,700.010009765625,700.010009765625,700.2260131835938,698.780029296875,698.7999877929688,278874
2026-06-11 11:14:00-04:00,701.1599731445312,701.1599731445312,701.27001953125,699.280029296875,700.0,343786
2026-06-11 11:16:00-04:00,700.1699829101562,700.1699829101562,701.219970703125,700.1599731445312,701.219970703125,225281
2026-06-11 11:18:00-04:00,699.89501953125,699.89501953125,700.5800170898438,699.094970703125,700.219970703125,222982
2026-06-11 11:20:00-04:00,701.0150146484375,701.0150146484375,701.7899780273438,699.6300048828125,699.8800048828125,254273
2026-06-11 11:22:00-04:00,700.510009765625,700.510009765625,701.2999877929688,700.010009765625,701.030029296875,170353
2026-06-11 11:24:00-04:00,701.010009765625,701.010009765625,701.375,700.4000244140625,700.555908203125,169271
2026-06-11 11:26:00-04:00,700.760009765625,700.760009765625,701.6799926757812,700.47998046875,700.9520263671875,170541
2026-06-11 11:28:00-04:00,699.3499755859375,699.3499755859375,700.8800048828125,699.2620239257812,700.7100219726562,241276
2026-06-11 11:30:00-04:00,699.7100219726562,699.7100219726562,700.1799926757812,698.969970703125,699.3499755859375,163782
2026-06-11 11:32:00-04:00,700.027099609375,700.027099609375,700.6599731445312,699.5,699.7899780273438,147980
2026-06-11 11:34:00-04:00,700.8200073242188,700.8200073242188,701.1500244140625,699.9299926757812,700.0,189121
2026-06-11 11:36:00-04:00,702.0499877929688,702.0499877929688,702.219970703125,700.5,700.7999877929688,179276
2026-06-11 11:38:00-04:00,701.7899780273438,701.7899780273438,702.4500122070312,701.3499755859375,702.0599975585938,218309
2026-06-11 11:40:00-04:00,702.0800170898438,702.0800170898438,702.97998046875,701.590087890625,701.6400146484375,180918
2026-06-11 11:42:00-04:00,700.8099975585938,700.8099975585938,702.5,700.75,702.0900268554688,462257
2026-06-11 11:44:00-04:00,700.4500122070312,700.4500122070312,701.0999755859375,700.1199951171875,700.85498046875,160374
2026-06-11 11:46:00-04:00,701.77197265625,701.77197265625,702.0700073242188,700.3499755859375,700.4650268554688,129321
2026-06-11 11:48:00-04:00,701.02001953125,701.02001953125,701.9000244140625,700.8800048828125,701.9000244140625,100781
2026-06-11 11:50:00-04:00,700.7899780273438,700.7899780273438,701.2117919921875,700.6099853515625,701.02001953125,110883
2026-06-11 11:52:00-04:00,700.010009765625,700.010009765625,701.1300048828125,699.9500122070312,700.7899780273438,126469
2026-06-11 11:54:00-04:00,700.6500244140625,700.6500244140625,700.6799926757812,699.7999877929688,700.010009765625,159837
2026-06-11 11:56:00-04:00,701.7100219726562,701.7100219726562,702.0,700.2000122070312,700.5999755859375,195094
2026-06-11 11:58:00-04:00,701.811279296875,701.811279296875,702.1699829101562,701.4108276367188,701.7550048828125,160751
2026-06-11 12:00:00-04:00,702.1599731445312,702.1599731445312,703.1099853515625,701.6300048828125,701.780029296875,222308
2026-06-11 12:02:00-04:00,701.489990234375,701.489990234375,702.4199829101562,701.3499755859375,702.2100219726562,108046
2026-06-11 12:04:00-04:00,702.1099853515625,702.1099853515625,702.2399291992188,701.0,701.4600219726562,149481
2026-06-11 12:06:00-04:00,702.8300170898438,702.8300170898438,702.989990234375,702.0900268554688,702.1300048828125,263867
2026-06-11 12:08:00-04:00,702.7667846679688,702.7667846679688,703.0900268554688,702.27001953125,702.7100219726562,143381
2026-06-11 12:10:00-04:00,703.75,703.75,703.77001953125,702.47998046875,702.7100219726562,164822
2026-06-11 12:12:00-04:00,704.1099853515625,704.1099853515625,704.39501953125,703.5399780273438,703.72998046875,196290
2026-06-11 12:14:00-04:00,703.7999877929688,703.7999877929688,704.5900268554688,703.6599731445312,704.030029296875,312083
2026-06-11 12:16:00-04:00,703.69921875,703.69921875,704.2899780273438,703.1599731445312,703.8099975585938,247734
2026-06-11 12:18:00-04:00,703.760009765625,703.760009765625,703.8099975585938,703.3099975585938,703.655029296875,98039
2026-06-11 12:20:00-04:00,703.2000122070312,703.2000122070312,704.1400146484375,702.5,703.780029296875,346549
2026-06-11 12:22:00-04:00,702.8184204101562,702.8184204101562,703.27001953125,702.3099975585938,703.2100219726562,130968
2026-06-11 12:24:00-04:00,701.89990234375,701.89990234375,702.8300170898438,701.739990234375,702.8300170898438,113971
2026-06-11 12:26:00-04:00,701.9199829101562,701.9199829101562,702.5800170898438,701.3900756835938,701.9600219726562,143423
2026-06-11 12:28:00-04:00,701.4749755859375,701.4749755859375,702.4099731445312,701.3599853515625,701.89501953125,198734
2026-06-11 12:30:00-04:00,701.469970703125,701.469970703125,701.9099731445312,701.0333862304688,701.4500122070312,213221
2026-06-11 12:32:00-04:00,702.75,702.75,702.8300170898438,700.9199829101562,701.4550170898438,220528
2026-06-11 12:34:00-04:00,703.5850219726562,703.5850219726562,704.3699951171875,702.6599731445312,702.6900024414062,312031
2026-06-11 12:36:00-04:00,703.8200073242188,703.8200073242188,704.3699951171875,703.1799926757812,703.6199951171875,159100
2026-06-11 12:38:00-04:00,702.6749877929688,702.6749877929688,703.7999267578125,702.4600219726562,703.7349853515625,107037
2026-06-11 12:40:00-04:00,702.0700073242188,702.0700073242188,702.8900146484375,701.969970703125,702.7000122070312,103439
2026-06-11 12:42:00-04:00,702.47998046875,702.47998046875,702.6300048828125,701.969970703125,702.02001953125,100771
2026-06-11 12:44:00-04:00,701.85498046875,701.85498046875,702.8300170898438,701.8400268554688,702.5449829101562,115085
2026-06-11 12:46:00-04:00,702.3300170898438,702.3300170898438,702.4199829101562,701.75,701.8800048828125,104515
2026-06-11 12:48:00-04:00,702.030029296875,702.030029296875,702.75,701.8662109375,702.280029296875,94181
2026-06-11 12:50:00-04:00,701.10498046875,701.10498046875,702.18798828125,701.0700073242188,702.1199951171875,147311
2026-06-11 12:52:00-04:00,700.919921875,700.919921875,701.4550170898438,700.4500122070312,701.0900268554688,159202
2026-06-11 12:54:00-04:00,699.9000244140625,699.9000244140625,701.1599731445312,699.7869262695312,700.9400024414062,248314
2026-06-11 12:56:00-04:00,700.239990234375,700.239990234375,700.6799926757812,699.9099731445312,699.9550170898438,139619
2026-06-11 12:58:00-04:00,699.5499877929688,699.5499877929688,700.47998046875,699.5499877929688,700.239990234375,135669
2026-06-11 13:00:00-04:00,699.989990234375,699.989990234375,700.5499877929688,699.2000122070312,699.6300048828125,249711
2026-06-11 13:02:00-04:00,698.4000244140625,698.4000244140625,700.0,698.260009765625,699.989990234375,244619
2026-06-11 13:04:00-04:00,699.3499755859375,699.3499755859375,699.3499755859375,698.3001098632812,698.469970703125,232971
2026-06-11 13:06:00-04:00,699.989990234375,699.989990234375,700.0900268554688,698.9400024414062,699.219970703125,239445
2026-06-11 13:08:00-04:00,699.9801025390625,699.9801025390625,700.22998046875,699.3930053710938,699.989990234375,208439
2026-06-11 13:10:00-04:00,699.9099731445312,699.9099731445312,700.5499877929688,699.6799926757812,700.030029296875,122207
2026-06-11 13:12:00-04:00,698.9199829101562,698.9199829101562,700.27001953125,698.8099975585938,699.9400024414062,220520
2026-06-11 13:14:00-04:00,698.6400146484375,698.6400146484375,699.3499755859375,698.3400268554688,699.0499877929688,497176
2026-06-11 13:16:00-04:00,698.280029296875,698.280029296875,699.4600219726562,698.27001953125,698.6199951171875,105541
2026-06-11 13:18:00-04:00,697.9849853515625,697.9849853515625,698.4550170898438,697.5883178710938,698.27001953125,227297
2026-06-11 13:20:00-04:00,698.1300048828125,698.1300048828125,698.3599853515625,697.4600830078125,697.969970703125,142588
2026-06-11 13:22:00-04:00,698.4299926757812,698.4299926757812,698.5599975585938,697.7100219726562,698.1799926757812,113428
2026-06-11 13:24:00-04:00,699.2999877929688,699.2999877929688,699.2999877929688,698.1099853515625,698.4099731445312,220574
2026-06-11 13:26:00-04:00,700.0399780273438,700.0399780273438,700.0999755859375,699.27001953125,699.3400268554688,161702
2026-06-11 13:28:00-04:00,707.27001953125,707.27001953125,707.4400024414062,700.0401000976562,700.0401000976562,1232390
2026-06-11 13:30:00-04:00,708.0399780273438,708.0399780273438,710.4600219726562,707.27001953125,707.27001953125,1891905
2026-06-11 13:32:00-04:00,711.0599975585938,711.0599975585938,711.4199829101562,707.8699951171875,707.969970703125,900028
2026-06-11 13:34:00-04:00,709.5900268554688,709.5900268554688,711.530029296875,709.1699829101562,711.0999755859375,809081
2026-06-11 13:36:00-04:00,709.489990234375,709.489990234375,709.6400146484375,708.2899780273438,709.510009765625,578328
2026-06-11 13:38:00-04:00,709.5838012695312,709.5838012695312,709.8599243164062,708.7999877929688,709.469970703125,584302
2026-06-11 13:40:00-04:00,710.5900268554688,710.5900268554688,710.8800048828125,709.0599975585938,709.5499877929688,384781
2026-06-11 13:42:00-04:00,711.6300048828125,711.6300048828125,711.7149047851562,710.219970703125,710.7100219726562,371367
2026-06-11 13:44:00-04:00,711.5900268554688,711.5900268554688,712.5399780273438,711.0650024414062,711.5800170898438,715148
2026-06-11 13:46:00-04:00,710.1799926757812,710.1799926757812,711.6799926757812,710.1400146484375,711.6500244140625,483492
2026-06-11 13:48:00-04:00,710.030029296875,710.030029296875,710.9600219726562,709.6099853515625,710.2550048828125,410281
2026-06-11 13:50:00-04:00,709.2999877929688,709.2999877929688,710.0449829101562,708.0900268554688,710.02001953125,542185
2026-06-11 13:52:00-04:00,709.4901123046875,709.4901123046875,710.260009765625,709.25,709.3201293945312,347722
2026-06-11 13:54:00-04:00,709.4199829101562,709.4199829101562,709.8699951171875,708.9400024414062,709.47998046875,213739
2026-06-11 13:56:00-04:00,709.8300170898438,709.8300170898438,709.9099731445312,708.5875244140625,709.4099731445312,240246
2026-06-11 13:58:00-04:00,710.3900146484375,710.3900146484375,710.5399780273438,709.630126953125,709.8400268554688,486922
2026-06-11 14:00:00-04:00,710.0599975585938,710.0599975585938,711.3499755859375,710.02001953125,710.385009765625,452078
2026-06-11 14:02:00-04:00,707.7999877929688,707.7999877929688,710.239990234375,707.6400146484375,710.0449829101562,846961
2026-06-11 14:04:00-04:00,706.9600219726562,706.9600219726562,708.4400024414062,706.9400024414062,707.7100219726562,902175
2026-06-11 14:06:00-04:00,708.25,708.25,708.2999877929688,706.85498046875,707.0999145507812,530591
2026-06-11 14:08:00-04:00,707.9199829101562,707.9199829101562,708.75,707.280029296875,708.27001953125,223451
2026-06-11 14:10:00-04:00,708.7100219726562,708.7100219726562,709.0,707.719970703125,707.89501953125,175683
2026-06-11 14:12:00-04:00,709.0150146484375,709.0150146484375,709.5399780273438,708.6199951171875,708.9000244140625,221250
2026-06-11 14:14:00-04:00,710.4598999023438,710.4598999023438,710.469970703125,708.8900146484375,709.0499877929688,228320
2026-06-11 14:16:00-04:00,711.0,711.0,711.25,710.3599853515625,710.4500122070312,319142
2026-06-11 14:18:00-04:00,711.4199829101562,711.4199829101562,711.64990234375,710.5650024414062,710.97998046875,307445
2026-06-11 14:20:00-04:00,710.489990234375,710.489990234375,711.38818359375,710.25,711.3499755859375,198020
2026-06-11 14:22:00-04:00,709.375,709.375,710.489990234375,708.8900146484375,710.4199829101562,452343
2026-06-11 14:24:00-04:00,710.130126953125,710.130126953125,710.1500244140625,709.3800048828125,709.3800048828125,239896
2026-06-11 14:26:00-04:00,709.9500122070312,709.9500122070312,710.280029296875,709.4500122070312,710.14501953125,225609
2026-06-11 14:28:00-04:00,709.8099975585938,709.8099975585938,710.1799926757812,709.4299926757812,709.969970703125,150447
2026-06-11 14:30:00-04:00,710.6099853515625,710.6099853515625,711.0,709.5700073242188,709.8400268554688,147913
2026-06-11 14:32:00-04:00,710.1699829101562,710.1699829101562,710.6500244140625,709.5700073242188,710.6099853515625,201490
2026-06-11 14:34:00-04:00,709.75,709.75,710.3200073242188,709.510009765625,710.1900024414062,126613
2026-06-11 14:36:00-04:00,710.2550048828125,710.2550048828125,710.4099731445312,709.6099853515625,709.739990234375,145538
2026-06-11 14:38:00-04:00,709.719970703125,709.719970703125,710.3250122070312,709.4301147460938,710.27001953125,125093
2026-06-11 14:40:00-04:00,709.9500122070312,709.9500122070312,710.1599731445312,709.5499877929688,709.6900024414062,329104
2026-06-11 14:42:00-04:00,710.5800170898438,710.5800170898438,710.77001953125,709.8101196289062,710.010009765625,180798
2026-06-11 14:44:00-04:00,711.0098876953125,711.0098876953125,711.0700073242188,710.3499755859375,710.6099853515625,169280
2026-06-11 14:46:00-04:00,711.47998046875,711.47998046875,711.47998046875,711.010009765625,711.010009765625,141049
2026-06-11 14:48:00-04:00,711.9400024414062,711.9400024414062,712.0599975585938,711.1799926757812,711.4400024414062,303418
2026-06-11 14:50:00-04:00,711.760009765625,711.760009765625,712.739990234375,711.7100219726562,711.8699951171875,303681
2026-06-11 14:52:00-04:00,712.010009765625,712.010009765625,712.3480224609375,711.75,711.7949829101562,200608
2026-06-11 14:54:00-04:00,710.969970703125,710.969970703125,712.0999755859375,710.9400024414062,712.0250244140625,220862
2026-06-11 14:56:00-04:00,711.9199829101562,711.9199829101562,712.0999755859375,710.9099731445312,710.969970703125,220053
2026-06-11 14:58:00-04:00,711.75,711.75,712.1500244140625,711.4500122070312,711.880126953125,236960
2026-06-11 15:00:00-04:00,712.619873046875,712.619873046875,712.9249877929688,711.6900024414062,711.760009765625,301546
2026-06-11 15:02:00-04:00,712.1900024414062,712.1900024414062,712.8499755859375,712.0599975585938,712.5800170898438,198528
2026-06-11 15:04:00-04:00,711.635009765625,711.635009765625,712.75,711.4500122070312,712.1799926757812,260345
2026-06-11 15:06:00-04:00,711.9199829101562,711.9199829101562,711.9199829101562,710.8099975585938,711.6300048828125,327946
2026-06-11 15:08:00-04:00,712.6500244140625,712.6500244140625,712.7100219726562,711.719970703125,711.9299926757812,337459
2026-06-11 15:10:00-04:00,713.239990234375,713.239990234375,713.4500122070312,712.5283203125,712.6199951171875,434068
2026-06-11 15:12:00-04:00,713.9199829101562,713.9199829101562,714.25,713.02001953125,713.2100219726562,414608
2026-06-11 15:14:00-04:00,714.4799194335938,714.4799194335938,714.489990234375,713.6300048828125,713.8699951171875,226054
2026-06-11 15:16:00-04:00,714.1400146484375,714.1400146484375,714.75,713.6799926757812,714.4600219726562,283808
2026-06-11 15:18:00-04:00,714.6599731445312,714.6599731445312,714.780029296875,713.9500122070312,714.1298828125,178200
2026-06-11 15:20:00-04:00,714.5399780273438,714.5399780273438,714.9249877929688,714.3300170898438,714.6500244140625,206250
2026-06-11 15:22:00-04:00,714.6099853515625,714.6099853515625,714.8300170898438,714.3200073242188,714.52001953125,150131
2026-06-11 15:24:00-04:00,714.77001953125,714.77001953125,714.9199829101562,714.3400268554688,714.6599731445312,132967
2026-06-11 15:26:00-04:00,715.22900390625,715.22900390625,715.469970703125,714.5999755859375,714.760009765625,282111
2026-06-11 15:28:00-04:00,715.50830078125,715.50830078125,716.030029296875,715.1749877929688,715.22998046875,388074
2026-06-11 15:30:00-04:00,717.114990234375,717.114990234375,717.6900024414062,715.4849853515625,715.5900268554688,790077
2026-06-11 15:32:00-04:00,717.8400268554688,717.8400268554688,717.9099731445312,717.0250854492188,717.0999145507812,377060
2026-06-11 15:34:00-04:00,718.1500244140625,718.1500244140625,718.3720703125,717.6962280273438,717.8200073242188,431199
2026-06-11 15:36:00-04:00,717.8200073242188,717.8200073242188,718.3200073242188,717.52001953125,718.1400146484375,481234
2026-06-11 15:38:00-04:00,716.6300048828125,716.6300048828125,717.8870239257812,716.3200073242188,717.7899780273438,315576
2026-06-11 15:40:00-04:00,717.6799926757812,717.6799926757812,717.7999877929688,716.3200073242188,716.6300048828125,332345
2026-06-11 15:42:00-04:00,717.5355834960938,717.5355834960938,718.0999755859375,717.25,717.6300048828125,542212
2026-06-11 15:44:00-04:00,716.989990234375,716.989990234375,717.530029296875,716.7000122070312,717.530029296875,336013
2026-06-11 15:46:00-04:00,716.3599853515625,716.3599853515625,717.0349731445312,716.0,716.9600219726562,365266
2026-06-11 15:48:00-04:00,715.7000122070312,715.7000122070312,716.6400146484375,715.5900268554688,716.3599853515625,343264
2026-06-11 15:50:00-04:00,715.7999877929688,715.7999877929688,716.239990234375,715.0399780273438,715.760009765625,570716
2026-06-11 15:52:00-04:00,717.0499877929688,717.0499877929688,717.1500244140625,715.5499877929688,715.75,587562
2026-06-11 15:54:00-04:00,716.5800170898438,716.5800170898438,717.239990234375,716.4199829101562,717.0499877929688,1359577
2026-06-11 15:56:00-04:00,717.3400268554688,717.3400268554688,717.4000244140625,716.469970703125,716.5499877929688,525669
2026-06-11 15:58:00-04:00,716.5599975585938,716.5599975585938,717.3699951171875,716.4099731445312,717.3499755859375,2643243
2026-06-12 09:30:00-04:00,715.239990234375,715.239990234375,717.6699829101562,714.77001953125,717.6099853515625,3927698
2026-06-12 09:32:00-04:00,713.3200073242188,713.3200073242188,715.5,713.27001953125,715.3400268554688,489598
2026-06-12 09:34:00-04:00,715.75,715.75,715.97998046875,713.0800170898438,713.260009765625,611422
2026-06-12 09:36:00-04:00,715.4099731445312,715.4099731445312,716.4199829101562,715.1500244140625,715.6799926757812,555973
2026-06-12 09:38:00-04:00,716.52001953125,716.52001953125,716.6300048828125,715.260009765625,715.4500122070312,257434
2026-06-12 09:40:00-04:00,713.9149780273438,713.9149780273438,717.0999755859375,713.1400146484375,716.5,926119
2026-06-12 09:42:00-04:00,713.4600219726562,713.4600219726562,714.0800170898438,712.010009765625,713.8699951171875,557075
2026-06-12 09:44:00-04:00,711.4600219726562,711.4600219726562,714.0,711.280029296875,713.47998046875,521156
2026-06-12 09:46:00-04:00,713.0,713.0,713.9223022460938,711.3499755859375,711.489990234375,445193
2026-06-12 09:48:00-04:00,712.8599853515625,712.8599853515625,713.5599975585938,711.9500122070312,713.1199951171875,351369
2026-06-12 09:50:00-04:00,713.02001953125,713.02001953125,713.3300170898438,712.25,712.8602905273438,275127
2026-06-12 09:52:00-04:00,713.1900024414062,713.1900024414062,714.4600219726562,712.719970703125,712.9600219726562,382328
2026-06-12 09:54:00-04:00,713.844970703125,713.844970703125,713.968017578125,712.719970703125,713.260009765625,468460
2026-06-12 09:56:00-04:00,714.8101196289062,714.8101196289062,715.3300170898438,713.541015625,713.989990234375,276702
2026-06-12 09:58:00-04:00,714.25,714.25,715.5399780273438,714.0,714.8300170898438,186001
2026-06-12 10:00:00-04:00,716.4099731445312,716.4099731445312,716.5999755859375,713.9199829101562,714.27001953125,387588
2026-06-12 10:02:00-04:00,717.72998046875,717.72998046875,717.8599853515625,716.0999755859375,716.3300170898438,424411
2026-06-12 10:04:00-04:00,716.739990234375,716.739990234375,717.780029296875,716.3599853515625,717.6400146484375,279830
2026-06-12 10:06:00-04:00,719.27001953125,719.27001953125,719.3400268554688,716.719970703125,716.77001953125,516299
2026-06-12 10:08:00-04:00,719.64501953125,719.64501953125,719.6900024414062,718.5700073242188,719.198974609375,266399
2026-06-12 10:10:00-04:00,719.6699829101562,719.6699829101562,720.125,719.280029296875,719.6300048828125,306122
2026-06-12 10:12:00-04:00,718.3599853515625,718.3599853515625,719.7999877929688,718.0679931640625,719.72998046875,325243
2026-06-12 10:14:00-04:00,719.4600219726562,719.4600219726562,719.6599731445312,718.4099731445312,718.4299926757812,249407
2026-06-12 10:16:00-04:00,720.4801025390625,720.4801025390625,720.8150024414062,719.2249755859375,719.5,287519
2026-06-12 10:18:00-04:00,719.8150024414062,719.8150024414062,720.6500244140625,719.5499877929688,720.489990234375,221406
2026-06-12 10:20:00-04:00,718.6699829101562,718.6699829101562,720.6500244140625,718.4299926757812,719.8400268554688,261316
2026-06-12 10:22:00-04:00,717.8145751953125,717.8145751953125,719.27001953125,717.4199829101562,718.9299926757812,237397
2026-06-12 10:24:00-04:00,718.635009765625,718.635009765625,719.1599731445312,717.5499877929688,717.780029296875,261321
2026-06-12 10:26:00-04:00,718.9099731445312,718.9099731445312,719.02001953125,717.9600830078125,718.6799926757812,144114
2026-06-12 10:28:00-04:00,718.0650024414062,718.0650024414062,719.0499877929688,718.0,718.9299926757812,119503
2026-06-12 10:30:00-04:00,718.7999877929688,718.7999877929688,719.3200073242188,717.9199829101562,718.0,221521
2026-06-12 10:32:00-04:00,718.135009765625,718.135009765625,719.0399780273438,717.6199951171875,718.8178100585938,231245
2026-06-12 10:34:00-04:00,719.4600219726562,719.4600219726562,719.7999877929688,717.6199951171875,718.10498046875,228826
2026-06-12 10:36:00-04:00,718.7200927734375,718.7200927734375,720.3200073242188,718.47998046875,719.52001953125,307273
2026-06-12 10:38:00-04:00,718.8350219726562,718.8350219726562,719.3800048828125,718.6900024414062,718.75,126389
2026-06-12 10:40:00-04:00,717.4099731445312,717.4099731445312,718.9500122070312,717.0399780273438,718.8699951171875,212113
2026-06-12 10:42:00-04:00,715.7598876953125,715.7598876953125,718.0900268554688,715.5504760742188,717.41748046875,229495
2026-06-12 10:44:00-04:00,715.97998046875,715.97998046875,716.4199829101562,715.3900146484375,715.760009765625,239333
2026-06-12 10:46:00-04:00,714.6199951171875,714.6199951171875,716.3900146484375,714.1799926757812,715.9600219726562,360559
2026-06-12 10:48:00-04:00,714.7000122070312,714.7000122070312,715.22998046875,714.1900024414062,714.639892578125,305737
2026-06-12 10:50:00-04:00,715.026611328125,715.026611328125,716.1199951171875,714.6099853515625,714.7000732421875,265984
2026-06-12 10:52:00-04:00,718.5499877929688,718.5499877929688,719.219970703125,714.9199829101562,715.010009765625,441631
2026-06-12 10:54:00-04:00,719.4598999023438,719.4598999023438,721.219970703125,718.7999877929688,718.8400268554688,910085
2026-06-12 10:56:00-04:00,720.760009765625,720.760009765625,720.8900146484375,719.9299926757812,720.4400024414062,124185
2026-06-12 10:58:00-04:00,720.969970703125,720.969970703125,721.3200073242188,720.4299926757812,720.7999877929688,290217
2026-06-12 11:00:00-04:00,721.4110107421875,721.4110107421875,721.8900146484375,720.6099853515625,721.0798950195312,268978
2026-06-12 11:02:00-04:00,720.9099731445312,720.9099731445312,721.6799926757812,720.8800048828125,721.2415161132812,285078
2026-06-12 11:04:00-04:00,721.6403198242188,721.6403198242188,722.1199951171875,720.4099731445312,720.4199829101562,167312
2026-06-12 11:06:00-04:00,721.2100219726562,721.2100219726562,721.8798828125,720.9299926757812,721.6199951171875,149956
2026-06-12 11:08:00-04:00,721.4949951171875,721.4949951171875,721.719970703125,721.030029296875,721.1849975585938,102993
2026-06-12 11:10:00-04:00,721.6749877929688,721.6749877929688,722.1199951171875,721.27001953125,721.5,209539
2026-06-12 11:12:00-04:00,722.0250244140625,722.0250244140625,722.0999755859375,720.8900146484375,721.6649780273438,184868
2026-06-12 11:14:00-04:00,722.010009765625,722.010009765625,722.8200073242188,721.9500122070312,722.0399780273438,233628
2026-06-12 11:16:00-04:00,722.9000854492188,722.9000854492188,723.030029296875,721.75,722.0,212998
2026-06-12 11:18:00-04:00,723.2999877929688,723.2999877929688,723.3400268554688,722.7100219726562,722.9099731445312,359983
2026-06-12 11:20:00-04:00,723.27001953125,723.27001953125,723.5299072265625,722.6071166992188,723.3300170898438,203946
2026-06-12 11:22:00-04:00,723.52001953125,723.52001953125,723.5399780273438,722.7700805664062,723.2000122070312,150149
2026-06-12 11:24:00-04:00,723.8800048828125,723.8800048828125,724.010009765625,723.4400024414062,723.47998046875,233365
2026-06-12 11:26:00-04:00,723.7899780273438,723.7899780273438,723.989990234375,723.4600219726562,723.8599853515625,261947
2026-06-12 11:28:00-04:00,723.6500244140625,723.6500244140625,723.9500122070312,723.0900268554688,723.8200073242188,179071
2026-06-12 11:30:00-04:00,723.0750122070312,723.0750122070312,723.748291015625,722.9010009765625,723.6649780273438,310494
2026-06-12 11:32:00-04:00,722.625,722.625,723.1099243164062,722.1400146484375,723.0800170898438,353688
2026-06-12 11:34:00-04:00,722.8800048828125,722.8800048828125,723.5999755859375,721.8099975585938,722.5800170898438,813992
2026-06-12 11:36:00-04:00,721.8599853515625,721.8599853515625,722.969970703125,721.5,722.8800048828125,239900
2026-06-12 11:38:00-04:00,721.4525146484375,721.4525146484375,722.1599731445312,720.625,721.8300170898438,253562
2026-06-12 11:40:00-04:00,720.739990234375,720.739990234375,721.6400146484375,720.5399780273438,721.3699951171875,399640
2026-06-12 11:42:00-04:00,720.0700073242188,720.0700073242188,720.947998046875,719.739990234375,720.7996215820312,422160
2026-06-12 11:44:00-04:00,719.8400268554688,719.8400268554688,720.1900024414062,719.22998046875,720.0800170898438,273569
2026-06-12 11:46:00-04:00,719.5700073242188,719.5700073242188,720.72998046875,719.5,719.8350219726562,585637
2026-06-12 11:48:00-04:00,717.3800048828125,717.3800048828125,719.5999755859375,717.2100219726562,719.5999755859375,541345
2026-06-12 11:50:00-04:00,718.5999755859375,718.5999755859375,718.6699829101562,716.8099975585938,717.4199829101562,367606
2026-06-12 11:52:00-04:00,719.25,719.25,720.0599975585938,718.6099853515625,718.6300048828125,235793
2026-06-12 11:54:00-04:00,718.969970703125,718.969970703125,719.6500244140625,718.8099975585938,719.2999877929688,216699
2026-06-12 11:56:00-04:00,717.9600219726562,717.9600219726562,719.3699951171875,717.9299926757812,719.0,262189
2026-06-12 11:58:00-04:00,716.2750244140625,716.2750244140625,718.2689208984375,715.5800170898438,717.9500122070312,367254
2026-06-12 12:00:00-04:00,716.7899780273438,716.7899780273438,717.5800170898438,715.5700073242188,716.2899780273438,485999
2026-06-12 12:02:00-04:00,716.9500122070312,716.9500122070312,717.135009765625,715.8499755859375,716.7899780273438,279773
2026-06-12 12:04:00-04:00,716.6300048828125,716.6300048828125,717.52001953125,716.4099731445312,716.8499755859375,292541
2026-06-12 12:06:00-04:00,717.5399780273438,717.5399780273438,717.8400268554688,716.4500122070312,716.6199951171875,176546
2026-06-12 12:08:00-04:00,718.2899780273438,718.2899780273438,718.6199951171875,717.3400268554688,717.5599975585938,200742
2026-06-12 12:10:00-04:00,718.6699829101562,718.6699829101562,718.8699951171875,717.280029296875,718.2349853515625,140544
2026-06-12 12:12:00-04:00,720.6300048828125,720.6300048828125,721.4600219726562,718.3400268554688,718.7000122070312,922410
2026-06-12 12:14:00-04:00,721.4600219726562,721.4600219726562,721.6500244140625,719.989990234375,720.530029296875,369699
2026-06-12 12:16:00-04:00,720.6699829101562,720.6699829101562,721.780029296875,720.5399780273438,721.4400024414062,296849
2026-06-12 12:18:00-04:00,719.9266967773438,719.9266967773438,720.9921875,719.4500122070312,720.6699829101562,302194
2026-06-12 12:20:00-04:00,719.4500122070312,719.4500122070312,720.5989990234375,718.9500122070312,719.8699951171875,189671
2026-06-12 12:22:00-04:00,719.9913940429688,719.9913940429688,720.2780151367188,719.1900024414062,719.4400024414062,154541
2026-06-12 12:24:00-04:00,719.9199829101562,719.9199829101562,720.22998046875,719.1749877929688,720.0399780273438,186809
2026-06-12 12:26:00-04:00,719.5798950195312,719.5798950195312,720.530029296875,719.47998046875,719.9400024414062,142439
2026-06-12 12:28:00-04:00,720.0399780273438,720.0399780273438,720.3599853515625,719.47998046875,719.5299072265625,73885
2026-06-12 12:30:00-04:00,719.8800048828125,719.8800048828125,720.2849731445312,719.75,719.989990234375,120706
2026-06-12 12:32:00-04:00,720.1599731445312,720.1599731445312,720.3049926757812,719.5499877929688,719.8599853515625,127685
2026-06-12 12:34:00-04:00,720.0,720.0,720.9099731445312,719.989990234375,720.1300048828125,126277
2026-06-12 12:36:00-04:00,720.47998046875,720.47998046875,720.47998046875,719.7899780273438,720.010009765625,85678
2026-06-12 12:38:00-04:00,720.3099975585938,720.3099975585938,720.5800170898438,719.989990234375,720.4000244140625,79614
2026-06-12 12:40:00-04:00,720.530029296875,720.530029296875,721.1500244140625,720.25,720.3200073242188,156702
2026-06-12 12:42:00-04:00,720.3499755859375,720.3499755859375,720.625,719.7100219726562,720.5499877929688,144033
2026-06-12 12:44:00-04:00,720.1898803710938,720.1898803710938,720.72998046875,719.9199829101562,720.3599853515625,92588
2026-06-12 12:46:00-04:00,720.8099975585938,720.8099975585938,720.9000244140625,720.1599731445312,720.1699829101562,170683
2026-06-12 12:48:00-04:00,721.25,721.25,721.3200073242188,720.6400146484375,720.8200073242188,156321
2026-06-12 12:50:00-04:00,721.49169921875,721.49169921875,721.7000122070312,721.1699829101562,721.2449951171875,217258
2026-06-12 12:52:00-04:00,721.7100219726562,721.7100219726562,721.719970703125,720.969970703125,721.4500122070312,133457
2026-06-12 12:54:00-04:00,720.4299926757812,720.4299926757812,721.77001953125,720.3499755859375,721.7150268554688,155330
2026-06-12 12:56:00-04:00,720.968994140625,720.968994140625,721.1500244140625,719.9500122070312,720.469970703125,162325
2026-06-12 12:58:00-04:00,721.9199829101562,721.9199829101562,722.1199951171875,720.9019775390625,720.969970703125,164007
2026-06-12 13:00:00-04:00,722.260009765625,722.260009765625,722.3699951171875,721.6799926757812,721.969970703125,112702
2026-06-12 13:02:00-04:00,722.0,722.0,722.510009765625,721.9199829101562,722.27001953125,109703
2026-06-12 13:04:00-04:00,722.6599731445312,722.6599731445312,722.77001953125,721.8300170898438,721.9600219726562,182198
2026-06-12 13:06:00-04:00,723.3499755859375,723.3499755859375,723.7999877929688,722.6599731445312,722.719970703125,310586
2026-06-12 13:08:00-04:00,723.1500244140625,723.1500244140625,723.4000244140625,722.739990234375,723.4000244140625,108165
2026-06-12 13:10:00-04:00,722.780029296875,722.780029296875,723.2999877929688,722.5999755859375,723.1799926757812,182051
2026-06-12 13:12:00-04:00,721.7139892578125,721.7139892578125,722.8699951171875,721.6500244140625,722.8699951171875,171468
2026-06-12 13:14:00-04:00,723.2639770507812,723.2639770507812,723.2899780273438,721.6099853515625,721.6500244140625,173514
2026-06-12 13:16:00-04:00,723.0999755859375,723.0999755859375,723.4099731445312,722.969970703125,723.1900024414062,146595
2026-06-12 13:18:00-04:00,723.280029296875,723.280029296875,723.4498901367188,722.719970703125,723.1199951171875,157075
2026-06-12 13:20:00-04:00,723.47998046875,723.47998046875,723.5999755859375,723.260009765625,723.3200073242188,166555
2026-06-12 13:22:00-04:00,723.3099975585938,723.3099975585938,723.6500244140625,723.0499877929688,723.510009765625,104287
2026-06-12 13:24:00-04:00,723.35009765625,723.35009765625,723.5499877929688,723.2100219726562,723.3200073242188,120484
2026-06-12 13:26:00-04:00,722.5800170898438,722.5800170898438,723.5700073242188,722.5800170898438,723.3400268554688,143795
2026-06-12 13:28:00-04:00,723.0650024414062,723.0650024414062,723.4500122070312,722.4149780273438,722.6400146484375,158626
2026-06-12 13:30:00-04:00,722.5,722.5,723.22998046875,722.219970703125,723.0800170898438,130169
2026-06-12 13:32:00-04:00,722.3200073242188,722.3200073242188,723.0,722.1099853515625,722.5599975585938,159910
2026-06-12 13:34:00-04:00,722.4299926757812,722.4299926757812,722.9299926757812,722.1599731445312,722.2999877929688,205422
2026-06-12 13:36:00-04:00,722.8499755859375,722.8499755859375,722.9299926757812,722.1799926757812,722.3599853515625,144708
2026-06-12 13:38:00-04:00,722.6300048828125,722.6300048828125,722.9299926757812,722.3499755859375,722.8400268554688,115136
2026-06-12 13:40:00-04:00,722.4749755859375,722.4749755859375,722.6799926757812,722.1801147460938,722.6500244140625,81675
2026-06-12 13:42:00-04:00,722.8200073242188,722.8200073242188,723.1900024414062,722.510009765625,722.510009765625,621156
2026-06-12 13:44:00-04:00,722.6699829101562,722.6699829101562,722.8499755859375,722.4299926757812,722.8499755859375,94729
2026-06-12 13:46:00-04:00,722.9425048828125,722.9425048828125,723.0499877929688,722.360107421875,722.6500244140625,70924
2026-06-12 13:48:00-04:00,722.7100219726562,722.7100219726562,723.1300048828125,722.6199951171875,722.9299926757812,91082
2026-06-12 13:50:00-04:00,722.77001953125,722.77001953125,722.9400024414062,722.510009765625,722.7100219726562,57486
2026-06-12 13:52:00-04:00,722.7449951171875,722.7449951171875,722.9400024414062,722.614990234375,722.8099975585938,62379
2026-06-12 13:54:00-04:00,721.6799926757812,721.6799926757812,722.7899780273438,721.5800170898438,722.6900024414062,131702
2026-06-12 13:56:00-04:00,722.0250244140625,722.0250244140625,722.0599975585938,721.2899780273438,721.6300048828125,160745
2026-06-12 13:58:00-04:00,722.1199951171875,722.1199951171875,722.2999877929688,721.7100219726562,722.02001953125,76979
2026-06-12 14:00:00-04:00,721.8400268554688,721.8400268554688,722.3499755859375,721.5700073242188,722.1699829101562,108708
2026-06-12 14:02:00-04:00,721.52001953125,721.52001953125,722.0,721.4310302734375,721.8599853515625,133924
2026-06-12 14:04:00-04:00,721.27001953125,721.27001953125,721.8200073242188,721.1099853515625,721.47998046875,157362
2026-06-12 14:06:00-04:00,720.8200073242188,720.8200073242188,721.3900146484375,720.7899780273438,721.344970703125,166833
2026-06-12 14:08:00-04:00,721.39501953125,721.39501953125,721.4699096679688,720.7899780273438,720.8099975585938,73778
2026-06-12 14:10:00-04:00,722.2650146484375,722.2650146484375,722.5900268554688,721.1900024414062,721.3599853515625,216766
2026-06-12 14:12:00-04:00,721.9299926757812,721.9299926757812,722.75,721.8499755859375,722.3200073242188,219559
2026-06-12 14:14:00-04:00,721.25,721.25,721.969970703125,720.9700927734375,721.935791015625,129435
2026-06-12 14:16:00-04:00,720.3499755859375,720.3499755859375,721.3499755859375,720.3499755859375,721.2650146484375,192267
2026-06-12 14:18:00-04:00,720.8350219726562,720.8350219726562,721.1099853515625,720.3599853515625,720.4099731445312,328995
2026-06-12 14:20:00-04:00,720.6799926757812,720.6799926757812,721.0900268554688,720.5,720.8200073242188,132165
2026-06-12 14:22:00-04:00,720.6500244140625,720.6500244140625,720.9000244140625,720.3499755859375,720.6900024414062,112607
2026-06-12 14:24:00-04:00,720.7100219726562,720.7100219726562,720.8599853515625,720.4500122070312,720.6500244140625,85354
2026-06-12 14:26:00-04:00,721.3599853515625,721.3599853515625,721.3599853515625,720.6099853515625,720.719970703125,124826
2026-06-12 14:28:00-04:00,721.6799926757812,721.6799926757812,721.8798828125,721.3300170898438,721.3400268554688,128267
2026-06-12 14:30:00-04:00,722.0900268554688,722.0900268554688,722.2550048828125,721.6400146484375,721.6801147460938,242277
2026-06-12 14:32:00-04:00,722.3192749023438,722.3192749023438,722.469970703125,721.8699951171875,722.0700073242188,107707
2026-06-12 14:34:00-04:00,722.0599975585938,722.0599975585938,722.3499755859375,721.9600219726562,722.260009765625,185309
2026-06-12 14:36:00-04:00,722.0200805664062,722.0200805664062,722.2899780273438,721.9099731445312,722.0999755859375,93174
2026-06-12 14:38:00-04:00,722.2899780273438,722.2899780273438,722.2899780273438,721.9301147460938,722.0399780273438,80729
2026-06-12 14:40:00-04:00,722.7160034179688,722.7160034179688,723.02001953125,722.280029296875,722.291015625,143136
2026-06-12 14:42:00-04:00,722.8900146484375,722.8900146484375,722.989990234375,722.5599975585938,722.6699829101562,88550
2026-06-12 14:44:00-04:00,722.4099731445312,722.4099731445312,722.9000244140625,722.3499755859375,722.8900146484375,80730
2026-06-12 14:46:00-04:00,722.35498046875,722.35498046875,722.8400268554688,722.2999877929688,722.4299926757812,144563
2026-06-12 14:48:00-04:00,722.6500244140625,722.6500244140625,722.8298950195312,722.3099975585938,722.3790283203125,73960
2026-06-12 14:50:00-04:00,722.1199951171875,722.1199951171875,722.72998046875,722.0499877929688,722.6400146484375,185615
2026-06-12 14:52:00-04:00,722.5499877929688,722.5499877929688,722.72998046875,721.9005737304688,722.1699829101562,99057
2026-06-12 14:54:00-04:00,722.4100952148438,722.4100952148438,722.72998046875,722.27001953125,722.6099853515625,93794
2026-06-12 14:56:00-04:00,721.3499755859375,721.3499755859375,722.489990234375,721.260009765625,722.4400024414062,301682
2026-06-12 14:58:00-04:00,721.22998046875,721.22998046875,721.7899780273438,721.0399780273438,721.369873046875,134082
2026-06-12 15:00:00-04:00,721.5549926757812,721.5549926757812,721.72998046875,721.0504760742188,721.1500244140625,122357
2026-06-12 15:02:00-04:00,722.3800048828125,722.3800048828125,722.489990234375,721.510009765625,721.5850219726562,110034
2026-06-12 15:04:00-04:00,722.6300048828125,722.6300048828125,722.780029296875,722.1699829101562,722.3905029296875,78400
2026-06-12 15:06:00-04:00,722.2899780273438,722.2899780273438,722.6699829101562,722.1500244140625,722.5999755859375,74153
2026-06-12 15:08:00-04:00,722.1400146484375,722.1400146484375,722.3897094726562,721.8800048828125,722.260009765625,96161
2026-06-12 15:10:00-04:00,721.6500244140625,721.6500244140625,722.219970703125,721.4299926757812,722.1799926757812,125380
2026-06-12 15:12:00-04:00,721.8499755859375,721.8499755859375,722.219970703125,721.5900268554688,721.6400146484375,90382
2026-06-12 15:14:00-04:00,721.6599731445312,721.6599731445312,721.9400024414062,721.52001953125,721.8499755859375,132532
2026-06-12 15:16:00-04:00,721.4199829101562,721.4199829101562,721.7299194335938,721.1500244140625,721.6849975585938,87102
2026-06-12 15:18:00-04:00,722.1900024414062,722.1900024414062,722.239990234375,721.3900146484375,721.4000244140625,123699
2026-06-12 15:20:00-04:00,721.8900146484375,721.8900146484375,722.1799926757812,721.6099853515625,722.1699829101562,83294
2026-06-12 15:22:00-04:00,721.9099731445312,721.9099731445312,721.97998046875,721.7100219726562,721.8800048828125,89912
2026-06-12 15:24:00-04:00,722.1599731445312,722.1599731445312,722.1900024414062,721.7589721679688,721.8800048828125,88318
2026-06-12 15:26:00-04:00,722.1400146484375,722.1400146484375,722.3900146484375,721.989990234375,722.1600952148438,110288
2026-06-12 15:28:00-04:00,721.5599975585938,721.5599975585938,722.25,721.4199829101562,722.1500244140625,103856
2026-06-12 15:30:00-04:00,720.47998046875,720.47998046875,721.7299194335938,720.25,721.4600219726562,239623
2026-06-12 15:32:00-04:00,720.1699829101562,720.1699829101562,720.8900146484375,720.0999755859375,720.4299926757812,185951
2026-06-12 15:34:00-04:00,719.72998046875,719.72998046875,720.4000244140625,719.5900268554688,720.1649780273438,213051
2026-06-12 15:36:00-04:00,720.9500122070312,720.9500122070312,722.0599975585938,719.7899780273438,719.7949829101562,303998
2026-06-12 15:38:00-04:00,720.4400024414062,720.4400024414062,721.1099853515625,720.22998046875,720.9749755859375,210844
2026-06-12 15:40:00-04:00,720.8200073242188,720.8200073242188,721.0399780273438,720.1099853515625,720.4500122070312,146436
2026-06-12 15:42:00-04:00,720.885009765625,720.885009765625,721.5,720.6099853515625,720.8400268554688,108953
2026-06-12 15:44:00-04:00,720.530029296875,720.530029296875,721.22998046875,720.4500122070312,720.8800048828125,176212
2026-06-12 15:46:00-04:00,720.6500244140625,720.6500244140625,720.739990234375,720.360107421875,720.5800170898438,280860
2026-06-12 15:48:00-04:00,720.9400024414062,720.9400024414062,721.2999877929688,720.5999755859375,720.6599731445312,159974
2026-06-12 15:50:00-04:00,720.8800048828125,720.8800048828125,721.4000244140625,720.7000122070312,720.9400024414062,256517
2026-06-12 15:52:00-04:00,721.3499755859375,721.3499755859375,721.4299926757812,720.8599853515625,720.8599853515625,206718
2026-06-12 15:54:00-04:00,721.9899291992188,721.9899291992188,722.0700073242188,721.030029296875,721.3499755859375,321527
2026-06-12 15:56:00-04:00,721.4299926757812,721.4299926757812,722.0499877929688,721.3900146484375,721.989990234375,440447
2026-06-12 15:58:00-04:00,721.3200073242188,721.3200073242188,721.8300170898438,721.3200073242188,721.4324951171875,704801
2026-06-15 09:30:00-04:00,739.0,739.0,739.0889892578125,737.3800048828125,738.0900268554688,3184193
2026-06-15 09:32:00-04:00,739.356201171875,739.356201171875,739.5,738.8800048828125,739.010009765625,457558
2026-06-15 09:34:00-04:00,739.6799926757812,739.6799926757812,739.75,738.5399780273438,739.3400268554688,516348
2026-06-15 09:36:00-04:00,739.5098876953125,739.5098876953125,740.0900268554688,739.4000244140625,739.6199951171875,415243
2026-06-15 09:38:00-04:00,738.89501953125,738.89501953125,739.9149780273438,738.6610107421875,739.4299926757812,306987
2026-06-15 09:40:00-04:00,740.1322021484375,740.1322021484375,740.3900146484375,738.5599975585938,738.9199829101562,505058
2026-06-15 09:42:00-04:00,739.780029296875,739.780029296875,740.4500122070312,739.3800048828125,740.0983276367188,286996
2026-06-15 09:44:00-04:00,740.635009765625,740.635009765625,740.7000122070312,739.469970703125,739.7990112304688,304978
2026-06-15 09:46:00-04:00,740.7999877929688,740.7999877929688,741.0900268554688,740.52001953125,740.655029296875,336247
2026-06-15 09:48:00-04:00,741.5800170898438,741.5800170898438,741.6599731445312,740.739990234375,740.780029296875,660907
2026-06-15 09:50:00-04:00,741.8350219726562,741.8350219726562,741.9500122070312,741.260009765625,741.5800170898438,287643
2026-06-15 09:52:00-04:00,741.38623046875,741.38623046875,742.0,741.36181640625,741.8350219726562,288870
2026-06-15 09:54:00-04:00,741.1699829101562,741.1699829101562,741.619873046875,741.0499877929688,741.4100952148438,429354
2026-06-15 09:56:00-04:00,740.8699951171875,740.8699951171875,741.27001953125,740.510009765625,741.1599731445312,381848
2026-06-15 09:58:00-04:00,739.6798706054688,739.6798706054688,740.9400024414062,739.530029296875,740.8300170898438,333879
2026-06-15 10:00:00-04:00,740.3298950195312,740.3298950195312,740.3699951171875,739.3099975585938,739.6900024414062,351343
2026-06-15 10:02:00-04:00,740.77001953125,740.77001953125,740.7899780273438,740.010009765625,740.260009765625,268317
2026-06-15 10:04:00-04:00,740.6798706054688,740.6798706054688,741.1500244140625,740.4320068359375,740.7401123046875,219440
2026-06-15 10:06:00-04:00,740.5001220703125,740.5001220703125,741.1400146484375,740.2999877929688,740.6300048828125,207635
2026-06-15 10:08:00-04:00,740.389892578125,740.389892578125,740.9099731445312,739.8900146484375,740.5449829101562,233481
2026-06-15 10:10:00-04:00,740.1699829101562,740.1699829101562,740.510009765625,739.7999877929688,740.3900146484375,198695
2026-06-15 10:12:00-04:00,739.77001953125,739.77001953125,740.89501953125,739.7150268554688,740.1900024414062,241395
2026-06-15 10:14:00-04:00,740.1099853515625,740.1099853515625,740.72998046875,739.1900024414062,739.7349853515625,432164
2026-06-15 10:16:00-04:00,739.969970703125,739.969970703125,740.25,739.469970703125,740.1799926757812,214463
2026-06-15 10:18:00-04:00,740.239990234375,740.239990234375,740.510009765625,739.9000854492188,739.969970703125,253129
2026-06-15 10:20:00-04:00,739.31787109375,739.31787109375,740.239990234375,739.2100219726562,740.10009765625,270032
2026-06-15 10:22:00-04:00,740.0800170898438,740.0800170898438,740.2000122070312,738.9400024414062,739.3699951171875,223377
2026-06-15 10:24:00-04:00,739.9500122070312,739.9500122070312,740.1799926757812,739.5399780273438,740.0700073242188,148000
2026-06-15 10:26:00-04:00,740.6699829101562,740.6699829101562,740.719970703125,739.8295288085938,739.9299926757812,144095
2026-06-15 10:28:00-04:00,740.9920043945312,740.9920043945312,741.1099243164062,740.610107421875,740.610107421875,169049
2026-06-15 10:30:00-04:00,740.7100219726562,740.7100219726562,741.280029296875,740.5900268554688,741.0700073242188,185286
2026-06-15 10:32:00-04:00,740.8900146484375,740.8900146484375,741.2000122070312,739.8713989257812,740.8099975585938,179117
2026-06-15 10:34:00-04:00,740.6599731445312,740.6599731445312,741.010009765625,740.22998046875,740.9099731445312,128555
2026-06-15 10:36:00-04:00,740.25,740.25,740.6801147460938,740.0399780273438,740.6165771484375,141643
2026-06-15 10:38:00-04:00,740.5800170898438,740.5800170898438,740.7650146484375,740.1467895507812,740.2100219726562,79954
2026-06-15 10:40:00-04:00,739.9500122070312,739.9500122070312,740.6199951171875,739.9337158203125,740.6199951171875,69341
2026-06-15 10:42:00-04:00,739.97998046875,739.97998046875,740.25,739.6500244140625,740.0,442803
2026-06-15 10:44:00-04:00,740.2100219726562,740.2100219726562,740.47998046875,739.89501953125,740.02001953125,102187
2026-06-15 10:46:00-04:00,740.2899780273438,740.2899780273438,740.4000244140625,739.8350219726562,740.219970703125,147790
2026-06-15 10:48:00-04:00,740.0850219726562,740.0850219726562,740.5499877929688,740.0200805664062,740.219970703125,63444
2026-06-15 10:50:00-04:00,740.9149780273438,740.9149780273438,740.9600219726562,740.1400146484375,740.1400146484375,85697
2026-06-15 10:52:00-04:00,740.7401123046875,740.7401123046875,741.0700073242188,740.4400024414062,740.8699951171875,105225
2026-06-15 10:54:00-04:00,740.9299926757812,740.9299926757812,741.030029296875,740.6400146484375,740.780029296875,55487
2026-06-15 10:56:00-04:00,741.6699829101562,741.6699829101562,741.7899780273438,740.8958129882812,740.9099731445312,175794
2026-06-15 10:58:00-04:00,741.4459838867188,741.4459838867188,741.9500122070312,741.2000732421875,741.6400146484375,169300
2026-06-15 11:00:00-04:00,741.8300170898438,741.8300170898438,741.9099731445312,741.3499755859375,741.4400024414062,115914
2026-06-15 11:02:00-04:00,742.27001953125,742.27001953125,742.3800048828125,741.6400146484375,741.8599853515625,222407
2026-06-15 11:04:00-04:00,742.4500122070312,742.4500122070312,742.5,741.969970703125,742.2794189453125,286054
2026-06-15 11:06:00-04:00,742.52001953125,742.52001953125,742.5700073242188,742.0599975585938,742.4401245117188,166690
2026-06-15 11:08:00-04:00,742.5800170898438,742.5800170898438,742.7000122070312,742.4299926757812,742.510009765625,126250
2026-06-15 11:10:00-04:00,742.280029296875,742.280029296875,742.5900268554688,742.260986328125,742.5599975585938,219997
2026-06-15 11:12:00-04:00,742.27001953125,742.27001953125,742.530029296875,742.0399780273438,742.280029296875,114702
2026-06-15 11:14:00-04:00,742.5612182617188,742.5612182617188,742.6400146484375,742.3150024414062,742.3200073242188,81302
2026-06-15 11:16:00-04:00,742.1599731445312,742.1599731445312,742.5399780273438,742.0700073242188,742.5399780273438,94924
2026-06-15 11:18:00-04:00,742.4849853515625,742.4849853515625,742.5,742.1599731445312,742.1699829101562,72186
2026-06-15 11:20:00-04:00,742.72998046875,742.72998046875,742.969970703125,742.4199829101562,742.489990234375,160313
2026-06-15 11:22:00-04:00,742.8776245117188,742.8776245117188,742.9299926757812,742.6600952148438,742.7498779296875,68405
2026-06-15 11:24:00-04:00,742.8800048828125,742.8800048828125,742.969970703125,742.77001953125,742.8800048828125,79451
2026-06-15 11:26:00-04:00,742.9199829101562,742.9199829101562,742.9595947265625,742.719970703125,742.89501953125,69815
2026-06-15 11:28:00-04:00,743.1199951171875,743.1199951171875,743.2899169921875,742.8800048828125,742.9000244140625,465300
2026-06-15 11:30:00-04:00,743.2000122070312,743.2000122070312,743.27001953125,743.030029296875,743.1599731445312,84652
2026-06-15 11:32:00-04:00,742.5900268554688,742.5900268554688,743.3499755859375,742.3599853515625,743.1771850585938,341626
2026-06-15 11:34:00-04:00,742.27001953125,742.27001953125,742.6790161132812,742.2449951171875,742.5999755859375,243897
2026-06-15 11:36:00-04:00,742.6099853515625,742.6099853515625,742.6699829101562,742.155029296875,742.280029296875,121207
2026-06-15 11:38:00-04:00,743.010009765625,743.010009765625,743.1799926757812,742.530029296875,742.5900268554688,482347
2026-06-15 11:40:00-04:00,742.969970703125,742.969970703125,743.1599731445312,742.8200073242188,743.0700073242188,70091
2026-06-15 11:42:00-04:00,743.0700073242188,743.0700073242188,743.25,742.885009765625,742.989990234375,127918
2026-06-15 11:44:00-04:00,743.1901245117188,743.1901245117188,743.25,742.8599853515625,743.0999755859375,86564
2026-06-15 11:46:00-04:00,743.3599853515625,743.3599853515625,743.4000244140625,743.02001953125,743.1599731445312,136196
2026-06-15 11:48:00-04:00,743.802490234375,743.802490234375,743.8900146484375,743.2849731445312,743.3400268554688,188257
2026-06-15 11:50:00-04:00,743.8699951171875,743.8699951171875,744.0700073242188,743.6900024414062,743.8099975585938,208343
2026-06-15 11:52:00-04:00,744.010009765625,744.010009765625,744.0150146484375,743.6599731445312,743.8599853515625,167644
2026-06-15 11:54:00-04:00,743.8300170898438,743.8300170898438,744.1599731445312,743.747802734375,744.030029296875,78991
2026-06-15 11:56:00-04:00,744.0601196289062,744.0601196289062,744.1300048828125,743.6901245117188,743.8298950195312,75684
2026-06-15 11:58:00-04:00,743.969970703125,743.969970703125,744.0999755859375,743.9011840820312,744.0999755859375,61782
2026-06-15 12:00:00-04:00,744.5097045898438,744.5097045898438,744.52001953125,743.9199829101562,743.97998046875,233484
2026-06-15 12:02:00-04:00,744.1300048828125,744.1300048828125,744.52001953125,743.7000122070312,744.5,1103643
2026-06-15 12:04:00-04:00,744.0399780273438,744.0399780273438,744.2999877929688,743.9500122070312,744.0900268554688,283542
2026-06-15 12:06:00-04:00,744.260009765625,744.260009765625,744.344970703125,744.02001953125,744.0499267578125,114394
2026-06-15 12:08:00-04:00,744.22998046875,744.22998046875,744.3499755859375,744.1450805664062,744.22998046875,69816
2026-06-15 12:10:00-04:00,744.02001953125,744.02001953125,744.3900146484375,744.02001953125,744.2598876953125,69346
2026-06-15 12:12:00-04:00,744.0850219726562,744.0850219726562,744.27001953125,743.97998046875,744.010009765625,82941
2026-06-15 12:14:00-04:00,743.9400024414062,743.9400024414062,744.3300170898438,743.9099731445312,744.0750122070312,134108
2026-06-15 12:16:00-04:00,743.840087890625,743.840087890625,744.1107177734375,743.8200073242188,743.9299926757812,61090
2026-06-15 12:18:00-04:00,744.0198974609375,744.0198974609375,744.0549926757812,743.7100219726562,743.8499755859375,56275
2026-06-15 12:20:00-04:00,744.3699951171875,744.3699951171875,744.4000244140625,743.989990234375,744.02001953125,175163
2026-06-15 12:22:00-04:00,744.4299926757812,744.4299926757812,744.4799194335938,744.260009765625,744.4199829101562,59585
2026-06-15 12:24:00-04:00,744.5900268554688,744.5900268554688,744.6799926757812,744.380126953125,744.4401245117188,74870
2026-06-15 12:26:00-04:00,744.3399047851562,744.3399047851562,744.719970703125,744.2000122070312,744.6099853515625,104536
2026-06-15 12:28:00-04:00,744.4749755859375,744.4749755859375,744.6500244140625,744.260009765625,744.3599243164062,58676
2026-06-15 12:30:00-04:00,744.3300170898438,744.3300170898438,744.7598876953125,744.2800903320312,744.4669799804688,74765
2026-06-15 12:32:00-04:00,744.1201171875,744.1201171875,744.4149780273438,744.0549926757812,744.3200073242188,59416
2026-06-15 12:34:00-04:00,744.0999755859375,744.0999755859375,744.219970703125,743.8499755859375,744.1199951171875,63944
2026-06-15 12:36:00-04:00,743.9190063476562,743.9190063476562,744.1900024414062,743.8499755859375,744.0750122070312,586073
2026-06-15 12:38:00-04:00,743.719970703125,743.719970703125,743.9400024414062,743.526611328125,743.9299926757812,302131
2026-06-15 12:40:00-04:00,743.77001953125,743.77001953125,743.9199829101562,743.5399780273438,743.72998046875,130271
2026-06-15 12:42:00-04:00,743.9400024414062,743.9400024414062,744.2899780273438,743.75,743.767578125,82798
2026-06-15 12:44:00-04:00,743.614990234375,743.614990234375,744.0900268554688,743.5499267578125,743.9650268554688,231702
2026-06-15 12:46:00-04:00,743.5,743.5,743.8400268554688,743.27001953125,743.6199951171875,80838
2026-06-15 12:48:00-04:00,743.6300048828125,743.6300048828125,743.7100219726562,743.3300170898438,743.5,378342
2026-06-15 12:50:00-04:00,743.75,743.75,743.9099731445312,743.489990234375,743.6300048828125,76199
2026-06-15 12:52:00-04:00,743.72998046875,743.72998046875,743.9099731445312,743.469970703125,743.780029296875,80854
2026-06-15 12:54:00-04:00,743.4221801757812,743.4221801757812,743.7449951171875,743.375,743.72998046875,496121
2026-06-15 12:56:00-04:00,743.594970703125,743.594970703125,743.5999755859375,743.3200073242188,743.4199829101562,57155
2026-06-15 12:58:00-04:00,743.6699829101562,743.6699829101562,743.8200073242188,743.6199951171875,743.6699829101562,42491
2026-06-15 13:00:00-04:00,743.9299926757812,743.9299926757812,743.97998046875,743.5499877929688,743.6799926757812,67096
2026-06-15 13:02:00-04:00,743.5449829101562,743.5449829101562,743.9400024414062,742.9400024414062,743.9000244140625,105991
2026-06-15 13:04:00-04:00,743.9844970703125,743.9844970703125,744.1041870117188,743.489990234375,743.4940185546875,64568
2026-06-15 13:06:00-04:00,743.280029296875,743.280029296875,743.97998046875,742.77001953125,743.97998046875,144657
2026-06-15 13:08:00-04:00,743.0800170898438,743.0800170898438,743.5,743.0800170898438,743.3200073242188,55371
2026-06-15 13:10:00-04:00,743.4000244140625,743.4000244140625,743.4500122070312,743.010009765625,743.0700073242188,1467321
2026-06-15 13:12:00-04:00,743.4400024414062,743.4400024414062,743.6199951171875,743.3604736328125,743.4000244140625,65747
2026-06-15 13:14:00-04:00,743.4600219726562,743.4600219726562,743.530029296875,743.2150268554688,743.4412841796875,52895
2026-06-15 13:16:00-04:00,743.7800903320312,743.7800903320312,743.989990234375,743.489990234375,743.489990234375,61547
2026-06-15 13:18:00-04:00,743.6400146484375,743.6400146484375,743.8499755859375,743.530029296875,743.8098754882812,32739
2026-06-15 13:20:00-04:00,743.6300048828125,743.6300048828125,743.75,743.3300170898438,743.6199951171875,167340
2026-06-15 13:22:00-04:00,743.85498046875,743.85498046875,743.9199829101562,743.5999755859375,743.6199951171875,280269
2026-06-15 13:24:00-04:00,743.97998046875,743.97998046875,744.010009765625,743.7600708007812,743.85498046875,70960
2026-06-15 13:26:00-04:00,743.8350219726562,743.8350219726562,744.0,743.635009765625,744.0,481314
2026-06-15 13:28:00-04:00,744.010009765625,744.010009765625,744.239990234375,743.8099975585938,743.8300170898438,63689
2026-06-15 13:30:00-04:00,743.9450073242188,743.9450073242188,744.2349853515625,743.8900146484375,744.030029296875,43828
2026-06-15 13:32:00-04:00,743.6199951171875,743.6199951171875,743.97998046875,743.5650024414062,743.9401245117188,57661
2026-06-15 13:34:00-04:00,744.0499877929688,744.0499877929688,744.1500244140625,743.6300048828125,743.6300048828125,1405135
2026-06-15 13:36:00-04:00,744.0225219726562,744.0225219726562,744.1749877929688,743.9600219726562,744.0499877929688,42667
2026-06-15 13:38:00-04:00,744.0125732421875,744.0125732421875,744.0714111328125,743.8499755859375,744.0399780273438,29118
2026-06-15 13:40:00-04:00,744.0499877929688,744.0499877929688,744.0700073242188,743.739990234375,743.9874877929688,36625
2026-06-15 13:42:00-04:00,744.0,744.0,744.0599975585938,743.8701171875,744.0449829101562,29610
2026-06-15 13:44:00-04:00,743.7698974609375,743.7698974609375,744.030029296875,743.530029296875,743.989990234375,67013
2026-06-15 13:46:00-04:00,743.7150268554688,743.7150268554688,743.969970703125,743.7050170898438,743.77001953125,37824
2026-06-15 13:48:00-04:00,743.9099731445312,743.9099731445312,743.9699096679688,743.6151733398438,743.7100219726562,45634
2026-06-15 13:50:00-04:00,743.6900024414062,743.6900024414062,743.9199829101562,743.5499877929688,743.9199829101562,65781
2026-06-15 13:52:00-04:00,744.02001953125,744.02001953125,744.029296875,743.6900024414062,743.7249755859375,58141
2026-06-15 13:54:00-04:00,743.4400024414062,743.4400024414062,744.0700073242188,743.3599853515625,744.0150146484375,109963
2026-06-15 13:56:00-04:00,743.5399780273438,743.5399780273438,743.5599975585938,743.3800048828125,743.4450073242188,45809
2026-06-15 13:58:00-04:00,743.4400024414062,743.4400024414062,743.5800170898438,743.3214111328125,743.5700073242188,58077
2026-06-15 14:00:00-04:00,743.2000122070312,743.2000122070312,743.6099853515625,743.1862182617188,743.469970703125,142385
2026-06-15 14:02:00-04:00,742.9199829101562,742.9199829101562,743.3099975585938,742.7999877929688,743.1801147460938,97546
2026-06-15 14:04:00-04:00,743.1749877929688,743.1749877929688,743.2000122070312,742.8300170898438,742.9299926757812,217942
2026-06-15 14:06:00-04:00,743.1799926757812,743.1799926757812,743.4099731445312,743.0910034179688,743.1900024414062,72864
2026-06-15 14:08:00-04:00,743.3599853515625,743.3599853515625,743.3599853515625,743.0349731445312,743.1799926757812,167888
2026-06-15 14:10:00-04:00,743.4500122070312,743.4500122070312,743.72998046875,743.2780151367188,743.3400268554688,77539
2026-06-15 14:12:00-04:00,743.5800170898438,743.5800170898438,743.6900024414062,743.2999877929688,743.4500122070312,121522
2026-06-15 14:14:00-04:00,743.6699829101562,743.6699829101562,743.8798828125,743.4249877929688,743.594970703125,68888
2026-06-15 14:16:00-04:00,743.760009765625,743.760009765625,743.77001953125,743.5250244140625,743.625,36574
2026-06-15 14:18:00-04:00,743.6400146484375,743.6400146484375,743.9199829101562,743.5900268554688,743.7899780273438,55598
2026-06-15 14:20:00-04:00,743.510009765625,743.510009765625,743.6699829101562,743.3358154296875,743.610107421875,51201
2026-06-15 14:22:00-04:00,743.5300903320312,743.5300903320312,743.5999755859375,743.3200073242188,743.5499267578125,53879
2026-06-15 14:24:00-04:00,743.3400268554688,743.3400268554688,743.7100219726562,743.27001953125,743.5311889648438,95994
2026-06-15 14:26:00-04:00,743.4500122070312,743.4500122070312,743.5499267578125,743.2999877929688,743.3099975585938,50263
2026-06-15 14:28:00-04:00,743.0399780273438,743.0399780273438,743.4301147460938,742.9400024414062,743.4301147460938,60218
2026-06-15 14:30:00-04:00,743.0,743.0,743.2199096679688,742.6500244140625,743.02001953125,158875
2026-06-15 14:32:00-04:00,743.3400268554688,743.3400268554688,743.4816284179688,743.02001953125,743.1290283203125,73377
2026-06-15 14:34:00-04:00,743.3800048828125,743.3800048828125,743.5599975585938,743.27001953125,743.3298950195312,264952
2026-06-15 14:36:00-04:00,743.7899780273438,743.7899780273438,743.8099975585938,743.2949829101562,743.4072265625,276788
2026-06-15 14:38:00-04:00,743.969970703125,743.969970703125,744.0191040039062,743.7200927734375,743.7849731445312,207298
2026-06-15 14:40:00-04:00,743.9099731445312,743.9099731445312,744.010009765625,743.7899780273438,743.97998046875,134668
2026-06-15 14:42:00-04:00,744.030029296875,744.030029296875,744.0399780273438,743.6900024414062,743.909912109375,138858
2026-06-15 14:44:00-04:00,743.9400024414062,743.9400024414062,744.280029296875,743.9099731445312,744.0399780273438,144498
2026-06-15 14:46:00-04:00,743.97998046875,743.97998046875,744.0700073242188,743.7150268554688,743.9201049804688,126409
2026-06-15 14:48:00-04:00,744.010009765625,744.010009765625,744.0999755859375,743.8300170898438,743.9849853515625,469510
2026-06-15 14:50:00-04:00,743.8800048828125,743.8800048828125,744.1099243164062,743.7100219726562,743.9650268554688,70206
2026-06-15 14:52:00-04:00,743.9099731445312,743.9099731445312,744.02001953125,743.780029296875,743.8699951171875,180685
2026-06-15 14:54:00-04:00,743.9199829101562,743.9199829101562,743.9600219726562,743.760009765625,743.9199829101562,71320
2026-06-15 14:56:00-04:00,743.8400268554688,743.8400268554688,744.02001953125,743.77001953125,743.9400024414062,90907
2026-06-15 14:58:00-04:00,743.530029296875,743.530029296875,743.8400268554688,743.3499755859375,743.8250122070312,217754
2026-06-15 15:00:00-04:00,743.6799926757812,743.6799926757812,743.7000122070312,743.2999877929688,743.530029296875,48395
2026-06-15 15:02:00-04:00,743.4299926757812,743.4299926757812,743.77001953125,743.3800048828125,743.7100219726562,91085
2026-06-15 15:04:00-04:00,743.2750244140625,743.2750244140625,743.47998046875,743.155029296875,743.405517578125,88645
2026-06-15 15:06:00-04:00,743.2349853515625,743.2349853515625,743.2999877929688,743.0399780273438,743.27001953125,170232
2026-06-15 15:08:00-04:00,743.3499755859375,743.3499755859375,743.5599975585938,743.2498779296875,743.25,179550
2026-06-15 15:10:00-04:00,743.489990234375,743.489990234375,743.6900024414062,743.2999877929688,743.3200073242188,99916
2026-06-15 15:12:00-04:00,743.4193115234375,743.4193115234375,743.4550170898438,743.1799926757812,743.447021484375,83433
2026-06-15 15:14:00-04:00,743.5349731445312,743.5349731445312,743.5900268554688,743.3900756835938,743.3900756835938,90509
2026-06-15 15:16:00-04:00,743.6099853515625,743.6099853515625,743.7374877929688,743.4400024414062,743.5399780273438,79350
2026-06-15 15:18:00-04:00,743.375,743.375,743.6099853515625,743.22998046875,743.60498046875,117801
2026-06-15 15:20:00-04:00,742.9500122070312,742.9500122070312,743.4550170898438,742.9400024414062,743.3800048828125,171204
2026-06-15 15:22:00-04:00,743.1801147460938,743.1801147460938,743.2899780273438,742.9099731445312,742.9625244140625,116501
2026-06-15 15:24:00-04:00,743.2100219726562,743.2100219726562,743.260009765625,742.989990234375,743.2000122070312,241071
2026-06-15 15:26:00-04:00,743.0499877929688,743.0499877929688,743.25,743.030029296875,743.2000122070312,104681
2026-06-15 15:28:00-04:00,742.8200073242188,742.8200073242188,743.1300048828125,742.8200073242188,743.0549926757812,267989
2026-06-15 15:30:00-04:00,743.1400146484375,743.1400146484375,743.1799926757812,742.5700073242188,742.8099975585938,150175
2026-06-15 15:32:00-04:00,743.25,743.25,743.3499755859375,743.0700073242188,743.1199951171875,304745
2026-06-15 15:34:00-04:00,743.0399780273438,743.0399780273438,743.2490234375,742.9000244140625,743.239990234375,130043
2026-06-15 15:36:00-04:00,743.3400268554688,743.3400268554688,743.4099731445312,742.8800048828125,743.0599975585938,90296
2026-06-15 15:38:00-04:00,743.4299926757812,743.4299926757812,743.530029296875,743.2000122070312,743.3099975585938,120033
2026-06-15 15:40:00-04:00,743.52001953125,743.52001953125,743.6199951171875,743.3300170898438,743.4000244140625,109541
2026-06-15 15:42:00-04:00,743.47998046875,743.47998046875,743.5999755859375,743.2899780273438,743.510009765625,119317
2026-06-15 15:44:00-04:00,743.2449951171875,743.2449951171875,743.5499877929688,743.1900024414062,743.5050048828125,170051
2026-06-15 15:46:00-04:00,743.6099853515625,743.6099853515625,743.739990234375,743.2000122070312,743.22998046875,223917
2026-06-15 15:48:00-04:00,743.719970703125,743.719970703125,743.9044799804688,743.60498046875,743.6400146484375,362906
2026-06-15 15:50:00-04:00,742.6799926757812,742.6799926757812,743.6799926757812,742.5449829101562,743.6799926757812,356490
2026-06-15 15:52:00-04:00,743.0499877929688,743.0499877929688,743.18701171875,742.6599731445312,742.7000122070312,368577
2026-06-15 15:54:00-04:00,742.8800048828125,742.8800048828125,743.4500122070312,742.75,743.0499877929688,590694
2026-06-15 15:56:00-04:00,742.719970703125,742.719970703125,742.8800048828125,742.4299926757812,742.8800048828125,713636
2026-06-15 15:58:00-04:00,743.8099975585938,743.8099975585938,743.9400024414062,742.6199951171875,742.72998046875,1362516
2026-06-16 09:30:00-04:00,741.6500244140625,741.6500244140625,742.5,741.2100219726562,742.280029296875,1939778
2026-06-16 09:32:00-04:00,741.1799926757812,741.1799926757812,742.1065063476562,741.0999755859375,741.6599731445312,325283
2026-06-16 09:34:00-04:00,742.7899780273438,742.7899780273438,742.8400268554688,740.8200073242188,741.1199951171875,360904
2026-06-16 09:36:00-04:00,742.8250122070312,742.8250122070312,742.9677124023438,741.864990234375,742.7899780273438,263632
2026-06-16 09:38:00-04:00,741.614990234375,741.614990234375,742.989990234375,741.60009765625,742.8099975585938,324003
2026-06-16 09:40:00-04:00,743.010009765625,743.010009765625,743.1400146484375,741.5886840820312,741.6400146484375,189235
2026-06-16 09:42:00-04:00,743.030029296875,743.030029296875,743.489990234375,742.8049926757812,743.0,231305
2026-06-16 09:44:00-04:00,742.4185180664062,742.4185180664062,743.22998046875,742.1900024414062,743.1199951171875,208199
2026-06-16 09:46:00-04:00,743.7999267578125,743.7999267578125,743.8400268554688,742.3300170898438,742.4000244140625,247655
2026-06-16 09:48:00-04:00,743.5399780273438,743.5399780273438,744.0700073242188,743.1732177734375,743.77001953125,266952
2026-06-16 09:50:00-04:00,743.8049926757812,743.8049926757812,744.0999755859375,743.5,743.5700073242188,150504
2026-06-16 09:52:00-04:00,743.6099853515625,743.6099853515625,744.02001953125,743.1799926757812,743.8499755859375,143184
2026-06-16 09:54:00-04:00,744.0549926757812,744.0549926757812,744.219970703125,743.4400024414062,743.5775146484375,167795
2026-06-16 09:56:00-04:00,742.969970703125,742.969970703125,744.0700073242188,742.780029296875,744.0700073242188,278964
2026-06-16 09:58:00-04:00,742.219970703125,742.219970703125,743.6677856445312,741.969970703125,743.10498046875,198543
2026-06-16 10:00:00-04:00,742.5,742.5,742.719970703125,742.0800170898438,742.260009765625,147989
2026-06-16 10:02:00-04:00,742.3571166992188,742.3571166992188,742.719970703125,741.9000854492188,742.469970703125,136627
2026-06-16 10:04:00-04:00,742.1900024414062,742.1900024414062,742.9099731445312,742.1300048828125,742.3499755859375,176249
2026-06-16 10:06:00-04:00,742.8900146484375,742.8900146484375,743.0391235351562,742.0599975585938,742.1900024414062,339775
2026-06-16 10:08:00-04:00,743.2520141601562,743.2520141601562,743.3300170898438,742.5499877929688,742.8900146484375,244854
2026-06-16 10:10:00-04:00,742.9299926757812,742.9299926757812,743.3400268554688,742.5549926757812,743.280029296875,133687
2026-06-16 10:12:00-04:00,742.52001953125,742.52001953125,743.219970703125,742.4099731445312,742.9299926757812,302523
2026-06-16 10:14:00-04:00,742.2999877929688,742.2999877929688,742.6345825195312,742.0701293945312,742.52001953125,183177
2026-06-16 10:16:00-04:00,741.5,741.5,742.3875122070312,741.3599853515625,742.2999877929688,190422
2026-06-16 10:18:00-04:00,740.5599975585938,740.5599975585938,741.9000244140625,740.3300170898438,741.510009765625,295691
2026-06-16 10:20:00-04:00,740.4600219726562,740.4600219726562,741.27197265625,740.1400756835938,740.5399780273438,301822
2026-06-16 10:22:00-04:00,739.114990234375,739.114990234375,740.530029296875,739.0900268554688,740.530029296875,493386
2026-06-16 10:24:00-04:00,740.22998046875,740.22998046875,740.489990234375,738.9000244140625,739.2000122070312,441694
2026-06-16 10:26:00-04:00,739.3300170898438,739.3300170898438,740.8300170898438,739.0399780273438,740.2899780273438,274812
2026-06-16 10:28:00-04:00,739.1099853515625,739.1099853515625,740.030029296875,739.0900268554688,739.3300170898438,292032
2026-06-16 10:30:00-04:00,737.5999755859375,737.5999755859375,739.1099853515625,737.5,739.0900268554688,444010
2026-06-16 10:32:00-04:00,737.6099243164062,737.6099243164062,737.9199829101562,736.9400024414062,737.5999755859375,553919
2026-06-16 10:34:00-04:00,737.7901000976562,737.7901000976562,738.219970703125,737.3101196289062,737.5900268554688,455365
2026-06-16 10:36:00-04:00,738.6400146484375,738.6400146484375,738.7000122070312,737.6900024414062,737.8599853515625,221492
2026-06-16 10:38:00-04:00,738.9500122070312,738.9500122070312,739.1199951171875,738.5549926757812,738.6400146484375,207101
2026-06-16 10:40:00-04:00,739.5399780273438,739.5399780273438,739.9600219726562,738.5106811523438,738.9400024414062,288233
2026-06-16 10:42:00-04:00,739.280029296875,739.280029296875,739.8200073242188,739.2000122070312,739.5499877929688,89322
2026-06-16 10:44:00-04:00,738.2750244140625,738.2750244140625,739.4998779296875,738.22998046875,739.27001953125,169936
2026-06-16 10:46:00-04:00,737.9199829101562,737.9199829101562,738.75,737.9000244140625,738.3118286132812,105364
2026-06-16 10:48:00-04:00,737.8800048828125,737.8800048828125,738.4199829101562,737.760009765625,737.9500122070312,102089
2026-06-16 10:50:00-04:00,738.5549926757812,738.5549926757812,738.9400024414062,737.8099975585938,737.8200073242188,186403
2026-06-16 10:52:00-04:00,738.1900024414062,738.1900024414062,738.9282836914062,738.013671875,738.5100708007812,149615
2026-06-16 10:54:00-04:00,737.1699829101562,737.1699829101562,738.3499755859375,737.0474853515625,738.14501953125,201092
2026-06-16 10:56:00-04:00,737.6099853515625,737.6099853515625,737.9299926757812,737.1199951171875,737.22998046875,154181
2026-06-16 10:58:00-04:00,737.2000122070312,737.2000122070312,737.8400268554688,736.2874755859375,737.6099853515625,332623
2026-06-16 11:00:00-04:00,737.4099731445312,737.4099731445312,737.6799926757812,736.9520263671875,737.2000122070312,164424
2026-06-16 11:02:00-04:00,737.8099975585938,737.8099975585938,737.8699951171875,737.1400146484375,737.4099731445312,205689
2026-06-16 11:04:00-04:00,738.4000244140625,738.4000244140625,738.4400024414062,737.3900756835938,737.780029296875,263942
2026-06-16 11:06:00-04:00,737.7600708007812,737.7600708007812,738.4199829101562,737.739990234375,738.3250122070312,116129
2026-06-16 11:08:00-04:00,738.0349731445312,738.0349731445312,738.3099975585938,737.5200805664062,737.8499755859375,91688
2026-06-16 11:10:00-04:00,738.119873046875,738.119873046875,738.7296142578125,737.8599853515625,738.02001953125,128094
2026-06-16 11:12:00-04:00,737.844970703125,737.844970703125,738.2799072265625,737.4400024414062,738.0900268554688,113718
2026-06-16 11:14:00-04:00,738.0050048828125,738.0050048828125,738.1400146484375,737.5,737.8599853515625,87463
2026-06-16 11:16:00-04:00,737.5999755859375,737.5999755859375,738.3599853515625,737.5700073242188,738.0349731445312,83331
2026-06-16 11:18:00-04:00,737.0399780273438,737.0399780273438,737.719970703125,737.030029296875,737.6099853515625,129166
2026-06-16 11:20:00-04:00,736.8363037109375,736.8363037109375,737.510009765625,736.5800170898438,737.1099243164062,143043
2026-06-16 11:22:00-04:00,736.0098876953125,736.0098876953125,736.8900146484375,735.9400024414062,736.8400268554688,297801
2026-06-16 11:24:00-04:00,736.3262939453125,736.3262939453125,736.5,735.6099853515625,735.97998046875,270024
2026-06-16 11:26:00-04:00,735.030029296875,735.030029296875,736.3699951171875,735.02001953125,736.3400268554688,231238
2026-06-16 11:28:00-04:00,735.6099853515625,735.6099853515625,735.97998046875,734.739990234375,735.030029296875,340641
2026-06-16 11:30:00-04:00,735.8599853515625,735.8599853515625,736.1400146484375,735.5800170898438,735.7100219726562,215663
2026-06-16 11:32:00-04:00,736.239990234375,736.239990234375,736.3300170898438,735.5599975585938,735.8800048828125,190322
2026-06-16 11:34:00-04:00,736.469970703125,736.469970703125,736.5800170898438,735.9299926757812,736.2100219726562,117587
2026-06-16 11:36:00-04:00,735.4000244140625,735.4000244140625,736.5499877929688,735.3200073242188,736.47998046875,117036
2026-06-16 11:38:00-04:00,734.8350219726562,734.8350219726562,735.5900268554688,734.4199829101562,735.3699951171875,190764
2026-06-16 11:40:00-04:00,734.7000122070312,734.7000122070312,735.2098999023438,734.5,734.8400268554688,160202
2026-06-16 11:42:00-04:00,734.0800170898438,734.0800170898438,734.7000122070312,733.9299926757812,734.6900024414062,187224
2026-06-16 11:44:00-04:00,733.5800170898438,733.5800170898438,734.47998046875,733.5700073242188,734.0800170898438,195273
2026-06-16 11:46:00-04:00,732.9550170898438,732.9550170898438,733.6300048828125,732.7235717773438,733.5599975585938,386475
2026-06-16 11:48:00-04:00,733.0601196289062,733.0601196289062,733.3499755859375,732.510009765625,732.9099731445312,312370
2026-06-16 11:50:00-04:00,733.4400024414062,733.4400024414062,733.530029296875,732.5300903320312,733.0401000976562,349577
2026-06-16 11:52:00-04:00,734.60009765625,734.60009765625,734.655029296875,733.3200073242188,733.4299926757812,398233
2026-06-16 11:54:00-04:00,734.7700805664062,734.7700805664062,735.1599731445312,734.3499755859375,734.5800170898438,200483
2026-06-16 11:56:00-04:00,735.2086791992188,735.2086791992188,735.469970703125,734.530029296875,734.7899780273438,128441
2026-06-16 11:58:00-04:00,733.9500732421875,733.9500732421875,735.239990234375,733.8699951171875,735.219970703125,159710
2026-06-16 12:00:00-04:00,735.4299926757812,735.4299926757812,735.5700073242188,733.8800048828125,733.9600219726562,664670
2026-06-16 12:02:00-04:00,735.8300170898438,735.8300170898438,735.8699951171875,735.27001953125,735.3499755859375,180540
2026-06-16 12:04:00-04:00,735.830078125,735.830078125,736.1500244140625,735.3200073242188,735.8049926757812,157931
2026-06-16 12:06:00-04:00,735.4299926757812,735.4299926757812,735.9500122070312,735.3900146484375,735.8400268554688,108308
2026-06-16 12:08:00-04:00,735.739990234375,735.739990234375,735.75,735.0999755859375,735.4199829101562,128532
2026-06-16 12:10:00-04:00,735.8200073242188,735.8200073242188,735.9199829101562,735.3701171875,735.6801147460938,86258
2026-06-16 12:12:00-04:00,735.8286743164062,735.8286743164062,736.4099731445312,735.77001953125,735.7999877929688,128207
2026-06-16 12:14:00-04:00,735.8400268554688,735.8400268554688,736.1589965820312,735.541015625,735.8900146484375,212734
2026-06-16 12:16:00-04:00,735.2799072265625,735.2799072265625,736.1500244140625,735.114990234375,735.8300170898438,123556
2026-06-16 12:18:00-04:00,735.8900146484375,735.8900146484375,735.9600219726562,735.1901245117188,735.2550048828125,225693
2026-06-16 12:20:00-04:00,736.1240844726562,736.1240844726562,736.2100219726562,735.60009765625,735.9000244140625,83579
2026-06-16 12:22:00-04:00,735.9600219726562,735.9600219726562,736.5399780273438,735.77001953125,736.1423950195312,135079
2026-06-16 12:24:00-04:00,735.9500122070312,735.9500122070312,736.1298828125,735.7899780273438,735.9650268554688,82306
2026-06-16 12:26:00-04:00,735.5900268554688,735.5900268554688,736.0700073242188,735.4639892578125,735.989990234375,82142
2026-06-16 12:28:00-04:00,735.6749877929688,735.6749877929688,736.0,735.4099731445312,735.5599975585938,168708
2026-06-16 12:30:00-04:00,734.2150268554688,734.2150268554688,735.780029296875,734.2000122070312,735.6699829101562,243236
2026-06-16 12:32:00-04:00,734.4400024414062,734.4400024414062,734.6494140625,734.1027221679688,734.3300170898438,130029
2026-06-16 12:34:00-04:00,734.4600219726562,734.4600219726562,734.5900268554688,733.9199829101562,734.4998779296875,82485
2026-06-16 12:36:00-04:00,733.72998046875,733.72998046875,734.4099731445312,733.4600219726562,734.3699951171875,125525
2026-06-16 12:38:00-04:00,733.989990234375,733.989990234375,734.0599975585938,733.4299926757812,733.75,103810
2026-06-16 12:40:00-04:00,734.4749755859375,734.4749755859375,734.68798828125,733.7000122070312,734.0,130025
2026-06-16 12:42:00-04:00,734.9495239257812,734.9495239257812,735.0399169921875,734.3800048828125,734.4849853515625,121338
2026-06-16 12:44:00-04:00,734.385009765625,734.385009765625,735.0,734.2100219726562,734.969970703125,89901
2026-06-16 12:46:00-04:00,735.1300048828125,735.1300048828125,735.27001953125,734.4099731445312,734.4199829101562,70395
2026-06-16 12:48:00-04:00,734.5999755859375,734.5999755859375,735.1649780273438,734.489990234375,735.1389770507812,52137
2026-06-16 12:50:00-04:00,734.9099731445312,734.9099731445312,735.2899780273438,734.6300048828125,734.6300048828125,140978
2026-06-16 12:52:00-04:00,734.2000122070312,734.2000122070312,734.9000244140625,734.1099853515625,734.9000244140625,187077
2026-06-16 12:54:00-04:00,734.0372924804688,734.0372924804688,734.530029296875,733.9500122070312,734.239990234375,157928
2026-06-16 12:56:00-04:00,734.094970703125,734.094970703125,734.27001953125,733.5700073242188,734.0549926757812,255548
2026-06-16 12:58:00-04:00,734.669921875,734.669921875,734.6799926757812,734.02001953125,734.0900268554688,142595
2026-06-16 13:00:00-04:00,734.2100219726562,734.2100219726562,734.6599731445312,733.97998046875,734.6199951171875,68989
2026-06-16 13:02:00-04:00,734.2360229492188,734.2360229492188,734.4299926757812,733.5999755859375,734.239990234375,118491
2026-06-16 13:04:00-04:00,733.8400268554688,733.8400268554688,734.47998046875,733.7600708007812,734.2849731445312,135177
2026-06-16 13:06:00-04:00,733.8499755859375,733.8499755859375,734.2100219726562,733.75,733.8200073242188,136011
2026-06-16 13:08:00-04:00,733.8900146484375,733.8900146484375,734.02001953125,733.6799926757812,733.8400268554688,90915
2026-06-16 13:10:00-04:00,733.8200073242188,733.8200073242188,734.22802734375,733.77001953125,733.9450073242188,72029
2026-06-16 13:12:00-04:00,734.530029296875,734.530029296875,734.5999755859375,733.760009765625,733.77001953125,103015
2026-06-16 13:14:00-04:00,734.0250244140625,734.0250244140625,734.5239868164062,734.0009765625,734.510009765625,58006
2026-06-16 13:16:00-04:00,734.35498046875,734.35498046875,734.4398803710938,733.9450073242188,734.0250244140625,60922
2026-06-16 13:18:00-04:00,733.635009765625,733.635009765625,734.3599853515625,733.5,734.25,112625
2026-06-16 13:20:00-04:00,733.299072265625,733.299072265625,733.7899780273438,733.1900024414062,733.6199951171875,99470
2026-06-16 13:22:00-04:00,733.6599731445312,733.6599731445312,733.75,732.9550170898438,733.3099975585938,117387
2026-06-16 13:24:00-04:00,733.6500244140625,733.6500244140625,734.0999755859375,733.5700073242188,733.6798706054688,121477
2026-06-16 13:26:00-04:00,733.780029296875,733.780029296875,733.9000244140625,733.4199829101562,733.635009765625,76696
2026-06-16 13:28:00-04:00,733.64990234375,733.64990234375,734.0399780273438,733.530029296875,733.7899780273438,91541
2026-06-16 13:30:00-04:00,733.2800903320312,733.2800903320312,733.6790161132812,733.0499877929688,733.6199951171875,98179
2026-06-16 13:32:00-04:00,733.6199951171875,733.6199951171875,733.72998046875,733.1400146484375,733.2999877929688,91360
2026-06-16 13:34:00-04:00,733.1400146484375,733.1400146484375,733.8400268554688,733.1099853515625,733.5499877929688,77227
2026-06-16 13:36:00-04:00,732.780029296875,732.780029296875,733.280029296875,732.6799926757812,733.1199951171875,95806
2026-06-16 13:38:00-04:00,732.5800170898438,732.5800170898438,732.8800048828125,732.280029296875,732.760009765625,141668
2026-06-16 13:40:00-04:00,732.9000244140625,732.9000244140625,733.0050048828125,732.27001953125,732.530029296875,155199
2026-06-16 13:42:00-04:00,733.5900268554688,733.5900268554688,733.5999755859375,732.7999877929688,732.9598999023438,195370
2026-06-16 13:44:00-04:00,733.5999145507812,733.5999145507812,733.7899780273438,733.22998046875,733.5800170898438,124176
2026-06-16 13:46:00-04:00,733.6599731445312,733.6599731445312,733.72998046875,732.969970703125,733.6099853515625,201510
2026-06-16 13:48:00-04:00,733.9180297851562,733.9180297851562,733.9299926757812,733.469970703125,733.6107177734375,58678
2026-06-16 13:50:00-04:00,734.163818359375,734.163818359375,734.280029296875,733.7100219726562,733.9500122070312,170912
2026-06-16 13:52:00-04:00,734.3300170898438,734.3300170898438,734.5800170898438,734.0599975585938,734.1699829101562,177236
2026-06-16 13:54:00-04:00,734.7349853515625,734.7349853515625,734.8200073242188,734.3099975585938,734.3800048828125,156409
2026-06-16 13:56:00-04:00,734.6300048828125,734.6300048828125,735.0599975585938,734.510009765625,734.7301025390625,137115
2026-06-16 13:58:00-04:00,734.0499877929688,734.0499877929688,734.64501953125,733.9924926757812,734.5900268554688,104974
2026-06-16 14:00:00-04:00,734.260009765625,734.260009765625,734.3300170898438,733.8800048828125,734.048828125,109320
2026-06-16 14:02:00-04:00,734.25830078125,734.25830078125,734.4699096679688,734.1500244140625,734.27001953125,63528
2026-06-16 14:04:00-04:00,734.4304809570312,734.4304809570312,734.469970703125,734.1400146484375,734.2349853515625,54093
2026-06-16 14:06:00-04:00,734.2050170898438,734.2050170898438,734.3800048828125,733.9301147460938,734.3800048828125,74335
2026-06-16 14:08:00-04:00,734.2000122070312,734.2000122070312,734.4000244140625,734.1300048828125,734.219970703125,51603
2026-06-16 14:10:00-04:00,734.2349853515625,734.2349853515625,734.375,734.0900268554688,734.1950073242188,43384
2026-06-16 14:12:00-04:00,734.1300048828125,734.1300048828125,734.4299926757812,734.1099853515625,734.25,38498
2026-06-16 14:14:00-04:00,733.5399780273438,733.5399780273438,734.1799926757812,733.4099731445312,734.1201782226562,108653
2026-06-16 14:16:00-04:00,733.6900024414062,733.6900024414062,733.72998046875,733.2899780273438,733.5549926757812,98726
2026-06-16 14:18:00-04:00,733.489990234375,733.489990234375,733.8800048828125,733.3499755859375,733.6900024414062,82236
2026-06-16 14:20:00-04:00,733.47998046875,733.47998046875,733.6298828125,733.3250122070312,733.469970703125,70219
2026-06-16 14:22:00-04:00,733.5399780273438,733.5399780273438,733.8200073242188,733.4349975585938,733.4349975585938,108284
2026-06-16 14:24:00-04:00,733.9450073242188,733.9450073242188,733.9450073242188,733.4400024414062,733.5,67225
2026-06-16 14:26:00-04:00,733.9628295898438,733.9628295898438,734.2199096679688,733.8900146484375,733.9450073242188,80212
2026-06-16 14:28:00-04:00,733.8599853515625,733.8599853515625,733.989990234375,733.630126953125,733.989990234375,56787
2026-06-16 14:30:00-04:00,733.655029296875,733.655029296875,734.0,733.4299926757812,733.8800048828125,139095
2026-06-16 14:32:00-04:00,733.2532958984375,733.2532958984375,733.719970703125,733.1300048828125,733.6500244140625,105512
2026-06-16 14:34:00-04:00,732.9774780273438,732.9774780273438,733.530029296875,732.77001953125,733.3099975585938,168315
2026-06-16 14:36:00-04:00,733.3099975585938,733.3099975585938,733.4500122070312,732.77001953125,732.9600219726562,157338
2026-06-16 14:38:00-04:00,733.5900268554688,733.5900268554688,733.6799926757812,733.2899780273438,733.3099975585938,178328
2026-06-16 14:40:00-04:00,733.5700073242188,733.5700073242188,733.77001953125,733.4381103515625,733.5650024414062,151176
2026-06-16 14:42:00-04:00,733.7050170898438,733.7050170898438,733.760009765625,733.3499755859375,733.5399780273438,79638
2026-06-16 14:44:00-04:00,733.4517211914062,733.4517211914062,733.7999877929688,733.4517211914062,733.697509765625,83264
2026-06-16 14:46:00-04:00,733.6300048828125,733.6300048828125,733.8099975585938,733.3900146484375,733.52001953125,58757
2026-06-16 14:48:00-04:00,733.0650024414062,733.0650024414062,733.719970703125,733.0,733.6199951171875,95771
2026-06-16 14:50:00-04:00,733.3200073242188,733.3200073242188,733.3300170898438,733.0499877929688,733.0601196289062,924597
2026-06-16 14:52:00-04:00,733.1799926757812,733.1799926757812,733.4400024414062,732.9199829101562,733.3200073242188,122816
2026-06-16 14:54:00-04:00,733.1099853515625,733.1099853515625,733.2150268554688,733.010009765625,733.2000122070312,106954
2026-06-16 14:56:00-04:00,732.8699951171875,732.8699951171875,733.4500122070312,732.8300170898438,733.110107421875,156167
2026-06-16 14:58:00-04:00,733.1699829101562,733.1699829101562,733.1799926757812,732.760009765625,732.8400268554688,124045
2026-06-16 15:00:00-04:00,733.219970703125,733.219970703125,733.239990234375,732.7000732421875,733.1699829101562,114760
2026-06-16 15:02:00-04:00,733.5700073242188,733.5700073242188,733.5750122070312,732.989990234375,733.22998046875,97998
2026-06-16 15:04:00-04:00,733.2816772460938,733.2816772460938,734.0401000976562,733.2816772460938,733.5551147460938,100633
2026-06-16 15:06:00-04:00,733.969970703125,733.969970703125,734.02001953125,733.3099975585938,733.3599853515625,81930
2026-06-16 15:08:00-04:00,733.030029296875,733.030029296875,734.0198974609375,732.97998046875,733.9600219726562,144153
2026-06-16 15:10:00-04:00,732.4349975585938,732.4349975585938,733.2100219726562,732.3499755859375,733.0355224609375,420694
2026-06-16 15:12:00-04:00,731.9920043945312,731.9920043945312,732.4400024414062,731.9099731445312,732.4199829101562,259696
2026-06-16 15:14:00-04:00,731.239990234375,731.239990234375,732.260009765625,731.22998046875,732.0,382648
2026-06-16 15:16:00-04:00,731.4099731445312,731.4099731445312,731.469970703125,730.6500244140625,731.239990234375,309731
2026-06-16 15:18:00-04:00,732.10498046875,732.10498046875,732.1799926757812,731.3400268554688,731.406005859375,329388
2026-06-16 15:20:00-04:00,732.5700073242188,732.5700073242188,732.8400268554688,732.010009765625,732.1431274414062,216300
2026-06-16 15:22:00-04:00,732.6400146484375,732.6400146484375,732.8109741210938,732.1799926757812,732.5599975585938,141642
2026-06-16 15:24:00-04:00,733.02001953125,733.02001953125,733.1950073242188,732.6300048828125,732.6400146484375,191866
2026-06-16 15:26:00-04:00,732.9400024414062,732.9400024414062,733.010009765625,732.5999755859375,733.0,122096
2026-06-16 15:28:00-04:00,733.1400146484375,733.1400146484375,733.2899780273438,732.6599731445312,732.9000244140625,160878
2026-06-16 15:30:00-04:00,733.1849975585938,733.1849975585938,733.52001953125,732.8800048828125,733.135009765625,194624
2026-06-16 15:32:00-04:00,733.155029296875,733.155029296875,733.4400024414062,732.9099731445312,733.2000122070312,122299
2026-06-16 15:34:00-04:00,732.2445068359375,732.2445068359375,733.1900024414062,732.1099853515625,733.1300048828125,152143
2026-06-16 15:36:00-04:00,731.8049926757812,731.8049926757812,732.3099975585938,731.7600708007812,732.25,129925
2026-06-16 15:38:00-04:00,731.5750122070312,731.5750122070312,731.875,731.4199829101562,731.7849731445312,167218
2026-06-16 15:40:00-04:00,731.5599975585938,731.5599975585938,731.969970703125,731.4000244140625,731.5599975585938,203146
2026-06-16 15:42:00-04:00,731.9099731445312,731.9099731445312,732.0499877929688,731.2899780273438,731.5499877929688,210282
2026-06-16 15:44:00-04:00,732.219970703125,732.219970703125,732.5,731.7999877929688,731.9199829101562,555143
2026-06-16 15:46:00-04:00,732.0198974609375,732.0198974609375,732.427490234375,731.9600219726562,732.219970703125,137693
2026-06-16 15:48:00-04:00,731.9500122070312,731.9500122070312,732.015380859375,731.6099853515625,731.989990234375,318974
2026-06-16 15:50:00-04:00,731.5999755859375,731.5999755859375,732.530029296875,731.4299926757812,731.97998046875,349205
2026-06-16 15:52:00-04:00,730.875,730.875,731.6300048828125,730.840087890625,731.6199951171875,422920
2026-06-16 15:54:00-04:00,731.1900024414062,731.1900024414062,731.989990234375,730.7600708007812,730.9000244140625,772110
2026-06-16 15:56:00-04:00,730.4509887695312,730.4509887695312,731.4849853515625,730.2449951171875,731.2100219726562,931908
2026-06-16 15:58:00-04:00,729.780029296875,729.780029296875,730.969970703125,729.6400146484375,730.4500122070312,2388973
2026-06-17 09:30:00-04:00,733.4498901367188,733.4498901367188,735.25,733.2899780273438,735.219970703125,1807883
2026-06-17 09:32:00-04:00,732.8699951171875,732.8699951171875,734.0499877929688,732.8200073242188,733.3699951171875,226505
2026-06-17 09:34:00-04:00,733.5338134765625,733.5338134765625,733.6400146484375,732.6799926757812,732.8800048828125,194212
2026-06-17 09:36:00-04:00,733.135009765625,733.135009765625,733.969970703125,732.8961181640625,733.469970703125,287661
2026-06-17 09:38:00-04:00,732.4199829101562,732.4199829101562,733.5499267578125,732.1500244140625,733.1420288085938,173486
2026-06-17 09:40:00-04:00,733.8900146484375,733.8900146484375,734.1099853515625,732.1900024414062,732.4099731445312,214321
2026-06-17 09:42:00-04:00,735.1300048828125,735.1300048828125,735.2000122070312,733.6699829101562,733.8099975585938,233904
2026-06-17 09:44:00-04:00,734.7349853515625,734.7349853515625,735.5700073242188,734.6719970703125,735.0599975585938,3392085
2026-06-17 09:46:00-04:00,734.1950073242188,734.1950073242188,734.8499755859375,734.0399780273438,734.719970703125,176710
2026-06-17 09:48:00-04:00,733.469970703125,733.469970703125,734.5399780273438,733.469970703125,734.219970703125,132798
2026-06-17 09:50:00-04:00,733.760009765625,733.760009765625,734.239990234375,732.8400268554688,733.4600219726562,263638
2026-06-17 09:52:00-04:00,733.8200073242188,733.8200073242188,734.0750122070312,733.010009765625,733.75,182151
2026-06-17 09:54:00-04:00,733.3099975585938,733.3099975585938,734.1649780273438,733.27001953125,733.75,162512
2026-06-17 09:56:00-04:00,731.5299072265625,731.5299072265625,733.3699951171875,731.239990234375,733.3200073242188,320549
2026-06-17 09:58:00-04:00,730.9199829101562,730.9199829101562,731.9500122070312,730.8800048828125,731.5399780273438,209112
2026-06-17 10:00:00-04:00,731.5900268554688,731.5900268554688,731.8499755859375,730.6400146484375,730.9299926757812,333082
2026-06-17 10:02:00-04:00,731.8599853515625,731.8599853515625,732.0399780273438,730.3101196289062,731.530029296875,214235
2026-06-17 10:04:00-04:00,731.2449951171875,731.2449951171875,732.22998046875,730.9500122070312,731.8660278320312,207825
2026-06-17 10:06:00-04:00,732.260009765625,732.260009765625,732.3800048828125,731.1599731445312,731.239990234375,192198
2026-06-17 10:08:00-04:00,731.8699951171875,731.8699951171875,732.8699951171875,731.280029296875,732.27001953125,265889
2026-06-17 10:10:00-04:00,732.0150146484375,732.0150146484375,732.22998046875,731.2100219726562,731.8699951171875,153067
2026-06-17 10:12:00-04:00,732.75,732.75,733.3400268554688,732.0900268554688,732.1300048828125,215200
2026-06-17 10:14:00-04:00,733.5827026367188,733.5827026367188,733.7100219726562,732.6400146484375,732.7899780273438,218656
2026-06-17 10:16:00-04:00,734.0,734.0,734.0,733.5,733.5700073242188,188009
2026-06-17 10:18:00-04:00,733.8599853515625,733.8599853515625,734.2999877929688,733.3599853515625,733.9694213867188,204473
2026-06-17 10:20:00-04:00,734.0599975585938,734.0599975585938,734.3079833984375,733.5999755859375,733.8499755859375,143145
2026-06-17 10:22:00-04:00,735.0800170898438,735.0800170898438,735.1799926757812,734.030029296875,734.030029296875,205989
2026-06-17 10:24:00-04:00,735.22900390625,735.22900390625,735.677978515625,734.97998046875,735.0800170898438,233094
2026-06-17 10:26:00-04:00,734.719970703125,734.719970703125,735.375,734.2999877929688,735.2000122070312,172600
2026-06-17 10:28:00-04:00,734.8300170898438,734.8300170898438,734.989990234375,734.3300170898438,734.780029296875,91754
2026-06-17 10:30:00-04:00,733.9500122070312,733.9500122070312,734.9000244140625,733.5800170898438,734.885009765625,147796
2026-06-17 10:32:00-04:00,733.219970703125,733.219970703125,734.030029296875,733.0499877929688,733.9500122070312,140462
2026-06-17 10:34:00-04:00,733.5999755859375,733.5999755859375,734.0449829101562,732.8900756835938,733.1749877929688,123242
2026-06-17 10:36:00-04:00,732.9844970703125,732.9844970703125,733.5399780273438,732.6199951171875,733.5399780273438,138933
2026-06-17 10:38:00-04:00,732.72998046875,732.72998046875,733.1199951171875,732.4400024414062,732.969970703125,91587
2026-06-17 10:40:00-04:00,732.3900146484375,732.3900146484375,732.9099731445312,731.5700073242188,732.8084716796875,167451
2026-06-17 10:42:00-04:00,733.239990234375,733.239990234375,733.3499755859375,732.3300170898438,732.4500122070312,173752
2026-06-17 10:44:00-04:00,732.9500122070312,732.9500122070312,733.3200073242188,732.530029296875,733.2100219726562,116190
2026-06-17 10:46:00-04:00,730.7100219726562,730.7100219726562,733.6981811523438,729.5599975585938,732.9400024414062,585100
2026-06-17 10:48:00-04:00,731.4600219726562,731.4600219726562,732.0599975585938,730.760009765625,730.760009765625,195111
2026-06-17 10:50:00-04:00,732.010009765625,732.010009765625,732.5,731.1400146484375,731.5,177019
2026-06-17 10:52:00-04:00,732.5599975585938,732.5599975585938,732.8699951171875,731.9199829101562,732.0,128417
2026-06-17 10:54:00-04:00,732.0679931640625,732.0679931640625,733.0499877929688,732.0599975585938,732.5999755859375,129497
2026-06-17 10:56:00-04:00,731.6998901367188,731.6998901367188,732.39501953125,731.6400146484375,732.0599975585938,88932
2026-06-17 10:58:00-04:00,731.22998046875,731.22998046875,731.8300170898438,731.0800170898438,731.6599731445312,111969
2026-06-17 11:00:00-04:00,731.4500122070312,731.4500122070312,731.8599853515625,731.1019897460938,731.239990234375,99563
2026-06-17 11:02:00-04:00,732.1300048828125,732.1300048828125,732.1699829101562,731.3800048828125,731.4099731445312,119158
2026-06-17 11:04:00-04:00,731.739990234375,731.739990234375,732.2750244140625,731.5,732.1400146484375,98108
2026-06-17 11:06:00-04:00,731.60009765625,731.60009765625,732.4949951171875,731.60009765625,731.8900146484375,125904
2026-06-17 11:08:00-04:00,731.2000122070312,731.2000122070312,731.9299926757812,730.8699951171875,731.6500244140625,128593
2026-06-17 11:10:00-04:00,731.6900024414062,731.6900024414062,731.9099731445312,731.0999755859375,731.1900024414062,80097
2026-06-17 11:12:00-04:00,732.0800170898438,732.0800170898438,732.1500244140625,731.5499877929688,731.6699829101562,77468
2026-06-17 11:14:00-04:00,732.6900024414062,732.6900024414062,732.7100219726562,731.9450073242188,732.0700073242188,115420
2026-06-17 11:16:00-04:00,732.989990234375,732.989990234375,733.0999145507812,732.5700073242188,732.719970703125,285574
2026-06-17 11:18:00-04:00,732.7349853515625,732.7349853515625,733.5700073242188,732.5700073242188,732.97998046875,138155
2026-06-17 11:20:00-04:00,732.5700073242188,732.5700073242188,733.2000122070312,732.3900146484375,732.7999877929688,68378
2026-06-17 11:22:00-04:00,732.5551147460938,732.5551147460938,732.6199951171875,732.1389770507812,732.5499877929688,61067
2026-06-17 11:24:00-04:00,732.3699951171875,732.3699951171875,732.8900146484375,732.0599975585938,732.47998046875,92015
2026-06-17 11:26:00-04:00,732.405029296875,732.405029296875,732.75,732.1500244140625,732.4099731445312,101082
2026-06-17 11:28:00-04:00,732.635009765625,732.635009765625,732.7000122070312,732.239990234375,732.4000244140625,105250
2026-06-17 11:30:00-04:00,732.5075073242188,732.5075073242188,732.7299194335938,732.1893920898438,732.6199951171875,69490
2026-06-17 11:32:00-04:00,733.0800170898438,733.0800170898438,733.2999877929688,732.3599853515625,732.510009765625,69593
2026-06-17 11:34:00-04:00,733.010009765625,733.010009765625,733.3798828125,732.7200927734375,733.159912109375,64943
2026-06-17 11:36:00-04:00,732.8300170898438,732.8300170898438,733.0499877929688,732.6300048828125,732.989990234375,71960
2026-06-17 11:38:00-04:00,733.3300170898438,733.3300170898438,733.4400024414062,732.6900024414062,732.8200073242188,59596
2026-06-17 11:40:00-04:00,732.4500122070312,732.4500122070312,733.375,732.3400268554688,733.2999877929688,126053
2026-06-17 11:42:00-04:00,732.5421142578125,732.5421142578125,732.780029296875,732.4199829101562,732.4199829101562,70025
2026-06-17 11:44:00-04:00,732.639892578125,732.639892578125,732.8779907226562,732.3200073242188,732.5399780273438,47445
2026-06-17 11:46:00-04:00,732.75,732.75,733.010009765625,732.5900268554688,732.5900268554688,95313
2026-06-17 11:48:00-04:00,733.280029296875,733.280029296875,733.3200073242188,732.7000122070312,732.739990234375,470577
2026-06-17 11:50:00-04:00,733.4099731445312,733.4099731445312,733.52001953125,733.02001953125,733.3200073242188,58056
2026-06-17 11:52:00-04:00,733.0,733.0,733.4299926757812,732.9299926757812,733.4199829101562,54922
2026-06-17 11:54:00-04:00,733.0499877929688,733.0499877929688,733.239990234375,732.7899780273438,732.969970703125,1445921
2026-06-17 11:56:00-04:00,733.3724975585938,733.3724975585938,733.5454711914062,732.9349975585938,733.0499877929688,65414
2026-06-17 11:58:00-04:00,733.4299926757812,733.4299926757812,733.6254272460938,733.22998046875,733.389892578125,54048
2026-06-17 12:00:00-04:00,733.8099975585938,733.8099975585938,733.9400024414062,733.4500732421875,733.4600219726562,63623
2026-06-17 12:02:00-04:00,733.6699829101562,733.6699829101562,733.9199829101562,733.5800170898438,733.8599853515625,94523
2026-06-17 12:04:00-04:00,733.530029296875,733.530029296875,733.760009765625,733.2999877929688,733.6649780273438,86903
2026-06-17 12:06:00-04:00,733.5449829101562,733.5449829101562,733.7698974609375,733.1799926757812,733.52001953125,65738
2026-06-17 12:08:00-04:00,733.510009765625,733.510009765625,733.6298828125,733.3599853515625,733.5599975585938,37151
2026-06-17 12:10:00-04:00,732.9500122070312,732.9500122070312,733.47998046875,732.9299926757812,733.469970703125,1851576
2026-06-17 12:12:00-04:00,733.1400146484375,733.1400146484375,733.2000122070312,732.7999877929688,732.9700927734375,54577
2026-06-17 12:14:00-04:00,733.3599853515625,733.3599853515625,733.4000244140625,733.0399780273438,733.114990234375,37249
2026-06-17 12:16:00-04:00,732.989990234375,732.989990234375,733.3499755859375,732.9299926757812,733.3499755859375,407622
2026-06-17 12:18:00-04:00,733.6099853515625,733.6099853515625,733.6325073242188,733.030029296875,733.030029296875,42953
2026-06-17 12:20:00-04:00,733.5515747070312,733.5515747070312,733.75,733.3790283203125,733.6400146484375,31032
2026-06-17 12:22:00-04:00,733.7000732421875,733.7000732421875,733.8400268554688,733.47998046875,733.6300048828125,635077
2026-06-17 12:24:00-04:00,733.489990234375,733.489990234375,733.75,733.3800048828125,733.7000122070312,64063
2026-06-17 12:26:00-04:00,733.625,733.625,733.97998046875,733.510009765625,733.510009765625,49114
2026-06-17 12:28:00-04:00,733.6500244140625,733.6500244140625,733.8259887695312,733.6199951171875,733.7000122070312,57831
2026-06-17 12:30:00-04:00,733.4500122070312,733.4500122070312,733.9400024414062,733.4500122070312,733.6699829101562,49629
2026-06-17 12:32:00-04:00,733.114990234375,733.114990234375,733.5700073242188,733.114990234375,733.4299926757812,52659
2026-06-17 12:34:00-04:00,733.3900146484375,733.3900146484375,733.4500122070312,733.0800170898438,733.125,37528
2026-06-17 12:36:00-04:00,733.5700073242188,733.5700073242188,733.588623046875,733.1599731445312,733.3699951171875,55464
2026-06-17 12:38:00-04:00,733.6300048828125,733.6300048828125,733.719970703125,733.4979858398438,733.5700073242188,37528
2026-06-17 12:40:00-04:00,732.8900146484375,732.8900146484375,733.6849975585938,732.8300170898438,733.6300048828125,73668
2026-06-17 12:42:00-04:00,732.97998046875,732.97998046875,733.0800170898438,732.7100219726562,732.97998046875,40900
2026-06-17 12:44:00-04:00,732.5900268554688,732.5900268554688,733.22998046875,732.4000244140625,732.989990234375,72592
2026-06-17 12:46:00-04:00,732.5599975585938,732.5599975585938,732.760009765625,732.3699951171875,732.5999755859375,55244
2026-06-17 12:48:00-04:00,732.4400024414062,732.4400024414062,732.6500244140625,732.1699829101562,732.5750122070312,98316
2026-06-17 12:50:00-04:00,732.5399780273438,732.5399780273438,732.760009765625,732.260009765625,732.3900146484375,50069
2026-06-17 12:52:00-04:00,732.260009765625,732.260009765625,732.6300048828125,732.1500244140625,732.5145263671875,43701
2026-06-17 12:54:00-04:00,732.4600219726562,732.4600219726562,732.5999145507812,732.1799926757812,732.27001953125,38843
2026-06-17 12:56:00-04:00,732.4299926757812,732.4299926757812,732.5,732.3150024414062,732.4730224609375,22625
2026-06-17 12:58:00-04:00,732.47998046875,732.47998046875,732.5599975585938,732.2780151367188,732.469970703125,29301
2026-06-17 13:00:00-04:00,732.030029296875,732.030029296875,732.47998046875,731.969970703125,732.47998046875,76872
2026-06-17 13:02:00-04:00,731.6799926757812,731.6799926757812,732.010009765625,731.5900268554688,732.010009765625,76987
2026-06-17 13:04:00-04:00,731.6699829101562,731.6699829101562,731.77001953125,731.280029296875,731.6900024414062,78779
2026-06-17 13:06:00-04:00,731.8200073242188,731.8200073242188,732.1500244140625,731.5700073242188,731.6199951171875,45109
2026-06-17 13:08:00-04:00,731.827880859375,731.827880859375,731.8800048828125,730.510009765625,731.77001953125,247994
2026-06-17 13:10:00-04:00,731.9199829101562,731.9199829101562,732.1799926757812,731.7750244140625,731.8200073242188,86735
2026-06-17 13:12:00-04:00,731.864990234375,731.864990234375,732.0499877929688,731.75,731.9199829101562,52127
2026-06-17 13:14:00-04:00,731.239990234375,731.239990234375,732.030029296875,731.22998046875,731.7899780273438,62533
2026-06-17 13:16:00-04:00,731.6300048828125,731.6300048828125,731.6400146484375,731.1849975585938,731.239990234375,64657
2026-06-17 13:18:00-04:00,732.02001953125,732.02001953125,732.0349731445312,731.469970703125,731.6649780273438,102265
2026-06-17 13:20:00-04:00,732.1599731445312,732.1599731445312,732.2498779296875,731.739990234375,732.010009765625,57175
2026-06-17 13:22:00-04:00,732.3900146484375,732.3900146484375,732.6699829101562,732.219970703125,732.22998046875,110129
2026-06-17 13:24:00-04:00,732.47998046875,732.47998046875,732.510009765625,732.27001953125,732.385009765625,44284
2026-06-17 13:26:00-04:00,732.8099975585938,732.8099975585938,732.9400024414062,732.3200073242188,732.489990234375,118090
2026-06-17 13:28:00-04:00,732.7800903320312,732.7800903320312,732.9296264648438,732.5800170898438,732.7899780273438,64611
2026-06-17 13:30:00-04:00,732.1749877929688,732.1749877929688,732.75,732.0750122070312,732.75,51851
2026-06-17 13:32:00-04:00,732.4199829101562,732.4199829101562,732.4500122070312,732.030029296875,732.239990234375,46820
2026-06-17 13:34:00-04:00,732.1567993164062,732.1567993164062,732.4000244140625,731.9450073242188,732.4000244140625,45108
2026-06-17 13:36:00-04:00,732.4949951171875,732.4949951171875,732.739990234375,732.1201171875,732.1500244140625,73626
2026-06-17 13:38:00-04:00,732.7100219726562,732.7100219726562,732.8900146484375,732.4299926757812,732.47998046875,124178
2026-06-17 13:40:00-04:00,732.6799926757812,732.6799926757812,732.75,732.530029296875,732.739990234375,62207
2026-06-17 13:42:00-04:00,732.2100219726562,732.2100219726562,732.7507934570312,732.1904907226562,732.6599731445312,87901
2026-06-17 13:44:00-04:00,732.3350219726562,732.3350219726562,732.3599853515625,732.1699829101562,732.2000122070312,52187
2026-06-17 13:46:00-04:00,732.1489868164062,732.1489868164062,732.4000244140625,732.030029296875,732.3300170898438,767387
2026-06-17 13:48:00-04:00,732.7000122070312,732.7000122070312,732.7899780273438,732.1300048828125,732.1950073242188,75067
2026-06-17 13:50:00-04:00,733.1110229492188,733.1110229492188,733.1500244140625,732.3900146484375,732.6799926757812,78758
2026-06-17 13:52:00-04:00,733.8099975585938,733.8099975585938,733.8300170898438,733.0999755859375,733.0999755859375,71014
2026-06-17 13:54:00-04:00,733.2899780273438,733.2899780273438,733.8400268554688,733.2899780273438,733.7999877929688,87397
2026-06-17 13:56:00-04:00,733.4500122070312,733.4500122070312,733.6599731445312,733.1950073242188,733.3250122070312,60820
2026-06-17 13:58:00-04:00,734.0675048828125,734.0675048828125,734.1099853515625,733.4199829101562,733.47998046875,113620
2026-06-17 14:00:00-04:00,730.6900024414062,730.6900024414062,734.2100219726562,729.9025268554688,734.0599975585938,629479
2026-06-17 14:02:00-04:00,728.4432983398438,728.4432983398438,730.8699951171875,727.760009765625,730.6300048828125,522448
2026-06-17 14:04:00-04:00,724.6500244140625,724.6500244140625,728.5499877929688,724.5385131835938,728.3300170898438,568536
2026-06-17 14:06:00-04:00,727.0050048828125,727.0050048828125,727.6300048828125,724.530029296875,724.5399780273438,715322
2026-06-17 14:08:00-04:00,729.0399780273438,729.0399780273438,729.3499755859375,727.02001953125,727.02001953125,661199
2026-06-17 14:10:00-04:00,729.375,729.375,729.8400268554688,728.52001953125,729.0499877929688,526021
2026-06-17 14:12:00-04:00,728.6500244140625,728.6500244140625,729.9199829101562,728.5449829101562,729.3699951171875,270418
2026-06-17 14:14:00-04:00,730.77001953125,730.77001953125,730.9299926757812,728.1500244140625,728.719970703125,256100
2026-06-17 14:16:00-04:00,729.97998046875,729.97998046875,730.9398803710938,729.72998046875,730.760009765625,239071
2026-06-17 14:18:00-04:00,730.6699829101562,730.6699829101562,731.0850219726562,730.0499877929688,730.1099853515625,190486
2026-06-17 14:20:00-04:00,729.9099731445312,729.9099731445312,730.7899780273438,729.4500122070312,730.6699829101562,292005
2026-06-17 14:22:00-04:00,729.2506713867188,729.2506713867188,730.010009765625,729.0399780273438,729.8599853515625,117878
2026-06-17 14:24:00-04:00,727.8699951171875,727.8699951171875,729.22998046875,727.530029296875,729.2100219726562,212634
2026-06-17 14:26:00-04:00,727.614990234375,727.614990234375,728.5700073242188,727.2000122070312,727.97998046875,231917
2026-06-17 14:28:00-04:00,728.6895141601562,728.6895141601562,729.1099853515625,727.5999755859375,727.6199951171875,242972
2026-06-17 14:30:00-04:00,730.3599853515625,730.3599853515625,730.3599853515625,728.1199951171875,728.6799926757812,322585
2026-06-17 14:32:00-04:00,728.8900146484375,728.8900146484375,731.0599975585938,727.7999877929688,730.3300170898438,792768
2026-06-17 14:34:00-04:00,729.0,729.0,729.6799926757812,728.1599731445312,728.7899780273438,248574
2026-06-17 14:36:00-04:00,730.4099731445312,730.4099731445312,731.02001953125,729.0050048828125,729.0050048828125,356782
2026-06-17 14:38:00-04:00,731.6500244140625,731.6500244140625,732.4000244140625,730.3599853515625,730.4099731445312,398230
2026-06-17 14:40:00-04:00,732.6599731445312,732.6599731445312,733.1400146484375,731.5599975585938,731.5599975585938,418021
2026-06-17 14:42:00-04:00,734.655029296875,734.655029296875,734.72998046875,732.3599853515625,732.6400146484375,322084
2026-06-17 14:44:00-04:00,734.1300048828125,734.1300048828125,735.3800048828125,733.8699951171875,734.6300048828125,550750
2026-06-17 14:46:00-04:00,734.5999755859375,734.5999755859375,734.7100219726562,733.135009765625,734.1300048828125,352565
2026-06-17 14:48:00-04:00,733.7100219726562,733.7100219726562,734.5999755859375,733.2999877929688,734.5999755859375,130867
2026-06-17 14:50:00-04:00,733.3099975585938,733.3099975585938,733.75,732.9000244140625,733.7000122070312,193009
2026-06-17 14:52:00-04:00,732.7100219726562,732.7100219726562,734.3399047851562,732.7100219726562,733.2902221679688,222155
2026-06-17 14:54:00-04:00,731.5599975585938,731.5599975585938,733.5,731.5,732.7100219726562,252976
2026-06-17 14:56:00-04:00,729.969970703125,729.969970703125,731.8800048828125,729.280029296875,731.6300048828125,351811
2026-06-17 14:58:00-04:00,729.4199829101562,729.4199829101562,730.3699951171875,728.0800170898438,729.97998046875,474742
2026-06-17 15:00:00-04:00,729.5999755859375,729.5999755859375,730.7098999023438,729.1900024414062,729.4299926757812,351515
2026-06-17 15:02:00-04:00,730.1199951171875,730.1199951171875,731.4199829101562,728.9600219726562,729.8099975585938,275386
2026-06-17 15:04:00-04:00,730.0599975585938,730.0599975585938,730.530029296875,729.4099731445312,730.1699829101562,168540
2026-06-17 15:06:00-04:00,730.0347290039062,730.0347290039062,730.9299926757812,729.760009765625,729.8900146484375,571655
2026-06-17 15:08:00-04:00,729.7586059570312,729.7586059570312,730.9799194335938,729.52001953125,730.1400146484375,167559
2026-06-17 15:10:00-04:00,727.9000244140625,727.9000244140625,729.8800048828125,727.7000122070312,729.8200073242188,241267
2026-06-17 15:12:00-04:00,731.639404296875,731.639404296875,731.760009765625,727.6599731445312,727.8800048828125,371179
2026-06-17 15:14:00-04:00,730.4550170898438,730.4550170898438,731.5,730.1900024414062,731.5,306166
2026-06-17 15:16:00-04:00,728.81787109375,728.81787109375,730.719970703125,728.81787109375,730.510009765625,161533
2026-06-17 15:18:00-04:00,728.0800170898438,728.0800170898438,729.0800170898438,728.0,728.8400268554688,205550
2026-06-17 15:20:00-04:00,726.0399780273438,726.0399780273438,728.0800170898438,725.5,728.0800170898438,304895
2026-06-17 15:22:00-04:00,726.260009765625,726.260009765625,727.4000244140625,725.469970703125,726.0900268554688,392647
2026-06-17 15:24:00-04:00,726.7349853515625,726.7349853515625,726.9299926757812,725.2000122070312,726.280029296875,386853
2026-06-17 15:26:00-04:00,726.594970703125,726.594970703125,727.5999755859375,726.3900146484375,726.8300170898438,330144
2026-06-17 15:28:00-04:00,725.8499755859375,725.8499755859375,727.22998046875,725.4000244140625,726.5700073242188,267329
2026-06-17 15:30:00-04:00,725.4600219726562,725.4600219726562,726.6799926757812,724.9099731445312,725.8300170898438,321839
2026-06-17 15:32:00-04:00,724.5449829101562,724.5449829101562,725.5599975585938,724.239990234375,725.4600219726562,340990
2026-06-17 15:34:00-04:00,724.4299926757812,724.4299926757812,725.1898803710938,724.030029296875,724.6099853515625,376749
2026-06-17 15:36:00-04:00,724.6900024414062,724.6900024414062,725.6994018554688,724.344970703125,724.4199829101562,313127
2026-06-17 15:38:00-04:00,721.8049926757812,721.8049926757812,724.8400268554688,721.1900024414062,724.719970703125,622852
2026-06-17 15:40:00-04:00,721.3699951171875,721.3699951171875,722.25,721.219970703125,721.8200073242188,633355
2026-06-17 15:42:00-04:00,722.0394897460938,722.0394897460938,722.4600219726562,721.1199951171875,721.3800048828125,458602
2026-06-17 15:44:00-04:00,721.8499755859375,721.8499755859375,722.8499755859375,721.1699829101562,722.0499877929688,413141
2026-06-17 15:46:00-04:00,723.1300048828125,723.1300048828125,723.4199829101562,721.4299926757812,721.7916870117188,350056
2026-06-17 15:48:00-04:00,723.135009765625,723.135009765625,724.094970703125,722.655029296875,723.2100219726562,435144
2026-06-17 15:50:00-04:00,721.3200073242188,721.3200073242188,723.127197265625,720.9000244140625,723.0700073242188,737498
2026-06-17 15:52:00-04:00,721.4600219726562,721.4600219726562,722.2299194335938,720.8499755859375,721.2999877929688,365540
2026-06-17 15:54:00-04:00,723.3300170898438,723.3300170898438,723.780029296875,721.2999877929688,721.4500122070312,574669
2026-06-17 15:56:00-04:00,722.530029296875,722.530029296875,723.3400268554688,722.0599975585938,723.3400268554688,470956
2026-06-17 15:58:00-04:00,722.4000244140625,722.4000244140625,723.030029296875,722.1799926757812,722.530029296875,1087364
2026-06-18 09:30:00-04:00,736.5700073242188,736.5700073242188,737.6400146484375,735.9600219726562,737.0999755859375,3194145
2026-06-18 09:32:00-04:00,736.0449829101562,736.0449829101562,736.969482421875,735.981201171875,736.6400146484375,513576
2026-06-18 09:34:00-04:00,734.1599731445312,734.1599731445312,736.4199829101562,733.9500122070312,736.0700073242188,509521
2026-06-18 09:36:00-04:00,733.6624755859375,733.6624755859375,734.4400024414062,732.8099975585938,734.2000122070312,633596
2026-06-18 09:38:00-04:00,733.8599853515625,733.8599853515625,734.1199951171875,733.0399780273438,733.6400146484375,416754
2026-06-18 09:40:00-04:00,733.8900146484375,733.8900146484375,734.6691284179688,732.9199829101562,733.9000244140625,359664
2026-06-18 09:42:00-04:00,733.3599853515625,733.3599853515625,734.5800170898438,733.1599731445312,733.8599853515625,240770
2026-06-18 09:44:00-04:00,734.0150146484375,734.0150146484375,734.3400268554688,732.530029296875,733.375,605078
2026-06-18 09:46:00-04:00,733.5,733.5,734.3499755859375,733.2249755859375,734.0299072265625,251902
2026-06-18 09:48:00-04:00,734.94140625,734.94140625,735.0999755859375,733.4099731445312,733.530029296875,273355
2026-06-18 09:50:00-04:00,735.260009765625,735.260009765625,735.3125,734.2000122070312,734.9400024414062,303561
2026-06-18 09:52:00-04:00,735.594970703125,735.594970703125,735.989990234375,735.010009765625,735.2000122070312,217493
2026-06-18 09:54:00-04:00,734.0499877929688,734.0499877929688,735.6699829101562,733.5999755859375,735.5499877929688,297268
2026-06-18 09:56:00-04:00,733.0900268554688,733.0900268554688,734.4400024414062,733.0518798828125,734.02001953125,224669
2026-06-18 09:58:00-04:00,734.2050170898438,734.2050170898438,734.3099975585938,732.7999877929688,733.1699829101562,196592
2026-06-18 10:00:00-04:00,734.6099853515625,734.6099853515625,735.25,733.8699951171875,734.3900146484375,280948
2026-06-18 10:02:00-04:00,735.5213012695312,735.5213012695312,735.77001953125,734.6500244140625,734.6799926757812,272542
2026-06-18 10:04:00-04:00,735.510009765625,735.510009765625,735.7999877929688,735.2100219726562,735.510009765625,174468
2026-06-18 10:06:00-04:00,736.760009765625,736.760009765625,736.89501953125,735.52001953125,735.52001953125,268764
2026-06-18 10:08:00-04:00,736.5601196289062,736.5601196289062,737.2349853515625,736.2000122070312,736.72998046875,257275
2026-06-18 10:10:00-04:00,736.469970703125,736.469970703125,736.739013671875,735.8599853515625,736.5999755859375,185317
2026-06-18 10:12:00-04:00,735.9450073242188,735.9450073242188,736.739990234375,735.8828125,736.3800048828125,184003
2026-06-18 10:14:00-04:00,735.6199951171875,735.6199951171875,736.030029296875,735.0999755859375,735.8900146484375,268657
2026-06-18 10:16:00-04:00,737.3800048828125,737.3800048828125,737.489990234375,735.6500244140625,735.7098999023438,208724
2026-06-18 10:18:00-04:00,737.3812255859375,737.3812255859375,737.77001953125,737.1500244140625,737.27001953125,335122
2026-06-18 10:20:00-04:00,737.1400146484375,737.1400146484375,737.5800170898438,736.75,737.4199829101562,214373
2026-06-18 10:22:00-04:00,738.1099853515625,738.1099853515625,738.1500244140625,736.5999755859375,737.1199951171875,262763
2026-06-18 10:24:00-04:00,738.0098876953125,738.0098876953125,738.4196166992188,737.52001953125,738.0999755859375,317359
2026-06-18 10:26:00-04:00,736.1400146484375,736.1400146484375,738.0650024414062,736.0936279296875,738.0283813476562,196161
2026-06-18 10:28:00-04:00,735.52001953125,735.52001953125,736.2449951171875,735.1400146484375,736.1799926757812,174264
2026-06-18 10:30:00-04:00,735.4149780273438,735.4149780273438,735.5999755859375,734.2000122070312,735.489990234375,361303
2026-06-18 10:32:00-04:00,735.3699951171875,735.3699951171875,735.6500244140625,734.5750122070312,735.5,133197
2026-06-18 10:34:00-04:00,735.885009765625,735.885009765625,736.1900024414062,735.27001953125,735.3699951171875,155939
2026-06-18 10:36:00-04:00,737.2299194335938,737.2299194335938,737.2899169921875,735.6500244140625,735.8200073242188,163649
2026-06-18 10:38:00-04:00,737.3499755859375,737.3499755859375,737.5800170898438,736.8800048828125,737.2000122070312,146767
2026-06-18 10:40:00-04:00,736.5549926757812,736.5549926757812,737.6199951171875,736.4600219726562,737.3699951171875,143254
2026-06-18 10:42:00-04:00,736.6500244140625,736.6500244140625,736.9199829101562,736.219970703125,736.510009765625,399741
2026-06-18 10:44:00-04:00,737.1500244140625,737.1500244140625,737.3099975585938,736.6799926757812,736.75,72199
2026-06-18 10:46:00-04:00,738.1300048828125,738.1300048828125,738.3499755859375,737.1900024414062,737.2100219726562,190520
2026-06-18 10:48:00-04:00,738.4500122070312,738.4500122070312,738.7999877929688,738.0800170898438,738.1199951171875,549317
2026-06-18 10:50:00-04:00,737.6500854492188,737.6500854492188,738.4799194335938,737.4600219726562,738.4500122070312,191943
2026-06-18 10:52:00-04:00,737.44482421875,737.44482421875,738.10498046875,737.2301025390625,737.72998046875,114235
2026-06-18 10:54:00-04:00,737.9299926757812,737.9299926757812,738.1900024414062,737.4400024414062,737.4400024414062,98738
2026-06-18 10:56:00-04:00,737.9400024414062,737.9400024414062,738.1099853515625,737.4299926757812,737.9199829101562,311783
2026-06-18 10:58:00-04:00,737.9199829101562,737.9199829101562,738.5599975585938,737.8400268554688,737.9000244140625,102594
2026-06-18 11:00:00-04:00,737.780029296875,737.780029296875,738.1599731445312,737.1199951171875,737.9000244140625,335223
2026-06-18 11:02:00-04:00,737.5700073242188,737.5700073242188,737.8200073242188,737.0300903320312,737.7899780273438,160810
2026-06-18 11:04:00-04:00,737.875,737.875,738.0900268554688,737.5399780273438,737.5499877929688,296275
2026-06-18 11:06:00-04:00,738.1699829101562,738.1699829101562,738.3400268554688,737.6099853515625,737.8300170898438,98255
2026-06-18 11:08:00-04:00,738.2650146484375,738.2650146484375,738.530029296875,738.10498046875,738.1900024414062,88253
2026-06-18 11:10:00-04:00,738.8699951171875,738.8699951171875,739.1400146484375,738.1099853515625,738.25,124155
2026-06-18 11:12:00-04:00,738.8699951171875,738.8699951171875,738.9196166992188,738.52001953125,738.8699951171875,132711
2026-06-18 11:14:00-04:00,738.3400268554688,738.3400268554688,738.969970703125,737.739990234375,738.889892578125,157875
2026-06-18 11:16:00-04:00,737.7501220703125,737.7501220703125,738.4600219726562,737.6950073242188,738.27001953125,90926
2026-06-18 11:18:00-04:00,737.5599975585938,737.5599975585938,738.2000122070312,737.280029296875,737.760009765625,104283
2026-06-18 11:20:00-04:00,737.72998046875,737.72998046875,738.1199951171875,737.469970703125,737.5800170898438,135658
2026-06-18 11:22:00-04:00,737.5399780273438,737.5399780273438,737.7999877929688,736.9500122070312,737.72998046875,175119
2026-06-18 11:24:00-04:00,737.405029296875,737.405029296875,737.75,737.0800170898438,737.4199829101562,114572
2026-06-18 11:26:00-04:00,737.989990234375,737.989990234375,738.0499877929688,737.22998046875,737.408203125,90721
2026-06-18 11:28:00-04:00,736.9799194335938,736.9799194335938,737.9799194335938,736.6500244140625,737.95947265625,124334
2026-06-18 11:30:00-04:00,737.25,737.25,737.719970703125,736.760009765625,736.97998046875,143140
2026-06-18 11:32:00-04:00,736.7899780273438,736.7899780273438,737.25,736.5499877929688,737.2000122070312,148946
2026-06-18 11:34:00-04:00,736.6199951171875,736.6199951171875,737.52001953125,736.530029296875,736.8599853515625,104875
2026-06-18 11:36:00-04:00,736.0399780273438,736.0399780273438,736.72998046875,735.6599731445312,736.6099853515625,171795
2026-06-18 11:38:00-04:00,735.989990234375,735.989990234375,736.2999877929688,734.989990234375,736.0999755859375,193091
2026-06-18 11:40:00-04:00,736.280029296875,736.280029296875,736.7899780273438,735.4000244140625,735.9600219726562,238151
2026-06-18 11:42:00-04:00,736.0499877929688,736.0499877929688,736.72998046875,735.760009765625,736.280029296875,107237
2026-06-18 11:44:00-04:00,735.5180053710938,735.5180053710938,736.1799926757812,735.1099853515625,736.010009765625,4014179
2026-06-18 11:46:00-04:00,735.889892578125,735.889892578125,735.9400024414062,734.9500122070312,735.5800170898438,135650
2026-06-18 11:48:00-04:00,736.2100219726562,736.2100219726562,736.469970703125,735.5700073242188,735.844970703125,95893
2026-06-18 11:50:00-04:00,736.8798828125,736.8798828125,737.1099853515625,736.2100219726562,736.239990234375,121956
2026-06-18 11:52:00-04:00,737.760009765625,737.760009765625,737.968994140625,736.8001098632812,736.8001098632812,138847
2026-06-18 11:54:00-04:00,737.969970703125,737.969970703125,738.010009765625,737.2999877929688,737.7100219726562,112826
2026-06-18 11:56:00-04:00,738.1900024414062,738.1900024414062,738.243896484375,737.8200073242188,737.9749755859375,112407
2026-06-18 11:58:00-04:00,738.2999877929688,738.2999877929688,738.5499877929688,738.0809936523438,738.1500244140625,121063
2026-06-18 12:00:00-04:00,738.239990234375,738.239990234375,738.8800048828125,738.2100219726562,738.280029296875,148328
2026-06-18 12:02:00-04:00,738.27001953125,738.27001953125,738.5,738.0599975585938,738.27001953125,120266
2026-06-18 12:04:00-04:00,738.6400146484375,738.6400146484375,738.7285766601562,737.97998046875,738.2999877929688,268591
2026-06-18 12:06:00-04:00,738.6199951171875,738.6199951171875,739.02001953125,738.2100219726562,738.6199951171875,128292
2026-06-18 12:08:00-04:00,738.510009765625,738.510009765625,738.7650146484375,738.22998046875,738.5900268554688,64153
2026-06-18 12:10:00-04:00,738.6500244140625,738.6500244140625,738.780029296875,738.22998046875,738.5,55661
2026-06-18 12:12:00-04:00,738.6500244140625,738.6500244140625,738.760009765625,738.2999877929688,738.639892578125,79501
2026-06-18 12:14:00-04:00,738.22998046875,738.22998046875,738.6900024414062,738.1199951171875,738.64501953125,126524
2026-06-18 12:16:00-04:00,738.4600219726562,738.4600219726562,738.5549926757812,738.0,738.1799926757812,110246
2026-06-18 12:18:00-04:00,738.5499877929688,738.5499877929688,738.5800170898438,738.10498046875,738.469970703125,77968
2026-06-18 12:20:00-04:00,739.3399047851562,739.3399047851562,739.3699951171875,738.5499877929688,738.5499877929688,151231
2026-06-18 12:22:00-04:00,739.25,739.25,739.4699096679688,738.97998046875,739.3264770507812,118464
2026-06-18 12:24:00-04:00,738.9099731445312,738.9099731445312,739.4000244140625,738.719970703125,739.2349853515625,121175
2026-06-18 12:26:00-04:00,739.135009765625,739.135009765625,739.3900146484375,738.9550170898438,739.0050048828125,82767
2026-06-18 12:28:00-04:00,739.260009765625,739.260009765625,739.260009765625,738.97998046875,739.1099853515625,130287
2026-06-18 12:30:00-04:00,739.0599975585938,739.0599975585938,739.3400268554688,738.8200073242188,739.280029296875,107659
2026-06-18 12:32:00-04:00,738.9926147460938,738.9926147460938,739.1699829101562,738.9299926757812,739.0800170898438,53590
2026-06-18 12:34:00-04:00,738.9799194335938,738.9799194335938,739.364990234375,738.8300170898438,739.010009765625,78152
2026-06-18 12:36:00-04:00,739.469970703125,739.469970703125,739.5679931640625,738.7999877929688,738.969970703125,94016
2026-06-18 12:38:00-04:00,739.5800170898438,739.5800170898438,739.8400268554688,739.3900146484375,739.4099731445312,141061
2026-06-18 12:40:00-04:00,739.6799926757812,739.6799926757812,739.75,739.330078125,739.6099853515625,87341
2026-06-18 12:42:00-04:00,739.6199951171875,739.6199951171875,739.8499755859375,739.5,739.6900024414062,77869
2026-06-18 12:44:00-04:00,739.530029296875,739.530029296875,739.75,739.27001953125,739.6199951171875,136403
2026-06-18 12:46:00-04:00,739.3800048828125,739.3800048828125,739.5599975585938,739.1900024414062,739.5319213867188,88088
2026-06-18 12:48:00-04:00,739.4000244140625,739.4000244140625,739.5999755859375,739.3599853515625,739.3900146484375,152620
2026-06-18 12:50:00-04:00,738.9000244140625,738.9000244140625,739.4400024414062,738.8599853515625,739.4400024414062,110228
2026-06-18 12:52:00-04:00,738.9799194335938,738.9799194335938,739.280029296875,738.8300170898438,738.9000244140625,82640
2026-06-18 12:54:00-04:00,738.6199951171875,738.6199951171875,739.010009765625,738.5900268554688,738.9749755859375,105225
2026-06-18 12:56:00-04:00,739.0900268554688,739.0900268554688,739.1900024414062,738.5399780273438,738.6799926757812,85625
2026-06-18 12:58:00-04:00,739.3350219726562,739.3350219726562,739.3350219726562,738.9199829101562,739.0700073242188,83290
2026-06-18 13:00:00-04:00,738.8524169921875,738.8524169921875,739.4099731445312,738.6699829101562,739.3499755859375,90209
2026-06-18 13:02:00-04:00,739.25,739.25,739.5549926757812,738.85498046875,738.8599853515625,109241
2026-06-18 13:04:00-04:00,740.0,740.0,740.239990234375,739.219970703125,739.219970703125,159708
2026-06-18 13:06:00-04:00,739.8300170898438,739.8300170898438,740.0750122070312,739.6900024414062,740.010009765625,58376
2026-06-18 13:08:00-04:00,739.8599853515625,739.8599853515625,740.0999755859375,739.719970703125,739.8300170898438,261585
2026-06-18 13:10:00-04:00,739.9749755859375,739.9749755859375,740.030029296875,739.6699829101562,739.85498046875,51943
2026-06-18 13:12:00-04:00,740.030029296875,740.030029296875,740.1849975585938,739.8300170898438,739.9849853515625,87111
2026-06-18 13:14:00-04:00,740.0800170898438,740.0800170898438,740.1199951171875,739.8099975585938,740.0198974609375,87306
2026-06-18 13:16:00-04:00,740.389892578125,740.389892578125,740.5488891601562,740.0150146484375,740.0800170898438,101123
2026-06-18 13:18:00-04:00,740.3499755859375,740.3499755859375,740.4600219726562,740.2800903320312,740.3900146484375,75925
2026-06-18 13:20:00-04:00,740.2550048828125,740.2550048828125,740.5399780273438,740.219970703125,740.3599853515625,218779
2026-06-18 13:22:00-04:00,740.27001953125,740.27001953125,740.3986206054688,740.0800170898438,740.27001953125,80966
2026-06-18 13:24:00-04:00,739.75,739.75,740.3099975585938,739.739990234375,740.239990234375,158667
2026-06-18 13:26:00-04:00,739.8001098632812,739.8001098632812,739.9400024414062,739.5900268554688,739.75,161721
2026-06-18 13:28:00-04:00,739.99951171875,739.99951171875,740.0,739.7000122070312,739.8300170898438,37055
2026-06-18 13:30:00-04:00,740.4199829101562,740.4199829101562,740.5499877929688,739.989990234375,739.989990234375,76119
2026-06-18 13:32:00-04:00,740.280029296875,740.280029296875,740.4699096679688,740.1900024414062,740.3900146484375,38208
2026-06-18 13:34:00-04:00,740.344970703125,740.344970703125,740.6199951171875,740.2449951171875,740.27001953125,54207
2026-06-18 13:36:00-04:00,740.1799926757812,740.1799926757812,740.3900146484375,740.1400146484375,740.3900146484375,37190
2026-06-18 13:38:00-04:00,740.0838012695312,740.0838012695312,740.3300170898438,740.030029296875,740.2100219726562,41700
2026-06-18 13:40:00-04:00,740.2100219726562,740.2100219726562,740.27001953125,739.969970703125,740.0800170898438,68162
2026-06-18 13:42:00-04:00,740.2449951171875,740.2449951171875,740.4000244140625,740.1400146484375,740.218017578125,51774
2026-06-18 13:44:00-04:00,740.47998046875,740.47998046875,740.5250244140625,740.27490234375,740.2899780273438,163416
2026-06-18 13:46:00-04:00,740.3646240234375,740.3646240234375,740.47998046875,740.1500244140625,740.47998046875,245707
2026-06-18 13:48:00-04:00,740.2899780273438,740.2899780273438,740.4299926757812,740.1849975585938,740.3800048828125,277040
2026-06-18 13:50:00-04:00,740.1500244140625,740.1500244140625,740.3499755859375,740.1500244140625,740.3099975585938,46459
2026-06-18 13:52:00-04:00,740.4099731445312,740.4099731445312,740.530029296875,740.1475219726562,740.1475219726562,67595
2026-06-18 13:54:00-04:00,739.9299926757812,739.9299926757812,740.5800170898438,739.9299926757812,740.4500122070312,98077
2026-06-18 13:56:00-04:00,740.02001953125,740.02001953125,740.1599731445312,739.9099731445312,739.9400024414062,39253
2026-06-18 13:58:00-04:00,739.9149780273438,739.9149780273438,740.1400146484375,739.8200073242188,740.0800170898438,172661
2026-06-18 14:00:00-04:00,739.9349975585938,739.9349975585938,740.1400146484375,739.72998046875,739.9600219726562,183492
2026-06-18 14:02:00-04:00,739.6699829101562,739.6699829101562,740.1099853515625,739.5700073242188,739.8800048828125,70860
2026-06-18 14:04:00-04:00,739.9600830078125,739.9600830078125,740.1199951171875,739.6099853515625,739.6699829101562,209234
2026-06-18 14:06:00-04:00,739.8150024414062,739.8150024414062,739.9349975585938,739.6500244140625,739.9349975585938,13093
2026-06-18 14:08:00-04:00,739.8400268554688,739.8400268554688,740.1400146484375,739.763427734375,739.8200073242188,52362
2026-06-18 14:10:00-04:00,740.0599975585938,740.0599975585938,740.219970703125,739.72998046875,739.7949829101562,174110
2026-06-18 14:12:00-04:00,739.8200073242188,739.8200073242188,740.1199951171875,739.77001953125,740.0599975585938,63761
2026-06-18 14:14:00-04:00,739.510009765625,739.510009765625,739.969970703125,739.4500122070312,739.8200073242188,61100
2026-06-18 14:16:00-04:00,739.4600219726562,739.4600219726562,739.6199951171875,739.3099975585938,739.5,177665
2026-06-18 14:18:00-04:00,739.489990234375,739.489990234375,739.72998046875,739.3037109375,739.4450073242188,66076
2026-06-18 14:20:00-04:00,739.6699829101562,739.6699829101562,739.7340087890625,739.3201904296875,739.5,58418
2026-06-18 14:22:00-04:00,739.760009765625,739.760009765625,739.989990234375,739.635009765625,739.6649780273438,50093
2026-06-18 14:24:00-04:00,739.69091796875,739.69091796875,739.89990234375,739.5050048828125,739.780029296875,77312
2026-06-18 14:26:00-04:00,739.8895874023438,739.8895874023438,739.9199829101562,739.5700073242188,739.7166748046875,46338
2026-06-18 14:28:00-04:00,739.5900268554688,739.5900268554688,739.909912109375,739.5399780273438,739.8800048828125,43712
2026-06-18 14:30:00-04:00,739.4249877929688,739.4249877929688,739.6099853515625,739.239990234375,739.5999755859375,50637
2026-06-18 14:32:00-04:00,739.2000122070312,739.2000122070312,739.4935913085938,739.0599975585938,739.4199829101562,60877
2026-06-18 14:34:00-04:00,739.280029296875,739.280029296875,739.4500122070312,739.0399780273438,739.1900024414062,54227
2026-06-18 14:36:00-04:00,739.030029296875,739.030029296875,739.3400268554688,738.9801025390625,739.2349853515625,139683
2026-06-18 14:38:00-04:00,739.030029296875,739.030029296875,739.22998046875,738.9110107421875,739.0499877929688,314305
2026-06-18 14:40:00-04:00,739.1798095703125,739.1798095703125,739.2819213867188,738.9500122070312,739.02001953125,40295
2026-06-18 14:42:00-04:00,739.1500244140625,739.1500244140625,739.3499755859375,739.1099853515625,739.1900024414062,75502
2026-06-18 14:44:00-04:00,739.25,739.25,739.3098754882812,739.0499877929688,739.1400146484375,60294
2026-06-18 14:46:00-04:00,739.4199829101562,739.4199829101562,739.4990234375,739.2249755859375,739.27001953125,85147
2026-06-18 14:48:00-04:00,739.77001953125,739.77001953125,739.7899780273438,739.4000244140625,739.4199829101562,258042
2026-06-18 14:50:00-04:00,739.625,739.625,739.8099975585938,739.489990234375,739.7999877929688,63004
2026-06-18 14:52:00-04:00,740.010009765625,740.010009765625,740.1400146484375,739.6400146484375,739.6400146484375,83009
2026-06-18 14:54:00-04:00,739.919921875,739.919921875,740.030029296875,739.7449951171875,740.0,63004
2026-06-18 14:56:00-04:00,739.2899780273438,739.2899780273438,739.9000244140625,739.22998046875,739.9000244140625,123206
2026-06-18 14:58:00-04:00,739.4749755859375,739.4749755859375,739.6799926757812,739.2899780273438,739.2999877929688,66178
2026-06-18 15:00:00-04:00,739.1300048828125,739.1300048828125,739.739990234375,739.1300048828125,739.47998046875,90180
2026-06-18 15:02:00-04:00,739.0549926757812,739.0549926757812,739.25,738.75,739.1220092773438,330985
2026-06-18 15:04:00-04:00,739.0250244140625,739.0250244140625,739.2799072265625,738.9000854492188,739.0499877929688,73409
2026-06-18 15:06:00-04:00,739.080078125,739.080078125,739.219970703125,738.9400024414062,739.02001953125,210392
2026-06-18 15:08:00-04:00,739.0700073242188,739.0700073242188,739.3300170898438,739.0,739.1099853515625,209190
2026-06-18 15:10:00-04:00,738.5900268554688,738.5900268554688,739.0800170898438,738.4600219726562,739.0700073242188,285568
2026-06-18 15:12:00-04:00,738.5999755859375,738.5999755859375,738.760009765625,738.4299926757812,738.52099609375,141692
2026-06-18 15:14:00-04:00,738.7100219726562,738.7100219726562,738.9650268554688,738.469970703125,738.6270141601562,112729
2026-06-18 15:16:00-04:00,738.9099731445312,738.9099731445312,739.010009765625,738.6300048828125,738.6900024414062,334010
2026-06-18 15:18:00-04:00,739.2899780273438,739.2899780273438,739.3400268554688,738.6279907226562,738.8800048828125,255535
2026-06-18 15:20:00-04:00,739.22998046875,739.22998046875,739.4099731445312,739.1699829101562,739.2899780273438,76798
2026-06-18 15:22:00-04:00,739.3900146484375,739.3900146484375,739.6450805664062,739.1400146484375,739.2349853515625,106606
2026-06-18 15:24:00-04:00,739.3300170898438,739.3300170898438,739.4500122070312,739.1300048828125,739.3599853515625,200960
2026-06-18 15:26:00-04:00,739.4550170898438,739.4550170898438,739.6701049804688,739.3400268554688,739.3400268554688,153868
2026-06-18 15:28:00-04:00,739.47998046875,739.47998046875,739.6900024414062,739.3800048828125,739.4080200195312,270912
2026-06-18 15:30:00-04:00,739.1400146484375,739.1400146484375,739.52001953125,738.9149780273438,739.4400024414062,622271
2026-06-18 15:32:00-04:00,739.4349975585938,739.4349975585938,739.4400024414062,738.75,739.0999755859375,139824
2026-06-18 15:34:00-04:00,739.6699829101562,739.6699829101562,739.72998046875,739.1799926757812,739.3101196289062,99450
2026-06-18 15:36:00-04:00,739.7899780273438,739.7899780273438,739.8900146484375,739.5900268554688,739.6950073242188,88559
2026-06-18 15:38:00-04:00,740.27001953125,740.27001953125,740.27001953125,739.6799926757812,739.7899780273438,111506
2026-06-18 15:40:00-04:00,740.4146118164062,740.4146118164062,740.4163208007812,740.0700073242188,740.27001953125,160885
2026-06-18 15:42:00-04:00,740.5900268554688,740.5900268554688,740.6199951171875,740.3499755859375,740.3900146484375,178229
2026-06-18 15:44:00-04:00,741.3300170898438,741.3300170898438,741.3499755859375,740.5999755859375,740.5999755859375,253431
2026-06-18 15:46:00-04:00,741.5599975585938,741.5599975585938,741.7899780273438,741.2899780273438,741.3200073242188,614890
2026-06-18 15:48:00-04:00,741.3099975585938,741.3099975585938,741.6400146484375,741.2000122070312,741.5700073242188,343197
2026-06-18 15:50:00-04:00,740.9600219726562,740.9600219726562,741.6400146484375,740.1400146484375,741.3900146484375,513237
2026-06-18 15:52:00-04:00,740.8400268554688,740.8400268554688,741.27001953125,740.5800170898438,740.9299926757812,288301
2026-06-18 15:54:00-04:00,740.9500122070312,740.9500122070312,741.1400146484375,740.2899780273438,740.8300170898438,681529
2026-06-18 15:56:00-04:00,741.2999877929688,741.2999877929688,741.47998046875,740.7100219726562,740.9400024414062,714724
2026-06-18 15:58:00-04:00,739.6900024414062,739.6900024414062,741.530029296875,739.6900024414062,741.2650146484375,2799507
2026-06-22 09:30:00-04:00,742.114990234375,742.114990234375,744.010009765625,741.7100219726562,742.02001953125,2328124
2026-06-22 09:32:00-04:00,741.0,741.0,742.719970703125,740.4299926757812,742.1500244140625,323738
2026-06-22 09:34:00-04:00,742.6599731445312,742.6599731445312,742.739990234375,740.4600219726562,740.8599853515625,214941
2026-06-22 09:36:00-04:00,743.5700073242188,743.5700073242188,743.7000122070312,742.4500122070312,742.6099853515625,404617
2026-06-22 09:38:00-04:00,744.3400268554688,744.3400268554688,744.3699951171875,743.5,743.52001953125,313953
2026-06-22 09:40:00-04:00,742.4199829101562,742.4199829101562,744.4398803710938,742.2901000976562,744.280029296875,253125
2026-06-22 09:42:00-04:00,741.3699951171875,741.3699951171875,742.52001953125,740.52001953125,742.52001953125,299578
2026-06-22 09:44:00-04:00,741.9400024414062,741.9400024414062,742.2999877929688,741.021728515625,741.4299926757812,310417
2026-06-22 09:46:00-04:00,743.1900024414062,743.1900024414062,743.239990234375,741.6599731445312,742.010009765625,273878
2026-06-22 09:48:00-04:00,743.3400268554688,743.3400268554688,743.9199829101562,742.77001953125,743.2100219726562,165554
2026-06-22 09:50:00-04:00,743.46728515625,743.46728515625,743.5999755859375,742.8699951171875,743.3099975585938,116283
2026-06-22 09:52:00-04:00,743.3400268554688,743.3400268554688,744.0399780273438,743.239990234375,743.4400024414062,106668
2026-06-22 09:54:00-04:00,742.7100219726562,742.7100219726562,743.5599975585938,742.5,743.260009765625,104855
2026-06-22 09:56:00-04:00,744.1400146484375,744.1400146484375,744.2999877929688,742.6500244140625,742.7100219726562,151506
2026-06-22 09:58:00-04:00,744.6950073242188,744.6950073242188,744.6950073242188,743.989990234375,744.1599731445312,201269
2026-06-22 10:00:00-04:00,744.739990234375,744.739990234375,745.0700073242188,744.0700073242188,744.5999755859375,204713
2026-06-22 10:02:00-04:00,744.5599975585938,744.5599975585938,744.9299926757812,744.3099975585938,744.725830078125,110306
2026-06-22 10:04:00-04:00,744.7620849609375,744.7620849609375,744.7999877929688,744.0650024414062,744.6199951171875,157970
2026-06-22 10:06:00-04:00,745.0250244140625,745.0250244140625,745.0599975585938,744.510009765625,744.7750244140625,112790
2026-06-22 10:08:00-04:00,745.02001953125,745.02001953125,745.4166259765625,744.8900146484375,745.0181884765625,137586
2026-06-22 10:10:00-04:00,744.3099975585938,744.3099975585938,745.4299926757812,744.1699829101562,745.0599975585938,281190
2026-06-22 10:12:00-04:00,744.1553955078125,744.1553955078125,744.6300048828125,744.0637817382812,744.3150024414062,89136
2026-06-22 10:14:00-04:00,743.7999877929688,743.7999877929688,744.280029296875,743.5709228515625,744.1500244140625,340836
2026-06-22 10:16:00-04:00,742.7999877929688,742.7999877929688,743.7999877929688,742.635009765625,743.7999877929688,122330
2026-06-22 10:18:00-04:00,743.3099975585938,743.3099975585938,743.677978515625,742.760009765625,742.760009765625,123382
2026-06-22 10:20:00-04:00,742.8400268554688,742.8400268554688,743.3200073242188,741.9500122070312,743.27001953125,156954
2026-06-22 10:22:00-04:00,742.0700073242188,742.0700073242188,743.1099243164062,742.010009765625,742.8300170898438,350140
2026-06-22 10:24:00-04:00,741.6300048828125,741.6300048828125,742.1199951171875,741.2100219726562,742.0700073242188,198340
2026-06-22 10:26:00-04:00,740.1500244140625,740.1500244140625,741.9450073242188,740.1500244140625,741.6799926757812,236179
2026-06-22 10:28:00-04:00,740.4349975585938,740.4349975585938,741.1900024414062,740.2000122070312,740.2000122070312,148157
2026-06-22 10:30:00-04:00,738.8300170898438,738.8300170898438,740.5549926757812,738.6749877929688,740.489990234375,307495
2026-06-22 10:32:00-04:00,738.3499755859375,738.3499755859375,739.0,737.9199829101562,738.8499755859375,289500
2026-06-22 10:34:00-04:00,739.739990234375,739.739990234375,739.889892578125,738.3400268554688,738.35498046875,317531
2026-06-22 10:36:00-04:00,739.6199951171875,739.6199951171875,739.9199829101562,738.9400024414062,739.760009765625,289747
2026-06-22 10:38:00-04:00,739.0,739.0,739.8099975585938,738.2598876953125,739.6279907226562,245838
2026-06-22 10:40:00-04:00,738.4000244140625,738.4000244140625,739.47998046875,738.0700073242188,739.02197265625,225616
2026-06-22 10:42:00-04:00,737.6799926757812,737.6799926757812,738.5798950195312,737.4199829101562,738.3306884765625,141140
2026-06-22 10:44:00-04:00,737.75,737.75,738.239990234375,737.030029296875,737.6599731445312,319859
2026-06-22 10:46:00-04:00,737.5800170898438,737.5800170898438,738.6599731445312,737.3699951171875,737.8400268554688,460830
2026-06-22 10:48:00-04:00,737.4299926757812,737.4299926757812,738.0803833007812,737.0399780273438,737.5700073242188,272137
2026-06-22 10:50:00-04:00,737.22998046875,737.22998046875,738.02001953125,736.8099975585938,737.4550170898438,330530
2026-06-22 10:52:00-04:00,737.3399047851562,737.3399047851562,737.8099975585938,737.0349731445312,737.3400268554688,107824
2026-06-22 10:54:00-04:00,735.8900146484375,735.8900146484375,737.35498046875,735.3499755859375,737.3099975585938,288247
2026-06-22 10:56:00-04:00,737.239990234375,737.239990234375,737.25,735.8900146484375,735.8900146484375,143559
2026-06-22 10:58:00-04:00,737.6694946289062,737.6694946289062,737.9500122070312,737.1400146484375,737.1849975585938,156065
2026-06-22 11:00:00-04:00,738.3900146484375,738.3900146484375,738.5599975585938,737.3699951171875,737.7100219726562,181714
2026-06-22 11:02:00-04:00,738.3200073242188,738.3200073242188,738.5900268554688,738.1099853515625,738.4299926757812,358380
2026-06-22 11:04:00-04:00,737.6699829101562,737.6699829101562,738.50048828125,737.4592895507812,738.3499755859375,120682
2026-06-22 11:06:00-04:00,737.2550048828125,737.2550048828125,737.6978149414062,736.7999877929688,737.6978149414062,109810
2026-06-22 11:08:00-04:00,737.6699829101562,737.6699829101562,738.0698852539062,737.2999877929688,737.2999877929688,962638
2026-06-22 11:10:00-04:00,737.9400024414062,737.9400024414062,738.0900268554688,737.22998046875,737.6599731445312,79141
2026-06-22 11:12:00-04:00,737.8499755859375,737.8499755859375,738.2000122070312,737.6300048828125,737.9949951171875,72375
2026-06-22 11:14:00-04:00,737.1901245117188,737.1901245117188,737.9342041015625,737.1199951171875,737.8400268554688,78748
2026-06-22 11:16:00-04:00,737.5999145507812,737.5999145507812,737.6799926757812,736.969970703125,737.2050170898438,77731
2026-06-22 11:18:00-04:00,736.8099975585938,736.8099975585938,738.0131225585938,736.5,737.5800170898438,114243
2026-06-22 11:20:00-04:00,737.1699829101562,737.1699829101562,737.3800048828125,736.4099731445312,736.9199829101562,955930
2026-06-22 11:22:00-04:00,737.5,737.5,737.5499877929688,736.7379760742188,737.219970703125,102211
2026-06-22 11:24:00-04:00,737.469970703125,737.469970703125,737.8499755859375,736.9099731445312,737.5,184177
2026-06-22 11:26:00-04:00,737.3175048828125,737.3175048828125,737.5999755859375,736.8499755859375,737.4600219726562,221595
2026-06-22 11:28:00-04:00,736.6286010742188,736.6286010742188,737.3200073242188,736.3099975585938,737.2899780273438,91754
2026-06-22 11:30:00-04:00,736.9500122070312,736.9500122070312,737.0499877929688,736.4600219726562,736.630126953125,78498
2026-06-22 11:32:00-04:00,737.1400756835938,737.1400756835938,737.4998779296875,736.3900756835938,736.9500122070312,155417
2026-06-22 11:34:00-04:00,736.7249755859375,736.7249755859375,737.4000244140625,736.1799926757812,737.2000122070312,107764
2026-06-22 11:36:00-04:00,736.719970703125,736.719970703125,737.1199951171875,736.4199829101562,736.6599731445312,124877
2026-06-22 11:38:00-04:00,736.9400024414062,736.9400024414062,737.030029296875,736.5599975585938,736.7449951171875,84664
2026-06-22 11:40:00-04:00,737.9149780273438,737.9149780273438,737.969970703125,736.9400024414062,736.9400024414062,90476
2026-06-22 11:42:00-04:00,738.135009765625,738.135009765625,738.469970703125,737.89501953125,737.9000244140625,146558
2026-06-22 11:44:00-04:00,738.4550170898438,738.4550170898438,738.5050048828125,737.8400268554688,738.1400146484375,102938
2026-06-22 11:46:00-04:00,737.6799926757812,737.6799926757812,738.5,737.5800170898438,738.47998046875,101346
2026-06-22 11:48:00-04:00,735.6400146484375,735.6400146484375,737.6799926757812,735.3599853515625,737.6400146484375,205746
2026-06-22 11:50:00-04:00,736.3900146484375,736.3900146484375,736.77001953125,735.6500244140625,735.6500244140625,128813
2026-06-22 11:52:00-04:00,735.9500122070312,735.9500122070312,736.625,735.8599853515625,736.35009765625,79784
2026-06-22 11:54:00-04:00,736.125,736.125,736.3499755859375,735.4000854492188,736.010009765625,107672
2026-06-22 11:56:00-04:00,736.0399780273438,736.0399780273438,736.5,735.77001953125,736.1900024414062,472247
2026-06-22 11:58:00-04:00,735.7376098632812,735.7376098632812,736.2097778320312,735.4744262695312,736.02001953125,77236
2026-06-22 12:00:00-04:00,735.2269287109375,735.2269287109375,735.989990234375,734.8400268554688,735.739990234375,143273
2026-06-22 12:02:00-04:00,734.5900268554688,734.5900268554688,735.469970703125,734.47998046875,735.239990234375,118050
2026-06-22 12:04:00-04:00,734.6699829101562,734.6699829101562,735.1199951171875,734.3900146484375,734.6099853515625,113773
2026-06-22 12:06:00-04:00,735.0900268554688,735.0900268554688,735.1900024414062,734.469970703125,734.8200073242188,94122
2026-06-22 12:08:00-04:00,735.5,735.5,735.6199951171875,735.0,735.1300048828125,57056
2026-06-22 12:10:00-04:00,735.8598022460938,735.8598022460938,736.0399780273438,735.4630126953125,735.4799194335938,123226
2026-06-22 12:12:00-04:00,736.0750122070312,736.0750122070312,736.219970703125,735.5200805664062,735.780029296875,62159
2026-06-22 12:14:00-04:00,735.8410034179688,735.8410034179688,736.4099731445312,735.7999877929688,736.0650024414062,230533
2026-06-22 12:16:00-04:00,735.9500732421875,735.9500732421875,736.1799926757812,735.7100219726562,735.8499755859375,53460
2026-06-22 12:18:00-04:00,736.3134765625,736.3134765625,736.3134765625,735.5800170898438,735.9949951171875,53094
2026-06-22 12:20:00-04:00,736.875,736.875,737.088623046875,736.2700805664062,736.2700805664062,288226
2026-06-22 12:22:00-04:00,736.1300048828125,736.1300048828125,736.7817993164062,735.739990234375,736.780029296875,79832
2026-06-22 12:24:00-04:00,736.0999755859375,736.0999755859375,736.22998046875,735.8200073242188,736.1400146484375,94252
2026-06-22 12:26:00-04:00,735.77001953125,735.77001953125,736.1599731445312,735.5900268554688,736.0599975585938,138856
2026-06-22 12:28:00-04:00,736.4000244140625,736.4000244140625,736.5050048828125,735.6599731445312,735.7999877929688,95234
2026-06-22 12:30:00-04:00,736.2899780273438,736.2899780273438,736.4500122070312,736.1199951171875,736.4400024414062,55929
2026-06-22 12:32:00-04:00,735.7849731445312,735.7849731445312,736.3200073242188,735.6099853515625,736.3200073242188,63552
2026-06-22 12:34:00-04:00,735.2100219726562,735.2100219726562,735.8599853515625,735.1099853515625,735.7550048828125,54293
2026-06-22 12:36:00-04:00,735.219970703125,735.219970703125,735.4899291992188,735.02001953125,735.239990234375,48213
2026-06-22 12:38:00-04:00,735.469970703125,735.469970703125,735.5900268554688,735.0800170898438,735.2899780273438,144933
2026-06-22 12:40:00-04:00,735.4299926757812,735.4299926757812,735.6599731445312,734.9099731445312,735.4299926757812,64665
2026-06-22 12:42:00-04:00,735.235595703125,735.235595703125,735.5999755859375,735.0,735.4400024414062,76282
2026-06-22 12:44:00-04:00,734.9299926757812,734.9299926757812,735.47998046875,734.9299926757812,735.2249755859375,450771
2026-06-22 12:46:00-04:00,735.6599731445312,735.6599731445312,735.6950073242188,734.8699951171875,734.9450073242188,107918
2026-06-22 12:48:00-04:00,736.1649780273438,736.1649780273438,736.1699829101562,735.5999755859375,735.6599731445312,103743
2026-06-22 12:50:00-04:00,736.3900146484375,736.3900146484375,736.5,736.010009765625,736.1400146484375,126401
2026-06-22 12:52:00-04:00,736.239990234375,736.239990234375,736.5800170898438,736.2000732421875,736.3800048828125,56550
2026-06-22 12:54:00-04:00,736.3599853515625,736.3599853515625,736.719970703125,736.239990234375,736.25,60537
2026-06-22 12:56:00-04:00,736.0999755859375,736.0999755859375,736.3499755859375,735.9400024414062,736.3499755859375,65249
2026-06-22 12:58:00-04:00,736.469970703125,736.469970703125,736.8400268554688,736.0399780273438,736.1300048828125,228246
2026-06-22 13:00:00-04:00,736.469970703125,736.469970703125,736.5900268554688,736.27001953125,736.47998046875,125090
2026-06-22 13:02:00-04:00,736.7150268554688,736.7150268554688,736.7299194335938,736.0999755859375,736.4349975585938,92218
2026-06-22 13:04:00-04:00,735.8499755859375,735.8499755859375,736.77001953125,735.8200073242188,736.7100219726562,137741
2026-06-22 13:06:00-04:00,735.3099975585938,735.3099975585938,735.8699951171875,735.1099853515625,735.8499755859375,73440
2026-06-22 13:08:00-04:00,735.2999267578125,735.2999267578125,735.6320190429688,735.280029296875,735.3214111328125,43310
2026-06-22 13:10:00-04:00,735.4108276367188,735.4108276367188,735.6699829101562,735.260009765625,735.2899780273438,45861
2026-06-22 13:12:00-04:00,735.7999877929688,735.7999877929688,735.7999877929688,735.4299926757812,735.444580078125,146415
2026-06-22 13:14:00-04:00,736.4849853515625,736.4849853515625,736.5599975585938,735.5499877929688,735.8001098632812,76455
2026-06-22 13:16:00-04:00,736.280029296875,736.280029296875,736.5449829101562,736.1300048828125,736.489990234375,37858
2026-06-22 13:18:00-04:00,736.72998046875,736.72998046875,736.77001953125,736.3800048828125,736.3800048828125,39149
2026-06-22 13:20:00-04:00,736.5800170898438,736.5800170898438,737.010009765625,736.4650268554688,736.7100830078125,69070
2026-06-22 13:22:00-04:00,736.6749877929688,736.6749877929688,736.839111328125,736.380126953125,736.6300048828125,66198
2026-06-22 13:24:00-04:00,736.625,736.625,736.875,736.5599975585938,736.6599731445312,21732
2026-06-22 13:26:00-04:00,736.760009765625,736.760009765625,736.99951171875,736.469970703125,736.6400146484375,54553
2026-06-22 13:28:00-04:00,736.6414794921875,736.6414794921875,736.9633178710938,736.6199951171875,736.7301025390625,41730
2026-06-22 13:30:00-04:00,736.625,736.625,736.8800048828125,736.510009765625,736.6599731445312,68725
2026-06-22 13:32:00-04:00,736.1900024414062,736.1900024414062,736.625,736.1400146484375,736.625,61430
2026-06-22 13:34:00-04:00,736.2999877929688,736.2999877929688,736.5499877929688,736.0999755859375,736.260009765625,45836
2026-06-22 13:36:00-04:00,736.27001953125,736.27001953125,736.2999877929688,735.7650146484375,736.2899780273438,51875
2026-06-22 13:38:00-04:00,736.4912109375,736.4912109375,736.5399169921875,736.2000122070312,736.260009765625,34293
2026-06-22 13:40:00-04:00,736.3510131835938,736.3510131835938,736.7100219726562,736.2100219726562,736.489990234375,44891
2026-06-22 13:42:00-04:00,736.2999877929688,736.2999877929688,736.5,736.2000122070312,736.4000244140625,47241
2026-06-22 13:44:00-04:00,736.5499877929688,736.5499877929688,736.5499877929688,736.1500244140625,736.3099975585938,27596
2026-06-22 13:46:00-04:00,736.7949829101562,736.7949829101562,736.9000244140625,736.3200073242188,736.5499877929688,65457
2026-06-22 13:48:00-04:00,737.080078125,737.080078125,737.1699829101562,736.75,736.780029296875,95182
2026-06-22 13:50:00-04:00,737.0798950195312,737.0798950195312,737.4199829101562,736.97998046875,737.0700073242188,63205
2026-06-22 13:52:00-04:00,737.72998046875,737.72998046875,737.739990234375,737.010009765625,737.0800170898438,275579
2026-06-22 13:54:00-04:00,737.719970703125,737.719970703125,737.9500122070312,737.6099853515625,737.7186889648438,111650
2026-06-22 13:56:00-04:00,737.6400146484375,737.6400146484375,737.9099731445312,737.5601806640625,737.7000122070312,146568
2026-06-22 13:58:00-04:00,737.1199951171875,737.1199951171875,737.6693725585938,737.1099853515625,737.6500244140625,58441
2026-06-22 14:00:00-04:00,737.2156982421875,737.2156982421875,737.4400024414062,737.0700073242188,737.1599731445312,58792
2026-06-22 14:02:00-04:00,736.8300170898438,736.8300170898438,737.4400024414062,736.8300170898438,737.2100219726562,74705
2026-06-22 14:04:00-04:00,737.2899780273438,737.2899780273438,737.3400268554688,736.8099975585938,736.8499755859375,48744
2026-06-22 14:06:00-04:00,737.4199829101562,737.4199829101562,737.5499877929688,737.1400146484375,737.2750244140625,61914
2026-06-22 14:08:00-04:00,737.5,737.5,737.5700073242188,737.3800048828125,737.4686279296875,38320
2026-06-22 14:10:00-04:00,737.2598876953125,737.2598876953125,737.6799926757812,737.219970703125,737.510009765625,69274
2026-06-22 14:12:00-04:00,737.47998046875,737.47998046875,737.5299072265625,737.1300048828125,737.2219848632812,50924
2026-06-22 14:14:00-04:00,737.5999755859375,737.5999755859375,737.6900024414062,737.35009765625,737.52001953125,50279
2026-06-22 14:16:00-04:00,737.757080078125,737.757080078125,737.9299926757812,737.5800170898438,737.5800170898438,50500
2026-06-22 14:18:00-04:00,737.7000122070312,737.7000122070312,737.97998046875,737.6199951171875,737.7449951171875,61442
2026-06-22 14:20:00-04:00,738.0700073242188,738.0700073242188,738.27001953125,737.6950073242188,737.739990234375,127486
2026-06-22 14:22:00-04:00,737.7999877929688,737.7999877929688,738.125,737.6699829101562,738.0567016601562,96590
2026-06-22 14:24:00-04:00,737.7650146484375,737.7650146484375,737.9099731445312,737.710693359375,737.8099975585938,76524
2026-06-22 14:26:00-04:00,737.3577880859375,737.3577880859375,737.760009765625,737.14501953125,737.760009765625,116952
2026-06-22 14:28:00-04:00,737.4299926757812,737.4299926757812,737.489990234375,737.22998046875,737.3916015625,173472
2026-06-22 14:30:00-04:00,737.8099975585938,737.8099975585938,737.909912109375,737.4500122070312,737.4500122070312,77347
2026-06-22 14:32:00-04:00,737.4500122070312,737.4500122070312,737.8699951171875,737.3800048828125,737.809814453125,144380
2026-06-22 14:34:00-04:00,737.3400268554688,737.3400268554688,737.489990234375,737.25,737.4450073242188,269440
2026-06-22 14:36:00-04:00,737.39501953125,737.39501953125,737.5599975585938,737.2000122070312,737.3250122070312,57812
2026-06-22 14:38:00-04:00,737.0938110351562,737.0938110351562,737.5999755859375,737.0599975585938,737.4000244140625,49609
2026-06-22 14:40:00-04:00,736.919921875,736.919921875,737.2000122070312,736.8200073242188,737.0999755859375,51074
2026-06-22 14:42:00-04:00,736.719970703125,736.719970703125,737.0349731445312,736.5999755859375,736.9500122070312,69113
2026-06-22 14:44:00-04:00,736.489990234375,736.489990234375,736.7199096679688,736.1799926757812,736.7199096679688,130806
2026-06-22 14:46:00-04:00,736.8300170898438,736.8300170898438,736.8599853515625,736.3690185546875,736.5050048828125,189045
2026-06-22 14:48:00-04:00,736.7949829101562,736.7949829101562,736.8800048828125,736.6300048828125,736.8200073242188,75706
2026-06-22 14:50:00-04:00,736.5449829101562,736.5449829101562,736.9000244140625,736.4099731445312,736.7805786132812,82246
2026-06-22 14:52:00-04:00,736.0800170898438,736.0800170898438,736.530029296875,735.7000122070312,736.530029296875,156669
2026-06-22 14:54:00-04:00,735.8400268554688,735.8400268554688,736.2324829101562,735.6849975585938,736.0574951171875,200214
2026-06-22 14:56:00-04:00,735.77001953125,735.77001953125,736.0900268554688,735.672607421875,735.8499755859375,161597
2026-06-22 14:58:00-04:00,735.719970703125,735.719970703125,735.905029296875,735.5399780273438,735.77001953125,133955
2026-06-22 15:00:00-04:00,735.9450073242188,735.9450073242188,735.9500122070312,735.6199951171875,735.760009765625,292129
2026-06-22 15:02:00-04:00,736.489990234375,736.489990234375,736.6400146484375,735.9201049804688,735.969970703125,213195
2026-06-22 15:04:00-04:00,736.1600952148438,736.1600952148438,736.530029296875,735.9600219726562,736.5,114982
2026-06-22 15:06:00-04:00,735.4500122070312,735.4500122070312,736.2100219726562,735.4124755859375,736.1749877929688,82243
2026-06-22 15:08:00-04:00,735.7100219726562,735.7100219726562,735.9349975585938,735.1282958984375,735.4600219726562,84566
2026-06-22 15:10:00-04:00,736.0750122070312,736.0750122070312,736.219970703125,735.469970703125,735.77001953125,68971
2026-06-22 15:12:00-04:00,735.9822998046875,735.9822998046875,736.3300170898438,735.9500122070312,736.030029296875,67878
2026-06-22 15:14:00-04:00,735.9299926757812,735.9299926757812,736.2100219726562,735.7828979492188,735.9650268554688,64907
2026-06-22 15:16:00-04:00,736.0399780273438,736.0399780273438,736.0750122070312,735.75,735.9299926757812,68502
2026-06-22 15:18:00-04:00,736.1500244140625,736.1500244140625,736.3800048828125,735.969970703125,736.02001953125,128918
2026-06-22 15:20:00-04:00,735.6749877929688,735.6749877929688,736.3599243164062,735.5999755859375,736.22998046875,84861
2026-06-22 15:22:00-04:00,735.60498046875,735.60498046875,735.7319946289062,735.4500122070312,735.6701049804688,84336
2026-06-22 15:24:00-04:00,735.586181640625,735.586181640625,735.8900146484375,735.5399780273438,735.60498046875,137014
2026-06-22 15:26:00-04:00,735.5650024414062,735.5650024414062,735.739990234375,735.4349975585938,735.6400146484375,74354
2026-06-22 15:28:00-04:00,735.4735717773438,735.4735717773438,735.8049926757812,735.4735717773438,735.5750122070312,79395
2026-06-22 15:30:00-04:00,735.9901123046875,735.9901123046875,736.1199951171875,735.52001953125,735.52001953125,129456
2026-06-22 15:32:00-04:00,736.4119873046875,736.4119873046875,736.5700073242188,735.9199829101562,736.02001953125,111277
2026-06-22 15:34:00-04:00,736.0300903320312,736.0300903320312,736.4199829101562,736.010009765625,736.4019775390625,56476
2026-06-22 15:36:00-04:00,736.1099853515625,736.1099853515625,736.280029296875,735.9299926757812,736.0499877929688,94449
2026-06-22 15:38:00-04:00,736.155029296875,736.155029296875,736.4000244140625,736.1010131835938,736.1010131835938,54499
2026-06-22 15:40:00-04:00,736.10498046875,736.10498046875,736.3400268554688,735.9503173828125,736.1599731445312,1207502
2026-06-22 15:42:00-04:00,735.875,735.875,736.2899780273438,735.780029296875,736.1500244140625,77397
2026-06-22 15:44:00-04:00,735.9500122070312,735.9500122070312,736.1199951171875,735.7100219726562,735.8900146484375,76202
2026-06-22 15:46:00-04:00,736.47998046875,736.47998046875,736.6300048828125,735.760009765625,735.9400024414062,89081
2026-06-22 15:48:00-04:00,736.4127807617188,736.4127807617188,736.4600219726562,736.1199951171875,736.4600219726562,81325
2026-06-22 15:50:00-04:00,737.6799926757812,737.6799926757812,737.8599853515625,736.22998046875,736.3900146484375,283582
2026-06-22 15:52:00-04:00,737.6500244140625,737.6500244140625,737.77001953125,737.3599853515625,737.6699829101562,190490
2026-06-22 15:54:00-04:00,737.47998046875,737.47998046875,737.9099731445312,737.1300048828125,737.7100219726562,348138
2026-06-22 15:56:00-04:00,737.6099853515625,737.6099853515625,737.6199951171875,737.030029296875,737.4600219726562,575290
2026-06-22 15:58:00-04:00,738.0499877929688,738.0499877929688,738.5,737.510009765625,737.5900268554688,1738358
2026-06-23 09:30:00-04:00,716.239990234375,716.239990234375,716.25,713.280029296875,714.25,4393604
2026-06-23 09:32:00-04:00,716.1599731445312,716.1599731445312,717.0,715.360107421875,716.1900024414062,644603
2026-06-23 09:34:00-04:00,715.72998046875,715.72998046875,717.2025146484375,715.6500244140625,716.219970703125,451139
2026-06-23 09:36:00-04:00,715.5599975585938,715.5599975585938,716.219970703125,714.5300903320312,715.760009765625,401259
2026-06-23 09:38:00-04:00,717.22998046875,717.22998046875,717.6099853515625,715.22998046875,715.530029296875,458677
2026-06-23 09:40:00-04:00,716.760009765625,716.760009765625,717.7999877929688,716.5,717.2000122070312,392589
2026-06-23 09:42:00-04:00,716.5,716.5,717.6400146484375,716.2011108398438,716.72998046875,401335
2026-06-23 09:44:00-04:00,716.7000122070312,716.7000122070312,717.6300048828125,716.0399780273438,716.4099731445312,320095
2026-06-23 09:46:00-04:00,718.219970703125,718.219970703125,718.219970703125,715.9099731445312,716.6799926757812,367082
2026-06-23 09:48:00-04:00,718.1199951171875,718.1199951171875,719.0700073242188,717.9199829101562,718.2000122070312,512962
2026-06-23 09:50:00-04:00,719.22998046875,719.22998046875,719.2899780273438,718.0800170898438,718.1199951171875,346828
2026-06-23 09:52:00-04:00,719.989990234375,719.989990234375,720.3499755859375,719.0399780273438,719.22998046875,549409
2026-06-23 09:54:00-04:00,719.614990234375,719.614990234375,720.4638061523438,719.1300048828125,719.9400024414062,300008
2026-06-23 09:56:00-04:00,720.02001953125,720.02001953125,720.3994140625,718.7000122070312,719.6599731445312,307372
2026-06-23 09:58:00-04:00,720.6900024414062,720.6900024414062,720.9000244140625,719.780029296875,720.010009765625,243571
2026-06-23 10:00:00-04:00,722.0599975585938,722.0599975585938,722.260009765625,720.6199951171875,720.6900024414062,448038
2026-06-23 10:02:00-04:00,721.6799926757812,721.6799926757812,722.5999755859375,721.3613891601562,722.0399780273438,463596
2026-06-23 10:04:00-04:00,721.5239868164062,721.5239868164062,722.530029296875,721.510009765625,721.7100219726562,355980
2026-06-23 10:06:00-04:00,721.3400268554688,721.3400268554688,722.280029296875,721.22998046875,721.5599975585938,205190
2026-06-23 10:08:00-04:00,721.8300170898438,721.8300170898438,722.4199829101562,720.8699951171875,721.3300170898438,220875
2026-06-23 10:10:00-04:00,721.3800048828125,721.3800048828125,722.7999877929688,721.219970703125,721.8099975585938,426133
2026-06-23 10:12:00-04:00,722.1500244140625,722.1500244140625,722.4500122070312,721.219970703125,721.4000244140625,223707
2026-06-23 10:14:00-04:00,721.9401245117188,721.9401245117188,722.6599731445312,721.8900146484375,722.1900024414062,220335
2026-06-23 10:16:00-04:00,722.27001953125,722.27001953125,722.9199829101562,721.9299926757812,721.9600830078125,188008
2026-06-23 10:18:00-04:00,722.7894897460938,722.7894897460938,722.989990234375,722.0650024414062,722.2899780273438,188839
2026-06-23 10:20:00-04:00,722.8200073242188,722.8200073242188,723.6099853515625,722.6300048828125,722.760009765625,343191
2026-06-23 10:22:00-04:00,723.010009765625,723.010009765625,723.3099975585938,721.9000244140625,722.8049926757812,230687
2026-06-23 10:24:00-04:00,721.9450073242188,721.9450073242188,722.9600219726562,721.9199829101562,722.915283203125,183676
2026-06-23 10:26:00-04:00,721.4600219726562,721.4600219726562,722.1898803710938,721.0910034179688,721.9600219726562,289874
2026-06-23 10:28:00-04:00,722.0150146484375,722.0150146484375,722.1599731445312,721.0,721.4299926757812,193995
2026-06-23 10:30:00-04:00,720.6300048828125,720.6300048828125,722.3599853515625,720.530029296875,722.0499877929688,149657
2026-06-23 10:32:00-04:00,720.8276977539062,720.8276977539062,721.3400268554688,720.0775146484375,720.6099853515625,234908
2026-06-23 10:34:00-04:00,720.719970703125,720.719970703125,721.2098999023438,720.1099853515625,720.8200073242188,131860
2026-06-23 10:36:00-04:00,722.030029296875,722.030029296875,722.3200073242188,720.5800170898438,720.6900024414062,189791
2026-06-23 10:38:00-04:00,719.989990234375,719.989990234375,722.1099853515625,719.8400268554688,722.1079711914062,179828
2026-06-23 10:40:00-04:00,720.0999755859375,720.0999755859375,720.4000244140625,719.4600219726562,720.0650024414062,188172
2026-06-23 10:42:00-04:00,720.4199829101562,720.4199829101562,721.0499877929688,719.5999755859375,720.0700073242188,350720
2026-06-23 10:44:00-04:00,719.2000122070312,719.2000122070312,720.510009765625,719.1599731445312,720.4099731445312,210111
2026-06-23 10:46:00-04:00,718.4500122070312,718.4500122070312,719.6799926757812,718.3699951171875,719.1610107421875,191901
2026-06-23 10:48:00-04:00,719.1849975585938,719.1849975585938,719.3099975585938,718.4000244140625,718.47998046875,245654
2026-06-23 10:50:00-04:00,720.3900146484375,720.3900146484375,720.6500244140625,718.6599731445312,719.25,252637
2026-06-23 10:52:00-04:00,718.635009765625,718.635009765625,720.3499145507812,718.4199829101562,720.3300170898438,239920
2026-06-23 10:54:00-04:00,718.27001953125,718.27001953125,719.1099853515625,717.8900756835938,718.6099853515625,237591
2026-06-23 10:56:00-04:00,718.7899780273438,718.7899780273438,719.1300048828125,718.0499877929688,718.343017578125,167989
2026-06-23 10:58:00-04:00,718.87158203125,718.87158203125,718.9099731445312,717.97998046875,718.8300170898438,165382
2026-06-23 11:00:00-04:00,719.1099853515625,719.1099853515625,719.6500244140625,718.4099731445312,718.8800048828125,181605
2026-06-23 11:02:00-04:00,718.2698974609375,718.2698974609375,719.4398803710938,717.989990234375,719.1400146484375,119339
2026-06-23 11:04:00-04:00,717.260009765625,717.260009765625,718.510009765625,717.260009765625,718.260009765625,161983
2026-06-23 11:06:00-04:00,717.5509033203125,717.5509033203125,717.5900268554688,716.719970703125,717.280029296875,235306
2026-06-23 11:08:00-04:00,717.4500122070312,717.4500122070312,717.6500244140625,716.969970703125,717.5300903320312,205577
2026-06-23 11:10:00-04:00,717.3599853515625,717.3599853515625,717.8900146484375,716.9500122070312,717.47998046875,181335
2026-06-23 11:12:00-04:00,717.1900024414062,717.1900024414062,717.719970703125,716.9299926757812,717.3599853515625,392418
2026-06-23 11:14:00-04:00,717.260009765625,717.260009765625,717.6199951171875,717.010009765625,717.1699829101562,168154
2026-06-23 11:16:00-04:00,716.6699829101562,716.6699829101562,717.239990234375,716.4600219726562,717.239990234375,192741
2026-06-23 11:18:00-04:00,716.22998046875,716.22998046875,716.739990234375,716.2000122070312,716.6900024414062,216306
2026-06-23 11:20:00-04:00,716.119873046875,716.119873046875,716.989990234375,716.0800170898438,716.260009765625,166892
2026-06-23 11:22:00-04:00,715.9500122070312,715.9500122070312,716.35498046875,715.9299926757812,716.0709838867188,150159
2026-06-23 11:24:00-04:00,715.9199829101562,715.9199829101562,715.97998046875,715.3900146484375,715.97998046875,235994
2026-06-23 11:26:00-04:00,715.8599853515625,715.8599853515625,716.3599853515625,715.6699829101562,715.8800048828125,257758
2026-06-23 11:28:00-04:00,715.77001953125,715.77001953125,716.02001953125,715.530029296875,715.8400268554688,114517
2026-06-23 11:30:00-04:00,716.5999755859375,716.5999755859375,716.7000122070312,715.4801025390625,715.7000122070312,183157
2026-06-23 11:32:00-04:00,716.6799926757812,716.6799926757812,717.02001953125,716.219970703125,716.6500244140625,216748
2026-06-23 11:34:00-04:00,717.0,717.0,717.280029296875,716.4000854492188,716.6749877929688,180152
2026-06-23 11:36:00-04:00,716.3200073242188,716.3200073242188,717.239990234375,716.302001953125,716.989990234375,139191
2026-06-23 11:38:00-04:00,715.4949951171875,715.4949951171875,716.7000122070312,715.1599731445312,716.3900146484375,254337
2026-06-23 11:40:00-04:00,715.7899780273438,715.7899780273438,716.0,715.0900268554688,715.5,184981
2026-06-23 11:42:00-04:00,715.9650268554688,715.9650268554688,716.2760009765625,715.5800170898438,715.9400024414062,95222
2026-06-23 11:44:00-04:00,715.9400024414062,715.9400024414062,716.2899780273438,715.77001953125,715.9600219726562,91127
2026-06-23 11:46:00-04:00,715.8499755859375,715.8499755859375,716.0900268554688,715.6901245117188,715.9099731445312,78395
2026-06-23 11:48:00-04:00,715.75,715.75,716.5599975585938,715.7098999023438,715.8499755859375,99826
2026-06-23 11:50:00-04:00,716.9700927734375,716.9700927734375,717.010009765625,715.6500244140625,715.7899780273438,136895
2026-06-23 11:52:00-04:00,717.6199951171875,717.6199951171875,717.8400268554688,716.8400268554688,716.9299926757812,139546
2026-06-23 11:54:00-04:00,716.9600219726562,716.9600219726562,718.0499877929688,716.6099853515625,717.5499877929688,154389
2026-06-23 11:56:00-04:00,717.6859741210938,717.6859741210938,717.9000244140625,716.7277221679688,716.97998046875,106613
2026-06-23 11:58:00-04:00,717.5313720703125,717.5313720703125,717.8900146484375,717.2449951171875,717.6900024414062,94386
2026-06-23 12:00:00-04:00,718.5499877929688,718.5499877929688,718.7098999023438,717.3300170898438,717.5399780273438,118323
2026-06-23 12:02:00-04:00,718.77001953125,718.77001953125,718.8200073242188,718.3800048828125,718.469970703125,147104
2026-06-23 12:04:00-04:00,719.3818969726562,719.3818969726562,719.7000122070312,718.6500244140625,718.780029296875,140822
2026-06-23 12:06:00-04:00,718.5797729492188,718.5797729492188,719.3499755859375,718.5797729492188,719.3499755859375,115938
2026-06-23 12:08:00-04:00,719.2800903320312,719.2800903320312,719.4299926757812,718.47998046875,718.5800170898438,204871
2026-06-23 12:10:00-04:00,720.0599975585938,720.0599975585938,720.1599731445312,719.2899780273438,719.3099975585938,206656
2026-06-23 12:12:00-04:00,719.8602905273438,719.8602905273438,720.2999267578125,719.8599853515625,720.02001953125,145351
2026-06-23 12:14:00-04:00,719.97998046875,719.97998046875,720.280029296875,719.7100219726562,719.8499755859375,156195
2026-06-23 12:16:00-04:00,719.280029296875,719.280029296875,720.0700073242188,719.2205200195312,719.9849853515625,207516
2026-06-23 12:18:00-04:00,719.0401000976562,719.0401000976562,719.7999877929688,718.9299926757812,719.2999877929688,248263
2026-06-23 12:20:00-04:00,718.8599853515625,718.8599853515625,719.1099853515625,718.3499755859375,719.0800170898438,296323
2026-06-23 12:22:00-04:00,719.7050170898438,719.7050170898438,719.739990234375,718.6400146484375,718.8189086914062,179993
2026-06-23 12:24:00-04:00,719.3900146484375,719.3900146484375,720.0,719.3900146484375,719.6699829101562,113046
2026-06-23 12:26:00-04:00,719.4398803710938,719.4398803710938,719.4398803710938,718.9500122070312,719.4000244140625,83109
2026-06-23 12:28:00-04:00,719.3900146484375,719.3900146484375,719.760009765625,719.364990234375,719.4199829101562,69466
2026-06-23 12:30:00-04:00,719.1798706054688,719.1798706054688,719.6544189453125,718.6199951171875,719.4199829101562,98190
2026-06-23 12:32:00-04:00,719.0172119140625,719.0172119140625,719.3800048828125,718.905029296875,719.1799926757812,298808
2026-06-23 12:34:00-04:00,718.5999755859375,718.5999755859375,719.1400146484375,718.4500122070312,718.97998046875,208040
2026-06-23 12:36:00-04:00,718.969970703125,718.969970703125,719.1699829101562,718.5999145507812,718.60009765625,61813
2026-06-23 12:38:00-04:00,719.1599731445312,719.1599731445312,719.22998046875,718.7000122070312,718.969970703125,58848
2026-06-23 12:40:00-04:00,719.8900146484375,719.8900146484375,720.0,719.125,719.1900024414062,149914
2026-06-23 12:42:00-04:00,719.5697021484375,719.5697021484375,719.8800048828125,719.52001953125,719.8599853515625,59382
2026-06-23 12:44:00-04:00,719.6199951171875,719.6199951171875,720.0698852539062,719.5410766601562,719.5549926757812,75342
2026-06-23 12:46:00-04:00,718.9400024414062,718.9400024414062,719.7498779296875,718.7899780273438,719.6300048828125,65853
2026-06-23 12:48:00-04:00,719.02001953125,719.02001953125,719.2100219726562,718.60498046875,718.9650268554688,86688
2026-06-23 12:50:00-04:00,718.510009765625,718.510009765625,719.0800170898438,718.280029296875,719.0399780273438,356508
2026-06-23 12:52:00-04:00,718.739990234375,718.739990234375,718.9199829101562,718.4099731445312,718.489990234375,123873
2026-06-23 12:54:00-04:00,718.510009765625,718.510009765625,719.0,718.3820190429688,718.739990234375,101218
2026-06-23 12:56:00-04:00,718.601806640625,718.601806640625,719.010009765625,718.4199829101562,718.510009765625,61080
2026-06-23 12:58:00-04:00,719.0449829101562,719.0449829101562,719.4099731445312,718.5399780273438,718.6599731445312,73002
2026-06-23 13:00:00-04:00,718.6187133789062,718.6187133789062,719.0700073242188,718.260009765625,719.010009765625,83768
2026-06-23 13:02:00-04:00,717.780029296875,717.780029296875,718.6878051757812,717.780029296875,718.5700073242188,472914
2026-06-23 13:04:00-04:00,717.5527954101562,717.5527954101562,718.0599975585938,717.3800048828125,717.7899780273438,216992
2026-06-23 13:06:00-04:00,717.5399780273438,717.5399780273438,717.7449951171875,717.4301147460938,717.5499877929688,78990
2026-06-23 13:08:00-04:00,717.9000244140625,717.9000244140625,717.97998046875,717.2899780273438,717.5499877929688,102074
2026-06-23 13:10:00-04:00,719.239990234375,719.239990234375,719.4099731445312,717.9000244140625,717.9199829101562,179462
2026-06-23 13:12:00-04:00,719.1300048828125,719.1300048828125,719.4500122070312,719.02001953125,719.239990234375,77541
2026-06-23 13:14:00-04:00,718.8800048828125,718.8800048828125,719.3193969726562,718.6900024414062,719.1290893554688,81842
2026-06-23 13:16:00-04:00,718.0999755859375,718.0999755859375,719.114990234375,718.010009765625,718.8499755859375,74922
2026-06-23 13:18:00-04:00,718.2899780273438,718.2899780273438,718.4199829101562,718.010009765625,718.1099853515625,46487
2026-06-23 13:20:00-04:00,719.239990234375,719.239990234375,719.4000244140625,718.1699829101562,718.281494140625,101125
2026-06-23 13:22:00-04:00,719.2249755859375,719.2249755859375,719.3300170898438,719.0108032226562,719.1799926757812,62938
2026-06-23 13:24:00-04:00,719.1900024414062,719.1900024414062,719.6680297851562,718.9299926757812,719.2000122070312,119941
2026-06-23 13:26:00-04:00,719.39990234375,719.39990234375,719.530029296875,718.9400024414062,719.22998046875,37873
2026-06-23 13:28:00-04:00,719.114990234375,719.114990234375,719.7000122070312,719.0,719.35498046875,61935
2026-06-23 13:30:00-04:00,718.5499877929688,718.5499877929688,719.1649780273438,718.22998046875,719.0999755859375,78496
2026-06-23 13:32:00-04:00,719.0449829101562,719.0449829101562,719.22998046875,718.4299926757812,718.5499877929688,82154
2026-06-23 13:34:00-04:00,719.7349853515625,719.7349853515625,719.77001953125,718.6400146484375,719.0700073242188,102036
2026-06-23 13:36:00-04:00,719.1500244140625,719.1500244140625,719.7899780273438,719.0399780273438,719.72998046875,58635
2026-06-23 13:38:00-04:00,718.75,718.75,719.1607055664062,718.6599731445312,719.1607055664062,55945
2026-06-23 13:40:00-04:00,718.4000244140625,718.4000244140625,718.8499755859375,718.2899780273438,718.7000122070312,52298
2026-06-23 13:42:00-04:00,718.239990234375,718.239990234375,718.5800170898438,718.1500244140625,718.4000244140625,58803
2026-06-23 13:44:00-04:00,718.4500122070312,718.4500122070312,718.5499877929688,718.0700073242188,718.2305908203125,77971
2026-06-23 13:46:00-04:00,718.0,718.0,718.5800170898438,717.8615112304688,718.4500122070312,187493
2026-06-23 13:48:00-04:00,718.0700073242188,718.0700073242188,718.3900146484375,717.9199829101562,718.0800170898438,97688
2026-06-23 13:50:00-04:00,717.5700073242188,717.5700073242188,718.1683959960938,717.4450073242188,718.1400146484375,75853
2026-06-23 13:52:00-04:00,717.0800170898438,717.0800170898438,717.6099853515625,717.0700073242188,717.530029296875,87728
2026-06-23 13:54:00-04:00,716.2901000976562,716.2901000976562,717.1799926757812,716.0599975585938,717.0800170898438,183842
2026-06-23 13:56:00-04:00,716.1300048828125,716.1300048828125,716.3699951171875,716.0,716.3001098632812,164033
2026-06-23 13:58:00-04:00,715.8699951171875,715.8699951171875,716.2999877929688,715.8499755859375,716.1400146484375,143881
2026-06-23 14:00:00-04:00,716.9293212890625,716.9293212890625,716.989990234375,715.72998046875,715.9400024414062,236603
2026-06-23 14:02:00-04:00,716.5444946289062,716.5444946289062,717.0800170898438,716.3900146484375,716.8900146484375,77265
2026-06-23 14:04:00-04:00,716.3300170898438,716.3300170898438,716.52001953125,716.2000122070312,716.52001953125,255566
2026-06-23 14:06:00-04:00,715.4550170898438,715.4550170898438,716.5,715.4400024414062,716.3099975585938,119645
2026-06-23 14:08:00-04:00,715.8400268554688,715.8400268554688,715.9299926757812,715.3400268554688,715.469970703125,92514
2026-06-23 14:10:00-04:00,716.0800170898438,716.0800170898438,716.1699829101562,715.798095703125,715.9000244140625,86097
2026-06-23 14:12:00-04:00,715.9199829101562,715.9199829101562,716.27001953125,715.8499755859375,716.1099853515625,78082
2026-06-23 14:14:00-04:00,716.3599853515625,716.3599853515625,716.6099853515625,715.9500122070312,715.9600219726562,183854
2026-06-23 14:16:00-04:00,715.8150024414062,715.8150024414062,716.5499877929688,715.719970703125,716.4400024414062,88517
2026-06-23 14:18:00-04:00,715.9199829101562,715.9199829101562,715.9450073242188,715.6599731445312,715.780029296875,158379
2026-06-23 14:20:00-04:00,715.77001953125,715.77001953125,715.9500122070312,715.572998046875,715.9249877929688,136104
2026-06-23 14:22:00-04:00,716.4000244140625,716.4000244140625,716.4400024414062,715.739990234375,715.739990234375,227763
2026-06-23 14:24:00-04:00,715.8800048828125,715.8800048828125,716.3049926757812,715.6779174804688,716.25,96315
2026-06-23 14:26:00-04:00,715.8599853515625,715.8599853515625,716.0299072265625,715.719970703125,715.8300170898438,99927
2026-06-23 14:28:00-04:00,715.8800048828125,715.8800048828125,716.1749877929688,715.75,715.8300170898438,65992
2026-06-23 14:30:00-04:00,715.8699951171875,715.8699951171875,716.0549926757812,715.6300048828125,715.8400268554688,139826
2026-06-23 14:32:00-04:00,715.5800170898438,715.5800170898438,715.9500122070312,715.5499877929688,715.8699951171875,96652
2026-06-23 14:34:00-04:00,715.2899780273438,715.2899780273438,715.6900024414062,715.27001953125,715.5999755859375,140578
2026-06-23 14:36:00-04:00,715.22998046875,715.22998046875,715.5164794921875,715.1901245117188,715.2899780273438,94377
2026-06-23 14:38:00-04:00,715.0399780273438,715.0399780273438,715.280029296875,714.9299926757812,715.25,124109
2026-06-23 14:40:00-04:00,714.52001953125,714.52001953125,715.030029296875,714.2100219726562,715.030029296875,165407
2026-06-23 14:42:00-04:00,713.518798828125,713.518798828125,714.510009765625,713.5,714.4949951171875,352397
2026-06-23 14:44:00-04:00,712.8499755859375,712.8499755859375,713.6199951171875,712.8237915039062,713.5,284971
2026-06-23 14:46:00-04:00,712.416015625,712.416015625,713.0599975585938,712.4000244140625,712.8699951171875,276174
2026-06-23 14:48:00-04:00,713.22998046875,713.22998046875,713.280029296875,712.42041015625,712.42041015625,354286
2026-06-23 14:50:00-04:00,713.5349731445312,713.5349731445312,714.0499877929688,713.1901245117188,713.25,293721
2026-06-23 14:52:00-04:00,712.4299926757812,712.4299926757812,713.6900024414062,712.3800048828125,713.5800170898438,281071
2026-06-23 14:54:00-04:00,712.5,712.5,712.8099975585938,712.110107421875,712.427490234375,366315
2026-06-23 14:56:00-04:00,712.7000122070312,712.7000122070312,712.77001953125,712.2899780273438,712.4849853515625,198010
2026-06-23 14:58:00-04:00,713.3800048828125,713.3800048828125,713.6629028320312,712.4600219726562,712.7000122070312,234343
2026-06-23 15:00:00-04:00,714.6099853515625,714.6099853515625,714.6900024414062,712.9749755859375,713.3699951171875,304977
2026-06-23 15:02:00-04:00,715.0700073242188,715.0700073242188,715.1099853515625,714.22998046875,714.5599975585938,309727
2026-06-23 15:04:00-04:00,716.0200805664062,716.0200805664062,716.3400268554688,714.8699951171875,715.0599975585938,352563
2026-06-23 15:06:00-04:00,714.469970703125,714.469970703125,716.030029296875,714.3800048828125,716.02001953125,437281
2026-06-23 15:08:00-04:00,714.0150146484375,714.0150146484375,714.5900268554688,713.739990234375,714.469970703125,261728
2026-06-23 15:10:00-04:00,714.4400024414062,714.4400024414062,714.530029296875,713.52001953125,713.9949951171875,335434
2026-06-23 15:12:00-04:00,714.260009765625,714.260009765625,714.75,713.8599853515625,714.4000244140625,326175
2026-06-23 15:14:00-04:00,714.3001098632812,714.3001098632812,714.7150268554688,714.1699829101562,714.2000122070312,153337
2026-06-23 15:16:00-04:00,713.6599731445312,713.6599731445312,714.7119750976562,713.6199951171875,714.3900146484375,198387
2026-06-23 15:18:00-04:00,713.3499755859375,713.3499755859375,713.8497924804688,713.2899780273438,713.6555786132812,193043
2026-06-23 15:20:00-04:00,713.72998046875,713.72998046875,713.7899780273438,713.0,713.3400268554688,322210
2026-06-23 15:22:00-04:00,715.1400146484375,715.1400146484375,715.3900146484375,713.6199951171875,713.75,335835
2026-06-23 15:24:00-04:00,715.030029296875,715.030029296875,715.1599731445312,714.4400024414062,715.1199951171875,261432
2026-06-23 15:26:00-04:00,715.1199951171875,715.1199951171875,715.77001953125,714.905029296875,714.97998046875,283533
2026-06-23 15:28:00-04:00,715.22998046875,715.22998046875,715.4400024414062,714.7000122070312,715.1400146484375,190471
2026-06-23 15:30:00-04:00,714.8499145507812,714.8499145507812,715.77001953125,714.780029296875,715.239990234375,265008
2026-06-23 15:32:00-04:00,715.530029296875,715.530029296875,715.6950073242188,714.52001953125,714.8499755859375,203114
2026-06-23 15:34:00-04:00,715.7100219726562,715.7100219726562,716.0,715.3699951171875,715.5399780273438,234639
2026-06-23 15:36:00-04:00,715.5609741210938,715.5609741210938,715.97998046875,715.364990234375,715.7426147460938,191743
2026-06-23 15:38:00-04:00,715.280029296875,715.280029296875,715.8499755859375,715.280029296875,715.6099853515625,192471
2026-06-23 15:40:00-04:00,714.7999877929688,714.7999877929688,715.47998046875,714.75,715.2899780273438,195193
2026-06-23 15:42:00-04:00,714.5999755859375,714.5999755859375,715.02001953125,714.3300170898438,714.7999877929688,397197
2026-06-23 15:44:00-04:00,714.6298828125,714.6298828125,715.1300048828125,714.469970703125,714.5999755859375,273927
2026-06-23 15:46:00-04:00,714.0479125976562,714.0479125976562,714.77001953125,714.0399780273438,714.5999755859375,330097
2026-06-23 15:48:00-04:00,714.4749755859375,714.4749755859375,714.5499877929688,713.530029296875,714.0399780273438,355561
2026-06-23 15:50:00-04:00,714.625,714.625,715.260009765625,714.22998046875,714.4500122070312,663482
2026-06-23 15:52:00-04:00,714.489990234375,714.489990234375,714.75,713.9500122070312,714.6300048828125,622801
2026-06-23 15:54:00-04:00,715.1599731445312,715.1599731445312,715.6799926757812,714.3599853515625,714.5399780273438,613369
2026-06-23 15:56:00-04:00,714.6099853515625,714.6099853515625,715.3300170898438,714.5499877929688,715.1599731445312,1092699
2026-06-23 15:58:00-04:00,713.52001953125,713.52001953125,715.1300048828125,713.52001953125,714.6099853515625,2078041
2026-06-24 09:30:00-04:00,714.1699829101562,714.1699829101562,715.3800048828125,713.5499877929688,714.7999877929688,2154900
2026-06-24 09:32:00-04:00,718.030029296875,718.030029296875,718.4650268554688,714.280029296875,714.280029296875,445023
2026-06-24 09:34:00-04:00,717.9099731445312,717.9099731445312,718.3200073242188,717.4099731445312,717.97998046875,302636
2026-06-24 09:36:00-04:00,717.5599975585938,717.5599975585938,718.4998779296875,716.3599853515625,717.9299926757812,275521
2026-06-24 09:38:00-04:00,715.8200073242188,715.8200073242188,717.6749877929688,715.5750122070312,717.5999755859375,542784
2026-06-24 09:40:00-04:00,713.3800048828125,713.3800048828125,716.0549926757812,713.3800048828125,715.72998046875,535062
2026-06-24 09:42:00-04:00,713.3900146484375,713.3900146484375,714.0999755859375,712.739990234375,713.3599853515625,369667
2026-06-24 09:44:00-04:00,714.719970703125,714.719970703125,715.3099975585938,713.3400268554688,713.510009765625,418653
2026-06-24 09:46:00-04:00,713.8800048828125,713.8800048828125,715.4138793945312,713.6799926757812,714.6099853515625,289602
2026-06-24 09:48:00-04:00,714.0999755859375,714.0999755859375,714.6199951171875,711.780029296875,713.9000244140625,388486
2026-06-24 09:50:00-04:00,716.6699829101562,716.6699829101562,716.8200073242188,714.02001953125,714.02001953125,265284
2026-06-24 09:52:00-04:00,716.7449951171875,716.7449951171875,717.08740234375,716.0800170898438,716.6799926757812,290229
2026-06-24 09:54:00-04:00,715.3800048828125,715.3800048828125,717.219970703125,715.0,716.7200927734375,254534
2026-06-24 09:56:00-04:00,714.8499755859375,714.8499755859375,715.7150268554688,714.4739990234375,715.5900268554688,238616
2026-06-24 09:58:00-04:00,714.739990234375,714.739990234375,715.5599975585938,714.2999877929688,714.7899780273438,164714
2026-06-24 10:00:00-04:00,714.239990234375,714.239990234375,715.4600219726562,713.6199951171875,714.7449951171875,256650
2026-06-24 10:02:00-04:00,713.6599731445312,713.6599731445312,714.739990234375,713.3800048828125,714.1900024414062,165757
2026-06-24 10:04:00-04:00,714.9099731445312,714.9099731445312,715.5499877929688,713.510009765625,713.719970703125,218878
2026-06-24 10:06:00-04:00,714.5599975585938,714.5599975585938,715.6599731445312,714.1799926757812,714.9400024414062,160761
2026-06-24 10:08:00-04:00,714.530029296875,714.530029296875,715.094970703125,713.760009765625,714.5399780273438,233260
2026-06-24 10:10:00-04:00,714.3599853515625,714.3599853515625,715.6300048828125,714.0399780273438,714.6099853515625,193743
2026-06-24 10:12:00-04:00,713.9650268554688,713.9650268554688,714.9500122070312,713.510009765625,714.3900146484375,269663
2026-06-24 10:14:00-04:00,713.22998046875,713.22998046875,714.9199829101562,713.22998046875,713.969970703125,163135
2026-06-24 10:16:00-04:00,712.2949829101562,712.2949829101562,713.5900268554688,712.25,713.219970703125,229284
2026-06-24 10:18:00-04:00,712.3800048828125,712.3800048828125,712.9598999023438,712.0900268554688,712.3150024414062,113737
2026-06-24 10:20:00-04:00,713.2899780273438,713.2899780273438,713.5,710.8800048828125,712.1799926757812,358377
2026-06-24 10:22:00-04:00,713.780029296875,713.780029296875,714.2529907226562,713.1099853515625,713.260009765625,212679
2026-06-24 10:24:00-04:00,714.5,714.5,715.0750122070312,713.6099853515625,713.72998046875,175293
2026-06-24 10:26:00-04:00,715.3900146484375,715.3900146484375,715.5999145507812,713.8499755859375,714.530029296875,166737
2026-06-24 10:28:00-04:00,715.1500244140625,715.1500244140625,715.8084716796875,714.72998046875,715.3099975585938,113778
2026-06-24 10:30:00-04:00,716.530029296875,716.530029296875,716.5900268554688,715.1900024414062,715.1900024414062,195700
2026-06-24 10:32:00-04:00,716.0250244140625,716.0250244140625,716.8400268554688,715.760009765625,716.5599975585938,162906
2026-06-24 10:34:00-04:00,716.8217163085938,716.8217163085938,717.0,716.0599975585938,716.0900268554688,292891
2026-06-24 10:36:00-04:00,716.630126953125,716.630126953125,717.1599731445312,716.3699951171875,716.8200073242188,171391
2026-06-24 10:38:00-04:00,715.6099853515625,715.6099853515625,717.1099853515625,715.5499877929688,716.7100219726562,153395
2026-06-24 10:40:00-04:00,715.97998046875,715.97998046875,716.5899047851562,715.5700073242188,715.6699829101562,123321
2026-06-24 10:42:00-04:00,715.8150024414062,715.8150024414062,715.9400024414062,715.2999877929688,715.9400024414062,120131
2026-06-24 10:44:00-04:00,717.239990234375,717.239990234375,717.7999877929688,715.739990234375,715.739990234375,195136
2026-06-24 10:46:00-04:00,718.9199829101562,718.9199829101562,719.02001953125,717.010009765625,717.1801147460938,273876
2026-06-24 10:48:00-04:00,718.1900024414062,718.1900024414062,719.2689819335938,718.0700073242188,718.9099731445312,208485
2026-06-24 10:50:00-04:00,718.4299926757812,718.4299926757812,719.010009765625,718.0919189453125,718.2100219726562,147615
2026-06-24 10:52:00-04:00,718.7999877929688,718.7999877929688,718.97998046875,718.3699951171875,718.469970703125,122194
2026-06-24 10:54:00-04:00,717.3699951171875,717.3699951171875,718.7899780273438,717.1599731445312,718.72998046875,220475
2026-06-24 10:56:00-04:00,718.1500244140625,718.1500244140625,718.3300170898438,717.3699951171875,717.4099731445312,110757
2026-06-24 10:58:00-04:00,719.5499877929688,719.5499877929688,719.5999755859375,718.1500244140625,718.1500244140625,164465
2026-06-24 11:00:00-04:00,719.6400146484375,719.6400146484375,719.9299926757812,719.239990234375,719.5700073242188,211588
2026-06-24 11:02:00-04:00,719.0380249023438,719.0380249023438,719.7999877929688,718.5599975585938,719.5700073242188,143571
2026-06-24 11:04:00-04:00,718.6099853515625,718.6099853515625,719.27001953125,718.3599853515625,719.1099853515625,102634
2026-06-24 11:06:00-04:00,717.8298950195312,717.8298950195312,718.6500244140625,717.6900024414062,718.6400146484375,137024
2026-06-24 11:08:00-04:00,717.0,717.0,718.1599731445312,716.7100219726562,717.8150024414062,162010
2026-06-24 11:10:00-04:00,717.1199951171875,717.1199951171875,717.5,716.7999877929688,717.02001953125,120996
2026-06-24 11:12:00-04:00,716.5499877929688,716.5499877929688,717.15380859375,716.1799926757812,717.1099853515625,143039
2026-06-24 11:14:00-04:00,716.9099731445312,716.9099731445312,717.4600219726562,716.469970703125,716.5599975585938,141602
2026-06-24 11:16:00-04:00,717.6500244140625,717.6500244140625,717.8699951171875,716.635009765625,716.880126953125,278542
2026-06-24 11:18:00-04:00,717.1199951171875,717.1199951171875,717.8798828125,716.4600219726562,717.6099853515625,146807
2026-06-24 11:20:00-04:00,716.7423706054688,716.7423706054688,717.3800048828125,716.6900024414062,717.1799926757812,107043
2026-06-24 11:22:00-04:00,717.0599975585938,717.0599975585938,717.2100219726562,716.4500122070312,716.7100219726562,94883
2026-06-24 11:24:00-04:00,715.2949829101562,715.2949829101562,717.1799926757812,715.0999755859375,717.010009765625,175329
2026-06-24 11:26:00-04:00,716.5999755859375,716.5999755859375,716.89990234375,715.30859375,715.30859375,174367
2026-06-24 11:28:00-04:00,717.4199829101562,717.4199829101562,717.4498901367188,716.22998046875,716.5700073242188,117800
2026-06-24 11:30:00-04:00,717.1099853515625,717.1099853515625,718.0499877929688,717.0499877929688,717.4099731445312,114308
2026-06-24 11:32:00-04:00,716.4199829101562,716.4199829101562,717.4298706054688,716.2999877929688,717.1199951171875,141151
2026-06-24 11:34:00-04:00,717.4600219726562,717.4600219726562,717.5650024414062,716.4550170898438,716.4550170898438,98501
2026-06-24 11:36:00-04:00,717.3200073242188,717.3200073242188,717.6099853515625,716.9299926757812,717.4099731445312,69463
2026-06-24 11:38:00-04:00,716.4758911132812,716.4758911132812,717.3499755859375,716.030029296875,717.3099975585938,89127
2026-06-24 11:40:00-04:00,715.9199829101562,715.9199829101562,716.719970703125,715.8099975585938,716.47998046875,113991
2026-06-24 11:42:00-04:00,715.5499877929688,715.5499877929688,716.010009765625,715.2999877929688,715.9600219726562,115788
2026-06-24 11:44:00-04:00,715.3909912109375,715.3909912109375,716.0700073242188,715.1799926757812,715.5900268554688,99717
2026-06-24 11:46:00-04:00,715.3699951171875,715.3699951171875,715.7249755859375,714.9600219726562,715.3800048828125,113962
2026-06-24 11:48:00-04:00,716.510009765625,716.510009765625,716.6599731445312,715.239990234375,715.4500122070312,105828
2026-06-24 11:50:00-04:00,717.2000122070312,717.2000122070312,717.3099975585938,716.469970703125,716.469970703125,149577
2026-06-24 11:52:00-04:00,717.4099731445312,717.4099731445312,717.6400146484375,716.6400146484375,717.1199951171875,96468
2026-06-24 11:54:00-04:00,717.1300048828125,717.1300048828125,717.5,716.8099975585938,717.4099731445312,100701
2026-06-24 11:56:00-04:00,716.969970703125,716.969970703125,717.25,716.4600219726562,717.130126953125,131692
2026-06-24 11:58:00-04:00,716.2999877929688,716.2999877929688,716.9099731445312,716.1353149414062,716.9000244140625,88788
2026-06-24 12:00:00-04:00,716.3809204101562,716.3809204101562,716.9600219726562,715.9000244140625,716.3400268554688,88080
2026-06-24 12:02:00-04:00,716.309814453125,716.309814453125,716.77001953125,716.0700073242188,716.3875122070312,63186
2026-06-24 12:04:00-04:00,716.2899780273438,716.2899780273438,716.6298828125,716.030029296875,716.3499755859375,76223
2026-06-24 12:06:00-04:00,716.4100952148438,716.4100952148438,716.6400146484375,715.6900024414062,716.2899780273438,84298
2026-06-24 12:08:00-04:00,716.3912963867188,716.3912963867188,716.8400268554688,715.9600219726562,716.4299926757812,62041
2026-06-24 12:10:00-04:00,717.0399780273438,717.0399780273438,717.5,716.0501098632812,716.3699951171875,107566
2026-06-24 12:12:00-04:00,716.5499877929688,716.5499877929688,717.0399169921875,716.239990234375,717.0280151367188,61622
2026-06-24 12:14:00-04:00,716.75,716.75,717.1900024414062,716.5499877929688,716.5599975585938,61466
2026-06-24 12:16:00-04:00,716.60009765625,716.60009765625,716.9656982421875,716.4400024414062,716.7467041015625,49049
2026-06-24 12:18:00-04:00,716.7559204101562,716.7559204101562,716.9899291992188,716.4400024414062,716.5999755859375,49946
2026-06-24 12:20:00-04:00,716.4400024414062,716.4400024414062,717.0,716.2999877929688,716.72998046875,88633
2026-06-24 12:22:00-04:00,717.0999755859375,717.0999755859375,717.3900146484375,716.3099975585938,716.4299926757812,74366
2026-06-24 12:24:00-04:00,716.1165771484375,716.1165771484375,717.2899780273438,716.0900268554688,717.0750122070312,70520
2026-06-24 12:26:00-04:00,716.2100219726562,716.2100219726562,716.4398803710938,715.9500732421875,716.0900268554688,75717
2026-06-24 12:28:00-04:00,716.27001953125,716.27001953125,716.6099853515625,716.1500244140625,716.239990234375,59671
2026-06-24 12:30:00-04:00,715.4400024414062,715.4400024414062,716.2650146484375,715.2000122070312,716.2650146484375,88117
2026-06-24 12:32:00-04:00,715.4000244140625,715.4000244140625,715.5700073242188,715.1400146484375,715.4500122070312,81213
2026-06-24 12:34:00-04:00,715.6500244140625,715.6500244140625,715.8200073242188,715.1400146484375,715.4199829101562,64798
2026-06-24 12:36:00-04:00,714.3400268554688,714.3400268554688,715.719970703125,714.0399780273438,715.6400146484375,135780
2026-06-24 12:38:00-04:00,713.8599853515625,713.8599853515625,714.5800170898438,713.8001098632812,714.3900146484375,106150
2026-06-24 12:40:00-04:00,713.5599975585938,713.5599975585938,713.9000244140625,712.969970703125,713.8599853515625,195437
2026-06-24 12:42:00-04:00,713.16162109375,713.16162109375,713.489990234375,712.8800048828125,713.47998046875,297850
2026-06-24 12:44:00-04:00,713.1300048828125,713.1300048828125,713.760009765625,712.9400024414062,713.2100219726562,171670
2026-06-24 12:46:00-04:00,713.5844116210938,713.5844116210938,713.6699829101562,712.9000244140625,713.0900268554688,113699
2026-06-24 12:48:00-04:00,713.5700073242188,713.5700073242188,713.9299926757812,713.4600219726562,713.5399780273438,152188
2026-06-24 12:50:00-04:00,713.8200073242188,713.8200073242188,714.2894287109375,713.47998046875,713.5800170898438,206151
2026-06-24 12:52:00-04:00,713.3300170898438,713.3300170898438,714.0050048828125,713.25,713.8300170898438,83705
2026-06-24 12:54:00-04:00,712.919921875,712.919921875,713.4498901367188,712.52001953125,713.2999877929688,323269
2026-06-24 12:56:00-04:00,712.760009765625,712.760009765625,713.2780151367188,712.5505981445312,712.9600219726562,80784
2026-06-24 12:58:00-04:00,712.780029296875,712.780029296875,713.0399780273438,712.5399780273438,712.72998046875,72834
2026-06-24 13:00:00-04:00,713.1099853515625,713.1099853515625,713.1500244140625,712.4299926757812,712.719970703125,120431
2026-06-24 13:02:00-04:00,713.9500122070312,713.9500122070312,713.969970703125,712.8400268554688,713.1500244140625,104709
2026-06-24 13:04:00-04:00,713.3701171875,713.3701171875,714.0599975585938,713.3701171875,713.9299926757812,96538
2026-06-24 13:06:00-04:00,711.5999755859375,711.5999755859375,713.489990234375,711.510009765625,713.3900146484375,180816
2026-06-24 13:08:00-04:00,711.7349853515625,711.7349853515625,711.9199829101562,711.260009765625,711.5700073242188,170810
2026-06-24 13:10:00-04:00,711.6849975585938,711.6849975585938,712.3300170898438,711.4500122070312,711.7100219726562,118766
2026-06-24 13:12:00-04:00,711.2603149414062,711.2603149414062,712.239990234375,711.1400146484375,711.739990234375,96389
2026-06-24 13:14:00-04:00,711.5900268554688,711.5900268554688,711.9000244140625,711.1320190429688,711.1699829101562,82676
2026-06-24 13:16:00-04:00,710.4299926757812,710.4299926757812,711.605224609375,710.010009765625,711.605224609375,210901
2026-06-24 13:18:00-04:00,710.02001953125,710.02001953125,710.4899291992188,709.6500244140625,710.4299926757812,269025
2026-06-24 13:20:00-04:00,709.2899780273438,709.2899780273438,710.0349731445312,709.0,710.0252075195312,290514
2026-06-24 13:22:00-04:00,709.1619873046875,709.1619873046875,710.0800170898438,708.9400024414062,709.3599853515625,194037
2026-06-24 13:24:00-04:00,709.0599975585938,709.0599975585938,709.4600219726562,708.4199829101562,709.1395874023438,174338
2026-06-24 13:26:00-04:00,708.5700073242188,708.5700073242188,709.3400268554688,708.5700073242188,709.114990234375,132995
2026-06-24 13:28:00-04:00,708.030029296875,708.030029296875,708.6099853515625,707.8699951171875,708.5700073242188,272509
2026-06-24 13:30:00-04:00,707.5,707.5,708.7999877929688,707.280029296875,708.0599975585938,275634
2026-06-24 13:32:00-04:00,707.6699829101562,707.6699829101562,707.9813232421875,706.9661865234375,707.489990234375,357049
2026-06-24 13:34:00-04:00,708.5599975585938,708.5599975585938,709.3800048828125,707.72998046875,707.72998046875,261230
2026-06-24 13:36:00-04:00,708.02001953125,708.02001953125,708.7399291992188,707.72998046875,708.52001953125,118290
2026-06-24 13:38:00-04:00,708.760009765625,708.760009765625,708.8400268554688,707.5900268554688,708.02001953125,168931
2026-06-24 13:40:00-04:00,708.9619140625,708.9619140625,709.1699829101562,708.3699951171875,708.77001953125,134135
2026-06-24 13:42:00-04:00,708.4199829101562,708.4199829101562,709.25,708.290283203125,708.9400024414062,140570
2026-06-24 13:44:00-04:00,707.719970703125,707.719970703125,708.5499877929688,707.7100219726562,708.4099731445312,251209
2026-06-24 13:46:00-04:00,709.0800170898438,709.0800170898438,709.27001953125,707.4600219726562,707.739990234375,245588
2026-06-24 13:48:00-04:00,708.760009765625,708.760009765625,709.22998046875,708.469970703125,709.0798950195312,106166
2026-06-24 13:50:00-04:00,708.47998046875,708.47998046875,709.02001953125,708.1400146484375,708.7100219726562,102127
2026-06-24 13:52:00-04:00,708.5,708.5,708.6199951171875,708.0,708.5299072265625,125631
2026-06-24 13:54:00-04:00,709.02001953125,709.02001953125,709.1998901367188,708.0900268554688,708.510009765625,184501
2026-06-24 13:56:00-04:00,707.97998046875,707.97998046875,709.280029296875,707.9119262695312,709.02001953125,136781
2026-06-24 13:58:00-04:00,707.4600219726562,707.4600219726562,707.969970703125,707.0,707.969970703125,308635
2026-06-24 14:00:00-04:00,708.377197265625,708.377197265625,708.9600219726562,707.219970703125,707.47998046875,217313
2026-06-24 14:02:00-04:00,707.8499755859375,707.8499755859375,708.4199829101562,707.6699829101562,708.4199829101562,104986
2026-06-24 14:04:00-04:00,708.0800170898438,708.0800170898438,708.3900146484375,707.72998046875,707.760009765625,103236
2026-06-24 14:06:00-04:00,708.47998046875,708.47998046875,709.239990234375,708.0900268554688,708.098876953125,145426
2026-06-24 14:08:00-04:00,708.9400024414062,708.9400024414062,708.97998046875,708.3599853515625,708.4500122070312,94781
2026-06-24 14:10:00-04:00,708.4299926757812,708.4299926757812,709.02001953125,708.4299926757812,708.8599853515625,103840
2026-06-24 14:12:00-04:00,708.5899047851562,708.5899047851562,708.760009765625,708.0700073242188,708.4199829101562,273472
2026-06-24 14:14:00-04:00,709.9400024414062,709.9400024414062,710.0800170898438,708.22998046875,708.52001953125,184721
2026-06-24 14:16:00-04:00,709.9600219726562,709.9600219726562,710.239990234375,709.5,709.9199829101562,143538
2026-06-24 14:18:00-04:00,710.3599853515625,710.3599853515625,710.5499877929688,709.0386962890625,709.9500122070312,183068
2026-06-24 14:20:00-04:00,710.2899780273438,710.2899780273438,710.489990234375,710.046875,710.394775390625,114805
2026-06-24 14:22:00-04:00,710.6812744140625,710.6812744140625,710.780029296875,710.1737060546875,710.260009765625,153196
2026-06-24 14:24:00-04:00,711.52001953125,711.52001953125,711.642822265625,710.5,710.6799926757812,228791
2026-06-24 14:26:00-04:00,711.0900268554688,711.0900268554688,711.5650024414062,710.9849853515625,711.5399780273438,189189
2026-06-24 14:28:00-04:00,711.0900268554688,711.0900268554688,711.5798950195312,710.8200073242188,711.030029296875,103136
2026-06-24 14:30:00-04:00,711.1099853515625,711.1099853515625,711.469970703125,710.8400268554688,711.1400146484375,152705
2026-06-24 14:32:00-04:00,710.1799926757812,710.1799926757812,711.1400146484375,710.0900268554688,711.0399780273438,194638
2026-06-24 14:34:00-04:00,709.6900024414062,709.6900024414062,710.659912109375,709.4306030273438,710.14501953125,124184
2026-06-24 14:36:00-04:00,709.8200073242188,709.8200073242188,710.3499755859375,709.3300170898438,709.6699829101562,140186
2026-06-24 14:38:00-04:00,709.3900146484375,709.3900146484375,710.02001953125,709.2000122070312,709.760009765625,127928
2026-06-24 14:40:00-04:00,708.8499755859375,708.8499755859375,709.5900268554688,708.3165283203125,709.4099731445312,157651
2026-06-24 14:42:00-04:00,708.5900268554688,708.5900268554688,709.25,708.4500122070312,708.8099975585938,156261
2026-06-24 14:44:00-04:00,708.469970703125,708.469970703125,708.9299926757812,708.3599853515625,708.5900268554688,154575
2026-06-24 14:46:00-04:00,707.3298950195312,707.3298950195312,708.6099853515625,707.2899780273438,708.489990234375,231493
2026-06-24 14:48:00-04:00,706.6500244140625,706.6500244140625,707.4400024414062,706.2011108398438,707.3400268554688,262124
2026-06-24 14:50:00-04:00,706.0,706.0,706.8499755859375,705.9400024414062,706.6900024414062,223294
2026-06-24 14:52:00-04:00,706.498291015625,706.498291015625,706.719970703125,705.9299926757812,705.9500122070312,146117
2026-06-24 14:54:00-04:00,706.9600219726562,706.9600219726562,707.1599731445312,706.469970703125,706.4749755859375,233178
2026-06-24 14:56:00-04:00,707.0700073242188,707.0700073242188,708.0,706.8400268554688,706.969970703125,193206
2026-06-24 14:58:00-04:00,706.4398803710938,706.4398803710938,707.0750122070312,706.0300903320312,707.0750122070312,160565
2026-06-24 15:00:00-04:00,705.7698974609375,705.7698974609375,706.6500244140625,705.5800170898438,706.4299926757812,215653
2026-06-24 15:02:00-04:00,707.7000122070312,707.7000122070312,708.0700073242188,705.719970703125,705.760009765625,280199
2026-06-24 15:04:00-04:00,706.6500244140625,706.6500244140625,707.8400268554688,706.2999877929688,707.6900024414062,191858
2026-06-24 15:06:00-04:00,705.0399780273438,705.0399780273438,706.7150268554688,704.760009765625,706.6300048828125,380696
2026-06-24 15:08:00-04:00,705.25,705.25,705.6099853515625,704.7999877929688,705.0599975585938,258950
2026-06-24 15:10:00-04:00,704.6699829101562,704.6699829101562,705.5700073242188,704.60009765625,705.25,288481
2026-06-24 15:12:00-04:00,704.530029296875,704.530029296875,705.030029296875,704.4500122070312,704.719970703125,228684
2026-06-24 15:14:00-04:00,705.3200073242188,705.3200073242188,705.780029296875,704.5401000976562,704.5401000976562,276439
2026-06-24 15:16:00-04:00,705.3200073242188,705.3200073242188,705.5900268554688,704.9400024414062,705.3099975585938,207382
2026-06-24 15:18:00-04:00,705.5800170898438,705.5800170898438,705.7999877929688,705.0700073242188,705.2520141601562,132814
2026-06-24 15:20:00-04:00,705.5900268554688,705.5900268554688,705.780029296875,705.1599731445312,705.6199951171875,117128
2026-06-24 15:22:00-04:00,705.9600219726562,705.9600219726562,706.1721801757812,705.3370971679688,705.5750122070312,129816
2026-06-24 15:24:00-04:00,706.6099853515625,706.6099853515625,707.0700073242188,705.6900024414062,705.9400024414062,251684
2026-06-24 15:26:00-04:00,706.9500122070312,706.9500122070312,707.4400024414062,706.4099731445312,706.6400146484375,261793
2026-06-24 15:28:00-04:00,707.3223266601562,707.3223266601562,707.5800170898438,706.7899780273438,706.9600219726562,138276
2026-06-24 15:30:00-04:00,707.3800048828125,707.3800048828125,708.0,707.0499877929688,707.3400268554688,244459
2026-06-24 15:32:00-04:00,707.4199829101562,707.4199829101562,707.739990234375,707.0499877929688,707.4249877929688,168149
2026-06-24 15:34:00-04:00,707.5100708007812,707.5100708007812,707.8300170898438,707.1199951171875,707.4500122070312,234155
2026-06-24 15:36:00-04:00,707.969970703125,707.969970703125,708.530029296875,707.4099731445312,707.530029296875,265447
2026-06-24 15:38:00-04:00,708.4500122070312,708.4500122070312,708.72998046875,707.8400268554688,707.969970703125,169132
2026-06-24 15:40:00-04:00,707.8800048828125,707.8800048828125,708.8350219726562,707.8200073242188,708.4500122070312,206969
2026-06-24 15:42:00-04:00,707.239990234375,707.239990234375,707.9199829101562,706.75,707.9000244140625,303859
2026-06-24 15:44:00-04:00,708.2299194335938,708.2299194335938,708.4063110351562,707.1099853515625,707.260009765625,324328
2026-06-24 15:46:00-04:00,707.97998046875,707.97998046875,708.27001953125,707.489990234375,708.260009765625,210199
2026-06-24 15:48:00-04:00,708.344970703125,708.344970703125,708.3699951171875,707.7000122070312,707.9600219726562,224966
2026-06-24 15:50:00-04:00,709.1309814453125,709.1309814453125,709.4099731445312,707.7899780273438,708.3599853515625,522398
2026-06-24 15:52:00-04:00,709.7905883789062,709.7905883789062,709.9099731445312,708.9600219726562,709.1699829101562,241768
2026-06-24 15:54:00-04:00,709.6799926757812,709.6799926757812,709.97998046875,709.1099853515625,709.7899780273438,758145
2026-06-24 15:56:00-04:00,709.2949829101562,709.2949829101562,709.75,708.6400146484375,709.6799926757812,507669
2026-06-24 15:58:00-04:00,710.6300048828125,710.6300048828125,710.9600219726562,709.1799926757812,709.27001953125,1201137
2026-06-25 09:30:00-04:00,724.0900268554688,724.0900268554688,726.760009765625,723.7999877929688,725.9099731445312,2848215
2026-06-25 09:32:00-04:00,723.3699951171875,723.3699951171875,724.3599853515625,723.1500244140625,724.22998046875,287079
2026-06-25 09:34:00-04:00,724.28369140625,724.28369140625,724.28369140625,723.2999877929688,723.388671875,323619
2026-06-25 09:36:00-04:00,722.9000244140625,722.9000244140625,724.3900146484375,722.8499755859375,724.2896728515625,377817
2026-06-25 09:38:00-04:00,722.0900268554688,722.0900268554688,723.030029296875,721.9819946289062,722.9099731445312,375728
2026-06-25 09:40:00-04:00,719.8300170898438,719.8300170898438,722.4400024414062,719.8200073242188,722.1199951171875,572149
2026-06-25 09:42:00-04:00,716.6099853515625,716.6099853515625,720.02001953125,716.344970703125,719.844970703125,678418
2026-06-25 09:44:00-04:00,714.9749755859375,714.9749755859375,717.7100219726562,714.77001953125,716.6500244140625,774851
2026-06-25 09:46:00-04:00,712.4400024414062,712.4400024414062,715.3499755859375,711.7899780273438,714.8699951171875,1072177
2026-06-25 09:48:00-04:00,713.4099731445312,713.4099731445312,713.7899780273438,710.8099975585938,712.510009765625,711806
2026-06-25 09:50:00-04:00,711.0700073242188,711.0700073242188,714.530029296875,710.97998046875,713.4600219726562,710145
2026-06-25 09:52:00-04:00,709.02001953125,709.02001953125,711.7000122070312,708.7849731445312,711.1699829101562,742076
2026-06-25 09:54:00-04:00,707.3499755859375,707.3499755859375,709.8099975585938,706.1519775390625,709.0,994410
2026-06-25 09:56:00-04:00,708.2000122070312,708.2000122070312,709.25,706.8699951171875,707.3699951171875,657762
2026-06-25 09:58:00-04:00,705.760009765625,705.760009765625,708.989990234375,705.2999877929688,708.22998046875,564707
2026-06-25 10:00:00-04:00,708.3499755859375,708.3499755859375,709.25,705.6199951171875,705.8400268554688,692943
2026-06-25 10:02:00-04:00,710.4500122070312,710.4500122070312,711.27001953125,707.8499755859375,708.4500122070312,788459
2026-06-25 10:04:00-04:00,710.2899780273438,710.2899780273438,711.8099975585938,709.3499755859375,710.5,552158
2026-06-25 10:06:00-04:00,712.0599975585938,712.0599975585938,712.1900024414062,709.989990234375,710.3099975585938,551999
2026-06-25 10:08:00-04:00,712.8150024414062,712.8150024414062,713.0413208007812,711.3800048828125,712.0,451275
2026-06-25 10:10:00-04:00,714.1801147460938,714.1801147460938,714.869873046875,712.530029296875,712.7849731445312,691043
2026-06-25 10:12:00-04:00,712.1099853515625,712.1099853515625,714.5399780273438,711.5405883789062,714.2100219726562,627155
2026-06-25 10:14:00-04:00,711.0999755859375,711.0999755859375,712.8499755859375,710.9039916992188,712.1599731445312,544481
2026-06-25 10:16:00-04:00,711.0800170898438,711.0800170898438,711.8499755859375,709.6799926757812,711.1599731445312,345290
2026-06-25 10:18:00-04:00,712.875,712.875,712.989990234375,709.9400024414062,711.010009765625,313942
2026-06-25 10:20:00-04:00,714.4398803710938,714.4398803710938,714.510009765625,712.5,712.8200073242188,356465
2026-06-25 10:22:00-04:00,712.3300170898438,712.3300170898438,714.6500244140625,711.6699829101562,714.3699951171875,468840
2026-06-25 10:24:00-04:00,712.4600219726562,712.4600219726562,712.9199829101562,710.77001953125,712.3300170898438,265796
2026-06-25 10:26:00-04:00,711.9099731445312,711.9099731445312,713.510009765625,711.69287109375,712.4299926757812,165061
2026-06-25 10:28:00-04:00,712.3099975585938,712.3099975585938,712.9299926757812,711.4721069335938,711.9600219726562,215849
2026-06-25 10:30:00-04:00,712.6400146484375,712.6400146484375,713.530029296875,712.219970703125,712.2899780273438,189155
2026-06-25 10:32:00-04:00,714.739990234375,714.739990234375,715.3699951171875,712.2501831054688,712.6599731445312,317145
2026-06-25 10:34:00-04:00,714.3150024414062,714.3150024414062,714.8900146484375,713.0883178710938,714.780029296875,240046
2026-06-25 10:36:00-04:00,713.280029296875,713.280029296875,714.7799072265625,712.7901000976562,714.2800903320312,279382
2026-06-25 10:38:00-04:00,714.9899291992188,714.9899291992188,715.2100219726562,713.1599731445312,713.3400268554688,226339
2026-06-25 10:40:00-04:00,714.27001953125,714.27001953125,715.219970703125,714.0,714.9749755859375,238819
2026-06-25 10:42:00-04:00,712.5800170898438,712.5800170898438,714.2368774414062,712.5,714.2368774414062,193404
2026-06-25 10:44:00-04:00,712.530029296875,712.530029296875,713.0800170898438,711.6799926757812,712.6599731445312,206389
2026-06-25 10:46:00-04:00,712.4401245117188,712.4401245117188,712.8400268554688,711.9500122070312,712.5,145204
2026-06-25 10:48:00-04:00,714.280029296875,714.280029296875,714.6300048828125,712.5399780273438,712.5399780273438,117448
2026-06-25 10:50:00-04:00,715.719970703125,715.719970703125,715.8800048828125,713.6799926757812,714.27001953125,214472
2026-06-25 10:52:00-04:00,715.9500122070312,715.9500122070312,716.739990234375,715.530029296875,715.6900024414062,217868
2026-06-25 10:54:00-04:00,716.2000122070312,716.2000122070312,716.77001953125,715.8201293945312,715.9400024414062,182924
2026-06-25 10:56:00-04:00,713.135009765625,713.135009765625,716.2598876953125,712.9901123046875,716.0599975585938,274232
2026-06-25 10:58:00-04:00,713.4299926757812,713.4299926757812,714.1400146484375,712.9600219726562,713.1849975585938,352882
2026-06-25 11:00:00-04:00,713.969970703125,713.969970703125,714.6900024414062,712.8001098632812,713.469970703125,310862
2026-06-25 11:02:00-04:00,714.489990234375,714.489990234375,714.9598999023438,713.6799926757812,713.9600219726562,349633
2026-06-25 11:04:00-04:00,714.3800048828125,714.3800048828125,716.0700073242188,714.0599975585938,714.4349975585938,236243
2026-06-25 11:06:00-04:00,713.8200073242188,713.8200073242188,714.5900268554688,713.3499755859375,714.1900024414062,183962
2026-06-25 11:08:00-04:00,713.7799072265625,713.7799072265625,714.469970703125,713.1956176757812,713.885009765625,77816
2026-06-25 11:10:00-04:00,712.510009765625,712.510009765625,714.0299072265625,712.1799926757812,713.655029296875,145497
2026-06-25 11:12:00-04:00,711.02001953125,711.02001953125,712.77001953125,710.8699951171875,712.5087280273438,323892
2026-06-25 11:14:00-04:00,709.885009765625,709.885009765625,711.3200073242188,709.239990234375,711.1799926757812,334977
2026-06-25 11:16:00-04:00,711.0,711.0,711.280029296875,709.4600219726562,710.0499877929688,227471
2026-06-25 11:18:00-04:00,712.3900146484375,712.3900146484375,712.8049926757812,710.8099975585938,710.9199829101562,201937
2026-06-25 11:20:00-04:00,713.0800170898438,713.0800170898438,713.0800170898438,711.2000122070312,712.3748168945312,200696
2026-06-25 11:22:00-04:00,713.0750122070312,713.0750122070312,713.5700073242188,712.52001953125,712.9420166015625,148885
2026-06-25 11:24:00-04:00,712.8400268554688,712.8400268554688,714.1898803710938,712.8200073242188,713.0599975585938,190062
2026-06-25 11:26:00-04:00,713.280029296875,713.280029296875,713.6500244140625,712.2000122070312,712.9299926757812,467118
2026-06-25 11:28:00-04:00,712.9199829101562,712.9199829101562,713.3798828125,712.4000244140625,713.3798828125,89560
2026-06-25 11:30:00-04:00,713.739990234375,713.739990234375,714.2100219726562,712.780029296875,713.0449829101562,117497
2026-06-25 11:32:00-04:00,714.239990234375,714.239990234375,714.7698974609375,713.69287109375,713.7000122070312,129465
2026-06-25 11:34:00-04:00,713.6400146484375,713.6400146484375,714.419921875,712.989990234375,714.2171020507812,128286
2026-06-25 11:36:00-04:00,713.8800048828125,713.8800048828125,714.5399780273438,713.5999755859375,713.6300048828125,108278
2026-06-25 11:38:00-04:00,713.6199951171875,713.6199951171875,714.3099975585938,713.5499877929688,713.9000244140625,73167
2026-06-25 11:40:00-04:00,713.97998046875,713.97998046875,714.2999877929688,713.4000244140625,713.60498046875,96915
2026-06-25 11:42:00-04:00,714.1699829101562,714.1699829101562,714.6400146484375,713.60009765625,713.9600219726562,85438
2026-06-25 11:44:00-04:00,715.8599853515625,715.8599853515625,716.0,714.22998046875,714.25,262749
2026-06-25 11:46:00-04:00,716.0800170898438,716.0800170898438,716.469970703125,715.780029296875,715.8300170898438,201564
2026-06-25 11:48:00-04:00,714.5999755859375,714.5999755859375,716.0800170898438,714.2899780273438,716.0800170898438,138477
2026-06-25 11:50:00-04:00,714.760009765625,714.760009765625,715.3657836914062,713.8900146484375,714.510009765625,119645
2026-06-25 11:52:00-04:00,714.5399780273438,714.5399780273438,714.9000244140625,714.209228515625,714.6599731445312,62738
2026-06-25 11:54:00-04:00,714.760009765625,714.760009765625,715.25,714.6300048828125,714.6400146484375,50273
2026-06-25 11:56:00-04:00,714.8400268554688,714.8400268554688,715.3638916015625,714.5,714.7387084960938,58787
2026-06-25 11:58:00-04:00,714.0499877929688,714.0499877929688,714.8001098632812,713.8900146484375,714.7999877929688,100110
2026-06-25 12:00:00-04:00,714.3499755859375,714.3499755859375,714.6099853515625,713.7000122070312,714.0499877929688,103279
2026-06-25 12:02:00-04:00,714.010009765625,714.010009765625,714.4609985351562,713.7999877929688,714.3400268554688,89769
2026-06-25 12:04:00-04:00,715.25,715.25,715.47998046875,714.0999755859375,714.1649780273438,84948
2026-06-25 12:06:00-04:00,716.0599975585938,716.0599975585938,716.5900268554688,715.1199951171875,715.20947265625,173962
2026-06-25 12:08:00-04:00,717.1749877929688,717.1749877929688,717.3405151367188,715.8505249023438,716.169921875,247927
2026-06-25 12:10:00-04:00,717.6300048828125,717.6300048828125,718.4400024414062,717.0,717.1699829101562,225171
2026-06-25 12:12:00-04:00,718.4000244140625,718.4000244140625,718.47998046875,717.22998046875,717.6795043945312,168848
2026-06-25 12:14:00-04:00,718.614990234375,718.614990234375,718.7399291992188,717.9000854492188,718.3099975585938,143615
2026-06-25 12:16:00-04:00,718.8099975585938,718.8099975585938,719.1099853515625,718.4600219726562,718.5999755859375,185327
2026-06-25 12:18:00-04:00,717.8800048828125,717.8800048828125,719.0,717.7000122070312,718.77001953125,252751
2026-06-25 12:20:00-04:00,717.85498046875,717.85498046875,718.280029296875,717.3400268554688,717.9299926757812,168624
2026-06-25 12:22:00-04:00,716.3499755859375,716.3499755859375,718.0,716.2999877929688,717.8734741210938,140572
2026-06-25 12:24:00-04:00,716.1300048828125,716.1300048828125,716.7510986328125,715.8499755859375,716.3699951171875,142441
2026-06-25 12:26:00-04:00,716.4099731445312,716.4099731445312,716.5850219726562,716.0399780273438,716.0399780273438,60367
2026-06-25 12:28:00-04:00,716.5700073242188,716.5700073242188,716.7000122070312,716.010009765625,716.3800048828125,93081
2026-06-25 12:30:00-04:00,715.4099731445312,715.4099731445312,716.6400146484375,715.35302734375,716.5650024414062,105881
2026-06-25 12:32:00-04:00,715.1500244140625,715.1500244140625,715.8400268554688,714.4500122070312,715.468017578125,109988
2026-06-25 12:34:00-04:00,715.4000244140625,715.4000244140625,715.489990234375,714.6900024414062,715.1799926757812,111544
2026-06-25 12:36:00-04:00,715.1649780273438,715.1649780273438,715.864990234375,714.8599853515625,715.3699951171875,87355
2026-06-25 12:38:00-04:00,714.6300048828125,714.6300048828125,715.1500244140625,714.4099731445312,715.1500244140625,130911
2026-06-25 12:40:00-04:00,714.1799926757812,714.1799926757812,714.9600219726562,714.1300048828125,714.6749877929688,109913
2026-06-25 12:42:00-04:00,713.7899169921875,713.7899169921875,714.7100219726562,713.780029296875,714.2050170898438,151156
2026-06-25 12:44:00-04:00,712.469970703125,712.469970703125,713.9299926757812,712.2999877929688,713.8499145507812,247263
2026-06-25 12:46:00-04:00,714.219970703125,714.219970703125,714.5599975585938,712.3800048828125,712.5,319594
2026-06-25 12:48:00-04:00,715.0700073242188,715.0700073242188,715.2235717773438,714.2000122070312,714.239990234375,229726
2026-06-25 12:50:00-04:00,714.6099853515625,714.6099853515625,715.2999877929688,714.5217895507812,715.0499877929688,106745
2026-06-25 12:52:00-04:00,714.969970703125,714.969970703125,715.4384765625,714.1699829101562,714.5798950195312,169362
2026-06-25 12:54:00-04:00,714.2150268554688,714.2150268554688,715.3800048828125,713.969970703125,714.9299926757812,94003
2026-06-25 12:56:00-04:00,713.97998046875,713.97998046875,714.64501953125,713.8101196289062,714.2000122070312,75057
2026-06-25 12:58:00-04:00,714.6199951171875,714.6199951171875,714.7100219726562,714.0,714.0250244140625,55256
2026-06-25 13:00:00-04:00,715.0499877929688,715.0499877929688,715.4299926757812,714.6035766601562,714.6035766601562,168217
2026-06-25 13:02:00-04:00,715.0900268554688,715.0900268554688,715.3098754882812,714.5999755859375,715.1500244140625,128357
2026-06-25 13:04:00-04:00,714.864990234375,714.864990234375,715.1799926757812,714.5800170898438,715.1400146484375,114953
2026-06-25 13:06:00-04:00,715.0,715.0,715.030029296875,714.3900146484375,714.8200073242188,77535
2026-06-25 13:08:00-04:00,715.1699829101562,715.1699829101562,715.4299926757812,714.8900146484375,714.9600219726562,271546
2026-06-25 13:10:00-04:00,716.280029296875,716.280029296875,716.9149780273438,715.260009765625,715.260009765625,219098
2026-06-25 13:12:00-04:00,716.5599975585938,716.5599975585938,716.6900024414062,715.7509765625,716.3599853515625,116367
2026-06-25 13:14:00-04:00,717.4155883789062,717.4155883789062,717.52001953125,716.14501953125,716.52001953125,126387
2026-06-25 13:16:00-04:00,716.8599853515625,716.8599853515625,717.6799926757812,716.5800170898438,717.35498046875,105036
2026-06-25 13:18:00-04:00,715.0650024414062,715.0650024414062,716.889892578125,715.0499877929688,716.889892578125,180985
2026-06-25 13:20:00-04:00,715.469970703125,715.469970703125,715.719970703125,714.4100952148438,715.0800170898438,128806
2026-06-25 13:22:00-04:00,715.489990234375,715.489990234375,715.739990234375,714.989990234375,715.4949951171875,71353
2026-06-25 13:24:00-04:00,715.9349975585938,715.9349975585938,716.2100219726562,715.6099853515625,715.6500244140625,55739
2026-06-25 13:26:00-04:00,716.7349853515625,716.7349853515625,716.9400024414062,715.9962158203125,715.9962158203125,64215
2026-06-25 13:28:00-04:00,716.5867919921875,716.5867919921875,716.6749877929688,716.0399780273438,716.6749877929688,81391
2026-06-25 13:30:00-04:00,716.3200073242188,716.3200073242188,716.9199829101562,716.1901245117188,716.6799926757812,253651
2026-06-25 13:32:00-04:00,715.9949951171875,715.9949951171875,716.4957275390625,715.5599975585938,716.280029296875,68288
2026-06-25 13:34:00-04:00,716.1699829101562,716.1699829101562,716.3800048828125,715.6849975585938,716.02001953125,58665
2026-06-25 13:36:00-04:00,716.3104248046875,716.3104248046875,716.7999877929688,716.1199951171875,716.1400146484375,85124
2026-06-25 13:38:00-04:00,716.7050170898438,716.7050170898438,716.7796020507812,716.2100219726562,716.280029296875,43956
2026-06-25 13:40:00-04:00,716.760009765625,716.760009765625,717.3699951171875,716.6300048828125,716.7000122070312,149932
2026-06-25 13:42:00-04:00,716.0900268554688,716.0900268554688,716.8599853515625,716.0900268554688,716.77001953125,89106
2026-06-25 13:44:00-04:00,715.169921875,715.169921875,716.0900268554688,714.9600219726562,716.0700073242188,180422
2026-06-25 13:46:00-04:00,715.0698852539062,715.0698852539062,715.6500244140625,714.77001953125,715.1300048828125,77892
2026-06-25 13:48:00-04:00,714.9299926757812,714.9299926757812,715.2100219726562,714.630126953125,715.0800170898438,88381
2026-06-25 13:50:00-04:00,714.9349975585938,714.9349975585938,715.27001953125,714.6300048828125,714.9000244140625,94713
2026-06-25 13:52:00-04:00,716.1351928710938,716.1351928710938,716.2999877929688,714.9600219726562,714.9600219726562,100311
2026-06-25 13:54:00-04:00,716.4000244140625,716.4000244140625,716.469970703125,715.8900146484375,716.0549926757812,62093
2026-06-25 13:56:00-04:00,716.764404296875,716.764404296875,716.9384765625,715.6799926757812,716.4024047851562,127200
2026-06-25 13:58:00-04:00,717.3411865234375,717.3411865234375,717.489990234375,716.7000122070312,716.719970703125,245598
2026-06-25 14:00:00-04:00,717.0133056640625,717.0133056640625,717.4398803710938,716.8099975585938,717.3099975585938,246333
2026-06-25 14:02:00-04:00,714.6500244140625,714.6500244140625,717.02001953125,714.6199951171875,717.02001953125,300398
2026-06-25 14:04:00-04:00,715.4500122070312,715.4500122070312,715.5700073242188,714.5800170898438,714.6699829101562,102540
2026-06-25 14:06:00-04:00,716.8599853515625,716.8599853515625,717.0899047851562,715.4600219726562,715.4600219726562,120066
2026-06-25 14:08:00-04:00,717.3599853515625,717.3599853515625,717.6699829101562,716.7000122070312,716.9099731445312,126088
2026-06-25 14:10:00-04:00,717.4400024414062,717.4400024414062,717.7899780273438,716.9600219726562,717.3400268554688,147911
2026-06-25 14:12:00-04:00,716.5900268554688,716.5900268554688,717.77001953125,716.4299926757812,717.4600219726562,279781
2026-06-25 14:14:00-04:00,716.4432983398438,716.4432983398438,717.0,716.1400146484375,716.510009765625,100351
2026-06-25 14:16:00-04:00,717.1099853515625,717.1099853515625,717.4199829101562,716.4801025390625,716.510009765625,75628
2026-06-25 14:18:00-04:00,718.32958984375,718.32958984375,719.0999755859375,717.030029296875,717.135009765625,243788
2026-06-25 14:20:00-04:00,717.5499877929688,717.5499877929688,718.8300170898438,717.2100219726562,718.3399047851562,152549
2026-06-25 14:22:00-04:00,718.0,718.0,718.1799926757812,717.52001953125,717.5599975585938,97611
2026-06-25 14:24:00-04:00,718.780029296875,718.780029296875,718.89501953125,717.8699951171875,717.9600219726562,123775
2026-06-25 14:26:00-04:00,719.1300048828125,719.1300048828125,719.1749877929688,718.6699829101562,718.7899780273438,208265
2026-06-25 14:28:00-04:00,719.27001953125,719.27001953125,719.5900268554688,719.0,719.094970703125,184480
2026-06-25 14:30:00-04:00,717.944580078125,717.944580078125,719.260009765625,717.6799926757812,719.260009765625,184122
2026-06-25 14:32:00-04:00,716.8099975585938,716.8099975585938,718.0499877929688,716.6400146484375,717.9411010742188,134625
2026-06-25 14:34:00-04:00,716.6699829101562,716.6699829101562,717.0399780273438,715.989990234375,716.780029296875,93247
2026-06-25 14:36:00-04:00,717.1599731445312,717.1599731445312,717.219970703125,716.52001953125,716.6300048828125,194829
2026-06-25 14:38:00-04:00,717.1099853515625,717.1099853515625,717.5682983398438,716.52001953125,717.0399780273438,105815
2026-06-25 14:40:00-04:00,716.4500122070312,716.4500122070312,717.22998046875,716.3200073242188,717.030029296875,90193
2026-06-25 14:42:00-04:00,717.2899780273438,717.2899780273438,717.3099975585938,716.3599853515625,716.4500122070312,100646
2026-06-25 14:44:00-04:00,716.3900146484375,716.3900146484375,717.4299926757812,716.1500244140625,717.260009765625,110005
2026-06-25 14:46:00-04:00,715.6500854492188,715.6500854492188,716.5349731445312,715.0700073242188,716.4000244140625,138628
2026-06-25 14:48:00-04:00,716.5599975585938,716.5599975585938,716.5700073242188,715.5599975585938,715.7000122070312,144948
2026-06-25 14:50:00-04:00,716.280029296875,716.280029296875,717.0,716.25,716.5599975585938,201379
2026-06-25 14:52:00-04:00,717.010009765625,717.010009765625,717.62939453125,716.219970703125,716.3200073242188,74917
2026-06-25 14:54:00-04:00,716.989013671875,716.989013671875,717.27001953125,716.489990234375,717.0573120117188,75701
2026-06-25 14:56:00-04:00,716.5499877929688,716.5499877929688,717.030029296875,716.22998046875,716.969970703125,94399
2026-06-25 14:58:00-04:00,716.6199951171875,716.6199951171875,716.75,716.2200927734375,716.5700073242188,62652
2026-06-25 15:00:00-04:00,715.989990234375,715.989990234375,716.7999877929688,715.969970703125,716.7999877929688,80647
2026-06-25 15:02:00-04:00,715.280029296875,715.280029296875,716.0186157226562,714.75,716.0,143512
2026-06-25 15:04:00-04:00,714.510009765625,714.510009765625,715.4400024414062,714.5,715.3400268554688,121745
2026-06-25 15:06:00-04:00,715.219970703125,715.219970703125,715.27001953125,714.4299926757812,714.52001953125,173981
2026-06-25 15:08:00-04:00,715.1199951171875,715.1199951171875,715.4799194335938,714.75,715.2550048828125,73752
2026-06-25 15:10:00-04:00,714.9349975585938,714.9349975585938,715.3400268554688,714.719970703125,715.1699829101562,121649
2026-06-25 15:12:00-04:00,714.489990234375,714.489990234375,715.2899780273438,714.3099975585938,714.9000854492188,102084
2026-06-25 15:14:00-04:00,713.9099731445312,713.9099731445312,714.6699829101562,713.5399780273438,714.469970703125,289726
2026-06-25 15:16:00-04:00,713.3400268554688,713.3400268554688,714.510009765625,713.2999877929688,713.9500122070312,158250
2026-06-25 15:18:00-04:00,713.8599853515625,713.8599853515625,713.9000244140625,713.2100219726562,713.4099731445312,162905
2026-06-25 15:20:00-04:00,713.7000122070312,713.7000122070312,714.1199951171875,713.47998046875,713.844970703125,209765
2026-06-25 15:22:00-04:00,714.02001953125,714.02001953125,714.4099731445312,713.6099853515625,713.760009765625,168455
2026-06-25 15:24:00-04:00,714.4400024414062,714.4400024414062,714.7999877929688,713.8599853515625,713.969970703125,167901
2026-06-25 15:26:00-04:00,714.3099975585938,714.3099975585938,714.8200073242188,714.1900024414062,714.4500122070312,139361
2026-06-25 15:28:00-04:00,714.5800170898438,714.5800170898438,714.97998046875,713.8502197265625,714.25,119455
2026-06-25 15:30:00-04:00,713.5300903320312,713.5300903320312,714.6749877929688,713.280029296875,714.5499877929688,125026
2026-06-25 15:32:00-04:00,713.6900024414062,713.6900024414062,713.9500122070312,713.2999877929688,713.5599975585938,107026
2026-06-25 15:34:00-04:00,713.768798828125,713.768798828125,714.3599853515625,713.6400146484375,713.6950073242188,106567
2026-06-25 15:36:00-04:00,713.590087890625,713.590087890625,714.1300048828125,713.1599731445312,713.7999877929688,119393
2026-06-25 15:38:00-04:00,713.7100219726562,713.7100219726562,713.75,713.0999755859375,713.5999755859375,150660
2026-06-25 15:40:00-04:00,714.3699951171875,714.3699951171875,714.4199829101562,713.27001953125,713.77001953125,269472
2026-06-25 15:42:00-04:00,714.5001220703125,714.5001220703125,714.6389770507812,714.1599731445312,714.2799072265625,148837
2026-06-25 15:44:00-04:00,714.0698852539062,714.0698852539062,714.698974609375,713.8699951171875,714.5,157954
2026-06-25 15:46:00-04:00,714.0076293945312,714.0076293945312,714.5,713.4199829101562,714.030029296875,179088
2026-06-25 15:48:00-04:00,713.8400268554688,713.8400268554688,714.0,713.3900146484375,713.9600219726562,139890
2026-06-25 15:50:00-04:00,714.1599731445312,714.1599731445312,714.2650146484375,712.9600219726562,713.8699951171875,234333
2026-06-25 15:52:00-04:00,714.6453247070312,714.6453247070312,715.1400146484375,714.0599975585938,714.1099853515625,233662
2026-06-25 15:54:00-04:00,715.1300048828125,715.1300048828125,715.3900146484375,714.260009765625,714.5900268554688,436821
2026-06-25 15:56:00-04:00,714.8049926757812,714.8049926757812,715.25,714.7000122070312,715.0999755859375,510989
2026-06-25 15:58:00-04:00,716.260009765625,716.260009765625,716.3599853515625,714.5518798828125,714.8200073242188,1009863
2026-06-26 09:30:00-04:00,707.02001953125,707.02001953125,707.3800048828125,705.5,707.0900268554688,2620635
2026-06-26 09:32:00-04:00,703.2550048828125,703.2550048828125,707.3200073242188,703.1900024414062,707.02001953125,456375
2026-06-26 09:34:00-04:00,706.110107421875,706.110107421875,706.4199829101562,702.8099975585938,703.27001953125,436595
2026-06-26 09:36:00-04:00,705.344970703125,705.344970703125,706.8212280273438,704.6799926757812,706.1199951171875,368784
2026-06-26 09:38:00-04:00,704.25,704.25,705.8800048828125,704.1300048828125,705.4000244140625,306571
2026-06-26 09:40:00-04:00,704.5599975585938,704.5599975585938,705.1099243164062,703.7301025390625,704.3499755859375,260199
2026-06-26 09:42:00-04:00,706.3099975585938,706.3099975585938,707.1400146484375,704.4901123046875,704.52001953125,333709
2026-06-26 09:44:00-04:00,704.5698852539062,704.5698852539062,707.2590942382812,704.47998046875,706.3699951171875,376749
2026-06-26 09:46:00-04:00,706.1699829101562,706.1699829101562,706.9000244140625,704.2000122070312,704.5599975585938,295501
2026-06-26 09:48:00-04:00,704.8699951171875,704.8699951171875,706.8499755859375,704.3400268554688,706.1900024414062,221334
2026-06-26 09:50:00-04:00,706.3400268554688,706.3400268554688,706.7999877929688,704.8900146484375,704.8900146484375,190083
2026-06-26 09:52:00-04:00,705.330078125,705.330078125,706.5900268554688,704.756591796875,706.239990234375,223271
2026-06-26 09:54:00-04:00,706.3300170898438,706.3300170898438,706.8400268554688,705.2150268554688,705.3499755859375,190488
2026-06-26 09:56:00-04:00,709.1300048828125,709.1300048828125,709.3699951171875,706.0,706.260009765625,493944
2026-06-26 09:58:00-04:00,709.1199951171875,709.1199951171875,709.6500244140625,708.3400268554688,709.1199951171875,318350
2026-06-26 10:00:00-04:00,710.5599975585938,710.5599975585938,711.1900024414062,708.6199951171875,709.1400146484375,433555
2026-06-26 10:02:00-04:00,710.2999877929688,710.2999877929688,710.905029296875,709.5499877929688,710.5599975585938,299854
2026-06-26 10:04:00-04:00,711.1099853515625,711.1099853515625,711.8200073242188,710.0999755859375,710.3300170898438,280991
2026-06-26 10:06:00-04:00,711.7100219726562,711.7100219726562,712.3099975585938,711.0499877929688,711.1900024414062,251119
2026-06-26 10:08:00-04:00,712.1649780273438,712.1649780273438,712.52001953125,711.6599731445312,711.8300170898438,312000
2026-06-26 10:10:00-04:00,711.0399780273438,711.0399780273438,712.3699951171875,710.5999755859375,712.1599731445312,277502
2026-06-26 10:12:00-04:00,712.6500244140625,712.6500244140625,712.9400024414062,710.8699951171875,711.02001953125,250678
2026-06-26 10:14:00-04:00,712.1699829101562,712.1699829101562,712.8300170898438,711.9010009765625,712.6599731445312,407451
2026-06-26 10:16:00-04:00,711.1849975585938,711.1849975585938,712.8922729492188,710.969970703125,712.2899780273438,227568
2026-06-26 10:18:00-04:00,711.1199951171875,711.1199951171875,712.030029296875,711.02001953125,711.1900024414062,197101
2026-06-26 10:20:00-04:00,713.260009765625,713.260009765625,714.3300170898438,710.9600219726562,711.1099853515625,568453
2026-06-26 10:22:00-04:00,712.8298950195312,712.8298950195312,713.6649780273438,712.739990234375,713.2619018554688,216580
2026-06-26 10:24:00-04:00,713.4099731445312,713.4099731445312,713.5999755859375,712.469970703125,712.77001953125,183839
2026-06-26 10:26:00-04:00,712.964599609375,712.964599609375,713.6799926757812,712.0700073242188,713.385009765625,306605
2026-06-26 10:28:00-04:00,712.7199096679688,712.7199096679688,713.3900146484375,712.3599853515625,712.9299926757812,245947
2026-06-26 10:30:00-04:00,712.2650146484375,712.2650146484375,713.25,712.02001953125,712.6900024414062,204092
2026-06-26 10:32:00-04:00,712.0399780273438,712.0399780273438,712.489990234375,711.260009765625,712.280029296875,240395
2026-06-26 10:34:00-04:00,711.6259765625,711.6259765625,713.0,711.5499877929688,712.0399780273438,166715
2026-06-26 10:36:00-04:00,710.5700073242188,710.5700073242188,711.8350219726562,710.3400268554688,711.7000122070312,224856
2026-06-26 10:38:00-04:00,710.0999755859375,710.0999755859375,711.010009765625,709.9600219726562,710.6400146484375,269327
2026-06-26 10:40:00-04:00,710.5908813476562,710.5908813476562,710.9199829101562,709.3699951171875,710.1199951171875,200931
2026-06-26 10:42:00-04:00,710.6099853515625,710.6099853515625,711.739990234375,710.340087890625,710.5349731445312,172561
2026-06-26 10:44:00-04:00,710.3197021484375,710.3197021484375,710.8800048828125,710.02001953125,710.5599975585938,130168
2026-06-26 10:46:00-04:00,711.0,711.0,711.2899780273438,710.1500244140625,710.27001953125,109478
2026-06-26 10:48:00-04:00,711.1950073242188,711.1950073242188,712.0260009765625,710.6099853515625,710.8599853515625,204873
2026-06-26 10:50:00-04:00,711.5700073242188,711.5700073242188,712.3499145507812,711.0,711.3358154296875,143388
2026-06-26 10:52:00-04:00,710.2753295898438,710.2753295898438,711.6099853515625,710.260009765625,711.5399780273438,127591
2026-06-26 10:54:00-04:00,710.1099853515625,710.1099853515625,710.9400024414062,710.010009765625,710.280029296875,76081
2026-06-26 10:56:00-04:00,710.9600219726562,710.9600219726562,711.4000244140625,709.6599731445312,710.260009765625,132327
2026-06-26 10:58:00-04:00,710.5001220703125,710.5001220703125,711.280029296875,710.25,710.9500122070312,97456
2026-06-26 11:00:00-04:00,711.010009765625,711.010009765625,711.4500122070312,710.5599975585938,710.5599975585938,85709
2026-06-26 11:02:00-04:00,711.4080200195312,711.4080200195312,711.6400146484375,710.780029296875,711.0599975585938,151815
2026-06-26 11:04:00-04:00,710.1798706054688,710.1798706054688,711.4500122070312,710.010009765625,711.3900146484375,115309
2026-06-26 11:06:00-04:00,710.530029296875,710.530029296875,710.530029296875,709.655029296875,710.1599731445312,96099
2026-06-26 11:08:00-04:00,710.9901123046875,710.9901123046875,711.260009765625,709.9099731445312,710.489990234375,99486
2026-06-26 11:10:00-04:00,709.6400146484375,709.6400146484375,711.239990234375,709.5015258789062,711.010009765625,77271
2026-06-26 11:12:00-04:00,709.1699829101562,709.1699829101562,709.739990234375,708.9149780273438,709.739990234375,92357
2026-06-26 11:14:00-04:00,708.6099853515625,708.6099853515625,709.4099731445312,708.219970703125,709.2105712890625,152274
2026-06-26 11:16:00-04:00,710.1599731445312,710.1599731445312,710.5999755859375,708.3800048828125,708.5999755859375,216073
2026-06-26 11:18:00-04:00,710.510009765625,710.510009765625,710.8200073242188,709.6500244140625,710.0900268554688,130390
2026-06-26 11:20:00-04:00,710.4000244140625,710.4000244140625,710.97998046875,709.9000854492188,710.4199829101562,160218
2026-06-26 11:22:00-04:00,711.3800048828125,711.3800048828125,711.5,710.1500244140625,710.3900146484375,122759
2026-06-26 11:24:00-04:00,711.969970703125,711.969970703125,712.1599731445312,711.1500244140625,711.3400268554688,121408
2026-06-26 11:26:00-04:00,711.6199951171875,711.6199951171875,712.3200073242188,711.510009765625,711.969970703125,103354
2026-06-26 11:28:00-04:00,712.510009765625,712.510009765625,712.5599975585938,711.2999877929688,711.6300048828125,111374
2026-06-26 11:30:00-04:00,713.5584716796875,713.5584716796875,714.139892578125,712.52001953125,712.5200805664062,275299
2026-06-26 11:32:00-04:00,712.260009765625,712.260009765625,713.489990234375,712.219970703125,713.489990234375,152431
2026-06-26 11:34:00-04:00,712.7100219726562,712.7100219726562,712.9000244140625,711.9738159179688,712.280029296875,79787
2026-06-26 11:36:00-04:00,713.9199829101562,713.9199829101562,714.3300170898438,712.530029296875,712.6799926757812,152282
2026-06-26 11:38:00-04:00,714.3300170898438,714.3300170898438,714.5390014648438,713.739990234375,713.969970703125,128203
2026-06-26 11:40:00-04:00,713.8773193359375,713.8773193359375,714.4949951171875,713.77001953125,714.22998046875,106186
2026-06-26 11:42:00-04:00,715.10498046875,715.10498046875,715.4400024414062,713.9199829101562,713.9199829101562,205950
2026-06-26 11:44:00-04:00,714.5499877929688,714.5499877929688,715.5499877929688,714.4400024414062,715.2000122070312,206797
2026-06-26 11:46:00-04:00,713.6491088867188,713.6491088867188,714.6950073242188,713.469970703125,714.5999755859375,117582
2026-06-26 11:48:00-04:00,713.325927734375,713.325927734375,713.8900146484375,713.3250122070312,713.7174072265625,73517
2026-06-26 11:50:00-04:00,712.1099853515625,712.1099853515625,714.3300170898438,711.7999877929688,713.39501953125,361563
2026-06-26 11:52:00-04:00,712.27001953125,712.27001953125,712.9400024414062,712.1400146484375,712.1400146484375,182726
2026-06-26 11:54:00-04:00,712.5900268554688,712.5900268554688,712.6699829101562,711.1099853515625,712.1400146484375,188152
2026-06-26 11:56:00-04:00,713.5999755859375,713.5999755859375,713.9500122070312,712.594970703125,712.594970703125,184618
2026-06-26 11:58:00-04:00,713.2100219726562,713.2100219726562,713.6900024414062,712.8599853515625,713.5599975585938,90360
2026-06-26 12:00:00-04:00,713.0700073242188,713.0700073242188,713.3599853515625,712.6699829101562,713.25,105552
2026-06-26 12:02:00-04:00,712.8099975585938,712.8099975585938,713.0900268554688,712.3400268554688,712.9949951171875,77745
2026-06-26 12:04:00-04:00,712.6699829101562,712.6699829101562,713.1799926757812,712.4199829101562,712.8499145507812,72170
2026-06-26 12:06:00-04:00,712.2653198242188,712.2653198242188,712.9400024414062,712.1699829101562,712.6900024414062,71495
2026-06-26 12:08:00-04:00,711.5399169921875,711.5399169921875,712.3900146484375,711.2999877929688,712.22998046875,106006
2026-06-26 12:10:00-04:00,711.47998046875,711.47998046875,711.9199829101562,711.25,711.5399780273438,117800
2026-06-26 12:12:00-04:00,711.3740234375,711.3740234375,711.5750122070312,710.8800048828125,711.5399780273438,105527
2026-06-26 12:14:00-04:00,711.7999877929688,711.7999877929688,711.9099731445312,711.3800048828125,711.3800048828125,83638
2026-06-26 12:16:00-04:00,712.030029296875,712.030029296875,712.4089965820312,711.3790283203125,711.739990234375,95748
2026-06-26 12:18:00-04:00,711.7249755859375,711.7249755859375,712.0700073242188,711.25,712.0399169921875,54656
2026-06-26 12:20:00-04:00,710.5999755859375,710.5999755859375,712.0900268554688,710.27001953125,711.780029296875,217365
2026-06-26 12:22:00-04:00,711.364990234375,711.364990234375,711.4500122070312,710.6099853515625,710.6300048828125,102944
2026-06-26 12:24:00-04:00,711.5499267578125,711.5499267578125,711.8200073242188,711.239990234375,711.33837890625,65386
2026-06-26 12:26:00-04:00,712.0499877929688,712.0499877929688,712.2000122070312,711.260009765625,711.4600219726562,82073
2026-06-26 12:28:00-04:00,711.8499755859375,711.8499755859375,712.260009765625,711.5,712.1900024414062,74484
2026-06-26 12:30:00-04:00,712.614990234375,712.614990234375,712.9500122070312,711.8200073242188,711.9000244140625,115392
2026-06-26 12:32:00-04:00,713.189697265625,713.189697265625,713.4000244140625,712.3712158203125,712.625,95429
2026-06-26 12:34:00-04:00,713.3300170898438,713.3300170898438,713.798095703125,713.030029296875,713.1500244140625,135173
2026-06-26 12:36:00-04:00,713.2999877929688,713.2999877929688,713.6599731445312,712.9400024414062,713.219970703125,76344
2026-06-26 12:38:00-04:00,713.0,713.0,713.5999755859375,712.9099731445312,713.27001953125,56050
2026-06-26 12:40:00-04:00,712.9299926757812,712.9299926757812,713.25,712.7000122070312,712.97998046875,163185
2026-06-26 12:42:00-04:00,713.1699829101562,713.1699829101562,713.510009765625,712.9000244140625,713.02001953125,53039
2026-06-26 12:44:00-04:00,712.9500122070312,712.9500122070312,713.4503173828125,712.52001953125,713.1347045898438,63226
2026-06-26 12:46:00-04:00,712.75,712.75,713.010009765625,712.4559936523438,712.9199829101562,62756
2026-06-26 12:48:00-04:00,713.03662109375,713.03662109375,713.0999755859375,712.5499877929688,712.8499755859375,50825
2026-06-26 12:50:00-04:00,713.3699951171875,713.3699951171875,713.77001953125,712.9500122070312,713.0599975585938,121015
2026-06-26 12:52:00-04:00,713.6500244140625,713.6500244140625,713.6500244140625,713.0601196289062,713.3400268554688,189216
2026-06-26 12:54:00-04:00,713.0800170898438,713.0800170898438,713.8400268554688,712.9000244140625,713.6599731445312,105412
2026-06-26 12:56:00-04:00,712.9600219726562,712.9600219726562,713.1500244140625,712.844970703125,713.028076171875,41700
2026-06-26 12:58:00-04:00,713.0449829101562,713.0449829101562,713.22998046875,712.7800903320312,712.989990234375,38484
2026-06-26 13:00:00-04:00,713.8699951171875,713.8699951171875,714.0800170898438,712.6849975585938,713.0700073242188,236767
2026-06-26 13:02:00-04:00,713.8101196289062,713.8101196289062,714.1300048828125,713.719970703125,713.8800048828125,62702
2026-06-26 13:04:00-04:00,714.0499877929688,714.0499877929688,714.1500244140625,713.6151733398438,713.844970703125,50359
2026-06-26 13:06:00-04:00,713.8599853515625,713.8599853515625,714.1300048828125,713.6799926757812,714.010009765625,60312
2026-06-26 13:08:00-04:00,714.9000244140625,714.9000244140625,714.9600219726562,713.8201293945312,713.8201293945312,96478
2026-06-26 13:10:00-04:00,714.2899780273438,714.2899780273438,715.169921875,714.2150268554688,714.919921875,137579
2026-06-26 13:12:00-04:00,713.9299926757812,713.9299926757812,714.5,713.8599853515625,714.2899169921875,61727
2026-06-26 13:14:00-04:00,713.3673095703125,713.3673095703125,714.0900268554688,713.1799926757812,713.906005859375,103421
2026-06-26 13:16:00-04:00,712.8300170898438,712.8300170898438,713.6799926757812,712.760009765625,713.4099731445312,76861
2026-06-26 13:18:00-04:00,712.7999877929688,712.7999877929688,713.1875,712.6799926757812,712.8099975585938,77103
2026-06-26 13:20:00-04:00,712.8800048828125,712.8800048828125,713.1099853515625,712.239990234375,712.8800048828125,71634
2026-06-26 13:22:00-04:00,712.4725952148438,712.4725952148438,713.4099731445312,712.3599853515625,712.9199829101562,56710
2026-06-26 13:24:00-04:00,712.4298706054688,712.4298706054688,712.7750244140625,712.2000732421875,712.4099731445312,73966
2026-06-26 13:26:00-04:00,713.4299926757812,713.4299926757812,713.5900268554688,712.27001953125,712.4199829101562,184890
2026-06-26 13:28:00-04:00,713.614990234375,713.614990234375,713.989990234375,713.4299926757812,713.469970703125,65717
2026-06-26 13:30:00-04:00,713.260009765625,713.260009765625,714.5900268554688,713.260009765625,713.5700073242188,216907
2026-06-26 13:32:00-04:00,713.5999755859375,713.5999755859375,713.7750244140625,713.1599731445312,713.3099975585938,59855
2026-06-26 13:34:00-04:00,712.6799926757812,712.6799926757812,713.830078125,712.52001953125,713.6400146484375,65543
2026-06-26 13:36:00-04:00,712.72998046875,712.72998046875,712.989990234375,712.4901733398438,712.72998046875,62244
2026-06-26 13:38:00-04:00,712.3499755859375,712.3499755859375,712.8599853515625,712.27001953125,712.77001953125,56568
2026-06-26 13:40:00-04:00,712.0319213867188,712.0319213867188,712.4600219726562,711.7863159179688,712.3699951171875,90130
2026-06-26 13:42:00-04:00,712.6699829101562,712.6699829101562,713.0,711.9500122070312,712.030029296875,96147
2026-06-26 13:44:00-04:00,712.67919921875,712.67919921875,712.9500122070312,712.5004272460938,712.760009765625,62295
2026-06-26 13:46:00-04:00,712.719970703125,712.719970703125,712.8200073242188,712.47998046875,712.72998046875,50040
2026-06-26 13:48:00-04:00,712.1099853515625,712.1099853515625,713.0698852539062,712.0599975585938,712.719970703125,70278
2026-06-26 13:50:00-04:00,712.3400268554688,712.3400268554688,712.3499755859375,711.9600219726562,712.1300048828125,89897
2026-06-26 13:52:00-04:00,712.1849975585938,712.1849975585938,712.5650024414062,712.1229858398438,712.27001953125,66638
2026-06-26 13:54:00-04:00,711.760009765625,711.760009765625,712.6699829101562,711.7100219726562,712.2100219726562,108484
2026-06-26 13:56:00-04:00,711.5911865234375,711.5911865234375,711.739990234375,711.22998046875,711.700927734375,76366
2026-06-26 13:58:00-04:00,711.3900146484375,711.3900146484375,712.030029296875,711.3900146484375,711.4299926757812,84656
2026-06-26 14:00:00-04:00,711.6599731445312,711.6599731445312,711.8900146484375,711.3599853515625,711.469970703125,72967
2026-06-26 14:02:00-04:00,711.7319946289062,711.7319946289062,712.0399780273438,711.4000244140625,711.7299194335938,67061
2026-06-26 14:04:00-04:00,711.9400024414062,711.9400024414062,712.1599731445312,711.6400146484375,711.8699951171875,63866
2026-06-26 14:06:00-04:00,711.2999877929688,711.2999877929688,712.3300170898438,711.2822265625,711.989990234375,82412
2026-06-26 14:08:00-04:00,711.5900268554688,711.5900268554688,711.8300170898438,711.25,711.3726806640625,42754
2026-06-26 14:10:00-04:00,711.5700073242188,711.5700073242188,711.6699829101562,711.0800170898438,711.4949951171875,122354
2026-06-26 14:12:00-04:00,711.1011962890625,711.1011962890625,711.6798706054688,711.0601196289062,711.5499877929688,46393
2026-06-26 14:14:00-04:00,711.1599731445312,711.1599731445312,711.6099853515625,711.0,711.1099853515625,95582
2026-06-26 14:16:00-04:00,710.7999267578125,710.7999267578125,711.280029296875,710.6500244140625,711.1751098632812,90911
2026-06-26 14:18:00-04:00,710.4000244140625,710.4000244140625,710.969970703125,710.1199951171875,710.760009765625,134585
2026-06-26 14:20:00-04:00,710.6199951171875,710.6199951171875,710.7349853515625,710.1199951171875,710.4099731445312,1399118
2026-06-26 14:22:00-04:00,710.5700073242188,710.5700073242188,710.9099731445312,710.2899780273438,710.60498046875,78795
2026-06-26 14:24:00-04:00,710.3599853515625,710.3599853515625,710.7993774414062,710.2000122070312,710.530029296875,49492
2026-06-26 14:26:00-04:00,709.8900146484375,709.8900146484375,710.6400146484375,709.771484375,710.4299926757812,108561
2026-06-26 14:28:00-04:00,709.489990234375,709.489990234375,709.9000244140625,709.3400268554688,709.885009765625,103944
2026-06-26 14:30:00-04:00,709.469970703125,709.469970703125,709.7999877929688,709.2899780273438,709.47998046875,91594
2026-06-26 14:32:00-04:00,710.6199951171875,710.6199951171875,710.6199951171875,709.469970703125,709.469970703125,129590
2026-06-26 14:34:00-04:00,709.9000244140625,709.9000244140625,710.5999755859375,709.8599853515625,710.5999755859375,139707
2026-06-26 14:36:00-04:00,709.6649780273438,709.6649780273438,709.99560546875,709.4600219726562,709.99560546875,61386
2026-06-26 14:38:00-04:00,709.739990234375,709.739990234375,709.926513671875,709.6099853515625,709.7100219726562,90259
2026-06-26 14:40:00-04:00,709.6300048828125,709.6300048828125,710.0599975585938,709.4400024414062,709.7100219726562,103504
2026-06-26 14:42:00-04:00,709.8499145507812,709.8499145507812,709.8499145507812,709.5,709.5900268554688,44120
2026-06-26 14:44:00-04:00,709.510009765625,709.510009765625,710.1699829101562,709.0999755859375,709.8150024414062,111711
2026-06-26 14:46:00-04:00,708.989990234375,708.989990234375,709.530029296875,708.8300170898438,709.530029296875,309509
2026-06-26 14:48:00-04:00,708.9500122070312,708.9500122070312,709.2000122070312,708.6400146484375,708.97998046875,284217
2026-06-26 14:50:00-04:00,708.5999755859375,708.5999755859375,709.030029296875,708.3800048828125,709.0,1514085
2026-06-26 14:52:00-04:00,708.6854858398438,708.6854858398438,708.9299926757812,708.4199829101562,708.5700073242188,82834
2026-06-26 14:54:00-04:00,709.2249755859375,709.2249755859375,709.3400268554688,708.5601196289062,708.6900024414062,193342
2026-06-26 14:56:00-04:00,708.1099853515625,708.1099853515625,709.260009765625,707.7100219726562,709.2050170898438,172311
2026-06-26 14:58:00-04:00,708.3699951171875,708.3699951171875,708.5700073242188,708.1099853515625,708.1300048828125,126723
2026-06-26 15:00:00-04:00,708.719970703125,708.719970703125,708.9500122070312,708.1799926757812,708.4299926757812,138992
2026-06-26 15:02:00-04:00,708.2999877929688,708.2999877929688,708.969970703125,708.25,708.719970703125,373804
2026-06-26 15:04:00-04:00,708.0900268554688,708.0900268554688,708.3900146484375,707.8900146484375,708.286376953125,186252
2026-06-26 15:06:00-04:00,708.785888671875,708.785888671875,709.0399780273438,707.8699951171875,708.0499877929688,120969
2026-06-26 15:08:00-04:00,709.8800048828125,709.8800048828125,710.0499877929688,708.780029296875,708.7999877929688,168868
2026-06-26 15:10:00-04:00,709.8200073242188,709.8200073242188,710.2000122070312,709.4415283203125,709.8400268554688,166262
2026-06-26 15:12:00-04:00,709.9329833984375,709.9329833984375,710.0,709.4600219726562,709.8099975585938,244716
2026-06-26 15:14:00-04:00,710.280029296875,710.280029296875,710.5,709.8800048828125,709.9099731445312,135620
2026-06-26 15:16:00-04:00,710.0399780273438,710.0399780273438,710.2600708007812,709.6799926757812,710.2600708007812,1486473
2026-06-26 15:18:00-04:00,710.0750122070312,710.0750122070312,710.4199829101562,709.969970703125,710.00390625,87994
2026-06-26 15:20:00-04:00,709.739990234375,709.739990234375,710.4600219726562,709.7100830078125,710.0700073242188,93304
2026-06-26 15:22:00-04:00,708.72998046875,708.72998046875,709.8098754882812,708.530029296875,709.7000122070312,161057
2026-06-26 15:24:00-04:00,709.0900268554688,709.0900268554688,709.4299926757812,708.5900268554688,708.719970703125,147787
2026-06-26 15:26:00-04:00,709.280029296875,709.280029296875,709.4299926757812,708.8800048828125,709.1298828125,55412
2026-06-26 15:28:00-04:00,709.239990234375,709.239990234375,709.4600219726562,708.8900146484375,709.2999877929688,87500
2026-06-26 15:30:00-04:00,708.9500122070312,708.9500122070312,709.5767211914062,708.6799926757812,709.260009765625,132887
2026-06-26 15:32:00-04:00,710.0499877929688,710.0499877929688,710.1599731445312,708.9000244140625,708.9600219726562,272839
2026-06-26 15:34:00-04:00,710.0599975585938,710.0599975585938,710.3699951171875,709.8400268554688,710.0349731445312,244088
2026-06-26 15:36:00-04:00,710.2000122070312,710.2000122070312,710.5900268554688,709.719970703125,710.0549926757812,106547
2026-06-26 15:38:00-04:00,709.5499877929688,709.5499877929688,710.2100219726562,709.535888671875,710.2100219726562,105991
2026-06-26 15:40:00-04:00,709.7750244140625,709.7750244140625,710.0900268554688,709.5300903320312,709.5800170898438,108911
2026-06-26 15:42:00-04:00,711.0903930664062,711.0903930664062,711.1199951171875,709.6799926757812,709.760009765625,155874
2026-06-26 15:44:00-04:00,711.510009765625,711.510009765625,711.52001953125,711.030029296875,711.0800170898438,255456
2026-06-26 15:46:00-04:00,711.3400268554688,711.3400268554688,712.010009765625,711.2000122070312,711.469970703125,209827
2026-06-26 15:48:00-04:00,710.8892211914062,710.8892211914062,711.4199829101562,710.6500854492188,711.315673828125,189165
2026-06-26 15:50:00-04:00,708.9299926757812,708.9299926757812,711.1799926757812,708.530029296875,710.9000244140625,631798
2026-06-26 15:52:00-04:00,709.010009765625,709.010009765625,709.489990234375,708.4600219726562,708.9199829101562,384534
2026-06-26 15:54:00-04:00,708.8049926757812,708.8049926757812,709.5650024414062,708.5999755859375,709.0599975585938,358448
2026-06-26 15:56:00-04:00,709.14501953125,709.14501953125,709.2899780273438,708.5700073242188,708.8200073242188,338092
2026-06-26 15:58:00-04:00,705.5399780273438,705.5399780273438,709.4400024414062,705.2100219726562,709.1580200195312,1519182
2026-06-29 09:30:00-04:00,714.469970703125,714.469970703125,715.0499877929688,711.8800048828125,713.989990234375,2352986
2026-06-29 09:32:00-04:00,715.8699951171875,715.8699951171875,716.2449951171875,714.3599853515625,714.3800048828125,383664
2026-06-29 09:34:00-04:00,716.332275390625,716.332275390625,716.9600219726562,715.8300170898438,715.8800048828125,292146
2026-06-29 09:36:00-04:00,714.7949829101562,714.7949829101562,716.3909912109375,714.0499877929688,716.2899780273438,296755
2026-06-29 09:38:00-04:00,715.5800170898438,715.5800170898438,715.6500244140625,713.75,714.8300170898438,428091
2026-06-29 09:40:00-04:00,715.77001953125,715.77001953125,716.5750122070312,714.760009765625,715.47998046875,433059
2026-06-29 09:42:00-04:00,716.469970703125,716.469970703125,716.8599853515625,715.739990234375,715.760009765625,256571
2026-06-29 09:44:00-04:00,718.0401000976562,718.0401000976562,718.239990234375,716.0499877929688,716.4600219726562,468299
2026-06-29 09:46:00-04:00,717.8900146484375,717.8900146484375,718.1699829101562,716.47998046875,718.0,337239
2026-06-29 09:48:00-04:00,716.8800048828125,716.8800048828125,718.1799926757812,716.77001953125,717.85498046875,262642
2026-06-29 09:50:00-04:00,718.0798950195312,718.0798950195312,718.4299926757812,715.8244018554688,716.8599853515625,281754
2026-06-29 09:52:00-04:00,717.9349975585938,717.9349975585938,718.6599731445312,717.760009765625,718.0800170898438,209873
2026-06-29 09:54:00-04:00,714.75,714.75,718.0599975585938,714.6799926757812,717.9299926757812,265188
2026-06-29 09:56:00-04:00,712.97998046875,712.97998046875,715.1801147460938,712.8099975585938,714.7899780273438,535216
2026-06-29 09:58:00-04:00,713.389892578125,713.389892578125,713.8300170898438,712.47998046875,713.0,262767
2026-06-29 10:00:00-04:00,712.6900024414062,712.6900024414062,713.72998046875,711.3900146484375,713.5599975585938,598061
2026-06-29 10:02:00-04:00,712.4199829101562,712.4199829101562,713.1699829101562,711.72998046875,712.719970703125,259981
2026-06-29 10:04:00-04:00,710.739990234375,710.739990234375,712.47998046875,710.6887817382812,712.3800048828125,320182
2026-06-29 10:06:00-04:00,709.8599853515625,709.8599853515625,711.8800048828125,709.8400268554688,710.719970703125,393545
2026-06-29 10:08:00-04:00,710.5399780273438,710.5399780273438,710.9299926757812,709.4600219726562,709.9099731445312,372796
2026-06-29 10:10:00-04:00,709.385009765625,709.385009765625,710.9299926757812,708.8699951171875,710.5599975585938,291861
2026-06-29 10:12:00-04:00,707.063720703125,707.063720703125,709.7100219726562,706.9199829101562,709.4099731445312,416954
2026-06-29 10:14:00-04:00,707.0,707.0,707.5599975585938,705.1719970703125,707.0700073242188,803936
2026-06-29 10:16:00-04:00,706.22998046875,706.22998046875,707.8400268554688,705.6900024414062,707.0,429939
2026-06-29 10:18:00-04:00,707.7999877929688,707.7999877929688,707.9299926757812,705.5700073242188,706.27001953125,377067
2026-06-29 10:20:00-04:00,708.4149780273438,708.4149780273438,708.4149780273438,707.1212158203125,707.7999877929688,331692
2026-06-29 10:22:00-04:00,707.3900146484375,707.3900146484375,709.1699829101562,707.0399780273438,708.469970703125,293231
2026-06-29 10:24:00-04:00,709.4299926757812,709.4299926757812,709.5599975585938,706.8499755859375,707.375,253590
2026-06-29 10:26:00-04:00,710.1799926757812,710.1799926757812,710.25,709.4099731445312,709.4099731445312,287884
2026-06-29 10:28:00-04:00,711.8400268554688,711.8400268554688,711.969970703125,710.1099853515625,710.2000122070312,534233
2026-06-29 10:30:00-04:00,712.8699951171875,712.8699951171875,713.0900268554688,711.4099731445312,711.8599853515625,447994
2026-06-29 10:32:00-04:00,713.9000244140625,713.9000244140625,714.260009765625,711.8200073242188,712.9099731445312,365211
2026-06-29 10:34:00-04:00,713.8599853515625,713.8599853515625,714.3800048828125,713.280029296875,713.9400024414062,243850
2026-06-29 10:36:00-04:00,713.0999755859375,713.0999755859375,713.9000244140625,712.1900024414062,713.8499755859375,259065
2026-06-29 10:38:00-04:00,712.8599853515625,712.8599853515625,713.739990234375,712.469970703125,713.0700073242188,120284
2026-06-29 10:40:00-04:00,713.1099853515625,713.1099853515625,713.72998046875,712.4299926757812,712.7999877929688,146715
2026-06-29 10:42:00-04:00,712.9500122070312,712.9500122070312,713.5,712.8699951171875,713.0399780273438,94824
2026-06-29 10:44:00-04:00,712.10498046875,712.10498046875,713.1799926757812,711.6799926757812,712.97998046875,184249
2026-06-29 10:46:00-04:00,711.0,711.0,712.489990234375,711.0,712.1500244140625,171985
2026-06-29 10:48:00-04:00,712.4849853515625,712.4849853515625,712.72998046875,710.6500244140625,711.02001953125,158356
2026-06-29 10:50:00-04:00,713.8099975585938,713.8099975585938,713.9600219726562,712.3900146484375,712.3900146484375,182690
2026-06-29 10:52:00-04:00,714.4744873046875,714.4744873046875,714.5800170898438,713.1699829101562,713.8200073242188,170427
2026-06-29 10:54:00-04:00,714.8699951171875,714.8699951171875,715.219970703125,714.1400146484375,714.4600219726562,223924
2026-06-29 10:56:00-04:00,714.8300170898438,714.8300170898438,715.4199829101562,714.4299926757812,714.885009765625,213264
2026-06-29 10:58:00-04:00,715.9000244140625,715.9000244140625,715.9600219726562,714.5,714.8499755859375,166939
2026-06-29 11:00:00-04:00,716.0999755859375,716.0999755859375,716.3099975585938,715.5800170898438,715.9299926757812,266344
2026-06-29 11:02:00-04:00,716.030029296875,716.030029296875,716.2999877929688,715.4500122070312,716.0800170898438,147941
2026-06-29 11:04:00-04:00,715.7100219726562,715.7100219726562,716.1500244140625,715.0859985351562,716.0,221641
2026-06-29 11:06:00-04:00,715.75,715.75,715.9500122070312,715.2000122070312,715.5999755859375,125146
2026-06-29 11:08:00-04:00,715.9199829101562,715.9199829101562,716.22998046875,715.6300048828125,715.77001953125,131159
2026-06-29 11:10:00-04:00,715.22998046875,715.22998046875,716.1500244140625,715.110107421875,716.010009765625,146374
2026-06-29 11:12:00-04:00,715.2650146484375,715.2650146484375,715.5599975585938,714.7100219726562,715.260009765625,130614
2026-06-29 11:14:00-04:00,716.5650024414062,716.5650024414062,716.7999877929688,714.9199829101562,715.3099975585938,249840
2026-06-29 11:16:00-04:00,715.848876953125,715.848876953125,716.6500244140625,715.6500244140625,716.5399780273438,184192
2026-06-29 11:18:00-04:00,715.3687744140625,715.3687744140625,716.0,715.1099853515625,715.8300170898438,134472
2026-06-29 11:20:00-04:00,716.1649780273438,716.1649780273438,716.3300170898438,715.0900268554688,715.3800048828125,186856
2026-06-29 11:22:00-04:00,715.0499877929688,715.0499877929688,716.5,714.9099731445312,716.25,118791
2026-06-29 11:24:00-04:00,715.4625244140625,715.4625244140625,715.4650268554688,714.5599975585938,714.9199829101562,160289
2026-06-29 11:26:00-04:00,716.4199829101562,716.4199829101562,716.62939453125,715.4099731445312,715.4400024414062,108673
2026-06-29 11:28:00-04:00,717.22998046875,717.22998046875,717.3200073242188,716.25,716.344970703125,144360
2026-06-29 11:30:00-04:00,717.4099731445312,717.4099731445312,717.8599853515625,717.110107421875,717.239990234375,213047
2026-06-29 11:32:00-04:00,717.2901000976562,717.2901000976562,717.6799926757812,716.97998046875,717.4199829101562,162623
2026-06-29 11:34:00-04:00,716.8499755859375,716.8499755859375,717.5599975585938,716.4099731445312,717.27001953125,230584
2026-06-29 11:36:00-04:00,717.6199951171875,717.6199951171875,717.6699829101562,716.6561889648438,716.8499755859375,161190
2026-06-29 11:38:00-04:00,717.8298950195312,717.8298950195312,718.0,717.344970703125,717.6199951171875,197000
2026-06-29 11:40:00-04:00,718.1500244140625,718.1500244140625,718.1699829101562,717.3499755859375,717.8099975585938,140442
2026-06-29 11:42:00-04:00,718.1500244140625,718.1500244140625,718.3587036132812,717.780029296875,718.1400146484375,211772
2026-06-29 11:44:00-04:00,717.97998046875,717.97998046875,718.5499877929688,717.9400024414062,718.2000122070312,133510
2026-06-29 11:46:00-04:00,718.0700073242188,718.0700073242188,718.1599731445312,717.530029296875,717.9600219726562,150499
2026-06-29 11:48:00-04:00,717.7750244140625,717.7750244140625,718.1900024414062,717.4500122070312,718.14501953125,146044
2026-06-29 11:50:00-04:00,718.3800048828125,718.3800048828125,718.659912109375,717.6699829101562,717.7999877929688,120132
2026-06-29 11:52:00-04:00,718.3300170898438,718.3300170898438,718.5599975585938,718.0499877929688,718.385009765625,110136
2026-06-29 11:54:00-04:00,718.3131713867188,718.3131713867188,718.6300048828125,717.97998046875,718.3402709960938,113256
2026-06-29 11:56:00-04:00,718.4500122070312,718.4500122070312,718.5999755859375,717.8400268554688,718.3499755859375,67794
2026-06-29 11:58:00-04:00,718.948974609375,718.948974609375,719.0599975585938,718.327392578125,718.4053955078125,183988
2026-06-29 12:00:00-04:00,719.4600219726562,719.4600219726562,719.52001953125,718.8400268554688,718.9199829101562,158976
2026-06-29 12:02:00-04:00,719.5399780273438,719.5399780273438,719.6599731445312,719.1900024414062,719.47998046875,213890
2026-06-29 12:04:00-04:00,719.5499877929688,719.5499877929688,719.8499755859375,719.3900146484375,719.530029296875,287070
2026-06-29 12:06:00-04:00,719.3150024414062,719.3150024414062,719.75,719.2000122070312,719.530029296875,156611
2026-06-29 12:08:00-04:00,719.3900146484375,719.3900146484375,719.530029296875,719.2301025390625,719.3499755859375,437143
2026-06-29 12:10:00-04:00,719.0900268554688,719.0900268554688,719.6300048828125,719.0599975585938,719.4299926757812,99616
2026-06-29 12:12:00-04:00,718.9550170898438,718.9550170898438,719.25,718.780029296875,719.10498046875,85046
2026-06-29 12:14:00-04:00,719.739990234375,719.739990234375,719.739990234375,718.8800048828125,718.9099731445312,213430
2026-06-29 12:16:00-04:00,719.5800170898438,719.5800170898438,720.0700073242188,719.47998046875,719.7050170898438,133224
2026-06-29 12:18:00-04:00,719.8599853515625,719.8599853515625,719.9299926757812,719.52001953125,719.5599975585938,103317
2026-06-29 12:20:00-04:00,719.7999877929688,719.7999877929688,720.0999755859375,719.5700073242188,719.8200073242188,101388
2026-06-29 12:22:00-04:00,720.25,720.25,720.3099975585938,719.739990234375,719.8099975585938,144222
2026-06-29 12:24:00-04:00,720.0150146484375,720.0150146484375,720.530029296875,719.8800048828125,720.260009765625,118312
2026-06-29 12:26:00-04:00,720.0399780273438,720.0399780273438,720.1900024414062,719.5999755859375,719.989990234375,105063
2026-06-29 12:28:00-04:00,719.5985717773438,719.5985717773438,720.0999145507812,719.52001953125,719.9716796875,50028
2026-06-29 12:30:00-04:00,719.5900268554688,719.5900268554688,719.8800048828125,719.5601196289062,719.6400146484375,56488
2026-06-29 12:32:00-04:00,719.0,719.0,719.594970703125,718.9349975585938,719.5800170898438,130389
2026-06-29 12:34:00-04:00,719.8300170898438,719.8300170898438,719.9099731445312,718.9710083007812,718.989990234375,56496
2026-06-29 12:36:00-04:00,719.7100219726562,719.7100219726562,719.8150024414062,719.22998046875,719.8010864257812,188071
2026-06-29 12:38:00-04:00,719.9400024414062,719.9400024414062,720.010009765625,719.4299926757812,719.6799926757812,50326
2026-06-29 12:40:00-04:00,720.2100219726562,720.2100219726562,720.280029296875,719.8699951171875,719.9400024414062,91619
2026-06-29 12:42:00-04:00,720.3800048828125,720.3800048828125,720.439208984375,720.0850219726562,720.2100219726562,97973
2026-06-29 12:44:00-04:00,720.6599731445312,720.6599731445312,720.72998046875,720.3300170898438,720.3300170898438,104105
2026-06-29 12:46:00-04:00,720.3599853515625,720.3599853515625,720.8375244140625,720.1799926757812,720.6900024414062,122938
2026-06-29 12:48:00-04:00,720.4600219726562,720.4600219726562,720.5599975585938,720.1849975585938,720.3400268554688,58489
2026-06-29 12:50:00-04:00,720.60498046875,720.60498046875,720.72998046875,720.3800048828125,720.469970703125,90007
2026-06-29 12:52:00-04:00,721.0499877929688,721.0499877929688,721.0499877929688,720.3118896484375,720.5800170898438,83703
2026-06-29 12:54:00-04:00,720.8200073242188,720.8200073242188,721.1199951171875,720.6599731445312,721.010009765625,83314
2026-06-29 12:56:00-04:00,720.7901000976562,720.7901000976562,720.9299926757812,720.657470703125,720.8200073242188,52072
2026-06-29 12:58:00-04:00,720.7088012695312,720.7088012695312,721.0,720.660400390625,720.8049926757812,50012
2026-06-29 13:00:00-04:00,721.0900268554688,721.0900268554688,721.2991943359375,720.6699829101562,720.7100219726562,107210
2026-06-29 13:02:00-04:00,721.3900146484375,721.3900146484375,721.4202880859375,721.0999755859375,721.0999755859375,72213
2026-06-29 13:04:00-04:00,721.405029296875,721.405029296875,721.4600219726562,721.2000122070312,721.4000244140625,134921
2026-06-29 13:06:00-04:00,721.14501953125,721.14501953125,721.469970703125,721.14501953125,721.4400024414062,73403
2026-06-29 13:08:00-04:00,721.489990234375,721.489990234375,721.5599975585938,721.1300048828125,721.2150268554688,70332
2026-06-29 13:10:00-04:00,721.9000244140625,721.9000244140625,721.9000244140625,721.47998046875,721.510009765625,88313
2026-06-29 13:12:00-04:00,722.52001953125,722.52001953125,722.6199951171875,721.7550048828125,721.9299926757812,182764
2026-06-29 13:14:00-04:00,722.5349731445312,722.5349731445312,722.72998046875,722.3800048828125,722.510009765625,109730
2026-06-29 13:16:00-04:00,722.52001953125,722.52001953125,722.739990234375,722.22998046875,722.5499877929688,124541
2026-06-29 13:18:00-04:00,722.47998046875,722.47998046875,722.6862182617188,722.4000244140625,722.4749755859375,84539
2026-06-29 13:20:00-04:00,721.8499755859375,721.8499755859375,722.75,721.7999877929688,722.489990234375,289005
2026-06-29 13:22:00-04:00,721.7150268554688,721.7150268554688,721.9299926757812,721.469970703125,721.8770751953125,141304
2026-06-29 13:24:00-04:00,721.9498901367188,721.9498901367188,721.9498901367188,721.5399780273438,721.6599731445312,38212
2026-06-29 13:26:00-04:00,722.3900146484375,722.3900146484375,722.47998046875,721.97998046875,721.97998046875,76282
2026-06-29 13:28:00-04:00,723.0,723.0,723.0469970703125,722.3499755859375,722.3699951171875,117287
2026-06-29 13:30:00-04:00,723.510009765625,723.510009765625,723.6300048828125,722.9299926757812,722.989990234375,136751
2026-06-29 13:32:00-04:00,722.6199951171875,722.6199951171875,723.52001953125,722.4099731445312,723.510009765625,119344
2026-06-29 13:34:00-04:00,722.719970703125,722.719970703125,722.89501953125,722.5449829101562,722.6597900390625,73102
2026-06-29 13:36:00-04:00,722.7700805664062,722.7700805664062,723.02001953125,722.5499877929688,722.7098999023438,60034
2026-06-29 13:38:00-04:00,722.9500122070312,722.9500122070312,722.989990234375,722.530029296875,722.7650146484375,176634
2026-06-29 13:40:00-04:00,722.6699829101562,722.6699829101562,723.0,722.6699829101562,722.9400024414062,66323
2026-06-29 13:42:00-04:00,722.8200073242188,722.8200073242188,722.9500122070312,722.6837768554688,722.6837768554688,43423
2026-06-29 13:44:00-04:00,723.0800170898438,723.0800170898438,723.0800170898438,722.5800170898438,722.8099975585938,76041
2026-06-29 13:46:00-04:00,723.2899780273438,723.2899780273438,723.3200073242188,722.8900146484375,723.0250244140625,58761
2026-06-29 13:48:00-04:00,723.239990234375,723.239990234375,723.3400268554688,723.1300048828125,723.2899780273438,72728
2026-06-29 13:50:00-04:00,723.1300048828125,723.1300048828125,723.280029296875,722.9099731445312,723.260009765625,94552
2026-06-29 13:52:00-04:00,723.25,723.25,723.4199829101562,723.0900268554688,723.1400146484375,69502
2026-06-29 13:54:00-04:00,723.326416015625,723.326416015625,723.4299926757812,723.1400146484375,723.27001953125,55157
2026-06-29 13:56:00-04:00,722.9500122070312,722.9500122070312,723.4400024414062,722.844970703125,723.3099975585938,120154
2026-06-29 13:58:00-04:00,722.8201293945312,722.8201293945312,723.0050048828125,722.5200805664062,723.0,137289
2026-06-29 14:00:00-04:00,723.0599975585938,723.0599975585938,723.1799926757812,722.5800170898438,722.8394775390625,86835
2026-06-29 14:02:00-04:00,723.1199951171875,723.1199951171875,723.1699829101562,722.969970703125,723.0800170898438,71468
2026-06-29 14:04:00-04:00,723.209716796875,723.209716796875,723.3200073242188,722.9299926757812,723.1199951171875,75723
2026-06-29 14:06:00-04:00,723.1400146484375,723.1400146484375,723.239990234375,723.030029296875,723.2100219726562,117896
2026-06-29 14:08:00-04:00,722.969970703125,722.969970703125,723.1699829101562,722.8499755859375,723.1199951171875,113722
2026-06-29 14:10:00-04:00,723.010009765625,723.010009765625,723.219970703125,722.9130249023438,722.989990234375,78816
2026-06-29 14:12:00-04:00,723.239990234375,723.239990234375,723.2899780273438,722.9099731445312,723.0,67387
2026-06-29 14:14:00-04:00,723.280029296875,723.280029296875,723.3099975585938,723.1500244140625,723.219970703125,51487
2026-06-29 14:16:00-04:00,722.969970703125,722.969970703125,723.2899780273438,722.969970703125,723.260009765625,39436
2026-06-29 14:18:00-04:00,723.219970703125,723.219970703125,723.3300170898438,722.9849853515625,722.9849853515625,99478
2026-06-29 14:20:00-04:00,723.010009765625,723.010009765625,723.1799926757812,722.6900024414062,723.1799926757812,71855
2026-06-29 14:22:00-04:00,722.97998046875,722.97998046875,723.2899780273438,722.9450073242188,723.0300903320312,58678
2026-06-29 14:24:00-04:00,722.6516723632812,722.6516723632812,723.0,722.6300048828125,723.0,63400
2026-06-29 14:26:00-04:00,722.75,722.75,722.8599853515625,722.5599975585938,722.7000122070312,67105
2026-06-29 14:28:00-04:00,722.53369140625,722.53369140625,722.75,722.4299926757812,722.7000122070312,105042
2026-06-29 14:30:00-04:00,722.7899169921875,722.7899169921875,722.9400024414062,722.47998046875,722.5999755859375,85417
2026-06-29 14:32:00-04:00,723.1998901367188,723.1998901367188,723.2000122070312,722.7999877929688,722.7999877929688,59590
2026-06-29 14:34:00-04:00,723.4299926757812,723.4299926757812,723.780029296875,723.1599731445312,723.2100219726562,114058
2026-06-29 14:36:00-04:00,723.3800048828125,723.3800048828125,723.6599731445312,723.3200073242188,723.4149780273438,96581
2026-06-29 14:38:00-04:00,723.6699829101562,723.6699829101562,723.7000122070312,723.1900024414062,723.4299926757812,313209
2026-06-29 14:40:00-04:00,723.7899780273438,723.7899780273438,723.9099731445312,723.6510009765625,723.6699829101562,123719
2026-06-29 14:42:00-04:00,723.8900146484375,723.8900146484375,723.9600219726562,723.6799926757812,723.8300170898438,92887
2026-06-29 14:44:00-04:00,724.27001953125,724.27001953125,724.3400268554688,723.8599853515625,723.8800048828125,128741
2026-06-29 14:46:00-04:00,724.0106201171875,724.0106201171875,724.4199829101562,723.9500122070312,724.27001953125,173114
2026-06-29 14:48:00-04:00,724.030029296875,724.030029296875,724.1900024414062,723.9201049804688,724.0499877929688,97893
2026-06-29 14:50:00-04:00,723.8189697265625,723.8189697265625,724.010009765625,723.5601196289062,723.9926147460938,128850
2026-06-29 14:52:00-04:00,723.8348999023438,723.8348999023438,723.8577270507812,723.5599975585938,723.8049926757812,89236
2026-06-29 14:54:00-04:00,723.6799926757812,723.6799926757812,723.9400024414062,723.594970703125,723.8499755859375,90365
2026-06-29 14:56:00-04:00,723.5399780273438,723.5399780273438,723.760009765625,723.4500122070312,723.677978515625,50339
2026-06-29 14:58:00-04:00,723.489990234375,723.489990234375,723.6284790039062,723.3699951171875,723.5307006835938,163759
2026-06-29 15:00:00-04:00,723.510009765625,723.510009765625,723.8499755859375,723.2000122070312,723.530029296875,127313
2026-06-29 15:02:00-04:00,723.0401000976562,723.0401000976562,723.5894775390625,722.9600219726562,723.5,436432
2026-06-29 15:04:00-04:00,723.02001953125,723.02001953125,723.1998901367188,722.75,723.0850219726562,132586
2026-06-29 15:06:00-04:00,723.61669921875,723.61669921875,723.6799926757812,722.7899780273438,722.9998168945312,136553
2026-06-29 15:08:00-04:00,723.3400268554688,723.3400268554688,723.6199951171875,723.3201293945312,723.6199951171875,168192
2026-06-29 15:10:00-04:00,723.2550048828125,723.2550048828125,723.4901123046875,723.1599731445312,723.3699951171875,82614
2026-06-29 15:12:00-04:00,723.0800170898438,723.0800170898438,723.3900146484375,723.0800170898438,723.27001953125,81941
2026-06-29 15:14:00-04:00,723.125,723.125,723.2999877929688,723.0,723.1199951171875,232643
2026-06-29 15:16:00-04:00,723.280029296875,723.280029296875,723.5,723.1300048828125,723.1799926757812,209582
2026-06-29 15:18:00-04:00,723.3699951171875,723.3699951171875,723.6099853515625,723.27001953125,723.3300170898438,105758
2026-06-29 15:20:00-04:00,723.77001953125,723.77001953125,723.9000244140625,723.3800048828125,723.3800048828125,225145
2026-06-29 15:22:00-04:00,724.2199096679688,724.2199096679688,724.25,723.760009765625,723.7999877929688,360646
2026-06-29 15:24:00-04:00,723.7249755859375,723.7249755859375,724.219970703125,723.6649780273438,724.219970703125,126859
2026-06-29 15:26:00-04:00,723.594970703125,723.594970703125,723.8200073242188,723.5,723.7999877929688,132748
2026-06-29 15:28:00-04:00,723.4299926757812,723.4299926757812,723.6599731445312,723.4199829101562,723.5960083007812,84876
2026-06-29 15:30:00-04:00,723.22998046875,723.22998046875,723.5599975585938,723.1640014648438,723.4600219726562,129307
2026-06-29 15:32:00-04:00,723.14990234375,723.14990234375,723.3300170898438,723.0900268554688,723.219970703125,282349
2026-06-29 15:34:00-04:00,723.4000244140625,723.4000244140625,723.5599975585938,722.97998046875,723.1199951171875,132482
2026-06-29 15:36:00-04:00,723.3800048828125,723.3800048828125,723.5150146484375,723.2000122070312,723.448974609375,85452
2026-06-29 15:38:00-04:00,723.6300048828125,723.6300048828125,723.6500244140625,723.2901000976562,723.3701171875,106036
2026-06-29 15:40:00-04:00,723.6699829101562,723.6699829101562,724.0098876953125,723.5700073242188,723.6500244140625,78435
2026-06-29 15:42:00-04:00,723.2249755859375,723.2249755859375,723.6500244140625,723.1204223632812,723.6500244140625,89626
2026-06-29 15:44:00-04:00,723.4000244140625,723.4000244140625,723.5999755859375,723.0999755859375,723.260009765625,114392
2026-06-29 15:46:00-04:00,723.3300170898438,723.3300170898438,723.5700073242188,723.22998046875,723.380126953125,1817290
2026-06-29 15:48:00-04:00,723.4000244140625,723.4000244140625,723.4743041992188,723.260009765625,723.3098754882812,431962
2026-06-29 15:50:00-04:00,722.4099731445312,722.4099731445312,723.530029296875,722.4000244140625,723.4099731445312,329232
2026-06-29 15:52:00-04:00,722.47998046875,722.47998046875,722.8200073242188,722.239990234375,722.4600219726562,506255
2026-06-29 15:54:00-04:00,723.0692138671875,723.0692138671875,723.3699951171875,722.4000244140625,722.47998046875,557593
2026-06-29 15:56:00-04:00,723.2813720703125,723.2813720703125,723.3599853515625,722.9099731445312,723.02001953125,320412
2026-06-29 15:58:00-04:00,724.030029296875,724.030029296875,724.5800170898438,723.280029296875,723.2999877929688,1910806
2026-06-30 09:30:00-04:00,726.219970703125,726.219970703125,726.4400024414062,723.9199829101562,724.1699829101562,1982492
2026-06-30 09:32:00-04:00,726.89990234375,726.89990234375,727.0800170898438,725.2999877929688,726.1699829101562,403017
2026-06-30 09:34:00-04:00,729.0250244140625,729.0250244140625,729.0999755859375,726.8400268554688,726.9299926757812,420292
2026-06-30 09:36:00-04:00,729.2750244140625,729.2750244140625,729.4400024414062,728.0800170898438,728.9600219726562,375823
2026-06-30 09:38:00-04:00,727.6799926757812,727.6799926757812,729.3001098632812,727.4600219726562,729.260009765625,343905
2026-06-30 09:40:00-04:00,728.4893798828125,728.4893798828125,728.655029296875,727.2650146484375,727.6500244140625,279073
2026-06-30 09:42:00-04:00,727.8900146484375,727.8900146484375,728.9000244140625,727.5,728.4199829101562,313215
2026-06-30 09:44:00-04:00,729.0399780273438,729.0399780273438,729.1411743164062,726.8099975585938,727.8099975585938,338161
2026-06-30 09:46:00-04:00,728.4180297851562,728.4180297851562,729.1400146484375,728.22998046875,729.0,205753
2026-06-30 09:48:00-04:00,728.2100219726562,728.2100219726562,728.97998046875,727.77001953125,728.4174194335938,177291
2026-06-30 09:50:00-04:00,729.989990234375,729.989990234375,730.1199951171875,727.9400024414062,728.1699829101562,399860
2026-06-30 09:52:00-04:00,730.22998046875,730.22998046875,730.5958251953125,729.6400146484375,729.9600219726562,329010
2026-06-30 09:54:00-04:00,730.760009765625,730.760009765625,730.9199829101562,729.8438110351562,730.25,241613
2026-06-30 09:56:00-04:00,730.6950073242188,730.6950073242188,731.1099853515625,730.5399780273438,730.72998046875,212732
2026-06-30 09:58:00-04:00,731.8701171875,731.8701171875,731.905029296875,730.47998046875,730.6799926757812,273270
2026-06-30 10:00:00-04:00,730.8200073242188,730.8200073242188,732.0900268554688,729.72998046875,731.8701171875,452477
2026-06-30 10:02:00-04:00,732.3499755859375,732.3499755859375,732.4099731445312,730.5599975585938,730.760009765625,296290
2026-06-30 10:04:00-04:00,731.9600219726562,731.9600219726562,732.5900268554688,731.6950073242188,732.3400268554688,433029
2026-06-30 10:06:00-04:00,731.3787841796875,731.3787841796875,732.030029296875,731.1599731445312,731.9500122070312,223198
2026-06-30 10:08:00-04:00,731.1699829101562,731.1699829101562,731.780029296875,730.8699951171875,731.389892578125,211326
2026-06-30 10:10:00-04:00,731.7244873046875,731.7244873046875,731.9400024414062,730.510009765625,731.2100219726562,214935
2026-06-30 10:12:00-04:00,731.6862182617188,731.6862182617188,731.8300170898438,731.0499877929688,731.7100219726562,335731
2026-06-30 10:14:00-04:00,731.5499877929688,731.5499877929688,732.0,731.3350219726562,731.6300048828125,128675
2026-06-30 10:16:00-04:00,731.77001953125,731.77001953125,731.8200073242188,731.1599731445312,731.5499877929688,144756
2026-06-30 10:18:00-04:00,732.0399169921875,732.0399169921875,732.2899169921875,731.4000244140625,731.75,170293
2026-06-30 10:20:00-04:00,732.1799926757812,732.1799926757812,732.3800048828125,731.551513671875,731.9000244140625,133628
2026-06-30 10:22:00-04:00,733.1790161132812,733.1790161132812,733.197998046875,732.135009765625,732.1500244140625,279533
2026-06-30 10:24:00-04:00,732.5349731445312,732.5349731445312,733.2999877929688,732.3900146484375,733.1199951171875,232565
2026-06-30 10:26:00-04:00,733.1599731445312,733.1599731445312,733.25,732.4199829101562,732.4450073242188,122329
2026-06-30 10:28:00-04:00,732.9884033203125,732.9884033203125,733.3099975585938,732.8499755859375,733.1649780273438,143433
2026-06-30 10:30:00-04:00,733.510009765625,733.510009765625,733.6500244140625,732.8599853515625,733.030029296875,235870
2026-06-30 10:32:00-04:00,733.3699951171875,733.3699951171875,733.6599731445312,733.260009765625,733.5,102418
2026-06-30 10:34:00-04:00,733.1187133789062,733.1187133789062,733.7750244140625,733.0999755859375,733.3090209960938,187710
2026-06-30 10:36:00-04:00,732.8900146484375,732.8900146484375,733.2150268554688,732.5910034179688,733.1099853515625,307697
2026-06-30 10:38:00-04:00,732.8900146484375,732.8900146484375,733.0850219726562,732.4500122070312,732.9299926757812,109791
2026-06-30 10:40:00-04:00,732.4003295898438,732.4003295898438,733.25,732.3900146484375,732.8599853515625,119015
2026-06-30 10:42:00-04:00,732.405029296875,732.405029296875,732.52001953125,732.0499877929688,732.4000244140625,116587
2026-06-30 10:44:00-04:00,732.3099975585938,732.3099975585938,733.1199951171875,732.2401123046875,732.4299926757812,141985
2026-06-30 10:46:00-04:00,731.8411254882812,731.8411254882812,732.3400268554688,731.5,732.3099975585938,156935
2026-06-30 10:48:00-04:00,731.5650024414062,731.5650024414062,732.2050170898438,731.4400024414062,731.8099975585938,93104
2026-06-30 10:50:00-04:00,731.9199829101562,731.9199829101562,732.239990234375,731.5700073242188,731.5999755859375,120345
2026-06-30 10:52:00-04:00,731.0999755859375,731.0999755859375,731.9400024414062,731.030029296875,731.9400024414062,143979
2026-06-30 10:54:00-04:00,730.7999877929688,730.7999877929688,731.239990234375,730.3900146484375,731.2000122070312,175267
2026-06-30 10:56:00-04:00,730.4099731445312,730.4099731445312,731.4299926757812,730.1599731445312,730.9000244140625,108355
2026-06-30 10:58:00-04:00,730.469970703125,730.469970703125,730.8087158203125,729.9400024414062,730.3400268554688,132401
2026-06-30 11:00:00-04:00,731.75,731.75,731.780029296875,730.3699951171875,730.52001953125,305372
2026-06-30 11:02:00-04:00,732.010009765625,732.010009765625,732.0700073242188,731.4099731445312,731.72802734375,245589
2026-06-30 11:04:00-04:00,732.02001953125,732.02001953125,732.15869140625,731.5800170898438,731.969970703125,127668
2026-06-30 11:06:00-04:00,732.3400268554688,732.3400268554688,732.3400268554688,731.8300170898438,732.0700073242188,123677
2026-06-30 11:08:00-04:00,732.4099731445312,732.4099731445312,732.5399780273438,732.1199951171875,732.3599853515625,128057
2026-06-30 11:10:00-04:00,731.9000244140625,731.9000244140625,732.52001953125,731.8499755859375,732.4199829101562,143609
2026-06-30 11:12:00-04:00,732.9500122070312,732.9500122070312,732.97998046875,731.8800048828125,731.8900756835938,98388
2026-06-30 11:14:00-04:00,732.4600219726562,732.4600219726562,733.030029296875,732.3800048828125,732.9500122070312,138974
2026-06-30 11:16:00-04:00,732.4400024414062,732.4400024414062,732.5800170898438,732.22998046875,732.4796752929688,79425
2026-06-30 11:18:00-04:00,732.3499755859375,732.3499755859375,732.6300048828125,732.0700073242188,732.47998046875,154497
2026-06-30 11:20:00-04:00,732.3099975585938,732.3099975585938,732.7525024414062,732.1799926757812,732.3049926757812,87061
2026-06-30 11:22:00-04:00,732.6325073242188,732.6325073242188,732.8699951171875,732.3699951171875,732.409912109375,58460
2026-06-30 11:24:00-04:00,732.8200073242188,732.8200073242188,732.8300170898438,732.4199829101562,732.6699829101562,71749
2026-06-30 11:26:00-04:00,732.77001953125,732.77001953125,732.9500122070312,732.5850219726562,732.780029296875,74184
2026-06-30 11:28:00-04:00,733.0250244140625,733.0250244140625,733.1699829101562,732.8200073242188,732.8200073242188,83414
2026-06-30 11:30:00-04:00,733.0700073242188,733.0700073242188,733.2091064453125,732.75,733.0599975585938,83371
2026-06-30 11:32:00-04:00,733.1300048828125,733.1300048828125,733.3699951171875,733.0797729492188,733.0797729492188,91798
2026-06-30 11:34:00-04:00,733.1099853515625,733.1099853515625,733.5798950195312,733.02001953125,733.1199951171875,137210
2026-06-30 11:36:00-04:00,733.1199951171875,733.1199951171875,733.239990234375,732.8400268554688,733.1099853515625,65746
2026-06-30 11:38:00-04:00,733.010009765625,733.010009765625,733.0900268554688,732.8200073242188,733.0499877929688,55821
2026-06-30 11:40:00-04:00,733.219970703125,733.219970703125,733.2899780273438,732.5900268554688,732.969970703125,189815
2026-06-30 11:42:00-04:00,733.2999877929688,733.2999877929688,733.375,732.9901123046875,733.1799926757812,56068
2026-06-30 11:44:00-04:00,733.4600219726562,733.4600219726562,733.6300048828125,733.0501098632812,733.3200073242188,93616
2026-06-30 11:46:00-04:00,733.4199829101562,733.4199829101562,733.72998046875,733.3400268554688,733.47998046875,165491
2026-06-30 11:48:00-04:00,733.52001953125,733.52001953125,733.6298828125,733.22998046875,733.4199829101562,82482
2026-06-30 11:50:00-04:00,733.780029296875,733.780029296875,733.969970703125,733.5,733.5999755859375,183026
2026-06-30 11:52:00-04:00,734.4000244140625,734.4000244140625,734.4000244140625,733.6699829101562,733.7750244140625,119814
2026-06-30 11:54:00-04:00,734.659423828125,734.659423828125,734.659423828125,734.219970703125,734.364990234375,116399
2026-06-30 11:56:00-04:00,734.6599731445312,734.6599731445312,734.7197265625,734.4299926757812,734.6699829101562,86431
2026-06-30 11:58:00-04:00,734.22900390625,734.22900390625,734.7000122070312,734.1599731445312,734.6500244140625,95576
2026-06-30 12:00:00-04:00,734.5499877929688,734.5499877929688,734.6599731445312,734.030029296875,734.25,67523
2026-06-30 12:02:00-04:00,734.75,734.75,734.8336791992188,734.5,734.5303955078125,60215
2026-06-30 12:04:00-04:00,734.869873046875,734.869873046875,734.9500122070312,734.5900268554688,734.72998046875,51646
2026-06-30 12:06:00-04:00,734.9550170898438,734.9550170898438,735.0800170898438,734.7899780273438,734.8599853515625,126284
2026-06-30 12:08:00-04:00,734.8099975585938,734.8099975585938,735.0698852539062,734.7249755859375,734.9500122070312,178516
2026-06-30 12:10:00-04:00,734.6749877929688,734.6749877929688,734.905029296875,734.5399780273438,734.8099975585938,108452
2026-06-30 12:12:00-04:00,734.739990234375,734.739990234375,734.9099731445312,734.6599731445312,734.6599731445312,51274
2026-06-30 12:14:00-04:00,734.9299926757812,734.9299926757812,735.0399780273438,734.7100219726562,734.719970703125,61372
2026-06-30 12:16:00-04:00,735.17626953125,735.17626953125,735.3897705078125,734.97998046875,735.02001953125,162368
2026-06-30 12:18:00-04:00,735.2188110351562,735.2188110351562,735.22998046875,735.02001953125,735.1500244140625,141477
2026-06-30 12:20:00-04:00,735.0700073242188,735.0700073242188,735.2999877929688,735.0700073242188,735.1900024414062,64631
2026-06-30 12:22:00-04:00,734.8900146484375,734.8900146484375,735.1900024414062,734.8800048828125,735.0599975585938,77859
2026-06-30 12:24:00-04:00,734.9500122070312,734.9500122070312,735.1500244140625,734.8400268554688,734.8800048828125,66347
2026-06-30 12:26:00-04:00,735.2600708007812,735.2600708007812,735.3800048828125,735.0,735.0598754882812,60242
2026-06-30 12:28:00-04:00,735.0349731445312,735.0349731445312,735.2899780273438,734.9337158203125,735.1900024414062,34657
2026-06-30 12:30:00-04:00,735.0399780273438,735.0399780273438,735.1950073242188,734.8400268554688,735.0390014648438,83468
2026-06-30 12:32:00-04:00,734.7999877929688,734.7999877929688,735.02001953125,734.75,735.02001953125,50536
2026-06-30 12:34:00-04:00,734.85498046875,734.85498046875,734.9998779296875,734.6400146484375,734.7899780273438,150319
2026-06-30 12:36:00-04:00,735.0449829101562,735.0449829101562,735.1798706054688,734.9000244140625,734.9000244140625,34037
2026-06-30 12:38:00-04:00,735.1500244140625,735.1500244140625,735.1798706054688,734.9500122070312,735.0399780273438,90440
2026-06-30 12:40:00-04:00,735.1099853515625,735.1099853515625,735.22998046875,735.02001953125,735.1799926757812,46380
2026-06-30 12:42:00-04:00,735.2349853515625,735.2349853515625,735.469970703125,735.1500244140625,735.1500244140625,56601
2026-06-30 12:44:00-04:00,735.6599731445312,735.6599731445312,735.7000122070312,735.1900024414062,735.239990234375,61500
2026-06-30 12:46:00-04:00,735.719970703125,735.719970703125,735.8099975585938,735.5900268554688,735.6900024414062,121036
2026-06-30 12:48:00-04:00,736.076416015625,736.076416015625,736.0999755859375,735.7000122070312,735.7000122070312,82460
2026-06-30 12:50:00-04:00,735.989990234375,735.989990234375,736.1300048828125,735.8800048828125,736.0999755859375,74517
2026-06-30 12:52:00-04:00,736.2000122070312,736.2000122070312,736.2000122070312,735.9600219726562,736.0,83491
2026-06-30 12:54:00-04:00,736.0,736.0,736.3499755859375,736.0,736.1849975585938,75162
2026-06-30 12:56:00-04:00,735.9000244140625,735.9000244140625,736.0,735.844970703125,735.969970703125,40918
2026-06-30 12:58:00-04:00,735.8200073242188,735.8200073242188,735.9000244140625,735.6677856445312,735.9000244140625,52738
2026-06-30 13:00:00-04:00,735.989990234375,735.989990234375,736.0,735.7899780273438,735.8300170898438,58033
2026-06-30 13:02:00-04:00,736.5499877929688,736.5499877929688,736.5499877929688,735.989990234375,735.989990234375,112009
2026-06-30 13:04:00-04:00,736.4349975585938,736.4349975585938,736.5549926757812,736.27001953125,736.52001953125,79749
2026-06-30 13:06:00-04:00,736.5,736.5,736.5800170898438,736.3900146484375,736.4500122070312,58588
2026-06-30 13:08:00-04:00,736.52001953125,736.52001953125,736.6799926757812,736.4199829101562,736.530029296875,92611
2026-06-30 13:10:00-04:00,736.469970703125,736.469970703125,736.530029296875,736.3599853515625,736.4924926757812,135580
2026-06-30 13:12:00-04:00,736.2000122070312,736.2000122070312,736.4550170898438,736.2000122070312,736.4500122070312,54503
2026-06-30 13:14:00-04:00,735.9600219726562,735.9600219726562,736.1900024414062,735.9000244140625,736.1599731445312,132733
2026-06-30 13:16:00-04:00,736.0700073242188,736.0700073242188,736.280029296875,735.9509887695312,735.97998046875,91414
2026-06-30 13:18:00-04:00,736.2100219726562,736.2100219726562,736.2150268554688,736.0100708007812,736.0700073242188,43980
2026-06-30 13:20:00-04:00,736.219970703125,736.219970703125,736.47998046875,736.1978759765625,736.1978759765625,65277
2026-06-30 13:22:00-04:00,736.155029296875,736.155029296875,736.3198852539062,736.0499877929688,736.2197265625,49849
2026-06-30 13:24:00-04:00,736.0800170898438,736.0800170898438,736.2100219726562,736.0009155273438,736.135009765625,50946
2026-06-30 13:26:00-04:00,735.8800048828125,735.8800048828125,736.1699829101562,735.8499755859375,736.1099853515625,60596
2026-06-30 13:28:00-04:00,735.8800048828125,735.8800048828125,735.9819946289062,735.77001953125,735.9000244140625,53543
2026-06-30 13:30:00-04:00,735.6799926757812,735.6799926757812,735.97998046875,735.6599731445312,735.9400024414062,94015
2026-06-30 13:32:00-04:00,735.875,735.875,735.885009765625,735.5704956054688,735.6900024414062,92645
2026-06-30 13:34:00-04:00,736.0250244140625,736.0250244140625,736.114990234375,735.8200073242188,735.8699951171875,65932
2026-06-30 13:36:00-04:00,735.8400268554688,735.8400268554688,736.02001953125,735.75,736.010009765625,60103
2026-06-30 13:38:00-04:00,735.6900024414062,735.6900024414062,735.9249877929688,735.6400146484375,735.780029296875,51139
2026-06-30 13:40:00-04:00,735.9600219726562,735.9600219726562,735.989990234375,735.630126953125,735.7059936523438,68606
2026-06-30 13:42:00-04:00,736.1400146484375,736.1400146484375,736.27001953125,735.9500122070312,735.97998046875,47281
2026-06-30 13:44:00-04:00,735.989990234375,735.989990234375,736.27001953125,735.97998046875,736.1099853515625,77791
2026-06-30 13:46:00-04:00,735.8400268554688,735.8400268554688,736.0399780273438,735.8099975585938,735.969970703125,72218
2026-06-30 13:48:00-04:00,735.7899780273438,735.7899780273438,735.9099731445312,735.75,735.8300170898438,181201
2026-06-30 13:50:00-04:00,735.7949829101562,735.7949829101562,735.9450073242188,735.5800170898438,735.7999877929688,577879
2026-06-30 13:52:00-04:00,735.9199829101562,735.9199829101562,736.010009765625,735.5999755859375,735.780029296875,137528
2026-06-30 13:54:00-04:00,735.760009765625,735.760009765625,735.9199829101562,735.7000122070312,735.9099731445312,471831
2026-06-30 13:56:00-04:00,735.8400268554688,735.8400268554688,735.9370727539062,735.75,735.7999877929688,67751
2026-06-30 13:58:00-04:00,735.780029296875,735.780029296875,735.8510131835938,735.6699829101562,735.8510131835938,34815
2026-06-30 14:00:00-04:00,735.7899780273438,735.7899780273438,735.8699951171875,735.5999755859375,735.8099975585938,64029
2026-06-30 14:02:00-04:00,735.97998046875,735.97998046875,736.1400146484375,735.760009765625,735.7949829101562,58729
2026-06-30 14:04:00-04:00,735.6799926757812,735.6799926757812,736.1500244140625,735.6300048828125,736.0,78779
2026-06-30 14:06:00-04:00,735.9600219726562,735.9600219726562,735.989990234375,735.1749877929688,735.6900024414062,115728
2026-06-30 14:08:00-04:00,735.9500122070312,735.9500122070312,736.0900268554688,735.8599853515625,735.9636840820312,55175
2026-06-30 14:10:00-04:00,736.0,736.0,736.0399780273438,735.8300170898438,735.9099731445312,86145
2026-06-30 14:12:00-04:00,735.9550170898438,735.9550170898438,736.0,735.75,735.9600219726562,27720
2026-06-30 14:14:00-04:00,735.75,735.75,735.9500122070312,735.6699829101562,735.8900146484375,72022
2026-06-30 14:16:00-04:00,735.8400268554688,735.8400268554688,735.9299926757812,735.7100219726562,735.7982177734375,38838
2026-06-30 14:18:00-04:00,736.1849975585938,736.1849975585938,736.239990234375,735.7999877929688,735.85009765625,45156
2026-06-30 14:20:00-04:00,736.3200073242188,736.3200073242188,736.3599853515625,736.0900268554688,736.1699829101562,56740
2026-06-30 14:22:00-04:00,736.0999755859375,736.0999755859375,736.3200073242188,736.0499877929688,736.3200073242188,59718
2026-06-30 14:24:00-04:00,736.0700073242188,736.0700073242188,736.0999755859375,735.8901977539062,736.0999755859375,45152
2026-06-30 14:26:00-04:00,735.9099731445312,735.9099731445312,736.0700073242188,735.8800048828125,736.0700073242188,141564
2026-06-30 14:28:00-04:00,735.97998046875,735.97998046875,736.0499877929688,735.8800048828125,735.9099731445312,62370
2026-06-30 14:30:00-04:00,735.7999877929688,735.7999877929688,736.0499877929688,735.760009765625,736.010009765625,79223
2026-06-30 14:32:00-04:00,735.9099731445312,735.9099731445312,736.0999755859375,735.760009765625,735.8099975585938,67402
2026-06-30 14:34:00-04:00,736.0549926757812,736.0549926757812,736.0999755859375,735.85498046875,735.9301147460938,258517
2026-06-30 14:36:00-04:00,736.0549926757812,736.0549926757812,736.1174926757812,735.8800048828125,736.0599975585938,104117
2026-06-30 14:38:00-04:00,735.9199829101562,735.9199829101562,736.0599975585938,735.834716796875,736.0599975585938,65282
2026-06-30 14:40:00-04:00,736.2799072265625,736.2799072265625,736.2849731445312,735.8699951171875,735.9099731445312,100320
2026-06-30 14:42:00-04:00,736.5250244140625,736.5250244140625,736.5599975585938,736.1699829101562,736.2899780273438,136171
2026-06-30 14:44:00-04:00,736.3400268554688,736.3400268554688,736.5499877929688,736.3200073242188,736.52001953125,120203
2026-06-30 14:46:00-04:00,736.4500122070312,736.4500122070312,736.52001953125,736.27001953125,736.3599853515625,125132
2026-06-30 14:48:00-04:00,736.7899780273438,736.7899780273438,736.8099975585938,736.4199829101562,736.4501953125,118433
2026-06-30 14:50:00-04:00,736.760009765625,736.760009765625,736.9874877929688,736.6699829101562,736.7999877929688,150465
2026-06-30 14:52:00-04:00,736.7150268554688,736.7150268554688,736.8189697265625,736.6500244140625,736.760009765625,42359
2026-06-30 14:54:00-04:00,736.4349975585938,736.4349975585938,736.70361328125,736.22998046875,736.70361328125,122760
2026-06-30 14:56:00-04:00,736.510009765625,736.510009765625,736.6799926757812,736.3900146484375,736.4400024414062,232529
2026-06-30 14:58:00-04:00,736.489990234375,736.489990234375,736.6199951171875,736.4299926757812,736.52001953125,166365
2026-06-30 15:00:00-04:00,736.72998046875,736.72998046875,736.8699951171875,736.4500122070312,736.47998046875,112583
2026-06-30 15:02:00-04:00,736.72998046875,736.72998046875,736.9000244140625,736.6400146484375,736.7899780273438,170467
2026-06-30 15:04:00-04:00,736.5499877929688,736.5499877929688,736.8099975585938,736.52001953125,736.7100219726562,119064
2026-06-30 15:06:00-04:00,736.780029296875,736.780029296875,736.8400268554688,736.4500122070312,736.5700073242188,288094
2026-06-30 15:08:00-04:00,737.0800170898438,737.0800170898438,737.1500244140625,736.739990234375,736.75,163119
2026-06-30 15:10:00-04:00,737.22998046875,737.22998046875,737.3590087890625,736.9246215820312,737.0499877929688,208153
2026-06-30 15:12:00-04:00,737.364990234375,737.364990234375,737.4299926757812,737.239990234375,737.25,184475
2026-06-30 15:14:00-04:00,737.3699951171875,737.3699951171875,737.4299926757812,737.280029296875,737.3690185546875,490098
2026-06-30 15:16:00-04:00,737.3900146484375,737.3900146484375,737.4299926757812,737.22998046875,737.3699951171875,120284
2026-06-30 15:18:00-04:00,737.135009765625,737.135009765625,737.6199951171875,737.0601196289062,737.4000244140625,336798
2026-06-30 15:20:00-04:00,737.0700073242188,737.0700073242188,737.25,737.02001953125,737.1300048828125,254582
2026-06-30 15:22:00-04:00,737.25,737.25,737.3200073242188,737.010009765625,737.0700073242188,112264
2026-06-30 15:24:00-04:00,737.2100219726562,737.2100219726562,737.3200073242188,737.02001953125,737.280029296875,145859
2026-06-30 15:26:00-04:00,737.1500244140625,737.1500244140625,737.25,736.853515625,737.219970703125,165796
2026-06-30 15:28:00-04:00,737.0499877929688,737.0499877929688,737.1699829101562,736.989990234375,737.1500244140625,167419
2026-06-30 15:30:00-04:00,736.97998046875,736.97998046875,737.1599731445312,736.830078125,737.0499877929688,153937
2026-06-30 15:32:00-04:00,737.2050170898438,737.2050170898438,737.2396850585938,736.9249877929688,736.97998046875,2299501
2026-06-30 15:34:00-04:00,736.760009765625,736.760009765625,737.1900024414062,736.7401123046875,737.1900024414062,130482
2026-06-30 15:36:00-04:00,736.4500122070312,736.4500122070312,736.8200073242188,736.4400024414062,736.75,279001
2026-06-30 15:38:00-04:00,736.7399291992188,736.7399291992188,736.739990234375,736.4299926757812,736.4500122070312,378672
2026-06-30 15:40:00-04:00,736.8800048828125,736.8800048828125,737.1400146484375,736.6699829101562,736.6900024414062,247544
2026-06-30 15:42:00-04:00,736.8200073242188,736.8200073242188,737.2000122070312,736.739990234375,736.8599853515625,464602
2026-06-30 15:44:00-04:00,736.89501953125,736.89501953125,737.4400024414062,736.8200073242188,736.8200073242188,295479
2026-06-30 15:46:00-04:00,736.8699951171875,736.8699951171875,737.0800170898438,736.8300170898438,736.905029296875,284591
2026-06-30 15:48:00-04:00,736.875,736.875,737.02001953125,736.77001953125,736.8800048828125,355982
2026-06-30 15:50:00-04:00,736.5050048828125,736.5050048828125,736.8900146484375,736.260009765625,736.8900146484375,381567
2026-06-30 15:52:00-04:00,737.2999877929688,737.2999877929688,737.3099975585938,736.489990234375,736.52001953125,537120
2026-06-30 15:54:00-04:00,737.1799926757812,737.1799926757812,737.5999755859375,736.9600219726562,737.2899780273438,976297
2026-06-30 15:56:00-04:00,737.4299926757812,737.4299926757812,737.5599975585938,737.0399780273438,737.1799926757812,1111996
2026-06-30 15:58:00-04:00,735.760009765625,735.760009765625,737.6199951171875,735.760009765625,737.4299926757812,1935873
2026-07-01 09:30:00-04:00,728.6400146484375,728.6400146484375,729.7000122070312,727.239990234375,729.1599731445312,2924810
2026-07-01 09:32:00-04:00,726.2999877929688,726.2999877929688,729.5399780273438,726.273681640625,728.6400146484375,584531
2026-07-01 09:34:00-04:00,725.9299926757812,725.9299926757812,727.0700073242188,725.52001953125,726.3499755859375,880020
2026-07-01 09:36:00-04:00,726.239990234375,726.239990234375,727.3200073242188,725.77001953125,725.8900146484375,651505
2026-07-01 09:38:00-04:00,726.2849731445312,726.2849731445312,726.8685913085938,725.7598876953125,726.3099975585938,320947
2026-07-01 09:40:00-04:00,727.3300170898438,727.3300170898438,727.8699951171875,725.8200073242188,726.1400146484375,326830
2026-07-01 09:42:00-04:00,726.9650268554688,726.9650268554688,727.8499755859375,726.7899780273438,727.3699951171875,323375
2026-07-01 09:44:00-04:00,727.3798828125,727.3798828125,727.5800170898438,726.2000122070312,727.030029296875,228701
2026-07-01 09:46:00-04:00,728.4099731445312,728.4099731445312,728.6900024414062,727.27001953125,727.4099731445312,267258
2026-07-01 09:48:00-04:00,728.4899291992188,728.4899291992188,728.9500122070312,727.6900024414062,728.4600219726562,276270
2026-07-01 09:50:00-04:00,729.3400268554688,729.3400268554688,729.5700073242188,728.0499877929688,728.469970703125,473451
2026-07-01 09:52:00-04:00,729.0399780273438,729.0399780273438,729.6900024414062,728.8699951171875,729.2999877929688,306348
2026-07-01 09:54:00-04:00,729.2999877929688,729.2999877929688,729.4600219726562,728.7050170898438,729.0900268554688,265578
2026-07-01 09:56:00-04:00,729.260009765625,729.260009765625,729.510009765625,728.6900024414062,729.219970703125,161032
2026-07-01 09:58:00-04:00,730.1699829101562,730.1699829101562,730.239990234375,728.989990234375,729.2559204101562,288145
2026-07-01 10:00:00-04:00,729.7849731445312,729.7849731445312,730.7999877929688,729.5399780273438,730.239990234375,356569
2026-07-01 10:02:00-04:00,730.1099243164062,730.1099243164062,730.1799926757812,729.3049926757812,729.7999877929688,195265
2026-07-01 10:04:00-04:00,730.25,730.25,730.3900146484375,729.5700073242188,730.1099243164062,155206
2026-07-01 10:06:00-04:00,730.8198852539062,730.8198852539062,730.9400024414062,730.1699829101562,730.219970703125,166230
2026-07-01 10:08:00-04:00,730.5999145507812,730.5999145507812,731.0499877929688,730.25,730.8099975585938,130349
2026-07-01 10:10:00-04:00,731.0,731.0,731.1599731445312,730.489990234375,730.531005859375,217380
2026-07-01 10:12:00-04:00,730.97998046875,730.97998046875,731.2899780273438,730.2999877929688,731.02001953125,174344
2026-07-01 10:14:00-04:00,730.02001953125,730.02001953125,731.1599731445312,730.0,731.0,192845
2026-07-01 10:16:00-04:00,730.75,730.75,730.75,729.4450073242188,730.0349731445312,175360
2026-07-01 10:18:00-04:00,730.6849975585938,730.6849975585938,730.9099731445312,730.260986328125,730.7598266601562,94411
2026-07-01 10:20:00-04:00,730.4600219726562,730.4600219726562,730.6400146484375,729.9801025390625,730.6400146484375,117576
2026-07-01 10:22:00-04:00,730.5999755859375,730.5999755859375,730.9400024414062,730.344970703125,730.5700073242188,110227
2026-07-01 10:24:00-04:00,730.469970703125,730.469970703125,730.72998046875,730.3499755859375,730.5999755859375,220718
2026-07-01 10:26:00-04:00,730.5900268554688,730.5900268554688,730.8900146484375,730.3800048828125,730.489990234375,69227
2026-07-01 10:28:00-04:00,730.280029296875,730.280029296875,730.6300048828125,729.9099731445312,730.6300048828125,136065
2026-07-01 10:30:00-04:00,729.4000244140625,729.4000244140625,730.3499755859375,729.1400756835938,730.239990234375,146515
2026-07-01 10:32:00-04:00,728.8499755859375,728.8499755859375,729.6799926757812,728.6900024414062,729.4400024414062,195244
2026-07-01 10:34:00-04:00,728.5399780273438,728.5399780273438,729.280029296875,728.4099731445312,728.8599853515625,404583
2026-07-01 10:36:00-04:00,729.510009765625,729.510009765625,729.6599731445312,728.3001098632812,728.510009765625,354535
2026-07-01 10:38:00-04:00,729.7449951171875,729.7449951171875,729.75,729.060791015625,729.47998046875,118145
2026-07-01 10:40:00-04:00,728.760009765625,728.760009765625,729.9299926757812,728.6599731445312,729.760009765625,139460
2026-07-01 10:42:00-04:00,728.6419067382812,728.6419067382812,729.010009765625,728.489990234375,728.760009765625,134356
2026-07-01 10:44:00-04:00,727.0750122070312,727.0750122070312,729.0999755859375,727.02001953125,728.6802978515625,258588
2026-07-01 10:46:00-04:00,727.4749755859375,727.4749755859375,727.9299926757812,726.6785278320312,727.1199951171875,334367
2026-07-01 10:48:00-04:00,728.0449829101562,728.0449829101562,728.0599975585938,727.1884155273438,727.4099731445312,157308
2026-07-01 10:50:00-04:00,729.02001953125,729.02001953125,729.2100219726562,727.9500122070312,728.010009765625,181371
2026-07-01 10:52:00-04:00,728.9000244140625,728.9000244140625,729.0349731445312,728.4609985351562,729.030029296875,83395
2026-07-01 10:54:00-04:00,728.20947265625,728.20947265625,728.97998046875,728.0900268554688,728.9099731445312,98158
2026-07-01 10:56:00-04:00,727.4210205078125,727.4210205078125,728.4000244140625,727.3599853515625,728.22998046875,129027
2026-07-01 10:58:00-04:00,728.030029296875,728.030029296875,728.0599975585938,726.8599853515625,727.4600219726562,142470
2026-07-01 11:00:00-04:00,728.7105102539062,728.7105102539062,728.7105102539062,727.8900146484375,728.030029296875,146963
2026-07-01 11:02:00-04:00,729.5,729.5,729.6400146484375,728.4401245117188,728.6400146484375,159313
2026-07-01 11:04:00-04:00,729.6900024414062,729.6900024414062,729.9299926757812,729.3200073242188,729.501708984375,98454
2026-07-01 11:06:00-04:00,729.4249877929688,729.4249877929688,729.7100219726562,729.2000122070312,729.6400146484375,116762
2026-07-01 11:08:00-04:00,728.8200073242188,728.8200073242188,729.25,728.3001098632812,729.25,110284
2026-07-01 11:10:00-04:00,728.8099975585938,728.8099975585938,729.0,728.3400268554688,728.8599853515625,78258
2026-07-01 11:12:00-04:00,729.4862060546875,729.4862060546875,729.6300048828125,728.5601196289062,728.8200073242188,66833
2026-07-01 11:14:00-04:00,730.1898803710938,730.1898803710938,730.260009765625,729.3900146484375,729.469970703125,118240
2026-07-01 11:16:00-04:00,730.5186157226562,730.5186157226562,730.530029296875,729.7860717773438,730.22998046875,225394
2026-07-01 11:18:00-04:00,730.5700073242188,730.5700073242188,730.97998046875,730.3499755859375,730.4749755859375,83146
2026-07-01 11:20:00-04:00,730.9199829101562,730.9199829101562,731.3699951171875,730.5800170898438,730.5800170898438,171086
2026-07-01 11:22:00-04:00,731.219970703125,731.219970703125,731.435302734375,730.8001098632812,730.9099731445312,117645
2026-07-01 11:24:00-04:00,730.8599853515625,730.8599853515625,731.239990234375,730.4949951171875,731.1699829101562,178019
2026-07-01 11:26:00-04:00,731.25,731.25,731.4299926757812,730.64501953125,730.918701171875,111058
2026-07-01 11:28:00-04:00,731.62158203125,731.62158203125,731.75,731.25,731.25,220285
2026-07-01 11:30:00-04:00,731.8350219726562,731.8350219726562,731.9099731445312,731.260009765625,731.6099853515625,315439
2026-07-01 11:32:00-04:00,731.27001953125,731.27001953125,731.89990234375,731.239990234375,731.8200073242188,115790
2026-07-01 11:34:00-04:00,730.72998046875,730.72998046875,731.4500122070312,730.6300048828125,731.3099975585938,131215
2026-07-01 11:36:00-04:00,730.461669921875,730.461669921875,730.9799194335938,730.219970703125,730.719970703125,178490
2026-07-01 11:38:00-04:00,730.5399780273438,730.5399780273438,730.8300170898438,730.4600219726562,730.4600219726562,122969
2026-07-01 11:40:00-04:00,730.6699829101562,730.6699829101562,730.75,730.0515747070312,730.530029296875,155596
2026-07-01 11:42:00-04:00,730.212890625,730.212890625,731.02001953125,730.1900024414062,730.6600952148438,122173
2026-07-01 11:44:00-04:00,730.1900024414062,730.1900024414062,730.47998046875,730.0800170898438,730.2550048828125,108816
2026-07-01 11:46:00-04:00,729.909912109375,729.909912109375,730.3400268554688,729.8699951171875,730.1900024414062,142420
2026-07-01 11:48:00-04:00,729.39501953125,729.39501953125,730.219970703125,729.2449951171875,729.896484375,348324
2026-07-01 11:50:00-04:00,729.22998046875,729.22998046875,729.760009765625,729.1099853515625,729.4000244140625,159861
2026-07-01 11:52:00-04:00,729.7000732421875,729.7000732421875,729.8499755859375,729.2000122070312,729.219970703125,130242
2026-07-01 11:54:00-04:00,728.969970703125,728.969970703125,729.6699829101562,728.9299926757812,729.6699829101562,112473
2026-07-01 11:56:00-04:00,729.3699951171875,729.3699951171875,729.4000244140625,728.7999877929688,728.9099731445312,295201
2026-07-01 11:58:00-04:00,729.5399780273438,729.5399780273438,729.7650146484375,729.3300170898438,729.375,199737
2026-07-01 12:00:00-04:00,729.375,729.375,729.6599731445312,729.22998046875,729.5,99179
2026-07-01 12:02:00-04:00,729.5050048828125,729.5050048828125,730.0,729.2899780273438,729.3599853515625,132407
2026-07-01 12:04:00-04:00,729.1400146484375,729.1400146484375,729.6500244140625,728.9400024414062,729.5150146484375,112136
2026-07-01 12:06:00-04:00,729.47998046875,729.47998046875,729.75,729.1500244140625,729.1500244140625,81168
2026-07-01 12:08:00-04:00,729.0999755859375,729.0999755859375,729.6300048828125,729.0250244140625,729.4600219726562,106562
2026-07-01 12:10:00-04:00,729.4902954101562,729.4902954101562,729.5075073242188,728.7000122070312,729.1099853515625,139742
2026-07-01 12:12:00-04:00,729.1599731445312,729.1599731445312,729.5999145507812,729.1500244140625,729.4949951171875,83269
2026-07-01 12:14:00-04:00,728.7949829101562,728.7949829101562,729.260009765625,728.7949829101562,729.2191162109375,94956
2026-07-01 12:16:00-04:00,729.1300048828125,729.1300048828125,729.2349853515625,728.5800170898438,728.7999877929688,99393
2026-07-01 12:18:00-04:00,729.488525390625,729.488525390625,729.5700073242188,728.8099975585938,729.1099853515625,124947
2026-07-01 12:20:00-04:00,729.5599975585938,729.5599975585938,729.6900024414062,729.280029296875,729.4271850585938,55296
2026-07-01 12:22:00-04:00,730.02587890625,730.02587890625,730.1099853515625,729.4149780273438,729.5599975585938,83225
2026-07-01 12:24:00-04:00,729.47998046875,729.47998046875,730.1699829101562,729.47998046875,730.0615844726562,144744
2026-07-01 12:26:00-04:00,729.680908203125,729.680908203125,729.8400268554688,729.510009765625,729.510009765625,61935
2026-07-01 12:28:00-04:00,729.22998046875,729.22998046875,729.760009765625,729.1901245117188,729.6849975585938,53076
2026-07-01 12:30:00-04:00,729.3400268554688,729.3400268554688,729.4299926757812,729.0700073242188,729.2249755859375,98275
2026-07-01 12:32:00-04:00,729.6099853515625,729.6099853515625,729.6500244140625,729.1994018554688,729.3400268554688,86953
2026-07-01 12:34:00-04:00,729.2050170898438,729.2050170898438,729.5900268554688,729.1400146484375,729.5800170898438,73084
2026-07-01 12:36:00-04:00,729.1799926757812,729.1799926757812,729.3200073242188,729.030029296875,729.1849975585938,53857
2026-07-01 12:38:00-04:00,728.6500854492188,728.6500854492188,729.22998046875,728.5999755859375,729.1799926757812,69635
2026-07-01 12:40:00-04:00,728.4299926757812,728.4299926757812,728.8200073242188,728.280029296875,728.6599731445312,89350
2026-07-01 12:42:00-04:00,728.3201293945312,728.3201293945312,728.489990234375,728.1837158203125,728.4199829101562,86826
2026-07-01 12:44:00-04:00,728.2899780273438,728.2899780273438,728.7000122070312,728.22998046875,728.3200073242188,86336
2026-07-01 12:46:00-04:00,728.8900146484375,728.8900146484375,729.1099853515625,728.2899780273438,728.2899780273438,119378
2026-07-01 12:48:00-04:00,728.5700073242188,728.5700073242188,728.9099731445312,728.530029296875,728.875,810044
2026-07-01 12:50:00-04:00,728.469970703125,728.469970703125,728.8400268554688,728.2999877929688,728.5800170898438,50818
2026-07-01 12:52:00-04:00,728.1743774414062,728.1743774414062,728.5800170898438,728.1599731445312,728.469970703125,123516
2026-07-01 12:54:00-04:00,728.1799926757812,728.1799926757812,728.5999755859375,728.0800170898438,728.1599731445312,102269
2026-07-01 12:56:00-04:00,728.1901245117188,728.1901245117188,728.3200073242188,727.9099731445312,728.155029296875,75603
2026-07-01 12:58:00-04:00,727.9000244140625,727.9000244140625,728.2100219726562,727.530029296875,728.1300048828125,324929
2026-07-01 13:00:00-04:00,728.3499755859375,728.3499755859375,728.5460205078125,727.9000244140625,727.9000244140625,76190
2026-07-01 13:02:00-04:00,727.5399780273438,727.5399780273438,728.3599853515625,727.4299926757812,728.3599853515625,175842
2026-07-01 13:04:00-04:00,727.2999877929688,727.2999877929688,727.75,727.2000122070312,727.5399780273438,123292
2026-07-01 13:06:00-04:00,727.77001953125,727.77001953125,727.8499755859375,727.0,727.3300170898438,288292
2026-07-01 13:08:00-04:00,727.7449951171875,727.7449951171875,727.9450073242188,727.5800170898438,727.77001953125,102445
2026-07-01 13:10:00-04:00,727.5999755859375,727.5999755859375,727.739990234375,727.3242797851562,727.739990234375,96532
2026-07-01 13:12:00-04:00,728.010009765625,728.010009765625,728.1900024414062,727.5900268554688,727.5900268554688,97513
2026-07-01 13:14:00-04:00,728.010009765625,728.010009765625,728.2899780273438,727.9306030273438,728.010009765625,50024
2026-07-01 13:16:00-04:00,727.969970703125,727.969970703125,728.3699951171875,727.9216918945312,728.0150756835938,31623
2026-07-01 13:18:00-04:00,728.4299926757812,728.4299926757812,728.4600219726562,727.8900146484375,727.9401245117188,423296
2026-07-01 13:20:00-04:00,728.5599975585938,728.5599975585938,728.72998046875,728.4000244140625,728.4299926757812,87039
2026-07-01 13:22:00-04:00,728.840087890625,728.840087890625,728.8599853515625,728.469970703125,728.5499877929688,52584
2026-07-01 13:24:00-04:00,728.7000122070312,728.7000122070312,729.1199951171875,728.6900024414062,728.8200073242188,46118
2026-07-01 13:26:00-04:00,728.72998046875,728.72998046875,728.8499755859375,728.5900268554688,728.7349853515625,54251
2026-07-01 13:28:00-04:00,728.3300170898438,728.3300170898438,728.74560546875,728.239990234375,728.6649780273438,93291
2026-07-01 13:30:00-04:00,728.510009765625,728.510009765625,728.6599731445312,728.3499755859375,728.3499755859375,40691
2026-07-01 13:32:00-04:00,728.0,728.0,728.5700073242188,727.8200073242188,728.5399780273438,65338
2026-07-01 13:34:00-04:00,727.9199829101562,727.9199829101562,728.219970703125,727.75,727.9915771484375,48519
2026-07-01 13:36:00-04:00,728.2899780273438,728.2899780273438,728.3416137695312,727.8701171875,727.97998046875,31682
2026-07-01 13:38:00-04:00,728.2301025390625,728.2301025390625,728.3599853515625,728.0800170898438,728.3198852539062,34415
2026-07-01 13:40:00-04:00,728.1400146484375,728.1400146484375,728.4199829101562,727.989990234375,728.2592163085938,57035
2026-07-01 13:42:00-04:00,728.0399780273438,728.0399780273438,728.2000122070312,727.760009765625,728.1199951171875,60823
2026-07-01 13:44:00-04:00,727.9299926757812,727.9299926757812,728.1099853515625,727.6199951171875,728.0599975585938,70082
2026-07-01 13:46:00-04:00,727.5300903320312,727.5300903320312,728.02001953125,727.5,727.9450073242188,73370
2026-07-01 13:48:00-04:00,727.6500244140625,727.6500244140625,727.7000122070312,727.360107421875,727.5130004882812,57392
2026-07-01 13:50:00-04:00,727.9400024414062,727.9400024414062,728.27001953125,727.6599731445312,727.6599731445312,206347
2026-07-01 13:52:00-04:00,728.125,728.125,728.1799926757812,727.6400146484375,727.9500122070312,86581
2026-07-01 13:54:00-04:00,727.8900146484375,727.8900146484375,728.0999755859375,727.4400024414062,728.02001953125,80756
2026-07-01 13:56:00-04:00,727.5499877929688,727.5499877929688,727.9099731445312,727.4299926757812,727.8900146484375,64168
2026-07-01 13:58:00-04:00,727.1900024414062,727.1900024414062,727.6400146484375,727.094970703125,727.5700073242188,92535
2026-07-01 14:00:00-04:00,727.4600219726562,727.4600219726562,727.5599975585938,727.1400146484375,727.2249755859375,55720
2026-07-01 14:02:00-04:00,727.5906982421875,727.5906982421875,727.75,727.2899780273438,727.4299926757812,57261
2026-07-01 14:04:00-04:00,727.6599731445312,727.6599731445312,727.7899780273438,727.52001953125,727.5800170898438,69499
2026-07-01 14:06:00-04:00,727.5399780273438,727.5399780273438,727.7999877929688,727.35498046875,727.6796264648438,41898
2026-07-01 14:08:00-04:00,727.7374877929688,727.7374877929688,727.7999267578125,727.52001953125,727.5518798828125,25421
2026-07-01 14:10:00-04:00,727.030029296875,727.030029296875,727.8699951171875,727.02001953125,727.739990234375,59229
2026-07-01 14:12:00-04:00,727.22998046875,727.22998046875,727.3049926757812,727.0399780273438,727.0399780273438,98039
2026-07-01 14:14:00-04:00,726.8499755859375,726.8499755859375,727.260009765625,726.7100219726562,727.260009765625,76836
2026-07-01 14:16:00-04:00,726.7606201171875,726.7606201171875,726.9500122070312,726.6099853515625,726.8200073242188,76878
2026-07-01 14:18:00-04:00,727.27001953125,727.27001953125,727.280029296875,726.7000122070312,726.7999877929688,66902
2026-07-01 14:20:00-04:00,727.3800048828125,727.3800048828125,727.447509765625,727.1295166015625,727.2376098632812,88550
2026-07-01 14:22:00-04:00,727.1300048828125,727.1300048828125,727.4199829101562,727.0640258789062,727.392822265625,40623
2026-07-01 14:24:00-04:00,727.4849853515625,727.4849853515625,727.6599731445312,727.0999755859375,727.1199951171875,60297
2026-07-01 14:26:00-04:00,727.3499755859375,727.3499755859375,727.5999755859375,727.3099975585938,727.4849853515625,44852
2026-07-01 14:28:00-04:00,727.1199951171875,727.1199951171875,727.3400268554688,727.0999755859375,727.3400268554688,55741
2026-07-01 14:30:00-04:00,726.9600219726562,726.9600219726562,727.1400146484375,726.72998046875,727.0900268554688,114202
2026-07-01 14:32:00-04:00,727.1199951171875,727.1199951171875,727.1500244140625,726.9199829101562,726.9400024414062,137448
2026-07-01 14:34:00-04:00,727.3699951171875,727.3699951171875,727.489990234375,727.0499877929688,727.1099853515625,92656
2026-07-01 14:36:00-04:00,726.97998046875,726.97998046875,727.4398803710938,726.969970703125,727.3699951171875,74485
2026-07-01 14:38:00-04:00,727.010009765625,727.010009765625,727.0700073242188,726.864990234375,726.9500122070312,78955
2026-07-01 14:40:00-04:00,726.6900024414062,726.6900024414062,727.0800170898438,726.6900024414062,727.0,194320
2026-07-01 14:42:00-04:00,726.74658203125,726.74658203125,726.8300170898438,726.510986328125,726.6799926757812,139894
2026-07-01 14:44:00-04:00,726.5399780273438,726.5399780273438,726.77001953125,726.52001953125,726.75,227567
2026-07-01 14:46:00-04:00,726.0499877929688,726.0499877929688,726.5650024414062,726.02001953125,726.5490112304688,178599
2026-07-01 14:48:00-04:00,726.2600708007812,726.2600708007812,726.2999877929688,725.9099731445312,726.0599975585938,175915
2026-07-01 14:50:00-04:00,726.3599853515625,726.3599853515625,726.510009765625,726.1343994140625,726.2100219726562,142049
2026-07-01 14:52:00-04:00,726.010009765625,726.010009765625,726.3411865234375,725.8040161132812,726.3411865234375,165629
2026-07-01 14:54:00-04:00,725.7210083007812,725.7210083007812,726.0792236328125,725.6525268554688,726.0299072265625,173391
2026-07-01 14:56:00-04:00,726.25,726.25,726.2899780273438,725.6881103515625,725.77001953125,131856
2026-07-01 14:58:00-04:00,726.4600219726562,726.4600219726562,726.5499877929688,726.260009765625,726.260009765625,128437
2026-07-01 15:00:00-04:00,726.6900024414062,726.6900024414062,726.969970703125,726.364990234375,726.4500122070312,162025
2026-07-01 15:02:00-04:00,727.22998046875,727.22998046875,727.2999877929688,726.640625,726.6663208007812,171133
2026-07-01 15:04:00-04:00,727.9500122070312,727.9500122070312,727.989990234375,727.2083740234375,727.22998046875,132478
2026-07-01 15:06:00-04:00,727.9349975585938,727.9349975585938,728.1799926757812,727.760009765625,727.9301147460938,125910
2026-07-01 15:08:00-04:00,728.4102783203125,728.4102783203125,728.489990234375,727.916015625,727.9199829101562,162683
2026-07-01 15:10:00-04:00,727.8900146484375,727.8900146484375,728.469970703125,727.8800048828125,728.4299926757812,128607
2026-07-01 15:12:00-04:00,727.8800048828125,727.8800048828125,727.9650268554688,727.6699829101562,727.9000244140625,139422
2026-07-01 15:14:00-04:00,727.72998046875,727.72998046875,728.0499877929688,727.611083984375,727.8699951171875,66296
2026-07-01 15:16:00-04:00,727.7299194335938,727.7299194335938,728.0499877929688,727.6300048828125,727.72998046875,64095
2026-07-01 15:18:00-04:00,727.969970703125,727.969970703125,728.0399780273438,727.3646850585938,727.739990234375,211717
2026-07-01 15:20:00-04:00,728.0800170898438,728.0800170898438,728.1699829101562,727.8853759765625,727.97998046875,286315
2026-07-01 15:22:00-04:00,728.1900024414062,728.1900024414062,728.260009765625,727.989990234375,728.0700073242188,274979
2026-07-01 15:24:00-04:00,727.62841796875,727.62841796875,728.3699951171875,727.47998046875,728.1849975585938,97274
2026-07-01 15:26:00-04:00,727.6400146484375,727.6400146484375,727.72998046875,727.4400024414062,727.635009765625,61193
2026-07-01 15:28:00-04:00,727.9091186523438,727.9091186523438,728.0499877929688,727.5499877929688,727.6300048828125,52862
2026-07-01 15:30:00-04:00,728.4249877929688,728.4249877929688,728.9199829101562,727.905029296875,727.905029296875,220125
2026-07-01 15:32:00-04:00,728.5700073242188,728.5700073242188,728.5999755859375,728.2733764648438,728.4199829101562,98656
2026-07-01 15:34:00-04:00,727.9400024414062,727.9400024414062,728.6199951171875,727.719970703125,728.5728759765625,114325
2026-07-01 15:36:00-04:00,727.530029296875,727.530029296875,727.9398803710938,727.4467163085938,727.9299926757812,209163
2026-07-01 15:38:00-04:00,727.3394775390625,727.3394775390625,727.530029296875,727.25,727.5,127422
2026-07-01 15:40:00-04:00,726.6900024414062,726.6900024414062,727.4400024414062,726.6300048828125,727.3400268554688,232093
2026-07-01 15:42:00-04:00,726.8400268554688,726.8400268554688,726.9400024414062,726.6099853515625,726.6994018554688,153845
2026-07-01 15:44:00-04:00,726.5599975585938,726.5599975585938,727.0499877929688,726.4199829101562,726.8499755859375,487330
2026-07-01 15:46:00-04:00,726.5599975585938,726.5599975585938,726.7698974609375,726.4000854492188,726.5599975585938,310556
2026-07-01 15:48:00-04:00,726.5,726.5,726.6873779296875,726.27001953125,726.5599975585938,339738
2026-07-01 15:50:00-04:00,726.1400146484375,726.1400146484375,727.1799926757812,726.0999755859375,726.510009765625,222670
2026-07-01 15:52:00-04:00,726.3681030273438,726.3681030273438,726.530029296875,725.8499755859375,726.1699829101562,227477
2026-07-01 15:54:00-04:00,725.8900146484375,725.8900146484375,726.5499877929688,725.6099853515625,726.3499755859375,978419
2026-07-01 15:56:00-04:00,724.905029296875,724.905029296875,726.0999755859375,724.5999755859375,725.8800048828125,771680
2026-07-01 15:58:00-04:00,725.1300048828125,725.1300048828125,725.8800048828125,724.8800048828125,724.9199829101562,1993782
2026-07-02 09:30:00-04:00,725.7000122070312,725.7000122070312,726.3599853515625,723.8800048828125,725.5800170898438,3021329
2026-07-02 09:32:00-04:00,726.2098999023438,726.2098999023438,726.3900146484375,725.1300048828125,725.6599731445312,240885
2026-07-02 09:34:00-04:00,726.9299926757812,726.9299926757812,727.5899047851562,726.2000122070312,726.2000122070312,332410
2026-07-02 09:36:00-04:00,726.969970703125,726.969970703125,727.5499877929688,725.780029296875,726.9000244140625,324493
2026-07-02 09:38:00-04:00,725.0800170898438,725.0800170898438,726.9500122070312,724.4301147460938,726.9500122070312,315095
2026-07-02 09:40:00-04:00,726.905029296875,726.905029296875,727.219970703125,725.0599975585938,725.0599975585938,315769
2026-07-02 09:42:00-04:00,727.510009765625,727.510009765625,728.22998046875,726.72998046875,726.8800048828125,276752
2026-07-02 09:44:00-04:00,727.0399780273438,727.0399780273438,727.6898803710938,726.4462280273438,727.4995727539062,287452
2026-07-02 09:46:00-04:00,727.739990234375,727.739990234375,727.7999877929688,726.2100219726562,727.0599975585938,246665
2026-07-02 09:48:00-04:00,728.0999755859375,728.0999755859375,728.6300048828125,727.5999755859375,727.5999755859375,207709
2026-07-02 09:50:00-04:00,729.489990234375,729.489990234375,729.5999755859375,727.5700073242188,728.0499877929688,289101
2026-07-02 09:52:00-04:00,728.9000244140625,728.9000244140625,730.0,728.8699951171875,729.4600219726562,223926
2026-07-02 09:54:00-04:00,729.4199829101562,729.4199829101562,729.6599731445312,728.739990234375,728.969970703125,176308
2026-07-02 09:56:00-04:00,728.9949951171875,728.9949951171875,729.530029296875,728.3699951171875,729.3400268554688,102588
2026-07-02 09:58:00-04:00,729.9000244140625,729.9000244140625,729.989990234375,728.9099731445312,728.9099731445312,125916
2026-07-02 10:00:00-04:00,730.1699829101562,730.1699829101562,730.219970703125,729.22998046875,729.969970703125,149887
2026-07-02 10:02:00-04:00,730.3900146484375,730.3900146484375,730.8200073242188,730.0900268554688,730.1400146484375,222002
2026-07-02 10:04:00-04:00,729.6300048828125,729.6300048828125,730.5,729.25,730.3427734375,196393
2026-07-02 10:06:00-04:00,729.5,729.5,729.7999877929688,729.0499877929688,729.5999755859375,124434
2026-07-02 10:08:00-04:00,728.0700073242188,728.0700073242188,729.4500122070312,727.760009765625,729.4500122070312,187531
2026-07-02 10:10:00-04:00,728.0499877929688,728.0499877929688,728.2896728515625,726.9199829101562,728.1099853515625,174902
2026-07-02 10:12:00-04:00,729.6550903320312,729.6550903320312,729.77001953125,728.010009765625,728.0599975585938,388993
2026-07-02 10:14:00-04:00,728.3800048828125,728.3800048828125,729.6699829101562,728.1400146484375,729.6300048828125,144328
2026-07-02 10:16:00-04:00,727.02001953125,727.02001953125,729.1199951171875,727.02001953125,728.3800048828125,153584
2026-07-02 10:18:00-04:00,727.4199829101562,727.4199829101562,727.6099853515625,726.3400268554688,727.0,373321
2026-07-02 10:20:00-04:00,726.0308227539062,726.0308227539062,727.75,725.8499755859375,727.4099731445312,227676
2026-07-02 10:22:00-04:00,726.1699829101562,726.1699829101562,726.8250122070312,725.530029296875,726.0499877929688,233849
2026-07-02 10:24:00-04:00,725.3200073242188,725.3200073242188,726.968017578125,724.8300170898438,726.2000122070312,298956
2026-07-02 10:26:00-04:00,722.489990234375,722.489990234375,725.6599731445312,722.2000122070312,725.2999877929688,512218
2026-07-02 10:28:00-04:00,722.1699829101562,722.1699829101562,722.7799072265625,721.52001953125,722.469970703125,640535
2026-07-02 10:30:00-04:00,723.4395141601562,723.4395141601562,723.8300170898438,721.2999877929688,722.1799926757812,504753
2026-07-02 10:32:00-04:00,722.27001953125,722.27001953125,723.75,721.72998046875,723.4199829101562,293475
2026-07-02 10:34:00-04:00,721.280029296875,721.280029296875,722.6400146484375,720.72021484375,722.3300170898438,294880
2026-07-02 10:36:00-04:00,722.8499755859375,722.8499755859375,723.3099975585938,721.0999755859375,721.3599853515625,388912
2026-07-02 10:38:00-04:00,721.8543701171875,721.8543701171875,723.030029296875,721.6199951171875,722.909912109375,152685
2026-07-02 10:40:00-04:00,720.030029296875,720.030029296875,722.0499877929688,719.7514038085938,721.8099975585938,324968
2026-07-02 10:42:00-04:00,718.6699829101562,718.6699829101562,720.0800170898438,718.330078125,720.0,605093
2026-07-02 10:44:00-04:00,719.0571899414062,719.0571899414062,720.155029296875,718.2999877929688,718.6599731445312,498282
2026-07-02 10:46:00-04:00,719.0700073242188,719.0700073242188,720.4749755859375,718.719970703125,719.1400146484375,280899
2026-07-02 10:48:00-04:00,719.5050048828125,719.5050048828125,719.8200073242188,717.7999877929688,719.0302124023438,388329
2026-07-02 10:50:00-04:00,719.4299926757812,719.4299926757812,720.114990234375,718.7399291992188,719.4949951171875,239383
2026-07-02 10:52:00-04:00,717.8400268554688,717.8400268554688,719.530029296875,717.2100219726562,719.3800048828125,325538
2026-07-02 10:54:00-04:00,718.5900268554688,718.5900268554688,719.030029296875,717.6900024414062,717.8699951171875,377052
2026-07-02 10:56:00-04:00,718.5,718.5,719.3699951171875,717.9199829101562,718.6599731445312,173999
2026-07-02 10:58:00-04:00,719.8150024414062,719.8150024414062,719.8900146484375,718.22998046875,718.4099731445312,192357
2026-07-02 11:00:00-04:00,719.3499755859375,719.3499755859375,720.0900268554688,719.0900268554688,719.844970703125,169174
2026-07-02 11:02:00-04:00,718.02001953125,718.02001953125,719.6599731445312,717.9500122070312,719.3599853515625,188822
2026-07-02 11:04:00-04:00,716.6500244140625,716.6500244140625,718.1799926757812,716.5900268554688,718.1599731445312,360598
2026-07-02 11:06:00-04:00,715.0,715.0,716.6599731445312,714.739990234375,716.6300048828125,404100
2026-07-02 11:08:00-04:00,716.5399780273438,716.5399780273438,716.7999877929688,714.9500122070312,715.010009765625,332236
2026-07-02 11:10:00-04:00,718.0200805664062,718.0200805664062,718.2999877929688,716.0800170898438,716.5449829101562,354383
2026-07-02 11:12:00-04:00,717.469970703125,717.469970703125,718.0800170898438,717.3099975585938,718.02001953125,177745
2026-07-02 11:14:00-04:00,716.1199951171875,716.1199951171875,717.6400146484375,716.0,717.510009765625,213261
2026-07-02 11:16:00-04:00,715.3599853515625,715.3599853515625,716.239990234375,715.0999755859375,716.1500244140625,202770
2026-07-02 11:18:00-04:00,714.969970703125,714.969970703125,716.0800170898438,714.5900268554688,715.3599853515625,214008
2026-07-02 11:20:00-04:00,715.510009765625,715.510009765625,715.8859252929688,714.28271484375,715.010009765625,312053
2026-07-02 11:22:00-04:00,715.7100219726562,715.7100219726562,716.030029296875,715.0599975585938,715.5499877929688,145804
2026-07-02 11:24:00-04:00,716.0700073242188,716.0700073242188,717.0599975585938,715.6699829101562,715.7498779296875,243762
2026-07-02 11:26:00-04:00,716.9500122070312,716.9500122070312,717.5399780273438,716.1099853515625,716.1099853515625,185918
2026-07-02 11:28:00-04:00,715.8099975585938,715.8099975585938,717.0233154296875,715.7999877929688,717.010009765625,136333
2026-07-02 11:30:00-04:00,717.0999755859375,717.0999755859375,717.1300048828125,715.6900024414062,715.760009765625,175273
2026-07-02 11:32:00-04:00,717.5,717.5,717.5349731445312,716.5900268554688,717.010009765625,145214
2026-07-02 11:34:00-04:00,718.54150390625,718.54150390625,718.7440185546875,717.5183715820312,717.5183715820312,961516
2026-07-02 11:36:00-04:00,719.010009765625,719.010009765625,719.0900268554688,718.35498046875,718.5599975585938,158104
2026-07-02 11:38:00-04:00,718.4199829101562,718.4199829101562,719.2999877929688,718.3699951171875,718.989990234375,129431
2026-07-02 11:40:00-04:00,718.4099731445312,718.4099731445312,719.239990234375,718.1799926757812,718.469970703125,147756
2026-07-02 11:42:00-04:00,717.0599975585938,717.0599975585938,718.344970703125,717.0,718.3400268554688,162744
2026-07-02 11:44:00-04:00,717.469970703125,717.469970703125,717.5800170898438,716.7000122070312,717.0999755859375,166091
2026-07-02 11:46:00-04:00,717.29150390625,717.29150390625,717.5800170898438,716.8018188476562,717.4439697265625,135921
2026-07-02 11:48:00-04:00,716.4500122070312,716.4500122070312,717.469970703125,716.239990234375,717.2899780273438,123095
2026-07-02 11:50:00-04:00,716.3800048828125,716.3800048828125,716.719970703125,715.9000244140625,716.4500122070312,147206
2026-07-02 11:52:00-04:00,715.4500122070312,715.4500122070312,716.72998046875,715.1699829101562,716.4299926757812,128667
2026-07-02 11:54:00-04:00,715.4600219726562,715.4600219726562,716.2299194335938,715.4299926757812,715.5,147320
2026-07-02 11:56:00-04:00,715.3800048828125,715.3800048828125,715.5700073242188,714.9099731445312,715.48388671875,82756
2026-07-02 11:58:00-04:00,715.814697265625,715.814697265625,716.3480224609375,715.1500244140625,715.3699951171875,140183
2026-07-02 12:00:00-04:00,714.75,714.75,716.1578979492188,714.5701293945312,715.9199829101562,151989
2026-07-02 12:02:00-04:00,714.6599731445312,714.6599731445312,714.9600219726562,713.9400024414062,714.72998046875,201430
2026-07-02 12:04:00-04:00,714.780029296875,714.780029296875,715.2899780273438,714.39501953125,714.6649780273438,560712
2026-07-02 12:06:00-04:00,714.3599853515625,714.3599853515625,714.8499755859375,714.0800170898438,714.760009765625,137833
2026-07-02 12:08:00-04:00,713.9949951171875,713.9949951171875,714.52001953125,713.7000122070312,714.3599853515625,310304
2026-07-02 12:10:00-04:00,714.7899780273438,714.7899780273438,715.3200073242188,713.8099975585938,714.0399169921875,163149
2026-07-02 12:12:00-04:00,715.0700073242188,715.0700073242188,715.4199829101562,714.239990234375,714.75,142451
2026-07-02 12:14:00-04:00,714.7100219726562,714.7100219726562,715.510009765625,714.3900146484375,715.010009765625,101893
2026-07-02 12:16:00-04:00,714.0499877929688,714.0499877929688,715.1599731445312,713.9600219726562,714.7000122070312,98346
2026-07-02 12:18:00-04:00,713.8900146484375,713.8900146484375,714.5800170898438,713.8201293945312,714.0499877929688,214558
2026-07-02 12:20:00-04:00,713.4312744140625,713.4312744140625,713.9749755859375,713.1162109375,713.8499755859375,219690
2026-07-02 12:22:00-04:00,713.0872192382812,713.0872192382812,713.5599975585938,712.9000244140625,713.3400268554688,187387
2026-07-02 12:24:00-04:00,713.4600219726562,713.4600219726562,713.9000244140625,712.780029296875,713.0,238518
2026-07-02 12:26:00-04:00,713.239990234375,713.239990234375,713.510009765625,712.7659301757812,713.4099731445312,139731
2026-07-02 12:28:00-04:00,713.010009765625,713.010009765625,713.5800170898438,712.8599853515625,713.27001953125,245266
2026-07-02 12:30:00-04:00,712.2899780273438,712.2899780273438,713.1199951171875,712.2899780273438,713.02001953125,323129
2026-07-02 12:32:00-04:00,712.0900268554688,712.0900268554688,712.510009765625,712.0599975585938,712.2949829101562,240892
2026-07-02 12:34:00-04:00,711.85498046875,711.85498046875,712.1599731445312,711.4199829101562,712.114990234375,261194
2026-07-02 12:36:00-04:00,710.6400146484375,710.6400146484375,711.97998046875,710.5399780273438,711.8900146484375,230774
2026-07-02 12:38:00-04:00,711.3099975585938,711.3099975585938,711.3699951171875,710.5800170898438,710.655029296875,289433
2026-07-02 12:40:00-04:00,712.0150146484375,712.0150146484375,712.5700073242188,711.260009765625,711.3400268554688,476875
2026-07-02 12:42:00-04:00,712.1901245117188,712.1901245117188,712.5,711.7780151367188,712.0,226633
2026-07-02 12:44:00-04:00,712.3400268554688,712.3400268554688,712.7999877929688,712.130126953125,712.2420043945312,109975
2026-07-02 12:46:00-04:00,712.4650268554688,712.4650268554688,712.6387939453125,711.9099731445312,712.3300170898438,75572
2026-07-02 12:48:00-04:00,711.8900146484375,711.8900146484375,712.5800170898438,711.7608032226562,712.4199829101562,69955
2026-07-02 12:50:00-04:00,712.02001953125,712.02001953125,712.280029296875,711.1500244140625,711.8699951171875,260714
2026-07-02 12:52:00-04:00,711.47998046875,711.47998046875,712.52001953125,711.3800048828125,712.02001953125,111583
2026-07-02 12:54:00-04:00,710.8499755859375,710.8499755859375,712.0900268554688,710.7100219726562,711.5399780273438,154315
2026-07-02 12:56:00-04:00,710.260009765625,710.260009765625,710.8499755859375,710.1799926757812,710.8499755859375,246217
2026-07-02 12:58:00-04:00,710.7849731445312,710.7849731445312,710.95947265625,710.1199951171875,710.22998046875,150648
2026-07-02 13:00:00-04:00,709.8800048828125,709.8800048828125,710.9265747070312,709.6500244140625,710.8200073242188,200790
2026-07-02 13:02:00-04:00,709.5599975585938,709.5599975585938,710.4000244140625,709.3200073242188,709.885009765625,198222
2026-07-02 13:04:00-04:00,710.0,710.0,710.0,708.989990234375,709.5900268554688,244497
2026-07-02 13:06:00-04:00,710.9683837890625,710.9683837890625,711.2440185546875,709.8499755859375,710.0,212811
2026-07-02 13:08:00-04:00,710.4400024414062,710.4400024414062,710.9199829101562,710.2650146484375,710.9199829101562,109233
2026-07-02 13:10:00-04:00,710.3800048828125,710.3800048828125,710.719970703125,709.8599853515625,710.4199829101562,127166
2026-07-02 13:12:00-04:00,710.3099975585938,710.3099975585938,710.4500122070312,709.9434814453125,710.3699951171875,112308
2026-07-02 13:14:00-04:00,710.47998046875,710.47998046875,710.905029296875,710.22998046875,710.2999877929688,170697
2026-07-02 13:16:00-04:00,710.6845092773438,710.6845092773438,711.2899780273438,710.4500122070312,710.5150146484375,352644
2026-07-02 13:18:00-04:00,710.1599731445312,710.1599731445312,711.0700073242188,710.0,710.6480102539062,127648
2026-07-02 13:20:00-04:00,710.6500244140625,710.6500244140625,710.8264770507812,709.9500122070312,710.1699829101562,117785
2026-07-02 13:22:00-04:00,710.4152221679688,710.4152221679688,711.2866821289062,710.219970703125,710.6699829101562,130737
2026-07-02 13:24:00-04:00,710.1099853515625,710.1099853515625,710.5599975585938,710.010009765625,710.4299926757812,104565
2026-07-02 13:26:00-04:00,710.27001953125,710.27001953125,710.3870849609375,709.830078125,710.119873046875,120268
2026-07-02 13:28:00-04:00,710.4000244140625,710.4000244140625,710.55078125,709.969970703125,710.25,85864
2026-07-02 13:30:00-04:00,710.75,710.75,710.8900146484375,710.3300170898438,710.3900146484375,98780
2026-07-02 13:32:00-04:00,710.5900268554688,710.5900268554688,711.0797729492188,710.5900268554688,710.75,105504
2026-07-02 13:34:00-04:00,709.8099975585938,709.8099975585938,710.830078125,709.5499877929688,710.6599731445312,123074
2026-07-02 13:36:00-04:00,709.25,709.25,709.9299926757812,708.9500122070312,709.8087768554688,204119
2026-07-02 13:38:00-04:00,708.7899780273438,708.7899780273438,709.5700073242188,708.6699829101562,709.239990234375,194540
2026-07-02 13:40:00-04:00,709.5650024414062,709.5650024414062,709.6849975585938,708.3200073242188,708.7899780273438,214091
2026-07-02 13:42:00-04:00,709.4188232421875,709.4188232421875,709.719970703125,709.1699829101562,709.489990234375,191789
2026-07-02 13:44:00-04:00,708.969970703125,708.969970703125,709.5499877929688,708.8599853515625,709.3900146484375,70927
2026-07-02 13:46:00-04:00,708.0599975585938,708.0599975585938,709.1199951171875,708.030029296875,709.02001953125,204590
2026-07-02 13:48:00-04:00,708.3800048828125,708.3800048828125,708.5700073242188,707.9199829101562,708.0700073242188,382128
2026-07-02 13:50:00-04:00,708.39990234375,708.39990234375,708.5200805664062,707.9400024414062,708.3599853515625,155494
2026-07-02 13:52:00-04:00,708.5200805664062,708.5200805664062,708.7000122070312,708.080078125,708.4099731445312,130460
2026-07-02 13:54:00-04:00,708.760009765625,708.760009765625,709.2150268554688,708.530029296875,708.530029296875,139241
2026-07-02 13:56:00-04:00,708.3300170898438,708.3300170898438,708.760009765625,708.1950073242188,708.6749877929688,110492
2026-07-02 13:58:00-04:00,707.7899780273438,707.7899780273438,708.3400268554688,707.5599975585938,708.3400268554688,239988
2026-07-02 14:00:00-04:00,708.447509765625,708.447509765625,708.6599731445312,707.6300048828125,707.8499755859375,180316
2026-07-02 14:02:00-04:00,708.3699951171875,708.3699951171875,708.6900024414062,708.2100219726562,708.469970703125,92801
2026-07-02 14:04:00-04:00,709.6699829101562,709.6699829101562,709.7598876953125,708.389892578125,708.389892578125,169264
2026-07-02 14:06:00-04:00,710.4000244140625,710.4000244140625,710.7899780273438,709.6300048828125,709.6799926757812,240601
2026-07-02 14:08:00-04:00,711.219970703125,711.219970703125,711.239990234375,710.280029296875,710.3900146484375,168478
2026-07-02 14:10:00-04:00,711.280029296875,711.280029296875,711.8200073242188,710.97998046875,711.1900024414062,252882
2026-07-02 14:12:00-04:00,711.02001953125,711.02001953125,711.530029296875,710.9400024414062,711.260009765625,173455
2026-07-02 14:14:00-04:00,710.5900268554688,710.5900268554688,711.1799926757812,710.226318359375,711.010009765625,177034
2026-07-02 14:16:00-04:00,709.7349853515625,709.7349853515625,710.780029296875,709.6998901367188,710.6300048828125,153032
2026-07-02 14:18:00-04:00,709.9400024414062,709.9400024414062,710.1900024414062,709.5900268554688,709.77001953125,193648
2026-07-02 14:20:00-04:00,710.2999877929688,710.2999877929688,710.72998046875,709.9000244140625,709.9099731445312,120997
2026-07-02 14:22:00-04:00,710.3800048828125,710.3800048828125,710.760009765625,710.0399780273438,710.3400268554688,85972
2026-07-02 14:24:00-04:00,710.4998779296875,710.4998779296875,711.1099853515625,710.3200073242188,710.35498046875,109888
2026-07-02 14:26:00-04:00,710.9694213867188,710.9694213867188,711.0599975585938,710.2387084960938,710.4600219726562,74732
2026-07-02 14:28:00-04:00,711.4299926757812,711.4299926757812,711.4500122070312,710.9299926757812,711.02001953125,152628
2026-07-02 14:30:00-04:00,712.0549926757812,712.0549926757812,712.0549926757812,711.260009765625,711.4400024414062,142979
2026-07-02 14:32:00-04:00,712.0401000976562,712.0401000976562,712.3300170898438,711.5900268554688,712.0599975585938,143011
2026-07-02 14:34:00-04:00,711.219970703125,711.219970703125,712.0399780273438,711.0205078125,712.0399780273438,136744
2026-07-02 14:36:00-04:00,711.4500122070312,711.4500122070312,711.467529296875,710.8699951171875,711.2999877929688,107954
2026-07-02 14:38:00-04:00,711.5449829101562,711.5449829101562,711.7299194335938,711.1400756835938,711.4450073242188,78373
2026-07-02 14:40:00-04:00,711.0999755859375,711.0999755859375,711.6199951171875,711.0,711.5599975585938,82031
2026-07-02 14:42:00-04:00,711.5549926757812,711.5549926757812,711.6699829101562,711.22998046875,711.22998046875,64768
2026-07-02 14:44:00-04:00,710.4716186523438,710.4716186523438,711.7579956054688,710.280029296875,711.594970703125,220023
2026-07-02 14:46:00-04:00,711.0396728515625,711.0396728515625,711.0850219726562,710.3049926757812,710.469970703125,126696
2026-07-02 14:48:00-04:00,711.5750122070312,711.5750122070312,711.72998046875,710.9199829101562,711.0499877929688,139520
2026-07-02 14:50:00-04:00,711.8099975585938,711.8099975585938,712.0800170898438,711.2609252929688,711.6004028320312,143782
2026-07-02 14:52:00-04:00,711.7000122070312,711.7000122070312,712.405029296875,711.580322265625,711.8499755859375,146305
2026-07-02 14:54:00-04:00,711.4349975585938,711.4349975585938,711.7899780273438,711.0999755859375,711.72998046875,103026
2026-07-02 14:56:00-04:00,711.2650146484375,711.2650146484375,711.7100219726562,710.6699829101562,711.47998046875,140414
2026-07-02 14:58:00-04:00,711.5,711.5,711.6400146484375,710.9600219726562,711.239990234375,112999
2026-07-02 15:00:00-04:00,710.72998046875,710.72998046875,711.8400268554688,710.3900146484375,711.5,112380
2026-07-02 15:02:00-04:00,710.6900024414062,710.6900024414062,711.0399780273438,710.5885009765625,710.6900024414062,69156
2026-07-02 15:04:00-04:00,709.0900268554688,709.0900268554688,710.8099975585938,708.9099731445312,710.6799926757812,209186
2026-07-02 15:06:00-04:00,709.5050048828125,709.5050048828125,709.989990234375,708.9000244140625,709.0689697265625,264137
2026-07-02 15:08:00-04:00,709.2750244140625,709.2750244140625,709.75,709.27001953125,709.5050048828125,226668
2026-07-02 15:10:00-04:00,709.3800048828125,709.3800048828125,709.5800170898438,708.8800048828125,709.2899780273438,116757
2026-07-02 15:12:00-04:00,709.659912109375,709.659912109375,709.9000244140625,709.2000732421875,709.3599853515625,108290
2026-07-02 15:14:00-04:00,709.5399780273438,709.5399780273438,709.8800048828125,709.4099731445312,709.58251953125,80896
2026-07-02 15:16:00-04:00,709.22998046875,709.22998046875,709.5800170898438,709.1400146484375,709.5399780273438,98033
2026-07-02 15:18:00-04:00,709.1500244140625,709.1500244140625,709.6199951171875,708.8499755859375,709.1649780273438,118597
2026-07-02 15:20:00-04:00,708.642822265625,708.642822265625,709.3350219726562,708.5700073242188,709.219970703125,163512
2026-07-02 15:22:00-04:00,708.3900146484375,708.3900146484375,708.760009765625,708.2299194335938,708.6663208007812,191857
2026-07-02 15:24:00-04:00,708.219970703125,708.219970703125,708.52001953125,708.1099853515625,708.4000244140625,164499
2026-07-02 15:26:00-04:00,708.8405151367188,708.8405151367188,709.0,708.0700073242188,708.239990234375,194792
2026-07-02 15:28:00-04:00,709.8499755859375,709.8499755859375,710.405029296875,708.760009765625,708.8300170898438,358647
2026-07-02 15:30:00-04:00,710.1400146484375,710.1400146484375,710.6439819335938,709.5399780273438,709.8900146484375,193768
2026-07-02 15:32:00-04:00,710.6500244140625,710.6500244140625,710.8599853515625,710.02001953125,710.169921875,207867
2026-07-02 15:34:00-04:00,710.969970703125,710.969970703125,711.1199951171875,710.510009765625,710.6900024414062,161305
2026-07-02 15:36:00-04:00,710.5599975585938,710.5599975585938,710.9730224609375,709.9299926757812,710.8300170898438,122533
2026-07-02 15:38:00-04:00,710.6602783203125,710.6602783203125,710.9099731445312,710.4235229492188,710.5899047851562,122840
2026-07-02 15:40:00-04:00,710.3200073242188,710.3200073242188,710.75,710.25,710.6900024414062,351101
2026-07-02 15:42:00-04:00,710.4902954101562,710.4902954101562,710.75,710.02001953125,710.375,421618
2026-07-02 15:44:00-04:00,710.55517578125,710.55517578125,710.780029296875,710.340087890625,710.4600219726562,128391
2026-07-02 15:46:00-04:00,710.1900024414062,710.1900024414062,710.6400146484375,710.0800170898438,710.5549926757812,139333
2026-07-02 15:48:00-04:00,710.4450073242188,710.4450073242188,710.52001953125,710.0499877929688,710.1799926757812,265329
2026-07-02 15:50:00-04:00,711.7100219726562,711.7100219726562,712.2899169921875,710.47998046875,710.47998046875,480859
2026-07-02 15:52:00-04:00,711.6900024414062,711.6900024414062,712.0999755859375,711.469970703125,711.760009765625,315538
2026-07-02 15:54:00-04:00,712.385009765625,712.385009765625,712.5698852539062,711.5700073242188,711.7100219726562,437831
2026-07-02 15:56:00-04:00,713.0700073242188,713.0700073242188,713.1900024414062,712.2750244140625,712.3699951171875,642835
2026-07-02 15:58:00-04:00,712.739990234375,712.739990234375,713.780029296875,712.5700073242188,713.0700073242188,1742885
2026-07-06 09:30:00-04:00,720.25,720.25,721.27001953125,718.47998046875,719.7000122070312,2132089
2026-07-06 09:32:00-04:00,721.6400146484375,721.6400146484375,721.77197265625,720.3099975585938,720.3099975585938,265052
2026-07-06 09:34:00-04:00,721.4299926757812,721.4299926757812,722.27001953125,721.02001953125,721.5999755859375,332991
2026-07-06 09:36:00-04:00,719.0900268554688,719.0900268554688,721.4450073242188,718.780029296875,721.4099731445312,452712
2026-07-06 09:38:00-04:00,721.3399047851562,721.3399047851562,721.3400268554688,718.9099731445312,719.1400146484375,450640
2026-07-06 09:40:00-04:00,721.7100219726562,721.7100219726562,721.969970703125,720.6300048828125,721.2999877929688,296100
2026-07-06 09:42:00-04:00,720.47998046875,720.47998046875,721.719970703125,720.0399780273438,721.7000122070312,322509
2026-07-06 09:44:00-04:00,722.6199951171875,722.6199951171875,722.760009765625,720.510009765625,720.530029296875,291130
2026-07-06 09:46:00-04:00,721.9099731445312,721.9099731445312,722.969970703125,721.3040161132812,722.6500244140625,299605
2026-07-06 09:48:00-04:00,722.6754150390625,722.6754150390625,722.739990234375,721.6304931640625,721.9500122070312,373957
2026-07-06 09:50:00-04:00,723.7708740234375,723.7708740234375,723.989990234375,722.4199829101562,722.6799926757812,436913
2026-07-06 09:52:00-04:00,723.1400146484375,723.1400146484375,723.822021484375,722.0,723.75,259384
2026-07-06 09:54:00-04:00,723.3599853515625,723.3599853515625,723.4550170898438,722.780029296875,723.1300048828125,153593
2026-07-06 09:56:00-04:00,722.5999755859375,722.5999755859375,723.542724609375,722.49169921875,723.3699951171875,150581
2026-07-06 09:58:00-04:00,722.1799926757812,722.1799926757812,722.6500244140625,721.8049926757812,722.489990234375,200821
2026-07-06 10:00:00-04:00,723.1199951171875,723.1199951171875,723.25,721.5,722.27001953125,208820
2026-07-06 10:02:00-04:00,722.5,722.5,723.219970703125,722.4000244140625,723.0700073242188,133846
2026-07-06 10:04:00-04:00,721.9199829101562,721.9199829101562,722.5399780273438,721.8800048828125,722.5399780273438,158235
2026-07-06 10:06:00-04:00,723.2249755859375,723.2249755859375,723.2999877929688,721.7999877929688,721.9099731445312,372923
2026-07-06 10:08:00-04:00,723.7000122070312,723.7000122070312,723.9400024414062,723.219970703125,723.22998046875,180460
2026-07-06 10:10:00-04:00,723.780029296875,723.780029296875,724.22998046875,723.1699829101562,723.5999755859375,244694
2026-07-06 10:12:00-04:00,724.280029296875,724.280029296875,724.3499755859375,723.510009765625,723.7999877929688,158101
2026-07-06 10:14:00-04:00,724.510009765625,724.510009765625,724.6199951171875,724.0999755859375,724.239990234375,199904
2026-07-06 10:16:00-04:00,724.75,724.75,724.77001953125,724.22998046875,724.5399780273438,179953
2026-07-06 10:18:00-04:00,723.9600219726562,723.9600219726562,724.8350219726562,723.8400268554688,724.72998046875,157915
2026-07-06 10:20:00-04:00,723.8900146484375,723.8900146484375,724.3099975585938,723.5364990234375,724.02001953125,135218
2026-07-06 10:22:00-04:00,724.655029296875,724.655029296875,724.7000122070312,723.7899780273438,723.8350219726562,179917
2026-07-06 10:24:00-04:00,724.3599853515625,724.3599853515625,724.77001953125,724.0700073242188,724.7000122070312,172880
2026-07-06 10:26:00-04:00,724.2100219726562,724.2100219726562,724.5800170898438,723.8886108398438,724.3699951171875,198814
2026-07-06 10:28:00-04:00,724.0999755859375,724.0999755859375,724.3099975585938,723.6199951171875,724.2000122070312,101571
2026-07-06 10:30:00-04:00,724.5900268554688,724.5900268554688,724.760009765625,723.8699951171875,724.1500244140625,104321
2026-07-06 10:32:00-04:00,724.7899780273438,724.7899780273438,725.1552734375,724.4400024414062,724.6099853515625,263030
2026-07-06 10:34:00-04:00,724.7999877929688,724.7999877929688,724.969970703125,724.4500122070312,724.7899780273438,125351
2026-07-06 10:36:00-04:00,724.8099975585938,724.8099975585938,725.0700073242188,724.52001953125,724.77001953125,108909
2026-07-06 10:38:00-04:00,724.469970703125,724.469970703125,724.9099731445312,724.25,724.8300170898438,193714
2026-07-06 10:40:00-04:00,723.989990234375,723.989990234375,724.5700073242188,723.6900024414062,724.4849853515625,136044
2026-07-06 10:42:00-04:00,724.7000122070312,724.7000122070312,724.7340087890625,723.5499877929688,723.97998046875,107252
2026-07-06 10:44:00-04:00,725.0599975585938,725.0599975585938,725.125,724.5499877929688,724.7000122070312,130544
2026-07-06 10:46:00-04:00,724.760009765625,724.760009765625,725.1699829101562,724.5599975585938,725.030029296875,80431
2026-07-06 10:48:00-04:00,724.8099975585938,724.8099975585938,725.0,724.3800048828125,724.7349853515625,75750
2026-07-06 10:50:00-04:00,724.8400268554688,724.8400268554688,725.4183959960938,724.8300170898438,724.8599853515625,160344
2026-07-06 10:52:00-04:00,724.885009765625,724.885009765625,724.8900146484375,724.2650146484375,724.8200073242188,119274
2026-07-06 10:54:00-04:00,724.1599731445312,724.1599731445312,724.89501953125,724.1099853515625,724.89501953125,85246
2026-07-06 10:56:00-04:00,724.0198974609375,724.0198974609375,724.260009765625,723.52001953125,724.1799926757812,103208
2026-07-06 10:58:00-04:00,724.4099731445312,724.4099731445312,724.5399780273438,723.9608764648438,723.9608764648438,160485
2026-07-06 11:00:00-04:00,724.5800170898438,724.5800170898438,724.760009765625,723.7899780273438,724.5399780273438,96336
2026-07-06 11:02:00-04:00,724.7100219726562,724.7100219726562,724.8800048828125,724.5599975585938,724.5599975585938,67048
2026-07-06 11:04:00-04:00,724.5399780273438,724.5399780273438,724.72998046875,724.1099853515625,724.6400146484375,65693
2026-07-06 11:06:00-04:00,723.97998046875,723.97998046875,724.6788940429688,723.9500122070312,724.5499877929688,67076
2026-07-06 11:08:00-04:00,724.0,724.0,724.0700073242188,723.52001953125,723.9650268554688,76767
2026-07-06 11:10:00-04:00,723.7265014648438,723.7265014648438,724.27001953125,723.7265014648438,724.010009765625,53857
2026-07-06 11:12:00-04:00,723.0599975585938,723.0599975585938,723.8300170898438,722.8599853515625,723.72998046875,114583
2026-07-06 11:14:00-04:00,723.2100219726562,723.2100219726562,723.5349731445312,723.0599975585938,723.0800170898438,82143
2026-07-06 11:16:00-04:00,722.8599853515625,722.8599853515625,723.1887817382812,722.5700073242188,723.1701049804688,129912
2026-07-06 11:18:00-04:00,723.3099975585938,723.3099975585938,723.3499755859375,722.4400024414062,722.8599853515625,183642
2026-07-06 11:20:00-04:00,723.489990234375,723.489990234375,723.52001953125,722.97998046875,723.2899780273438,126680
2026-07-06 11:22:00-04:00,723.6500244140625,723.6500244140625,723.8599853515625,723.2349853515625,723.489990234375,132972
2026-07-06 11:24:00-04:00,724.0800170898438,724.0800170898438,724.1699829101562,723.5599975585938,723.6500244140625,131573
2026-07-06 11:26:00-04:00,724.7000122070312,724.7000122070312,724.8099975585938,724.0944213867188,724.1500244140625,108586
2026-07-06 11:28:00-04:00,725.2999877929688,725.2999877929688,725.3200073242188,724.47998046875,724.6900024414062,136677
2026-07-06 11:30:00-04:00,725.3920288085938,725.3920288085938,725.5499877929688,724.8900146484375,725.25,223951
2026-07-06 11:32:00-04:00,725.3900146484375,725.3900146484375,725.4793090820312,725.1099853515625,725.4000854492188,156679
2026-07-06 11:34:00-04:00,724.6500244140625,724.6500244140625,725.3599853515625,724.610107421875,725.3599853515625,79811
2026-07-06 11:36:00-04:00,725.0599975585938,725.0599975585938,725.0900268554688,724.6500244140625,724.6599731445312,161758
2026-07-06 11:38:00-04:00,725.1099853515625,725.1099853515625,725.4199829101562,725.010009765625,725.0650024414062,69891
2026-07-06 11:40:00-04:00,725.3599853515625,725.3599853515625,725.47998046875,724.9199829101562,725.12109375,71341
2026-07-06 11:42:00-04:00,725.60498046875,725.60498046875,725.6900024414062,725.3400268554688,725.340576171875,101715
2026-07-06 11:44:00-04:00,725.51318359375,725.51318359375,725.7000122070312,725.4000244140625,725.5999755859375,81307
2026-07-06 11:46:00-04:00,725.5900268554688,725.5900268554688,725.6998901367188,725.4324951171875,725.510009765625,67311
2026-07-06 11:48:00-04:00,725.6199951171875,725.6199951171875,725.6400146484375,725.2899780273438,725.5700073242188,86552
2026-07-06 11:50:00-04:00,725.52001953125,725.52001953125,725.8400268554688,725.52001953125,725.619873046875,129078
2026-07-06 11:52:00-04:00,725.3099975585938,725.3099975585938,725.52001953125,725.1799926757812,725.510009765625,88170
2026-07-06 11:54:00-04:00,725.1300048828125,725.1300048828125,725.2949829101562,725.02001953125,725.2949829101562,60289
2026-07-06 11:56:00-04:00,725.6099853515625,725.6099853515625,725.77001953125,725.0401000976562,725.1400146484375,72822
2026-07-06 11:58:00-04:00,725.5399780273438,725.5399780273438,725.6300048828125,725.3499755859375,725.5750122070312,24556
2026-07-06 12:00:00-04:00,725.3200073242188,725.3200073242188,725.5899047851562,725.1799926757812,725.5700073242188,31851
2026-07-06 12:02:00-04:00,725.1400146484375,725.1400146484375,725.4580078125,725.1099853515625,725.3350219726562,57663
2026-07-06 12:04:00-04:00,725.52001953125,725.52001953125,725.5399780273438,725.1199951171875,725.1199951171875,57286
2026-07-06 12:06:00-04:00,725.5,725.5,725.5700073242188,725.4000244140625,725.510009765625,63569
2026-07-06 12:08:00-04:00,725.6400146484375,725.6400146484375,725.9600219726562,725.4500122070312,725.5,69220
2026-07-06 12:10:00-04:00,725.9000244140625,725.9000244140625,726.0800170898438,725.5800170898438,725.713623046875,125018
2026-07-06 12:12:00-04:00,725.8699951171875,725.8699951171875,725.9600219726562,725.614990234375,725.9149780273438,35724
2026-07-06 12:14:00-04:00,725.5999755859375,725.5999755859375,725.8800048828125,725.5,725.8699951171875,37284
2026-07-06 12:16:00-04:00,725.4000244140625,725.4000244140625,725.6599731445312,725.3049926757812,725.6300048828125,41240
2026-07-06 12:18:00-04:00,725.4000244140625,725.4000244140625,725.4099731445312,725.0900268554688,725.3800048828125,49931
2026-07-06 12:20:00-04:00,725.030029296875,725.030029296875,725.5700073242188,725.010009765625,725.4099731445312,51622
2026-07-06 12:22:00-04:00,724.9500732421875,724.9500732421875,725.0499877929688,724.8350219726562,725.0349731445312,59412
2026-07-06 12:24:00-04:00,724.8400268554688,724.8400268554688,725.02001953125,724.64501953125,724.9400024414062,79691
2026-07-06 12:26:00-04:00,724.5999755859375,724.5999755859375,724.9099731445312,724.469970703125,724.8099975585938,52506
2026-07-06 12:28:00-04:00,724.5999755859375,724.5999755859375,724.6799926757812,724.4500122070312,724.5999755859375,39703
2026-07-06 12:30:00-04:00,724.8599853515625,724.8599853515625,724.9000244140625,724.2999877929688,724.6400146484375,107565
2026-07-06 12:32:00-04:00,724.6500244140625,724.6500244140625,724.8848876953125,724.52001953125,724.7899780273438,44238
2026-07-06 12:34:00-04:00,724.4500122070312,724.4500122070312,724.77001953125,724.35498046875,724.6300048828125,62550
2026-07-06 12:36:00-04:00,724.3049926757812,724.3049926757812,724.6099853515625,724.260009765625,724.4199829101562,32269
2026-07-06 12:38:00-04:00,724.3200073242188,724.3200073242188,724.4199829101562,723.9199829101562,724.3099975585938,87321
2026-07-06 12:40:00-04:00,724.4500122070312,724.4500122070312,724.6400146484375,724.2899780273438,724.3298950195312,45151
2026-07-06 12:42:00-04:00,724.2788696289062,724.2788696289062,724.5,724.1699829101562,724.3800048828125,36718
2026-07-06 12:44:00-04:00,724.02001953125,724.02001953125,724.3900146484375,723.9099731445312,724.280029296875,52621
2026-07-06 12:46:00-04:00,724.547119140625,724.547119140625,724.619873046875,724.0,724.0399780273438,56847
2026-07-06 12:48:00-04:00,724.6400146484375,724.6400146484375,724.6599731445312,724.3499755859375,724.510009765625,31571
2026-07-06 12:50:00-04:00,724.4000244140625,724.4000244140625,724.7449951171875,724.3599853515625,724.6400146484375,70695
2026-07-06 12:52:00-04:00,723.989990234375,723.989990234375,724.4000244140625,723.8900146484375,724.39990234375,77120
2026-07-06 12:54:00-04:00,723.69677734375,723.69677734375,724.0499877929688,723.6400146484375,723.9849853515625,92087
2026-07-06 12:56:00-04:00,723.9500122070312,723.9500122070312,724.0050048828125,723.4349975585938,723.7100219726562,81771
2026-07-06 12:58:00-04:00,723.5800170898438,723.5800170898438,723.9749755859375,723.4199829101562,723.9099731445312,46424
2026-07-06 13:00:00-04:00,723.489990234375,723.489990234375,723.7899780273438,723.385009765625,723.5900268554688,49718
2026-07-06 13:02:00-04:00,723.8099975585938,723.8099975585938,723.8200073242188,723.27001953125,723.52001953125,51870
2026-07-06 13:04:00-04:00,724.2100219726562,724.2100219726562,724.2100219726562,723.6500244140625,723.8300170898438,57246
2026-07-06 13:06:00-04:00,724.405029296875,724.405029296875,724.5399780273438,724.1900024414062,724.1900024414062,146001
2026-07-06 13:08:00-04:00,724.5499877929688,724.5499877929688,724.6400146484375,724.2108764648438,724.3599853515625,81505
2026-07-06 13:10:00-04:00,724.469970703125,724.469970703125,724.7000122070312,724.3300170898438,724.5999755859375,70589
2026-07-06 13:12:00-04:00,724.3099975585938,724.3099975585938,724.6199951171875,724.25,724.52001953125,49596
2026-07-06 13:14:00-04:00,724.4400024414062,724.4400024414062,724.4400024414062,724.10009765625,724.3037109375,43726
2026-07-06 13:16:00-04:00,724.1699829101562,724.1699829101562,724.5900268554688,724.0999755859375,724.4450073242188,50996
2026-07-06 13:18:00-04:00,723.8699951171875,723.8699951171875,724.1400146484375,723.7000122070312,724.1400146484375,39771
2026-07-06 13:20:00-04:00,723.3189086914062,723.3189086914062,723.89599609375,723.280029296875,723.8599853515625,62982
2026-07-06 13:22:00-04:00,723.3099975585938,723.3099975585938,723.5399169921875,723.0,723.3300170898438,111270
2026-07-06 13:24:00-04:00,723.5700073242188,723.5700073242188,723.7000122070312,723.0399780273438,723.2999877929688,90059
2026-07-06 13:26:00-04:00,723.2340087890625,723.2340087890625,723.739990234375,723.22998046875,723.5900268554688,57947
2026-07-06 13:28:00-04:00,722.760009765625,722.760009765625,723.3200073242188,722.5800170898438,723.280029296875,96470
2026-07-06 13:30:00-04:00,722.4199829101562,722.4199829101562,722.89501953125,722.3099975585938,722.760009765625,125625
2026-07-06 13:32:00-04:00,722.1900024414062,722.1900024414062,722.5599975585938,721.9199829101562,722.4500122070312,198082
2026-07-06 13:34:00-04:00,722.22998046875,722.22998046875,722.3800048828125,722.0700073242188,722.1900024414062,97041
2026-07-06 13:36:00-04:00,722.0999755859375,722.0999755859375,722.22998046875,721.8099975585938,722.2210083007812,159781
2026-07-06 13:38:00-04:00,722.02001953125,722.02001953125,722.239990234375,721.8400268554688,722.0504150390625,70479
2026-07-06 13:40:00-04:00,721.6400146484375,721.6400146484375,721.989990234375,721.5809936523438,721.989990234375,67663
2026-07-06 13:42:00-04:00,721.5250244140625,721.5250244140625,721.6400146484375,721.030029296875,721.6199951171875,193944
2026-07-06 13:44:00-04:00,721.5120239257812,721.5120239257812,721.739990234375,721.0800170898438,721.52001953125,155210
2026-07-06 13:46:00-04:00,722.0900268554688,722.0900268554688,722.219970703125,721.4500122070312,721.4500122070312,174763
2026-07-06 13:48:00-04:00,721.9199829101562,721.9199829101562,722.1400146484375,721.739990234375,722.0800170898438,65392
2026-07-06 13:50:00-04:00,722.1699829101562,722.1699829101562,722.3300170898438,722.010009765625,722.010009765625,81647
2026-07-06 13:52:00-04:00,721.7150268554688,721.7150268554688,722.2100219726562,721.489990234375,722.1799926757812,89873
2026-07-06 13:54:00-04:00,721.4199829101562,721.4199829101562,721.739990234375,721.3699951171875,721.7150268554688,67832
2026-07-06 13:56:00-04:00,721.3150024414062,721.3150024414062,721.6174926757812,721.3099975585938,721.4896850585938,71149
2026-07-06 13:58:00-04:00,721.3599853515625,721.3599853515625,721.405029296875,721.1237182617188,721.3200073242188,71055
2026-07-06 14:00:00-04:00,721.9500122070312,721.9500122070312,721.9749755859375,721.4000244140625,721.4600219726562,75962
2026-07-06 14:02:00-04:00,722.2661743164062,722.2661743164062,722.2661743164062,721.969970703125,721.969970703125,78036
2026-07-06 14:04:00-04:00,722.1599731445312,722.1599731445312,722.3400268554688,721.9400024414062,722.219970703125,64280
2026-07-06 14:06:00-04:00,722.7979125976562,722.7979125976562,722.8198852539062,722.1699829101562,722.1699829101562,138876
2026-07-06 14:08:00-04:00,722.97998046875,722.97998046875,723.1199951171875,722.760009765625,722.77001953125,109675
2026-07-06 14:10:00-04:00,722.8800048828125,722.8800048828125,723.0927734375,722.8707885742188,722.969970703125,354023
2026-07-06 14:12:00-04:00,722.72998046875,722.72998046875,722.905029296875,722.6699829101562,722.8699951171875,61441
2026-07-06 14:14:00-04:00,723.2362060546875,723.2362060546875,723.2550048828125,722.5800170898438,722.7000122070312,65921
2026-07-06 14:16:00-04:00,723.1599731445312,723.1599731445312,723.72998046875,723.1599731445312,723.260009765625,63847
2026-07-06 14:18:00-04:00,723.4600219726562,723.4600219726562,723.489990234375,723.0,723.1500244140625,38539
2026-07-06 14:20:00-04:00,723.530029296875,723.530029296875,723.5900268554688,723.240478515625,723.4949951171875,50520
2026-07-06 14:22:00-04:00,723.530029296875,723.530029296875,723.5999755859375,723.2899780273438,723.52001953125,49762
2026-07-06 14:24:00-04:00,723.7000122070312,723.7000122070312,723.719970703125,723.4299926757812,723.530517578125,48096
2026-07-06 14:26:00-04:00,723.4398803710938,723.4398803710938,723.8599853515625,723.3499755859375,723.7150268554688,112746
2026-07-06 14:28:00-04:00,723.1500244140625,723.1500244140625,723.4099731445312,723.0900268554688,723.3679809570312,84322
2026-07-06 14:30:00-04:00,723.3399047851562,723.3399047851562,723.3599853515625,723.0557250976562,723.1599731445312,39788
2026-07-06 14:32:00-04:00,722.8599853515625,722.8599853515625,723.2650146484375,722.7899780273438,723.2650146484375,40073
2026-07-06 14:34:00-04:00,722.8298950195312,722.8298950195312,722.905029296875,722.6300048828125,722.8400268554688,46567
2026-07-06 14:36:00-04:00,723.219970703125,723.219970703125,723.22998046875,722.72998046875,722.8400268554688,48625
2026-07-06 14:38:00-04:00,722.8699951171875,722.8699951171875,723.3300170898438,722.7650146484375,723.2000122070312,38466
2026-07-06 14:40:00-04:00,723.2899780273438,723.2899780273438,723.3599853515625,722.9000244140625,722.9000244140625,223395
2026-07-06 14:42:00-04:00,723.4400024414062,723.4400024414062,723.5,723.239990234375,723.25,62807
2026-07-06 14:44:00-04:00,723.52001953125,723.52001953125,723.5900268554688,723.0294799804688,723.4450073242188,51060
2026-07-06 14:46:00-04:00,723.8599853515625,723.8599853515625,723.9395141601562,723.4199829101562,723.5,108046
2026-07-06 14:48:00-04:00,723.5900268554688,723.5900268554688,723.9199829101562,723.4600219726562,723.8400268554688,35351
2026-07-06 14:50:00-04:00,723.6099853515625,723.6099853515625,723.7498779296875,723.3599853515625,723.5599975585938,211056
2026-07-06 14:52:00-04:00,723.5800170898438,723.5800170898438,723.6500244140625,723.3400268554688,723.5999755859375,59541
2026-07-06 14:54:00-04:00,723.5650024414062,723.5650024414062,723.6900024414062,723.4429931640625,723.5800170898438,79827
2026-07-06 14:56:00-04:00,723.8699951171875,723.8699951171875,723.97998046875,723.5399780273438,723.5750122070312,64636
2026-07-06 14:58:00-04:00,723.6799926757812,723.6799926757812,723.9500122070312,723.5750122070312,723.8300170898438,41723
2026-07-06 15:00:00-04:00,723.7849731445312,723.7849731445312,724.1397705078125,723.5599975585938,723.6799926757812,83947
2026-07-06 15:02:00-04:00,723.4500122070312,723.4500122070312,723.8400268554688,723.4299926757812,723.7100219726562,47650
2026-07-06 15:04:00-04:00,723.8900146484375,723.8900146484375,723.9099731445312,723.469970703125,723.469970703125,61882
2026-07-06 15:06:00-04:00,723.9000244140625,723.9000244140625,724.1099853515625,723.7100219726562,723.9000244140625,43019
2026-07-06 15:08:00-04:00,724.114990234375,724.114990234375,724.114990234375,723.780029296875,723.8599853515625,83240
2026-07-06 15:10:00-04:00,724.27001953125,724.27001953125,724.280029296875,724.030029296875,724.1199951171875,67063
2026-07-06 15:12:00-04:00,724.4149780273438,724.4149780273438,724.5250244140625,724.22998046875,724.27001953125,159526
2026-07-06 15:14:00-04:00,724.3399047851562,724.3399047851562,724.4400024414062,724.0399780273438,724.4099731445312,62863
2026-07-06 15:16:00-04:00,724.6199951171875,724.6199951171875,724.6699829101562,724.1900024414062,724.3499755859375,211924
2026-07-06 15:18:00-04:00,724.7349853515625,724.7349853515625,724.8099975585938,724.530029296875,724.6300048828125,109761
2026-07-06 15:20:00-04:00,724.875,724.875,725.0900268554688,724.5800170898438,724.72998046875,122363
2026-07-06 15:22:00-04:00,725.0549926757812,725.0549926757812,725.0549926757812,724.780029296875,724.8900146484375,191917
2026-07-06 15:24:00-04:00,725.0599975585938,725.0599975585938,725.1900024414062,724.8900146484375,725.0599975585938,185659
2026-07-06 15:26:00-04:00,724.7103271484375,724.7103271484375,725.0999755859375,724.7100219726562,725.0999755859375,115490
2026-07-06 15:28:00-04:00,724.7899780273438,724.7899780273438,724.875,724.7100219726562,724.7750244140625,417766
2026-07-06 15:30:00-04:00,724.375,724.375,724.8400268554688,723.9600219726562,724.8099975585938,149813
2026-07-06 15:32:00-04:00,724.489990234375,724.489990234375,724.52001953125,724.27001953125,724.3699951171875,76505
2026-07-06 15:34:00-04:00,724.469970703125,724.469970703125,724.72998046875,724.3400268554688,724.469970703125,97316
2026-07-06 15:36:00-04:00,723.9849853515625,723.9849853515625,724.409912109375,723.9400024414062,724.4000854492188,104952
2026-07-06 15:38:00-04:00,724.030029296875,724.030029296875,724.1895751953125,723.97998046875,724.0050048828125,192485
2026-07-06 15:40:00-04:00,724.4199829101562,724.4199829101562,724.4749755859375,723.8599853515625,723.989990234375,131096
2026-07-06 15:42:00-04:00,724.4650268554688,724.4650268554688,724.5900268554688,724.3800048828125,724.4450073242188,72727
2026-07-06 15:44:00-04:00,724.7899780273438,724.7899780273438,724.8200073242188,724.4299926757812,724.4500122070312,170339
2026-07-06 15:46:00-04:00,724.7249755859375,724.7249755859375,724.7949829101562,724.5999755859375,724.77001953125,81260
2026-07-06 15:48:00-04:00,724.510009765625,724.510009765625,724.780029296875,724.4400024414062,724.719970703125,154189
2026-07-06 15:50:00-04:00,723.5999755859375,723.5999755859375,724.530029296875,723.530029296875,724.47998046875,324440
2026-07-06 15:52:00-04:00,723.510009765625,723.510009765625,723.7100219726562,723.2000122070312,723.5800170898438,225220
2026-07-06 15:54:00-04:00,722.840087890625,722.840087890625,723.6799926757812,722.52001953125,723.52001953125,405538
2026-07-06 15:56:00-04:00,723.1599731445312,723.1599731445312,723.4000244140625,722.6900024414062,722.8400268554688,411588
2026-07-06 15:58:00-04:00,722.6500244140625,722.6500244140625,723.1400146484375,722.2100219726562,723.1400146484375,1358237
2026-07-07 09:30:00-04:00,715.3499755859375,715.3499755859375,716.3397216796875,713.64501953125,714.1400146484375,2699637
2026-07-07 09:32:00-04:00,713.3599853515625,713.3599853515625,715.72998046875,713.1500244140625,715.3499755859375,479980
2026-07-07 09:34:00-04:00,712.3950805664062,712.3950805664062,713.530029296875,711.97998046875,713.3599853515625,608008
2026-07-07 09:36:00-04:00,713.1300048828125,713.1300048828125,713.7000122070312,712.1199951171875,712.3900146484375,404458
2026-07-07 09:38:00-04:00,712.8900146484375,712.8900146484375,713.540283203125,711.6300048828125,713.030029296875,313126
2026-07-07 09:40:00-04:00,713.47998046875,713.47998046875,714.0900268554688,712.510009765625,712.9199829101562,342112
2026-07-07 09:42:00-04:00,713.6699829101562,713.6699829101562,714.2694702148438,712.72998046875,713.5,324189
2026-07-07 09:44:00-04:00,713.489990234375,713.489990234375,714.4299926757812,713.1400146484375,713.5,297969
2026-07-07 09:46:00-04:00,712.4000244140625,712.4000244140625,713.739990234375,712.2999877929688,713.4600219726562,204896
2026-07-07 09:48:00-04:00,712.22998046875,712.22998046875,713.7000122070312,712.0,712.3200073242188,198719
2026-07-07 09:50:00-04:00,712.0599975585938,712.0599975585938,712.7100219726562,711.3599853515625,712.1199951171875,275275
2026-07-07 09:52:00-04:00,711.0999755859375,711.0999755859375,712.780029296875,710.9199829101562,712.02001953125,296007
2026-07-07 09:54:00-04:00,710.2000122070312,710.2000122070312,711.3099975585938,710.0700073242188,711.1063232421875,289820
2026-07-07 09:56:00-04:00,710.3200073242188,710.3200073242188,710.8400268554688,710.1400146484375,710.1400146484375,347823
2026-07-07 09:58:00-04:00,711.1727905273438,711.1727905273438,711.5,710.0,710.22998046875,269336
2026-07-07 10:00:00-04:00,711.1500244140625,711.1500244140625,712.0250244140625,710.5800170898438,711.0800170898438,221143
2026-07-07 10:02:00-04:00,710.47998046875,710.47998046875,711.7100219726562,710.330322265625,711.1400146484375,182455
2026-07-07 10:04:00-04:00,710.5399780273438,710.5399780273438,710.9099731445312,710.02001953125,710.484375,227850
2026-07-07 10:06:00-04:00,710.719970703125,710.719970703125,711.239990234375,710.219970703125,710.52001953125,195035
2026-07-07 10:08:00-04:00,710.47998046875,710.47998046875,711.010009765625,709.8001098632812,710.7094116210938,383278
2026-07-07 10:10:00-04:00,709.280029296875,709.280029296875,710.469970703125,709.123779296875,710.469970703125,323643
2026-07-07 10:12:00-04:00,708.7199096679688,708.7199096679688,709.5098876953125,708.6240234375,709.2849731445312,344602
2026-07-07 10:14:00-04:00,707.8400268554688,707.8400268554688,708.72998046875,707.22998046875,708.6699829101562,508421
2026-07-07 10:16:00-04:00,707.8619995117188,707.8619995117188,708.3800048828125,707.5800170898438,707.8400268554688,343380
2026-07-07 10:18:00-04:00,708.6312255859375,708.6312255859375,708.72998046875,707.760009765625,707.85498046875,264175
2026-07-07 10:20:00-04:00,707.8699951171875,707.8699951171875,708.9400024414062,707.5999755859375,708.6099853515625,226892
2026-07-07 10:22:00-04:00,707.2579956054688,707.2579956054688,708.2999877929688,707.0,707.8900146484375,406587
2026-07-07 10:24:00-04:00,706.5,706.5,707.5286254882812,706.2213134765625,707.3400268554688,352685
2026-07-07 10:26:00-04:00,706.6649780273438,706.6649780273438,706.989990234375,706.0800170898438,706.3800048828125,353519
2026-07-07 10:28:00-04:00,707.219970703125,707.219970703125,707.3699951171875,706.469970703125,706.6900024414062,355653
2026-07-07 10:30:00-04:00,707.1799926757812,707.1799926757812,707.760009765625,706.7999877929688,707.2100219726562,305953
2026-07-07 10:32:00-04:00,707.2949829101562,707.2949829101562,707.5599975585938,706.385009765625,707.2150268554688,328033
2026-07-07 10:34:00-04:00,705.8200073242188,705.8200073242188,707.4089965820312,705.7100219726562,707.3200073242188,330703
2026-07-07 10:36:00-04:00,706.4099731445312,706.4099731445312,706.7000122070312,705.6900024414062,705.8699951171875,335287
2026-07-07 10:38:00-04:00,706.0499877929688,706.0499877929688,706.6199951171875,705.9600219726562,706.4000244140625,283584
2026-07-07 10:40:00-04:00,705.280029296875,705.280029296875,706.4299926757812,705.280029296875,706.0399780273438,414101
2026-07-07 10:42:00-04:00,705.6300048828125,705.6300048828125,705.8800048828125,704.9000244140625,705.2899780273438,434576
2026-07-07 10:44:00-04:00,705.8200073242188,705.8200073242188,706.1799926757812,705.2999877929688,705.6199951171875,263415
2026-07-07 10:46:00-04:00,706.5900268554688,706.5900268554688,706.77001953125,705.5900268554688,705.6900024414062,272896
2026-07-07 10:48:00-04:00,706.3187255859375,706.3187255859375,706.9099731445312,706.0,706.5,197713
2026-07-07 10:50:00-04:00,706.739990234375,706.739990234375,707.0499877929688,706.02001953125,706.2899780273438,160102
2026-07-07 10:52:00-04:00,707.1699829101562,707.1699829101562,707.489990234375,706.3900146484375,706.6599731445312,202490
2026-07-07 10:54:00-04:00,707.2550048828125,707.2550048828125,707.6099853515625,706.5698852539062,707.1500244140625,445576
2026-07-07 10:56:00-04:00,707.3200073242188,707.3200073242188,707.6300048828125,706.75,707.2398071289062,306229
2026-07-07 10:58:00-04:00,707.1900024414062,707.1900024414062,707.75,707.1599731445312,707.3099975585938,278088
2026-07-07 11:00:00-04:00,707.1500244140625,707.1500244140625,707.3499755859375,706.4450073242188,707.1699829101562,140306
2026-07-07 11:02:00-04:00,707.4099731445312,707.4099731445312,707.5499877929688,706.8499755859375,707.1500244140625,112990
2026-07-07 11:04:00-04:00,707.1563720703125,707.1563720703125,707.7999877929688,707.0999755859375,707.4299926757812,160281
2026-07-07 11:06:00-04:00,707.6828002929688,707.6828002929688,707.6900024414062,707.0499877929688,707.1199951171875,178962
2026-07-07 11:08:00-04:00,707.739990234375,707.739990234375,707.9600219726562,707.4299926757812,707.6649780273438,88358
2026-07-07 11:10:00-04:00,707.8699951171875,707.8699951171875,708.1300048828125,707.6400146484375,707.719970703125,283050
2026-07-07 11:12:00-04:00,708.4700927734375,708.4700927734375,708.5,707.6649780273438,707.9000244140625,245953
2026-07-07 11:14:00-04:00,707.2999877929688,707.2999877929688,708.469970703125,707.0399780273438,708.469970703125,72127
2026-07-07 11:16:00-04:00,706.878173828125,706.878173828125,707.5,706.72998046875,707.2999877929688,207499
2026-07-07 11:18:00-04:00,706.6300048828125,706.6300048828125,707.0999755859375,706.5,706.8699951171875,374115
2026-07-07 11:20:00-04:00,707.280029296875,707.280029296875,707.5,706.4849853515625,706.6300048828125,182298
2026-07-07 11:22:00-04:00,706.8200073242188,706.8200073242188,707.4450073242188,706.6300048828125,707.25,84865
2026-07-07 11:24:00-04:00,706.8300170898438,706.8300170898438,707.010009765625,706.4199829101562,706.8099975585938,140398
2026-07-07 11:26:00-04:00,707.2299194335938,707.2299194335938,707.2999877929688,706.6300048828125,706.8300170898438,106777
2026-07-07 11:28:00-04:00,707.4494018554688,707.4494018554688,707.5999755859375,706.755126953125,707.260009765625,74937
2026-07-07 11:30:00-04:00,707.2050170898438,707.2050170898438,707.6699829101562,706.8800048828125,707.4600219726562,80396
2026-07-07 11:32:00-04:00,707.25,707.25,707.5499877929688,707.1325073242188,707.239990234375,50049
2026-07-07 11:34:00-04:00,706.9400024414062,706.9400024414062,707.4694213867188,706.4609985351562,707.22998046875,104111
2026-07-07 11:36:00-04:00,706.8800048828125,706.8800048828125,707.393798828125,706.6300048828125,706.969970703125,76108
2026-07-07 11:38:00-04:00,706.1300048828125,706.1300048828125,706.9476928710938,706.1300048828125,706.9398803710938,100478
2026-07-07 11:40:00-04:00,706.6900024414062,706.6900024414062,706.719482421875,705.8400268554688,706.155029296875,141766
2026-07-07 11:42:00-04:00,707.1300048828125,707.1300048828125,707.280029296875,706.489990234375,706.75,131867
2026-07-07 11:44:00-04:00,708.3499755859375,708.3499755859375,708.6300048828125,706.989990234375,707.1400146484375,229082
2026-07-07 11:46:00-04:00,708.2813110351562,708.2813110351562,708.75,708.0999755859375,708.280029296875,94655
2026-07-07 11:48:00-04:00,707.9094848632812,707.9094848632812,708.9299926757812,707.89501953125,708.2899780273438,101217
2026-07-07 11:50:00-04:00,708.5299072265625,708.5299072265625,708.530029296875,707.85009765625,707.8900146484375,111192
2026-07-07 11:52:00-04:00,708.9450073242188,708.9450073242188,709.0250244140625,708.3400268554688,708.4299926757812,168921
2026-07-07 11:54:00-04:00,708.4400024414062,708.4400024414062,708.9699096679688,708.4400024414062,708.8900146484375,83657
2026-07-07 11:56:00-04:00,708.8699951171875,708.8699951171875,708.97998046875,708.2899780273438,708.3300170898438,196940
2026-07-07 11:58:00-04:00,709.2000122070312,709.2000122070312,709.25,708.8599853515625,708.8800048828125,127220
2026-07-07 12:00:00-04:00,709.79052734375,709.79052734375,709.9199829101562,708.989990234375,709.2100219726562,272075
2026-07-07 12:02:00-04:00,710.1099853515625,710.1099853515625,710.260009765625,709.8300170898438,709.8699951171875,167033
2026-07-07 12:04:00-04:00,710.25,710.25,710.2849731445312,709.6400146484375,710.1199951171875,232590
2026-07-07 12:06:00-04:00,710.2000122070312,710.2000122070312,710.7899780273438,709.7999877929688,710.260009765625,189816
2026-07-07 12:08:00-04:00,709.8099975585938,709.8099975585938,710.239990234375,709.469970703125,710.1900024414062,204541
2026-07-07 12:10:00-04:00,710.364990234375,710.364990234375,710.3900146484375,709.8300170898438,709.8300170898438,112425
2026-07-07 12:12:00-04:00,711.1270141601562,711.1270141601562,711.2050170898438,710.3699951171875,710.3699951171875,224143
2026-07-07 12:14:00-04:00,710.8599853515625,710.8599853515625,711.239990234375,710.8300170898438,711.1110229492188,128381
2026-07-07 12:16:00-04:00,710.9099731445312,710.9099731445312,711.135009765625,710.8300170898438,710.8798217773438,61534
2026-07-07 12:18:00-04:00,711.1699829101562,711.1699829101562,711.3200073242188,710.75,710.9299926757812,110751
2026-07-07 12:20:00-04:00,711.9500732421875,711.9500732421875,712.02001953125,711.1500244140625,711.1599731445312,183615
2026-07-07 12:22:00-04:00,712.4099731445312,712.4099731445312,713.02001953125,711.9500122070312,711.9600219726562,288724
2026-07-07 12:24:00-04:00,712.4199829101562,712.4199829101562,712.6199951171875,711.9299926757812,712.4019775390625,241789
2026-07-07 12:26:00-04:00,712.8302001953125,712.8302001953125,713.0,712.4000244140625,712.4299926757812,196020
2026-07-07 12:28:00-04:00,712.7000122070312,712.7000122070312,713.0462036132812,712.6900024414062,712.8200073242188,131853
2026-07-07 12:30:00-04:00,713.077392578125,713.077392578125,713.3099975585938,712.6400146484375,712.6599731445312,183947
2026-07-07 12:32:00-04:00,712.239990234375,712.239990234375,713.2000122070312,712.2100219726562,713.0800170898438,170200
2026-07-07 12:34:00-04:00,711.97998046875,711.97998046875,712.8200073242188,711.9600219726562,712.2449951171875,192875
2026-07-07 12:36:00-04:00,712.4099731445312,712.4099731445312,712.5499877929688,711.5800170898438,711.97998046875,281995
2026-07-07 12:38:00-04:00,712.260498046875,712.260498046875,712.405029296875,712.0800170898438,712.385009765625,68524
2026-07-07 12:40:00-04:00,711.9199829101562,711.9199829101562,712.5399780273438,711.8400268554688,712.0936889648438,100450
2026-07-07 12:42:00-04:00,712.35498046875,712.35498046875,712.4000244140625,711.719970703125,711.9299926757812,69642
2026-07-07 12:44:00-04:00,712.9849853515625,712.9849853515625,713.0599975585938,712.3099975585938,712.3099975585938,375153
2026-07-07 12:46:00-04:00,712.719970703125,712.719970703125,712.969970703125,712.42041015625,712.95361328125,77580
2026-07-07 12:48:00-04:00,712.89501953125,712.89501953125,712.9299926757812,712.5599975585938,712.7100219726562,60189
2026-07-07 12:50:00-04:00,713.030029296875,713.030029296875,713.1517944335938,712.6380004882812,712.905029296875,143117
2026-07-07 12:52:00-04:00,713.02001953125,713.02001953125,713.2899780273438,712.8400268554688,713.02001953125,83726
2026-07-07 12:54:00-04:00,712.3798828125,712.3798828125,713.010009765625,712.260009765625,713.010009765625,99186
2026-07-07 12:56:00-04:00,712.3049926757812,712.3049926757812,712.5999755859375,712.239990234375,712.4000244140625,54071
2026-07-07 12:58:00-04:00,712.8499755859375,712.8499755859375,713.0,711.9949951171875,712.2899780273438,88495
2026-07-07 13:00:00-04:00,712.8699951171875,712.8699951171875,713.260009765625,712.7000122070312,712.8099975585938,79595
2026-07-07 13:02:00-04:00,712.7150268554688,712.7150268554688,713.14990234375,712.6500244140625,712.9099731445312,62105
2026-07-07 13:04:00-04:00,713.3699951171875,713.3699951171875,713.530029296875,712.719970703125,712.72998046875,103667
2026-07-07 13:06:00-04:00,713.614990234375,713.614990234375,713.7899780273438,713.0900268554688,713.2999877929688,169932
2026-07-07 13:08:00-04:00,713.719970703125,713.719970703125,713.869873046875,713.489990234375,713.60498046875,484796
2026-07-07 13:10:00-04:00,713.2401123046875,713.2401123046875,713.75,712.8400268554688,713.7150268554688,136363
2026-07-07 13:12:00-04:00,712.9949951171875,712.9949951171875,713.3300170898438,712.9400024414062,713.2449951171875,74078
2026-07-07 13:14:00-04:00,712.7000122070312,712.7000122070312,713.0499877929688,712.3900146484375,713.02001953125,152005
2026-07-07 13:16:00-04:00,712.2700805664062,712.2700805664062,712.780029296875,712.2100219726562,712.7100219726562,76063
2026-07-07 13:18:00-04:00,712.5800170898438,712.5800170898438,712.64990234375,712.2001953125,712.2899780273438,67696
2026-07-07 13:20:00-04:00,713.330078125,713.330078125,713.3400268554688,712.5,712.5399780273438,100788
2026-07-07 13:22:00-04:00,713.3499755859375,713.3499755859375,713.5499877929688,712.8599853515625,713.3200073242188,151317
2026-07-07 13:24:00-04:00,713.1500244140625,713.1500244140625,713.6630249023438,712.8800048828125,713.4000244140625,125271
2026-07-07 13:26:00-04:00,712.7899780273438,712.7899780273438,713.155029296875,712.6400146484375,713.155029296875,64711
2026-07-07 13:28:00-04:00,712.739990234375,712.739990234375,712.8800048828125,712.52001953125,712.8099975585938,45909
2026-07-07 13:30:00-04:00,713.2999877929688,713.2999877929688,713.2999877929688,712.75,712.75,61054
2026-07-07 13:32:00-04:00,713.1500854492188,713.1500854492188,713.3900146484375,712.8200073242188,713.280029296875,74399
2026-07-07 13:34:00-04:00,713.3200073242188,713.3200073242188,713.3300170898438,713.02001953125,713.1699829101562,63077
2026-07-07 13:36:00-04:00,713.2000122070312,713.2000122070312,713.52001953125,713.030029296875,713.3099975585938,186784
2026-07-07 13:38:00-04:00,713.2999877929688,713.2999877929688,713.3800048828125,712.7999877929688,713.1699829101562,72888
2026-07-07 13:40:00-04:00,713.5399780273438,713.5399780273438,713.5900268554688,713.1500244140625,713.27001953125,91054
2026-07-07 13:42:00-04:00,713.3400268554688,713.3400268554688,713.5850219726562,713.2999877929688,713.469970703125,76821
2026-07-07 13:44:00-04:00,713.1649780273438,713.1649780273438,713.530029296875,713.0,713.3699951171875,78286
2026-07-07 13:46:00-04:00,712.7849731445312,712.7849731445312,713.2620239257812,712.7100219726562,713.2449951171875,74494
2026-07-07 13:48:00-04:00,712.9749755859375,712.9749755859375,713.1599731445312,712.6599731445312,712.7849731445312,63848
2026-07-07 13:50:00-04:00,713.15869140625,713.15869140625,713.1799926757812,712.719970703125,712.9600219726562,92703
2026-07-07 13:52:00-04:00,712.6799926757812,712.6799926757812,713.3599853515625,712.6799926757812,713.1300048828125,63902
2026-07-07 13:54:00-04:00,712.9000244140625,712.9000244140625,712.99951171875,712.6799926757812,712.6799926757812,38038
2026-07-07 13:56:00-04:00,713.2899780273438,713.2899780273438,713.4500122070312,712.8900146484375,712.9000244140625,50788
2026-07-07 13:58:00-04:00,713.5599975585938,713.5599975585938,713.5698852539062,713.0499877929688,713.2412109375,55401
2026-07-07 14:00:00-04:00,713.5999755859375,713.5999755859375,713.739990234375,713.3200073242188,713.5800170898438,71641
2026-07-07 14:02:00-04:00,713.1199951171875,713.1199951171875,713.6400146484375,712.8994750976562,713.60498046875,52955
2026-07-07 14:04:00-04:00,713.2603759765625,713.2603759765625,713.47998046875,713.0100708007812,713.1199951171875,53725
2026-07-07 14:06:00-04:00,713.0,713.0,713.260009765625,712.780029296875,713.260009765625,62969
2026-07-07 14:08:00-04:00,712.9199829101562,712.9199829101562,713.1699829101562,712.7000122070312,713.010009765625,176300
2026-07-07 14:10:00-04:00,713.0194702148438,713.0194702148438,713.1162109375,712.8350219726562,712.9500122070312,59139
2026-07-07 14:12:00-04:00,713.22998046875,713.22998046875,713.4000244140625,712.97998046875,712.989990234375,76047
2026-07-07 14:14:00-04:00,713.1799926757812,713.1799926757812,713.38623046875,712.8594970703125,713.27001953125,57774
2026-07-07 14:16:00-04:00,712.96240234375,712.96240234375,713.219970703125,712.8690185546875,713.1950073242188,52828
2026-07-07 14:18:00-04:00,713.010009765625,713.010009765625,713.0599975585938,712.6500244140625,712.97998046875,96875
2026-07-07 14:20:00-04:00,713.1300048828125,713.1300048828125,713.1699829101562,712.7899780273438,713.030029296875,167398
2026-07-07 14:22:00-04:00,713.1768188476562,713.1768188476562,713.364990234375,712.7999877929688,713.1400146484375,138928
2026-07-07 14:24:00-04:00,713.1699829101562,713.1699829101562,713.2100219726562,712.969970703125,713.1400146484375,34828
2026-07-07 14:26:00-04:00,712.6900024414062,712.6900024414062,713.25,712.6199951171875,713.1599731445312,80907
2026-07-07 14:28:00-04:00,712.35498046875,712.35498046875,712.760009765625,712.239990234375,712.7100219726562,90379
2026-07-07 14:30:00-04:00,712.5673828125,712.5673828125,712.5994873046875,711.8599853515625,712.3599853515625,125678
2026-07-07 14:32:00-04:00,712.02001953125,712.02001953125,712.7100219726562,711.8400268554688,712.5800170898438,127090
2026-07-07 14:34:00-04:00,712.219970703125,712.219970703125,712.22998046875,711.6699829101562,712.0,96669
2026-07-07 14:36:00-04:00,711.989990234375,711.989990234375,712.3699951171875,711.719970703125,712.239990234375,63784
2026-07-07 14:38:00-04:00,712.0592041015625,712.0592041015625,712.260009765625,711.9400024414062,711.969970703125,50370
2026-07-07 14:40:00-04:00,711.369873046875,711.369873046875,712.0499877929688,711.25,712.0499877929688,101184
2026-07-07 14:42:00-04:00,711.0498046875,711.0498046875,711.4099731445312,710.760009765625,711.4099731445312,191519
2026-07-07 14:44:00-04:00,711.1701049804688,711.1701049804688,711.3699951171875,710.9609985351562,711.0900268554688,121459
2026-07-07 14:46:00-04:00,711.1900024414062,711.1900024414062,711.22998046875,710.9400024414062,711.12060546875,39473
2026-07-07 14:48:00-04:00,710.780029296875,710.780029296875,711.5549926757812,709.97998046875,711.2299194335938,202108
2026-07-07 14:50:00-04:00,710.0800170898438,710.0800170898438,710.8800048828125,709.6599731445312,710.8099975585938,205184
2026-07-07 14:52:00-04:00,709.6300048828125,709.6300048828125,710.1699829101562,709.5800170898438,710.0599975585938,125787
2026-07-07 14:54:00-04:00,709.7750244140625,709.7750244140625,710.1699829101562,709.4849853515625,709.6400146484375,237157
2026-07-07 14:56:00-04:00,709.5,709.5,710.0800170898438,709.2999877929688,709.8250122070312,142417
2026-07-07 14:58:00-04:00,709.2968139648438,709.2968139648438,709.75,709.1500244140625,709.469970703125,129722
2026-07-07 15:00:00-04:00,708.719970703125,708.719970703125,709.5601806640625,708.4400024414062,709.3499755859375,195013
2026-07-07 15:02:00-04:00,708.7999877929688,708.7999877929688,709.0999755859375,708.719970703125,708.72998046875,108981
2026-07-07 15:04:00-04:00,709.3699951171875,709.3699951171875,709.5396118164062,708.510009765625,708.77001953125,228485
2026-07-07 15:06:00-04:00,708.489990234375,708.489990234375,709.7874755859375,708.4080200195312,709.3699951171875,187595
2026-07-07 15:08:00-04:00,707.9749755859375,707.9749755859375,708.5599975585938,707.9299926757812,708.47998046875,215362
2026-07-07 15:10:00-04:00,707.8150024414062,707.8150024414062,708.1099853515625,707.5999755859375,708.0050048828125,246487
2026-07-07 15:12:00-04:00,708.2000122070312,708.2000122070312,708.3099975585938,707.6400146484375,707.8400268554688,157197
2026-07-07 15:14:00-04:00,707.4299926757812,707.4299926757812,708.239990234375,707.3300170898438,708.1900024414062,214817
2026-07-07 15:16:00-04:00,707.0349731445312,707.0349731445312,707.4099731445312,706.9400024414062,707.3699951171875,155347
2026-07-07 15:18:00-04:00,707.3099975585938,707.3099975585938,707.4400024414062,706.4299926757812,707.0900268554688,382304
2026-07-07 15:20:00-04:00,707.239990234375,707.239990234375,707.6900024414062,706.9600219726562,707.239990234375,260109
2026-07-07 15:22:00-04:00,707.3099975585938,707.3099975585938,707.6900024414062,707.27001953125,707.27001953125,134527
2026-07-07 15:24:00-04:00,706.989990234375,706.989990234375,707.510009765625,706.780029296875,707.3099975585938,245400
2026-07-07 15:26:00-04:00,707.530029296875,707.530029296875,707.6699829101562,706.6920166015625,706.97998046875,117933
2026-07-07 15:28:00-04:00,707.6799926757812,707.6799926757812,707.8800048828125,707.3599853515625,707.530029296875,159725
2026-07-07 15:30:00-04:00,708.614990234375,708.614990234375,708.8300170898438,707.5399780273438,707.5800170898438,276168
2026-07-07 15:32:00-04:00,708.6900024414062,708.6900024414062,708.8599853515625,708.280029296875,708.5999755859375,131744
2026-07-07 15:34:00-04:00,708.25,708.25,708.8800048828125,708.1199951171875,708.6099853515625,99121
2026-07-07 15:36:00-04:00,707.8900146484375,707.8900146484375,708.3200073242188,707.590087890625,708.2349853515625,112291
2026-07-07 15:38:00-04:00,707.719970703125,707.719970703125,708.3350219726562,707.5850219726562,707.85498046875,103673
2026-07-07 15:40:00-04:00,707.5700073242188,707.5700073242188,707.8300170898438,707.239990234375,707.75,108956
2026-07-07 15:42:00-04:00,707.4000244140625,707.4000244140625,707.6500244140625,707.27001953125,707.6400146484375,131921
2026-07-07 15:44:00-04:00,707.77001953125,707.77001953125,707.8599853515625,707.2999877929688,707.3800048828125,169208
2026-07-07 15:46:00-04:00,707.5,707.5,707.9400024414062,707.280029296875,707.77001953125,138577
2026-07-07 15:48:00-04:00,708.0499877929688,708.0499877929688,708.1300048828125,707.3900146484375,707.52001953125,150731
2026-07-07 15:50:00-04:00,708.1094970703125,708.1094970703125,708.7650146484375,707.6199951171875,708.0599975585938,375207
2026-07-07 15:52:00-04:00,708.3200073242188,708.3200073242188,708.4500122070312,707.8599853515625,708.0800170898438,191914
2026-07-07 15:54:00-04:00,709.1599731445312,709.1599731445312,709.2949829101562,708.1500244140625,708.3599853515625,780496
2026-07-07 15:56:00-04:00,708.9249877929688,708.9249877929688,709.22998046875,708.77001953125,709.1599731445312,399006
2026-07-07 15:58:00-04:00,709.3800048828125,709.3800048828125,709.6199951171875,708.77001953125,708.9199829101562,1079696
2026-07-08 09:30:00-04:00,707.1199951171875,707.1199951171875,707.239990234375,704.9400024414062,704.9400024414062,3433239
2026-07-08 09:32:00-04:00,707.2100219726562,707.2100219726562,707.9199829101562,706.9199829101562,707.239990234375,438213
2026-07-08 09:34:00-04:00,707.5900268554688,707.5900268554688,708.02001953125,706.8499755859375,707.2249755859375,481689
2026-07-08 09:36:00-04:00,707.3699951171875,707.3699951171875,708.25,706.3660278320312,707.47998046875,319018
2026-07-08 09:38:00-04:00,707.8099975585938,707.8099975585938,708.0399780273438,706.2249755859375,707.27001953125,292561
2026-07-08 09:40:00-04:00,708.9199829101562,708.9199829101562,709.4199829101562,707.5903930664062,707.849609375,585700
2026-07-08 09:42:00-04:00,708.4400024414062,708.4400024414062,709.1500244140625,708.0900268554688,708.9400024414062,426171
2026-07-08 09:44:00-04:00,709.4099731445312,709.4099731445312,709.6599731445312,708.260009765625,708.4299926757812,428603
2026-07-08 09:46:00-04:00,708.9169921875,708.9169921875,709.7999877929688,708.739990234375,709.4349975585938,392569
2026-07-08 09:48:00-04:00,707.4400024414062,707.4400024414062,709.2791137695312,707.4199829101562,709.0499877929688,362574
2026-07-08 09:50:00-04:00,708.219970703125,708.219970703125,709.0900268554688,707.0800170898438,707.4400024414062,266274
2026-07-08 09:52:00-04:00,708.3599853515625,708.3599853515625,708.8400268554688,707.6300048828125,708.1500244140625,148462
2026-07-08 09:54:00-04:00,707.5399780273438,707.5399780273438,708.5,707.1300048828125,708.27001953125,177377
2026-07-08 09:56:00-04:00,708.280029296875,708.280029296875,708.6300048828125,707.22998046875,707.5700073242188,152375
2026-07-08 09:58:00-04:00,708.9500122070312,708.9500122070312,709.5899047851562,708.1599731445312,708.260009765625,146750
2026-07-08 10:00:00-04:00,708.3599853515625,708.3599853515625,709.469970703125,708.2498779296875,708.9099731445312,236072
2026-07-08 10:02:00-04:00,707.739501953125,707.739501953125,708.22998046875,707.3001708984375,708.22998046875,145806
2026-07-08 10:04:00-04:00,708.3480224609375,708.3480224609375,708.4000244140625,707.5399780273438,707.9199829101562,128222
2026-07-08 10:06:00-04:00,707.5999755859375,707.5999755859375,708.469970703125,707.52001953125,708.3099975585938,132526
2026-07-08 10:08:00-04:00,707.8800048828125,707.8800048828125,708.4099731445312,707.469970703125,707.5570068359375,150366
2026-07-08 10:10:00-04:00,706.635009765625,706.635009765625,708.1799926757812,706.5,707.8800048828125,160389
2026-07-08 10:12:00-04:00,706.5800170898438,706.5800170898438,707.293212890625,705.989990234375,706.7000122070312,383809
2026-07-08 10:14:00-04:00,706.1400146484375,706.1400146484375,707.0162963867188,705.7427978515625,706.5999755859375,140042
2026-07-08 10:16:00-04:00,707.25,707.25,707.469970703125,705.8809204101562,706.1599731445312,171193
2026-07-08 10:18:00-04:00,707.044921875,707.044921875,707.7171020507812,706.2208251953125,707.22998046875,158850
2026-07-08 10:20:00-04:00,708.9600219726562,708.9600219726562,709.0599975585938,706.5999145507812,706.9749755859375,223745
2026-07-08 10:22:00-04:00,708.3814086914062,708.3814086914062,709.010009765625,708.1799926757812,708.9099731445312,169039
2026-07-08 10:24:00-04:00,708.389404296875,708.389404296875,708.52001953125,707.4400024414062,708.3690795898438,138718
2026-07-08 10:26:00-04:00,707.8865966796875,707.8865966796875,708.760009765625,706.2999877929688,708.3953857421875,186618
2026-07-08 10:28:00-04:00,707.2000122070312,707.2000122070312,707.860107421875,706.9600219726562,707.7899780273438,88128
2026-07-08 10:30:00-04:00,707.6099853515625,707.6099853515625,707.780029296875,706.875,707.0999755859375,118317
2026-07-08 10:32:00-04:00,707.6900024414062,707.6900024414062,707.8499755859375,706.5,707.4854125976562,182993
2026-07-08 10:34:00-04:00,706.5700073242188,706.5700073242188,708.1900024414062,706.5499877929688,707.64501953125,140766
2026-07-08 10:36:00-04:00,707.1199951171875,707.1199951171875,707.5549926757812,705.9600219726562,706.6195068359375,198641
2026-07-08 10:38:00-04:00,706.27001953125,706.27001953125,707.22998046875,706.14599609375,707.1500244140625,89954
2026-07-08 10:40:00-04:00,706.8400268554688,706.8400268554688,706.864990234375,706.0499877929688,706.1909790039062,134886
2026-07-08 10:42:00-04:00,705.739990234375,705.739990234375,706.7999877929688,705.1500244140625,706.7999877929688,205674
2026-07-08 10:44:00-04:00,705.5399780273438,705.5399780273438,706.4779052734375,705.1699829101562,705.725830078125,189421
2026-07-08 10:46:00-04:00,704.5399780273438,704.5399780273438,705.8800048828125,704.4199829101562,705.5499877929688,229278
2026-07-08 10:48:00-04:00,704.2301025390625,704.2301025390625,705.0700073242188,704.22998046875,704.530029296875,169874
2026-07-08 10:50:00-04:00,704.8699951171875,704.8699951171875,704.9400024414062,703.75,704.22998046875,283822
2026-07-08 10:52:00-04:00,706.4600219726562,706.4600219726562,707.2899780273438,704.780029296875,704.8800048828125,257199
2026-07-08 10:54:00-04:00,706.2899780273438,706.2899780273438,706.6099853515625,705.510009765625,706.52001953125,166410
2026-07-08 10:56:00-04:00,705.7100219726562,705.7100219726562,707.1013793945312,705.3599853515625,706.3300170898438,199434
2026-07-08 10:58:00-04:00,705.2000122070312,705.2000122070312,705.7100219726562,704.8099975585938,705.7100219726562,144003
2026-07-08 11:00:00-04:00,704.9099731445312,704.9099731445312,705.52001953125,704.6699829101562,705.260009765625,134541
2026-07-08 11:02:00-04:00,704.9349975585938,704.9349975585938,705.2000122070312,704.6199951171875,704.8300170898438,118385
2026-07-08 11:04:00-04:00,705.3499145507812,705.3499145507812,705.4299926757812,704.4299926757812,704.9190063476562,172001
2026-07-08 11:06:00-04:00,704.8250122070312,704.8250122070312,705.469970703125,704.530029296875,705.3200073242188,130140
2026-07-08 11:08:00-04:00,704.8099975585938,704.8099975585938,705.3099975585938,704.6599731445312,704.8400268554688,91924
2026-07-08 11:10:00-04:00,704.7100219726562,704.7100219726562,705.156982421875,704.4299926757812,704.80810546875,204594
2026-07-08 11:12:00-04:00,704.0800170898438,704.0800170898438,704.8599853515625,703.9199829101562,704.6599731445312,151475
2026-07-08 11:14:00-04:00,703.47998046875,703.47998046875,704.0,703.2899780273438,704.0,189148
2026-07-08 11:16:00-04:00,702.6146240234375,702.6146240234375,703.469970703125,702.3300170898438,703.4299926757812,378449
2026-07-08 11:18:00-04:00,703.530029296875,703.530029296875,703.9199829101562,702.4500122070312,702.5900268554688,219683
2026-07-08 11:20:00-04:00,703.10498046875,703.10498046875,703.731201171875,702.8800048828125,703.5,138416
2026-07-08 11:22:00-04:00,701.7000122070312,701.7000122070312,703.0889282226562,701.6699829101562,703.0,210064
2026-07-08 11:24:00-04:00,701.3671264648438,701.3671264648438,701.9600219726562,701.1699829101562,701.6799926757812,211066
2026-07-08 11:26:00-04:00,701.2100219726562,701.2100219726562,701.7896118164062,700.9099731445312,701.3699951171875,267506
2026-07-08 11:28:00-04:00,701.4500122070312,701.4500122070312,701.8200073242188,701.1500244140625,701.1799926757812,180898
2026-07-08 11:30:00-04:00,701.5,701.5,701.8800048828125,700.97998046875,701.47998046875,140984
2026-07-08 11:32:00-04:00,702.2899780273438,702.2899780273438,702.6500244140625,701.530029296875,701.6300048828125,222926
2026-07-08 11:34:00-04:00,703.0399780273438,703.0399780273438,703.0850219726562,702.0399780273438,702.2982177734375,209155
2026-07-08 11:36:00-04:00,703.5499877929688,703.5499877929688,703.77001953125,702.5706176757812,703.02001953125,147011
2026-07-08 11:38:00-04:00,702.6699829101562,702.6699829101562,703.5599975585938,702.47998046875,703.510009765625,176947
2026-07-08 11:40:00-04:00,703.4000244140625,703.4000244140625,703.5499877929688,702.6099853515625,702.6699829101562,108777
2026-07-08 11:42:00-04:00,702.889892578125,702.889892578125,703.4400024414062,702.5599975585938,703.3900146484375,80781
2026-07-08 11:44:00-04:00,702.7899780273438,702.7899780273438,703.010009765625,702.0900268554688,702.8699951171875,132011
2026-07-08 11:46:00-04:00,702.3800048828125,702.3800048828125,703.2515869140625,702.0800170898438,702.7899780273438,122321
2026-07-08 11:48:00-04:00,702.39501953125,702.39501953125,702.530029296875,702.0599975585938,702.3900146484375,85056
2026-07-08 11:50:00-04:00,701.8900146484375,701.8900146484375,702.489990234375,701.6900024414062,702.4450073242188,90057
2026-07-08 11:52:00-04:00,701.9119262695312,701.9119262695312,702.0599975585938,701.3150024414062,701.9199829101562,133640
2026-07-08 11:54:00-04:00,702.219970703125,702.219970703125,702.510009765625,701.5,701.8599853515625,89168
2026-07-08 11:56:00-04:00,701.989990234375,701.989990234375,702.3200073242188,701.5900268554688,702.280029296875,74538
2026-07-08 11:58:00-04:00,702.405029296875,702.405029296875,702.6773071289062,701.739990234375,701.969970703125,83734
2026-07-08 12:00:00-04:00,703.2050170898438,703.2050170898438,703.47998046875,702.3400268554688,702.510009765625,130572
2026-07-08 12:02:00-04:00,703.1900024414062,703.1900024414062,703.4400024414062,702.8300170898438,703.2100219726562,83736
2026-07-08 12:04:00-04:00,703.739990234375,703.739990234375,704.0999755859375,702.9500122070312,703.1199951171875,125285
2026-07-08 12:06:00-04:00,703.760009765625,703.760009765625,703.8900146484375,703.4199829101562,703.6649780273438,103109
2026-07-08 12:08:00-04:00,704.1798706054688,704.1798706054688,704.2999877929688,703.1199951171875,703.760009765625,104422
2026-07-08 12:10:00-04:00,704.7849731445312,704.7849731445312,705.0999755859375,704.1798706054688,704.1799926757812,162194
2026-07-08 12:12:00-04:00,705.0499877929688,705.0499877929688,705.3099975585938,704.780029296875,704.780029296875,125096
2026-07-08 12:14:00-04:00,704.8599853515625,704.8599853515625,705.4400024414062,704.8599853515625,705.0399780273438,79738
2026-07-08 12:16:00-04:00,705.7750244140625,705.7750244140625,705.8200073242188,704.760009765625,704.8699951171875,107439
2026-07-08 12:18:00-04:00,705.8699951171875,705.8699951171875,705.9093017578125,705.510009765625,705.7899780273438,85061
2026-07-08 12:20:00-04:00,706.8150024414062,706.8150024414062,706.969970703125,705.8400268554688,705.9000244140625,187021
2026-07-08 12:22:00-04:00,706.844970703125,706.844970703125,707.25,706.75,706.844970703125,189786
2026-07-08 12:24:00-04:00,706.5399780273438,706.5399780273438,706.8300170898438,706.1199951171875,706.8300170898438,166837
2026-07-08 12:26:00-04:00,706.8800048828125,706.8800048828125,707.3400268554688,706.5399780273438,706.5499877929688,118551
2026-07-08 12:28:00-04:00,706.776611328125,706.776611328125,707.1900024414062,706.6799926757812,706.9326171875,115835
2026-07-08 12:30:00-04:00,707.409912109375,707.409912109375,708.0499877929688,706.5999755859375,706.739990234375,266751
2026-07-08 12:32:00-04:00,707.2899780273438,707.2899780273438,707.4500122070312,707.0900268554688,707.3499755859375,118954
2026-07-08 12:34:00-04:00,706.8200073242188,706.8200073242188,707.6599731445312,706.6019897460938,707.2899780273438,193105
2026-07-08 12:36:00-04:00,706.3099975585938,706.3099975585938,706.8800048828125,706.0499877929688,706.8300170898438,201187
2026-07-08 12:38:00-04:00,707.1900024414062,707.1900024414062,707.2899780273438,706.0599975585938,706.3250122070312,148400
2026-07-08 12:40:00-04:00,707.8137817382812,707.8137817382812,708.5,706.7000122070312,707.1300048828125,222329
2026-07-08 12:42:00-04:00,708.0150146484375,708.0150146484375,708.239990234375,707.5800170898438,707.8400268554688,107921
2026-07-08 12:44:00-04:00,707.77001953125,707.77001953125,708.469970703125,707.5399780273438,708.0786743164062,154376
2026-07-08 12:46:00-04:00,708.0349731445312,708.0349731445312,708.3200073242188,707.7283935546875,707.8099975585938,77180
2026-07-08 12:48:00-04:00,708.469970703125,708.469970703125,708.5700073242188,707.885009765625,708.0750122070312,63987
2026-07-08 12:50:00-04:00,708.6599731445312,708.6599731445312,708.760009765625,708.0800170898438,708.489990234375,179059
2026-07-08 12:52:00-04:00,708.9099731445312,708.9099731445312,709.0579833984375,708.4600219726562,708.6599731445312,164123
2026-07-08 12:54:00-04:00,708.7000122070312,708.7000122070312,709.0989990234375,708.4400024414062,708.9199829101562,128884
2026-07-08 12:56:00-04:00,709.0750122070312,709.0750122070312,709.0999755859375,708.5599975585938,708.6799926757812,105205
2026-07-08 12:58:00-04:00,709.0700073242188,709.0700073242188,709.1699829101562,708.8599853515625,709.0897216796875,56430
2026-07-08 13:00:00-04:00,708.6649780273438,708.6649780273438,709.0900268554688,708.4199829101562,709.0900268554688,83939
2026-07-08 13:02:00-04:00,708.3900146484375,708.3900146484375,708.9500122070312,708.3637084960938,708.6199951171875,79851
2026-07-08 13:04:00-04:00,708.5399780273438,708.5399780273438,708.6699829101562,708.3800048828125,708.4199829101562,71584
2026-07-08 13:06:00-04:00,709.3800048828125,709.3800048828125,709.4487915039062,708.469970703125,708.5700073242188,154802
2026-07-08 13:08:00-04:00,708.8099975585938,708.8099975585938,709.4600219726562,708.77001953125,709.4400024414062,81402
2026-07-08 13:10:00-04:00,708.5499877929688,708.5499877929688,708.8599853515625,708.2100219726562,708.7849731445312,86158
2026-07-08 13:12:00-04:00,708.719970703125,708.719970703125,708.8200073242188,708.469970703125,708.697509765625,111615
2026-07-08 13:14:00-04:00,708.4099731445312,708.4099731445312,708.780029296875,708.1599731445312,708.780029296875,57214
2026-07-08 13:16:00-04:00,708.7415161132812,708.7415161132812,708.8800048828125,708.4299926757812,708.4500122070312,71732
2026-07-08 13:18:00-04:00,709.1799926757812,709.1799926757812,709.3099975585938,708.5399780273438,708.6900024414062,210968
2026-07-08 13:20:00-04:00,709.6900024414062,709.6900024414062,709.8699951171875,708.97998046875,709.280029296875,161564
2026-07-08 13:22:00-04:00,709.97998046875,709.97998046875,710.0499877929688,709.5800170898438,709.6799926757812,143297
2026-07-08 13:24:00-04:00,710.5150756835938,710.5150756835938,710.77001953125,709.9299926757812,710.0,171081
2026-07-08 13:26:00-04:00,710.2050170898438,710.2050170898438,710.4500122070312,710.0800170898438,710.4199829101562,104589
2026-07-08 13:28:00-04:00,710.6801147460938,710.6801147460938,710.8198852539062,710.22998046875,710.25,64760
2026-07-08 13:30:00-04:00,710.8796997070312,710.8796997070312,711.1400146484375,710.5999755859375,710.760009765625,125275
2026-07-08 13:32:00-04:00,710.7017211914062,710.7017211914062,710.969970703125,710.5999755859375,710.8200073242188,134470
2026-07-08 13:34:00-04:00,710.8099975585938,710.8099975585938,710.969970703125,710.3800048828125,710.7598876953125,119025
2026-07-08 13:36:00-04:00,710.5800170898438,710.5800170898438,710.8900146484375,710.5700073242188,710.8497924804688,42433
2026-07-08 13:38:00-04:00,710.3298950195312,710.3298950195312,710.6900024414062,710.260009765625,710.5399780273438,70088
2026-07-08 13:40:00-04:00,709.6300048828125,709.6300048828125,710.3400268554688,709.6300048828125,710.280029296875,83432
2026-07-08 13:42:00-04:00,709.5999755859375,709.5999755859375,709.9199829101562,709.4600219726562,709.6500244140625,118447
2026-07-08 13:44:00-04:00,708.8900146484375,708.8900146484375,709.60498046875,708.6300048828125,709.60498046875,101665
2026-07-08 13:46:00-04:00,708.9152221679688,708.9152221679688,709.1900024414062,708.6799926757812,708.9400024414062,104832
2026-07-08 13:48:00-04:00,708.6199951171875,708.6199951171875,708.8900146484375,708.4500122070312,708.875,97307
2026-07-08 13:50:00-04:00,709.094970703125,709.094970703125,709.2600708007812,708.52001953125,708.6099853515625,272243
2026-07-08 13:52:00-04:00,708.8800048828125,708.8800048828125,709.469970703125,708.8699951171875,709.0399780273438,51377
2026-07-08 13:54:00-04:00,708.3350219726562,708.3350219726562,708.9099731445312,708.0800170898438,708.8800048828125,78735
2026-07-08 13:56:00-04:00,708.1400146484375,708.1400146484375,708.344970703125,707.8800048828125,708.344970703125,56771
2026-07-08 13:58:00-04:00,708.60498046875,708.60498046875,708.614990234375,708.1199951171875,708.1199951171875,54044
2026-07-08 14:00:00-04:00,709.6917114257812,709.6917114257812,709.7849731445312,708.02001953125,708.6400146484375,140184
2026-07-08 14:02:00-04:00,709.8599853515625,709.8599853515625,710.0900268554688,709.5,709.7150268554688,97047
2026-07-08 14:04:00-04:00,709.6644287109375,709.6644287109375,710.2100219726562,709.1799926757812,709.8900146484375,94672
2026-07-08 14:06:00-04:00,709.6199951171875,709.6199951171875,709.8699951171875,709.47998046875,709.635009765625,39161
2026-07-08 14:08:00-04:00,710.030029296875,710.030029296875,710.0999755859375,709.5800170898438,709.6699829101562,71583
2026-07-08 14:10:00-04:00,710.0999755859375,710.0999755859375,710.2050170898438,709.5900268554688,710.031005859375,45786
2026-07-08 14:12:00-04:00,710.010009765625,710.010009765625,710.1599731445312,709.6500244140625,710.1099243164062,52584
2026-07-08 14:14:00-04:00,710.0599975585938,710.0599975585938,710.3900146484375,709.791015625,710.0499877929688,58460
2026-07-08 14:16:00-04:00,709.7000122070312,709.7000122070312,710.0399780273438,709.3499755859375,710.0399780273438,79592
2026-07-08 14:18:00-04:00,710.030029296875,710.030029296875,710.0499877929688,709.4227294921875,709.5800170898438,162292
2026-07-08 14:20:00-04:00,709.7249755859375,709.7249755859375,710.010009765625,709.5399780273438,710.010009765625,55538
2026-07-08 14:22:00-04:00,709.5250244140625,709.5250244140625,709.9749755859375,709.510009765625,709.7684936523438,28273
2026-07-08 14:24:00-04:00,709.4500122070312,709.4500122070312,709.6533813476562,709.1701049804688,709.510009765625,43862
2026-07-08 14:26:00-04:00,709.6900024414062,709.6900024414062,709.8499755859375,709.3499755859375,709.52001953125,544985
2026-07-08 14:28:00-04:00,709.0701293945312,709.0701293945312,709.8200073242188,709.010009765625,709.6799926757812,51072
2026-07-08 14:30:00-04:00,708.9000244140625,708.9000244140625,709.1199951171875,708.530029296875,709.0,73402
2026-07-08 14:32:00-04:00,708.6699829101562,708.6699829101562,709.280029296875,708.5,708.9400024414062,74985
2026-07-08 14:34:00-04:00,708.8200073242188,708.8200073242188,708.969970703125,708.6500854492188,708.6500854492188,64516
2026-07-08 14:36:00-04:00,709.7050170898438,709.7050170898438,709.8900146484375,708.7949829101562,708.7949829101562,83177
2026-07-08 14:38:00-04:00,709.9522094726562,709.9522094726562,710.02978515625,709.6708984375,709.7100219726562,140783
2026-07-08 14:40:00-04:00,709.280029296875,709.280029296875,710.1199951171875,709.22998046875,709.9299926757812,66312
2026-07-08 14:42:00-04:00,709.6232299804688,709.6232299804688,709.6232299804688,709.0905151367188,709.3400268554688,30782
2026-07-08 14:44:00-04:00,709.6954956054688,709.6954956054688,709.8499755859375,709.47998046875,709.5999755859375,51131
2026-07-08 14:46:00-04:00,709.5349731445312,709.5349731445312,709.8400268554688,709.4301147460938,709.6849975585938,141313
2026-07-08 14:48:00-04:00,709.7999877929688,709.7999877929688,709.969970703125,709.2800903320312,709.5399780273438,171953
2026-07-08 14:50:00-04:00,710.0399780273438,710.0399780273438,710.0850219726562,709.6500244140625,709.760009765625,66583
2026-07-08 14:52:00-04:00,709.7349853515625,709.7349853515625,710.3300170898438,709.6699829101562,710.0800170898438,87325
2026-07-08 14:54:00-04:00,709.6849975585938,709.6849975585938,710.0,709.5850219726562,709.7000122070312,45555
2026-07-08 14:56:00-04:00,709.72998046875,709.72998046875,709.72998046875,709.3822021484375,709.6199951171875,48309
2026-07-08 14:58:00-04:00,709.9099731445312,709.9099731445312,709.969970703125,709.4600219726562,709.6900024414062,39462
2026-07-08 15:00:00-04:00,709.9000244140625,709.9000244140625,710.5999755859375,709.8400268554688,709.9299926757812,111705
2026-07-08 15:02:00-04:00,709.760009765625,709.760009765625,709.9199829101562,709.6199951171875,709.885009765625,77793
2026-07-08 15:04:00-04:00,709.6599731445312,709.6599731445312,709.9799194335938,709.4199829101562,709.75,57032
2026-07-08 15:06:00-04:00,709.8400268554688,709.8400268554688,709.989990234375,709.239990234375,709.6400146484375,85575
2026-07-08 15:08:00-04:00,710.02001953125,710.02001953125,710.1500244140625,709.6099853515625,709.7999877929688,64592
2026-07-08 15:10:00-04:00,709.8151245117188,709.8151245117188,710.0800170898438,709.6508178710938,710.010009765625,63351
2026-07-08 15:12:00-04:00,709.6065063476562,709.6065063476562,709.89990234375,709.5499877929688,709.7999877929688,45272
2026-07-08 15:14:00-04:00,709.5599975585938,709.5599975585938,709.8590087890625,709.5,709.64501953125,91463
2026-07-08 15:16:00-04:00,709.619873046875,709.619873046875,709.6799926757812,709.3499755859375,709.530029296875,77929
2026-07-08 15:18:00-04:00,709.5499877929688,709.5499877929688,709.86962890625,709.5499877929688,709.5850219726562,96844
2026-07-08 15:20:00-04:00,710.125,710.125,710.25,709.4400024414062,709.60498046875,91170
2026-07-08 15:22:00-04:00,709.860107421875,709.860107421875,710.2000122070312,709.75,710.1099853515625,79896
2026-07-08 15:24:00-04:00,710.114990234375,710.114990234375,710.219970703125,709.905029296875,709.9400024414062,52789
2026-07-08 15:26:00-04:00,710.1900024414062,710.1900024414062,710.280029296875,709.9450073242188,710.1199951171875,50823
2026-07-08 15:28:00-04:00,710.3900756835938,710.3900756835938,710.72998046875,710.0,710.1799926757812,90210
2026-07-08 15:30:00-04:00,709.885009765625,709.885009765625,710.6099853515625,709.5499877929688,710.4400024414062,132700
2026-07-08 15:32:00-04:00,709.7650146484375,709.7650146484375,710.1300048828125,709.69287109375,709.8499755859375,55211
2026-07-08 15:34:00-04:00,709.8900146484375,709.8900146484375,709.9199829101562,709.6300048828125,709.7780151367188,48659
2026-07-08 15:36:00-04:00,710.4199829101562,710.4199829101562,710.4299926757812,709.8599853515625,709.8599853515625,75326
2026-07-08 15:38:00-04:00,710.1599731445312,710.1599731445312,710.4761962890625,710.0499877929688,710.39501953125,75394
2026-07-08 15:40:00-04:00,709.8400268554688,709.8400268554688,710.2387084960938,709.72998046875,710.1699829101562,65810
2026-07-08 15:42:00-04:00,710.1699829101562,710.1699829101562,710.1699829101562,709.72998046875,709.8699951171875,68591
2026-07-08 15:44:00-04:00,710.0999755859375,710.0999755859375,710.4000244140625,709.9000244140625,710.1900024414062,103671
2026-07-08 15:46:00-04:00,709.5499877929688,709.5499877929688,710.3499755859375,709.4099731445312,710.1500244140625,107202
2026-07-08 15:48:00-04:00,709.9498901367188,709.9498901367188,710.1099853515625,709.5200805664062,709.5562133789062,109522
2026-07-08 15:50:00-04:00,710.719970703125,710.719970703125,711.0499877929688,709.5499877929688,709.9400024414062,276021
2026-07-08 15:52:00-04:00,710.8699951171875,710.8699951171875,711.010009765625,710.510009765625,710.6950073242188,184567
2026-07-08 15:54:00-04:00,711.4500122070312,711.4500122070312,711.594970703125,710.8800048828125,710.8900146484375,388114
2026-07-08 15:56:00-04:00,712.0,712.0,712.2000122070312,711.2899780273438,711.4600219726562,403921
2026-07-08 15:58:00-04:00,711.280029296875,711.280029296875,712.2598876953125,711.25,712.010009765625,865360
2026-07-09 09:30:00-04:00,717.10498046875,717.10498046875,718.469970703125,716.75,718.2899780273438,2341240
2026-07-09 09:32:00-04:00,717.989990234375,717.989990234375,718.0900268554688,716.5,717.030029296875,328969
2026-07-09 09:34:00-04:00,719.7999877929688,719.7999877929688,720.02001953125,718.0599975585938,718.0599975585938,487036
2026-07-09 09:36:00-04:00,720.4500122070312,720.4500122070312,720.530029296875,719.510009765625,719.8049926757812,383684
2026-07-09 09:38:00-04:00,720.8400268554688,720.8400268554688,721.0700073242188,720.27001953125,720.4400024414062,324659
2026-07-09 09:40:00-04:00,720.4500122070312,720.4500122070312,721.0,719.8800048828125,720.8400268554688,322192
2026-07-09 09:42:00-04:00,721.0499877929688,721.0499877929688,721.2999877929688,720.4400024414062,720.4400024414062,258290
2026-07-09 09:44:00-04:00,721.5850219726562,721.5850219726562,721.6099853515625,720.6900024414062,720.9650268554688,326629
2026-07-09 09:46:00-04:00,721.3800048828125,721.3800048828125,721.760009765625,721.25,721.5599975585938,233133
2026-07-09 09:48:00-04:00,720.6400146484375,720.6400146484375,721.3300170898438,719.7800903320312,721.2962036132812,301758
2026-07-09 09:50:00-04:00,721.75,721.75,721.8699951171875,720.0250244140625,720.6199951171875,215027
2026-07-09 09:52:00-04:00,722.1799926757812,722.1799926757812,722.280029296875,721.5599975585938,721.77001953125,224361
2026-07-09 09:54:00-04:00,722.530029296875,722.530029296875,722.655029296875,721.9299926757812,722.2100219726562,239446
2026-07-09 09:56:00-04:00,722.614990234375,722.614990234375,722.7000122070312,722.2000122070312,722.5775146484375,369526
2026-07-09 09:58:00-04:00,722.1699829101562,722.1699829101562,722.75,722.0599975585938,722.5850219726562,234999
2026-07-09 10:00:00-04:00,722.280029296875,722.280029296875,722.5,721.7100830078125,722.2100219726562,239384
2026-07-09 10:02:00-04:00,722.3499755859375,722.3499755859375,722.4000244140625,721.7100219726562,722.2442016601562,166340
2026-07-09 10:04:00-04:00,722.0,722.0,722.5399780273438,722.0,722.3800048828125,106307
2026-07-09 10:06:00-04:00,721.2899780273438,721.2899780273438,722.3399047851562,721.1400146484375,722.0,196403
2026-07-09 10:08:00-04:00,720.8300170898438,720.8300170898438,721.5900268554688,720.8300170898438,721.3699951171875,118070
2026-07-09 10:10:00-04:00,719.7301025390625,719.7301025390625,720.9099731445312,719.47998046875,720.8599853515625,222857
2026-07-09 10:12:00-04:00,719.8200073242188,719.8200073242188,720.030029296875,719.2999877929688,719.8099975585938,145768
2026-07-09 10:14:00-04:00,717.5399780273438,717.5399780273438,720.2100219726562,717.510009765625,719.75,313514
2026-07-09 10:16:00-04:00,717.3400268554688,717.3400268554688,718.4199829101562,716.780029296875,717.5399780273438,392862
2026-07-09 10:18:00-04:00,717.0,717.0,717.8099975585938,716.6409912109375,717.3900146484375,237637
2026-07-09 10:20:00-04:00,715.8099975585938,715.8099975585938,717.3300170898438,715.125,717.0399780273438,366901
2026-07-09 10:22:00-04:00,716.5800170898438,716.5800170898438,716.869873046875,715.4000244140625,715.760009765625,305005
2026-07-09 10:24:00-04:00,717.470703125,717.470703125,717.8699951171875,716.469970703125,716.5599975585938,290356
2026-07-09 10:26:00-04:00,718.52001953125,718.52001953125,718.8499755859375,717.0,717.52001953125,273357
2026-07-09 10:28:00-04:00,718.77001953125,718.77001953125,719.1400146484375,718.276123046875,718.5,268490
2026-07-09 10:30:00-04:00,717.4000244140625,717.4000244140625,718.9835205078125,717.1599731445312,718.7999877929688,247511
2026-07-09 10:32:00-04:00,718.2650146484375,718.2650146484375,718.6199951171875,717.2100219726562,717.3049926757812,194855
2026-07-09 10:34:00-04:00,718.8599853515625,718.8599853515625,719.1500244140625,717.8099975585938,718.219970703125,163248
2026-07-09 10:36:00-04:00,718.4600219726562,718.4600219726562,719.0599975585938,717.906005859375,718.8400268554688,164087
2026-07-09 10:38:00-04:00,719.27001953125,719.27001953125,719.4299926757812,717.9500732421875,718.4749755859375,450103
2026-07-09 10:40:00-04:00,719.239990234375,719.239990234375,719.52001953125,718.9199829101562,719.280029296875,157521
2026-07-09 10:42:00-04:00,719.0399780273438,719.0399780273438,719.6099853515625,719.010009765625,719.2100219726562,171657
2026-07-09 10:44:00-04:00,718.8900756835938,718.8900756835938,719.02001953125,718.469970703125,719.0150146484375,222502
2026-07-09 10:46:00-04:00,719.4500122070312,719.4500122070312,719.7537841796875,718.9000244140625,718.9000244140625,154131
2026-07-09 10:48:00-04:00,719.5399780273438,719.5399780273438,719.9395141601562,719.3300170898438,719.4500122070312,116095
2026-07-09 10:50:00-04:00,718.9199829101562,718.9199829101562,719.6099853515625,718.6799926757812,719.6099853515625,118364
2026-07-09 10:52:00-04:00,718.22998046875,718.22998046875,718.885009765625,717.8499755859375,718.885009765625,125934
2026-07-09 10:54:00-04:00,719.0850219726562,719.0850219726562,719.27001953125,717.8200073242188,718.239990234375,100891
2026-07-09 10:56:00-04:00,719.1900024414062,719.1900024414062,719.1967163085938,718.5349731445312,719.0499877929688,86278
2026-07-09 10:58:00-04:00,719.3200073242188,719.3200073242188,720.1300048828125,719.1500854492188,719.1500854492188,208582
2026-07-09 11:00:00-04:00,719.7000122070312,719.7000122070312,719.7390747070312,719.280029296875,719.3900146484375,83908
2026-07-09 11:02:00-04:00,719.8925170898438,719.8925170898438,719.9000244140625,719.1300048828125,719.72998046875,192542
2026-07-09 11:04:00-04:00,720.2899780273438,720.2899780273438,720.448974609375,719.7750244140625,719.9149780273438,67231
2026-07-09 11:06:00-04:00,720.6500244140625,720.6500244140625,721.0399780273438,720.2999877929688,720.2999877929688,312865
2026-07-09 11:08:00-04:00,721.0100708007812,721.0100708007812,721.1500244140625,720.3599853515625,720.659423828125,137267
2026-07-09 11:10:00-04:00,720.6199951171875,720.6199951171875,721.1599731445312,720.4299926757812,721.0399780273438,101062
2026-07-09 11:12:00-04:00,720.8599853515625,720.8599853515625,721.0800170898438,720.47998046875,720.5650024414062,80373
2026-07-09 11:14:00-04:00,721.3800048828125,721.3800048828125,721.4600219726562,720.72998046875,720.8699951171875,102854
2026-07-09 11:16:00-04:00,720.8400268554688,720.8400268554688,721.4550170898438,720.6799926757812,721.3499755859375,143892
2026-07-09 11:18:00-04:00,720.510009765625,720.510009765625,720.8599853515625,720.3300170898438,720.8599853515625,66966
2026-07-09 11:20:00-04:00,720.690185546875,720.690185546875,720.969970703125,720.5267944335938,720.6099853515625,81215
2026-07-09 11:22:00-04:00,721.280029296875,721.280029296875,721.4199829101562,720.6199951171875,720.719970703125,143671
2026-07-09 11:24:00-04:00,721.4500732421875,721.4500732421875,721.5800170898438,721.222412109375,721.260009765625,238920
2026-07-09 11:26:00-04:00,721.510009765625,721.510009765625,721.6400146484375,721.27001953125,721.4600219726562,226348
2026-07-09 11:28:00-04:00,721.3599853515625,721.3599853515625,721.5499877929688,721.1300048828125,721.469970703125,62933
2026-07-09 11:30:00-04:00,721.4849853515625,721.4849853515625,721.5999755859375,721.219970703125,721.3800048828125,82933
2026-07-09 11:32:00-04:00,721.1699829101562,721.1699829101562,721.4600219726562,721.0499877929688,721.4199829101562,190542
2026-07-09 11:34:00-04:00,721.1500244140625,721.1500244140625,721.3400268554688,720.9500122070312,721.1599731445312,82000
2026-07-09 11:36:00-04:00,721.1599731445312,721.1599731445312,721.3900146484375,721.0999755859375,721.1599731445312,53351
2026-07-09 11:38:00-04:00,721.3800048828125,721.3800048828125,721.398681640625,721.0900268554688,721.1400146484375,56005
2026-07-09 11:40:00-04:00,721.6950073242188,721.6950073242188,721.760009765625,721.3129272460938,721.3800048828125,140257
2026-07-09 11:42:00-04:00,721.6699829101562,721.6699829101562,722.0,721.6199951171875,721.6900024414062,112740
2026-07-09 11:44:00-04:00,721.9000244140625,721.9000244140625,721.9500122070312,721.5599975585938,721.6599731445312,84953
2026-07-09 11:46:00-04:00,721.72998046875,721.72998046875,721.9400024414062,721.530029296875,721.9000244140625,182540
2026-07-09 11:48:00-04:00,721.969970703125,721.969970703125,721.97998046875,721.6400146484375,721.72998046875,122075
2026-07-09 11:50:00-04:00,722.02001953125,722.02001953125,722.0599975585938,721.7899780273438,721.97998046875,96518
2026-07-09 11:52:00-04:00,721.9299926757812,721.9299926757812,722.0670166015625,721.8505249023438,722.0463256835938,59978
2026-07-09 11:54:00-04:00,721.5700073242188,721.5700073242188,721.990478515625,721.5700073242188,721.9000244140625,41112
2026-07-09 11:56:00-04:00,721.739990234375,721.739990234375,721.7999267578125,721.4749755859375,721.5703735351562,52417
2026-07-09 11:58:00-04:00,721.6644287109375,721.6644287109375,721.9500122070312,721.60498046875,721.6900024414062,37584
2026-07-09 12:00:00-04:00,722.2501220703125,722.2501220703125,722.3099975585938,721.7000122070312,721.7000122070312,116636
2026-07-09 12:02:00-04:00,722.1649780273438,722.1649780273438,722.2899780273438,722.0800170898438,722.27001953125,97900
2026-07-09 12:04:00-04:00,722.4500122070312,722.4500122070312,722.4500122070312,722.0700073242188,722.1400146484375,75219
2026-07-09 12:06:00-04:00,722.3250122070312,722.3250122070312,722.5599975585938,722.2249755859375,722.4400024414062,106620
2026-07-09 12:08:00-04:00,722.22998046875,722.22998046875,722.4099731445312,722.1900024414062,722.3198852539062,49365
2026-07-09 12:10:00-04:00,722.094970703125,722.094970703125,722.3300170898438,722.030029296875,722.219970703125,119028
2026-07-09 12:12:00-04:00,722.1599731445312,722.1599731445312,722.1799926757812,722.0399780273438,722.1400146484375,44650
2026-07-09 12:14:00-04:00,722.260009765625,722.260009765625,722.3250122070312,721.9110107421875,722.1749877929688,43539
2026-07-09 12:16:00-04:00,722.072509765625,722.072509765625,722.4099731445312,721.89501953125,722.280029296875,104147
2026-07-09 12:18:00-04:00,722.114990234375,722.114990234375,722.1400146484375,721.8200073242188,722.0300903320312,99877
2026-07-09 12:20:00-04:00,722.114990234375,722.114990234375,722.2949829101562,721.9199829101562,722.1099853515625,56586
2026-07-09 12:22:00-04:00,722.1199951171875,722.1199951171875,722.22998046875,721.8499755859375,722.1199951171875,342730
2026-07-09 12:24:00-04:00,722.02001953125,722.02001953125,722.22998046875,722.02001953125,722.1300048828125,28842
2026-07-09 12:26:00-04:00,722.094970703125,722.094970703125,722.125,721.885009765625,722.02001953125,152975
2026-07-09 12:28:00-04:00,721.760009765625,721.760009765625,722.1300048828125,721.5225219726562,722.1300048828125,53526
2026-07-09 12:30:00-04:00,722.0700073242188,722.0700073242188,722.1199951171875,721.72998046875,721.7874755859375,88510
2026-07-09 12:32:00-04:00,721.9801025390625,721.9801025390625,722.280029296875,721.9199829101562,722.0700073242188,39152
2026-07-09 12:34:00-04:00,721.3200073242188,721.3200073242188,721.97998046875,721.3200073242188,721.97998046875,74476
2026-07-09 12:36:00-04:00,721.469970703125,721.469970703125,721.7100219726562,721.1300048828125,721.3400268554688,187542
2026-07-09 12:38:00-04:00,721.7000122070312,721.7000122070312,721.7000122070312,721.2698974609375,721.489990234375,43665
2026-07-09 12:40:00-04:00,722.22998046875,722.22998046875,722.25,721.72998046875,721.72998046875,76650
2026-07-09 12:42:00-04:00,722.219970703125,722.219970703125,722.3800048828125,722.130126953125,722.2489013671875,62524
2026-07-09 12:44:00-04:00,722.1900024414062,722.1900024414062,722.3200073242188,722.1199951171875,722.2249755859375,35656
2026-07-09 12:46:00-04:00,721.8499755859375,721.8499755859375,722.260009765625,721.8499755859375,722.1500244140625,108637
2026-07-09 12:48:00-04:00,721.9050903320312,721.9050903320312,722.010009765625,721.7899780273438,721.8400268554688,39758
2026-07-09 12:50:00-04:00,722.1849975585938,722.1849975585938,722.22998046875,721.8900146484375,721.9000244140625,53103
2026-07-09 12:52:00-04:00,722.1599731445312,722.1599731445312,722.2150268554688,722.010009765625,722.1699829101562,149884
2026-07-09 12:54:00-04:00,721.9600219726562,721.9600219726562,722.1699829101562,721.9600219726562,722.1699829101562,71584
2026-07-09 12:56:00-04:00,721.8699951171875,721.8699951171875,722.1799926757812,721.6799926757812,721.97998046875,79040
2026-07-09 12:58:00-04:00,721.9400024414062,721.9400024414062,722.0750122070312,721.75,721.864990234375,24525
2026-07-09 13:00:00-04:00,722.47998046875,722.47998046875,722.5,721.8599853515625,721.9349975585938,63927
2026-07-09 13:02:00-04:00,722.4650268554688,722.4650268554688,722.52001953125,722.3400268554688,722.469970703125,68162
2026-07-09 13:04:00-04:00,722.5250244140625,722.5250244140625,722.5399780273438,722.2899780273438,722.4600219726562,62812
2026-07-09 13:06:00-04:00,723.0750122070312,723.0750122070312,723.155029296875,722.4500122070312,722.5399780273438,190926
2026-07-09 13:08:00-04:00,723.0250244140625,723.0250244140625,723.1900024414062,722.9600219726562,723.07080078125,126856
2026-07-09 13:10:00-04:00,723.5900268554688,723.5900268554688,723.6599731445312,723.02001953125,723.030029296875,426367
2026-07-09 13:12:00-04:00,723.3200073242188,723.3200073242188,723.5900268554688,723.25,723.5900268554688,97483
2026-07-09 13:14:00-04:00,723.5399780273438,723.5399780273438,723.5999755859375,723.3200073242188,723.3300170898438,91055
2026-07-09 13:16:00-04:00,723.5999145507812,723.5999145507812,723.6599731445312,723.489990234375,723.52001953125,161517
2026-07-09 13:18:00-04:00,723.9500122070312,723.9500122070312,724.0050048828125,723.5999755859375,723.5999755859375,198928
2026-07-09 13:20:00-04:00,723.89501953125,723.89501953125,724.1599731445312,723.8800048828125,723.9600219726562,455628
2026-07-09 13:22:00-04:00,723.9099731445312,723.9099731445312,723.989990234375,723.7050170898438,723.8800048828125,116653
2026-07-09 13:24:00-04:00,723.9199829101562,723.9199829101562,724.02001953125,723.8200073242188,723.9249877929688,307645
2026-07-09 13:26:00-04:00,724.1199951171875,724.1199951171875,724.1199951171875,723.8499755859375,723.9199829101562,64169
2026-07-09 13:28:00-04:00,724.1099853515625,724.1099853515625,724.1500244140625,724.030029296875,724.1199951171875,103882
2026-07-09 13:30:00-04:00,723.719970703125,723.719970703125,724.22998046875,723.6300048828125,724.14990234375,250898
2026-07-09 13:32:00-04:00,723.7150268554688,723.7150268554688,723.77001953125,723.530029296875,723.7036743164062,145623
2026-07-09 13:34:00-04:00,723.760009765625,723.760009765625,723.7999877929688,723.5,723.72998046875,60067
2026-07-09 13:36:00-04:00,723.9400024414062,723.9400024414062,724.0800170898438,723.760009765625,723.7849731445312,108731
2026-07-09 13:38:00-04:00,723.7899780273438,723.7899780273438,723.9600219726562,723.6799926757812,723.9500122070312,256571
2026-07-09 13:40:00-04:00,723.6400146484375,723.6400146484375,723.8499755859375,723.5700073242188,723.7999877929688,75432
2026-07-09 13:42:00-04:00,723.8250122070312,723.8250122070312,723.8989868164062,723.6400146484375,723.6400146484375,237800
2026-07-09 13:44:00-04:00,723.8400268554688,723.8400268554688,723.9000244140625,723.7100219726562,723.8099975585938,23754
2026-07-09 13:46:00-04:00,724.1799926757812,724.1799926757812,724.1799926757812,723.7899780273438,723.8400268554688,52809
2026-07-09 13:48:00-04:00,723.9631958007812,723.9631958007812,724.1950073242188,723.9320068359375,724.1799926757812,213919
2026-07-09 13:50:00-04:00,723.9500122070312,723.9500122070312,724.030029296875,723.8800048828125,723.97998046875,44231
2026-07-09 13:52:00-04:00,723.956787109375,723.956787109375,724.0599975585938,723.8699951171875,723.9201049804688,40500
2026-07-09 13:54:00-04:00,723.844970703125,723.844970703125,723.97998046875,723.8099975585938,723.97998046875,32236
2026-07-09 13:56:00-04:00,723.72998046875,723.72998046875,723.9299926757812,723.6599731445312,723.8699951171875,43795
2026-07-09 13:58:00-04:00,723.780029296875,723.780029296875,723.8800048828125,723.0700073242188,723.7098999023438,149966
2026-07-09 14:00:00-04:00,723.8499755859375,723.8499755859375,723.9849853515625,723.7349853515625,723.77001953125,48670
2026-07-09 14:02:00-04:00,723.6599731445312,723.6599731445312,723.8400268554688,723.47998046875,723.8200073242188,54619
2026-07-09 14:04:00-04:00,723.780029296875,723.780029296875,723.8599853515625,723.510009765625,723.6300048828125,64363
2026-07-09 14:06:00-04:00,723.9000244140625,723.9000244140625,723.9500122070312,723.7899780273438,723.7949829101562,84395
2026-07-09 14:08:00-04:00,723.97998046875,723.97998046875,724.0399780273438,723.8099975585938,723.9199829101562,67138
2026-07-09 14:10:00-04:00,723.8049926757812,723.8049926757812,724.030029296875,723.75,723.9749755859375,234306
2026-07-09 14:12:00-04:00,723.739990234375,723.739990234375,723.9349975585938,723.739990234375,723.8200073242188,39024
2026-07-09 14:14:00-04:00,723.8300170898438,723.8300170898438,723.9400024414062,723.7750244140625,723.7899780273438,30984
2026-07-09 14:16:00-04:00,723.6699829101562,723.6699829101562,723.9299926757812,723.6102294921875,723.8104858398438,44776
2026-07-09 14:18:00-04:00,723.7100219726562,723.7100219726562,723.7999877929688,723.5313720703125,723.6710815429688,49732
2026-07-09 14:20:00-04:00,723.4949951171875,723.4949951171875,723.7210083007812,723.4099731445312,723.7100219726562,70635
2026-07-09 14:22:00-04:00,723.2550048828125,723.2550048828125,723.5900268554688,723.2401123046875,723.510009765625,36157
2026-07-09 14:24:00-04:00,723.239990234375,723.239990234375,723.4249877929688,723.0449829101562,723.27001953125,101001
2026-07-09 14:26:00-04:00,723.3499755859375,723.3499755859375,723.3900146484375,723.1599731445312,723.27001953125,74088
2026-07-09 14:28:00-04:00,723.4299926757812,723.4299926757812,723.489990234375,723.1400146484375,723.3599853515625,53894
2026-07-09 14:30:00-04:00,723.6199951171875,723.6199951171875,723.6500244140625,723.4000244140625,723.4000244140625,61299
2026-07-09 14:32:00-04:00,723.6099853515625,723.6099853515625,723.6500244140625,723.47998046875,723.635009765625,62642
2026-07-09 14:34:00-04:00,723.25,723.25,723.5999755859375,723.1099853515625,723.5866088867188,48761
2026-07-09 14:36:00-04:00,723.27001953125,723.27001953125,723.3798828125,723.1599731445312,723.27001953125,31617
2026-07-09 14:38:00-04:00,723.1699829101562,723.1699829101562,723.4099731445312,723.1300048828125,723.2650146484375,52960
2026-07-09 14:40:00-04:00,723.1599731445312,723.1599731445312,723.25,722.97998046875,723.1749877929688,76313
2026-07-09 14:42:00-04:00,723.2899780273438,723.2899780273438,723.469970703125,723.1699829101562,723.1699829101562,75720
2026-07-09 14:44:00-04:00,723.530029296875,723.530029296875,723.5399780273438,723.2899780273438,723.2899780273438,44592
2026-07-09 14:46:00-04:00,723.414794921875,723.414794921875,723.5900268554688,723.3300170898438,723.530029296875,40326
2026-07-09 14:48:00-04:00,723.4149780273438,723.4149780273438,723.5900268554688,723.3699951171875,723.4199829101562,98694
2026-07-09 14:50:00-04:00,723.2899780273438,723.2899780273438,723.489990234375,723.1900024414062,723.4299926757812,110729
2026-07-09 14:52:00-04:00,723.239990234375,723.239990234375,723.3699951171875,723.1400146484375,723.3099975585938,30803
2026-07-09 14:54:00-04:00,722.9199829101562,722.9199829101562,723.3200073242188,722.8099975585938,723.22998046875,75942
2026-07-09 14:56:00-04:00,722.8499755859375,722.8499755859375,723.0299072265625,722.7999877929688,722.9000244140625,85883
2026-07-09 14:58:00-04:00,722.9600219726562,722.9600219726562,723.0800170898438,722.739990234375,722.8250122070312,220833
2026-07-09 15:00:00-04:00,722.4400024414062,722.4400024414062,723.010009765625,722.2899780273438,722.989990234375,155580
2026-07-09 15:02:00-04:00,722.489990234375,722.489990234375,722.6389770507812,722.405029296875,722.4598999023438,189616
2026-07-09 15:04:00-04:00,722.4000244140625,722.4000244140625,722.4896850585938,722.2100219726562,722.4600219726562,123045
2026-07-09 15:06:00-04:00,722.77001953125,722.77001953125,722.9099731445312,722.4400024414062,722.4400024414062,94143
2026-07-09 15:08:00-04:00,722.625,722.625,722.8400268554688,722.4299926757812,722.7598876953125,72044
2026-07-09 15:10:00-04:00,722.6699829101562,722.6699829101562,722.7100219726562,722.344970703125,722.60498046875,65603
2026-07-09 15:12:00-04:00,722.489990234375,722.489990234375,722.75,722.4199829101562,722.72998046875,46206
2026-07-09 15:14:00-04:00,722.2999877929688,722.2999877929688,722.5900268554688,722.1799926757812,722.47998046875,65572
2026-07-09 15:16:00-04:00,722.8200073242188,722.8200073242188,722.9400024414062,722.3099975585938,722.3099975585938,59742
2026-07-09 15:18:00-04:00,723.2100219726562,723.2100219726562,723.3400268554688,722.780029296875,722.7999877929688,98722
2026-07-09 15:20:00-04:00,723.4099731445312,723.4099731445312,723.4199829101562,723.0999755859375,723.2000122070312,148069
2026-07-09 15:22:00-04:00,723.2600708007812,723.2600708007812,723.4149780273438,723.0499877929688,723.4000244140625,58764
2026-07-09 15:24:00-04:00,722.9000244140625,722.9000244140625,723.280029296875,722.8389892578125,723.260009765625,40228
2026-07-09 15:26:00-04:00,722.8900146484375,722.8900146484375,723.0599975585938,722.7750244140625,722.9199829101562,43465
2026-07-09 15:28:00-04:00,722.7999877929688,722.7999877929688,722.9400024414062,722.72998046875,722.875,44390
2026-07-09 15:30:00-04:00,722.6649780273438,722.6649780273438,722.7999877929688,722.3400268554688,722.7899780273438,125734
2026-07-09 15:32:00-04:00,722.4699096679688,722.4699096679688,722.739990234375,722.27001953125,722.6400146484375,82056
2026-07-09 15:34:00-04:00,722.7369995117188,722.7369995117188,722.75,722.3779907226562,722.4600219726562,86806
2026-07-09 15:36:00-04:00,722.8599853515625,722.8599853515625,723.0900268554688,722.719970703125,722.719970703125,106588
2026-07-09 15:38:00-04:00,723.0499877929688,723.0499877929688,723.0723876953125,722.7949829101562,722.8300170898438,196168
2026-07-09 15:40:00-04:00,722.89501953125,722.89501953125,723.155029296875,722.6900024414062,723.0700073242188,75607
2026-07-09 15:42:00-04:00,722.8300170898438,722.8300170898438,723.0399780273438,722.77001953125,722.8619995117188,83751
2026-07-09 15:44:00-04:00,722.9299926757812,722.9299926757812,723.219970703125,722.793701171875,722.8204956054688,98229
2026-07-09 15:46:00-04:00,723.2550048828125,723.2550048828125,723.260009765625,722.9600219726562,722.9600219726562,77680
2026-07-09 15:48:00-04:00,723.0,723.0,723.25,722.97998046875,723.25,218199
2026-07-09 15:50:00-04:00,722.6500244140625,722.6500244140625,722.969970703125,722.3099975585938,722.969970703125,196857
2026-07-09 15:52:00-04:00,722.3049926757812,722.3049926757812,722.6699829101562,722.2999877929688,722.625,255338
2026-07-09 15:54:00-04:00,722.7050170898438,722.7050170898438,722.9249877929688,721.969970703125,722.3800048828125,289565
2026-07-09 15:56:00-04:00,723.2999877929688,723.2999877929688,723.3300170898438,722.5700073242188,722.7000122070312,277048
2026-07-09 15:58:00-04:00,723.1799926757812,723.1799926757812,723.3599853515625,722.7249755859375,723.3049926757812,663420
2026-07-10 09:30:00-04:00,721.8800048828125,721.8800048828125,722.1699829101562,720.219970703125,720.7000122070312,1772145
2026-07-10 09:32:00-04:00,722.4650268554688,722.4650268554688,722.8037719726562,721.52001953125,721.8720092773438,330234
2026-07-10 09:34:00-04:00,722.2899780273438,722.2899780273438,722.9400024414062,722.25,722.4400024414062,196404
2026-07-10 09:36:00-04:00,722.3200073242188,722.3200073242188,723.1900024414062,721.8499755859375,722.197998046875,172903
2026-07-10 09:38:00-04:00,721.4940185546875,721.4940185546875,722.52001953125,721.3150024414062,722.25,138201
2026-07-10 09:40:00-04:00,720.5,720.5,721.4600219726562,719.8300170898438,721.4199829101562,382289
2026-07-10 09:42:00-04:00,721.5599975585938,721.5599975585938,721.5944213867188,720.35009765625,720.5499877929688,174133
2026-07-10 09:44:00-04:00,721.635009765625,721.635009765625,722.0,721.0703735351562,721.52001953125,151919
2026-07-10 09:46:00-04:00,722.378173828125,722.378173828125,722.8300170898438,721.4600219726562,721.5700073242188,140747
2026-07-10 09:48:00-04:00,723.3099975585938,723.3099975585938,723.530029296875,722.1900024414062,722.36962890625,676205
2026-07-10 09:50:00-04:00,723.0449829101562,723.0449829101562,723.4005126953125,722.6162109375,723.3099975585938,189647
2026-07-10 09:52:00-04:00,723.5999145507812,723.5999145507812,724.0399780273438,723.02001953125,723.030029296875,230362
2026-07-10 09:54:00-04:00,722.8499755859375,722.8499755859375,723.669921875,722.469970703125,723.5599975585938,134402
2026-07-10 09:56:00-04:00,722.7899780273438,722.7899780273438,723.1300048828125,722.4099731445312,722.8223266601562,110562
2026-07-10 09:58:00-04:00,722.8350219726562,722.8350219726562,723.6099853515625,722.64501953125,722.7999877929688,93889
2026-07-10 10:00:00-04:00,723.3400268554688,723.3400268554688,723.4359741210938,722.5900268554688,722.7999877929688,147890
2026-07-10 10:02:00-04:00,723.469970703125,723.469970703125,723.7728271484375,723.1900024414062,723.3200073242188,192971
2026-07-10 10:04:00-04:00,723.4201049804688,723.4201049804688,723.6199951171875,722.969970703125,723.4099731445312,72159
2026-07-10 10:06:00-04:00,722.9349975585938,722.9349975585938,723.75,722.780029296875,723.4099731445312,96748
2026-07-10 10:08:00-04:00,723.2899780273438,723.2899780273438,723.4199829101562,722.489990234375,722.8499755859375,76679
2026-07-10 10:10:00-04:00,723.6599731445312,723.6599731445312,723.8400268554688,723.4099731445312,723.4099731445312,280494
2026-07-10 10:12:00-04:00,723.719970703125,723.719970703125,723.8994140625,723.2999877929688,723.4600219726562,84680
2026-07-10 10:14:00-04:00,722.8010864257812,722.8010864257812,723.655029296875,722.6300048828125,723.655029296875,92677
2026-07-10 10:16:00-04:00,723.4299926757812,723.4299926757812,723.5499267578125,722.5601196289062,722.8900146484375,101526
2026-07-10 10:18:00-04:00,722.3460083007812,722.3460083007812,723.530029296875,722.06201171875,723.4119873046875,136413
2026-07-10 10:20:00-04:00,721.3800048828125,721.3800048828125,722.52001953125,721.0,722.4100952148438,171648
2026-07-10 10:22:00-04:00,722.3499755859375,722.3499755859375,722.3499755859375,721.2650146484375,721.3909912109375,173145
2026-07-10 10:24:00-04:00,721.8300170898438,721.8300170898438,722.530029296875,721.3599853515625,722.3784790039062,122462
2026-07-10 10:26:00-04:00,722.875,722.875,722.9000244140625,721.6900024414062,721.7824096679688,87192
2026-07-10 10:28:00-04:00,722.4541015625,722.4541015625,723.25,722.4000244140625,722.8300170898438,94068
2026-07-10 10:30:00-04:00,723.0499877929688,723.0499877929688,723.0598754882812,722.3099975585938,722.510009765625,143249
2026-07-10 10:32:00-04:00,720.7100219726562,720.7100219726562,723.6599731445312,717.0,722.989990234375,1189856
2026-07-10 10:34:00-04:00,720.5800170898438,720.5800170898438,721.844970703125,720.5,720.7100219726562,377304
2026-07-10 10:36:00-04:00,721.719970703125,721.719970703125,721.9199829101562,720.3499755859375,720.7000122070312,253542
2026-07-10 10:38:00-04:00,721.8300170898438,721.8300170898438,722.1500244140625,721.344970703125,721.77001953125,202266
2026-07-10 10:40:00-04:00,720.97900390625,720.97900390625,721.8900146484375,720.830078125,721.7901000976562,135810
2026-07-10 10:42:00-04:00,721.2899780273438,721.2899780273438,721.75,721.0399780273438,721.0599975585938,102628
2026-07-10 10:44:00-04:00,722.02001953125,722.02001953125,722.3900146484375,720.9400024414062,721.219970703125,265406
2026-07-10 10:46:00-04:00,721.7249755859375,721.7249755859375,722.1199951171875,721.4500122070312,721.9500122070312,73571
2026-07-10 10:48:00-04:00,722.2899780273438,722.2899780273438,722.4299926757812,721.385009765625,721.6995239257812,57984
2026-07-10 10:50:00-04:00,722.010009765625,722.010009765625,722.5800170898438,721.530029296875,722.469970703125,92522
2026-07-10 10:52:00-04:00,721.530029296875,721.530029296875,722.2999877929688,721.1500244140625,721.989990234375,72924
2026-07-10 10:54:00-04:00,720.531982421875,720.531982421875,721.5599975585938,720.531982421875,721.5599975585938,114033
2026-07-10 10:56:00-04:00,720.9450073242188,720.9450073242188,721.0449829101562,720.0599975585938,720.5750122070312,159727
2026-07-10 10:58:00-04:00,720.3499145507812,720.3499145507812,721.1099853515625,720.0700073242188,720.9500122070312,94677
2026-07-10 11:00:00-04:00,720.0150146484375,720.0150146484375,720.469970703125,719.6300048828125,720.4299926757812,101810
2026-07-10 11:02:00-04:00,720.469970703125,720.469970703125,720.6500244140625,719.9199829101562,720.0050048828125,190497
2026-07-10 11:04:00-04:00,719.8499755859375,719.8499755859375,720.5599975585938,719.3599853515625,720.510009765625,186437
2026-07-10 11:06:00-04:00,720.7000122070312,720.7000122070312,720.969970703125,719.4099731445312,719.8200073242188,111113
2026-07-10 11:08:00-04:00,721.260009765625,721.260009765625,721.3099975585938,720.7449951171875,720.7449951171875,78442
2026-07-10 11:10:00-04:00,721.6599731445312,721.6599731445312,721.8099975585938,721.2899780273438,721.3300170898438,108882
2026-07-10 11:12:00-04:00,721.5900268554688,721.5900268554688,721.8300170898438,721.2999877929688,721.6599731445312,34359
2026-07-10 11:14:00-04:00,722.469970703125,722.469970703125,722.5308837890625,721.4299926757812,721.5399780273438,115820
2026-07-10 11:16:00-04:00,723.0399780273438,723.0399780273438,723.5982055664062,722.489990234375,722.489990234375,165635
2026-07-10 11:18:00-04:00,722.9000244140625,722.9000244140625,723.1240234375,722.2999877929688,723.0499877929688,113763
2026-07-10 11:20:00-04:00,723.1699829101562,723.1699829101562,723.3900146484375,722.6199951171875,722.9299926757812,105339
2026-07-10 11:22:00-04:00,723.3300170898438,723.3300170898438,723.469970703125,722.780517578125,723.1699829101562,94089
2026-07-10 11:24:00-04:00,723.6599731445312,723.6599731445312,723.9500122070312,723.0999755859375,723.3099975585938,115834
2026-07-10 11:26:00-04:00,724.0999755859375,724.0999755859375,724.2899780273438,723.5999755859375,723.6199951171875,163401
2026-07-10 11:28:00-04:00,724.0509033203125,724.0509033203125,724.2098999023438,723.739990234375,724.0700073242188,80784
2026-07-10 11:30:00-04:00,724.030029296875,724.030029296875,724.3400268554688,723.6799926757812,724.0900268554688,130839
2026-07-10 11:32:00-04:00,724.1400146484375,724.1400146484375,724.3400268554688,724.0499877929688,724.0700073242188,145445
2026-07-10 11:34:00-04:00,723.3900146484375,723.3900146484375,724.1500244140625,723.3699951171875,724.1099853515625,156067
2026-07-10 11:36:00-04:00,723.5919799804688,723.5919799804688,723.6099853515625,723.27001953125,723.3800048828125,111575
2026-07-10 11:38:00-04:00,722.5700073242188,722.5700073242188,723.7590942382812,722.469970703125,723.6300048828125,117139
2026-07-10 11:40:00-04:00,721.7899780273438,721.7899780273438,722.6199951171875,721.3800048828125,722.5599975585938,106636
2026-07-10 11:42:00-04:00,721.089599609375,721.089599609375,721.835693359375,720.5800170898438,721.835693359375,249283
2026-07-10 11:44:00-04:00,721.2899780273438,721.2899780273438,721.7885131835938,720.9500122070312,721.0700073242188,125412
2026-07-10 11:46:00-04:00,722.0900268554688,722.0900268554688,722.2100219726562,721.2999877929688,721.3400268554688,97636
2026-07-10 11:48:00-04:00,722.47998046875,722.47998046875,722.6799926757812,721.8599853515625,722.0999755859375,125994
2026-07-10 11:50:00-04:00,722.3250122070312,722.3250122070312,722.6900024414062,722.260009765625,722.4400024414062,56138
2026-07-10 11:52:00-04:00,722.840087890625,722.840087890625,723.02001953125,722.3400268554688,722.3400268554688,130809
2026-07-10 11:54:00-04:00,722.880126953125,722.880126953125,723.1199951171875,722.72998046875,722.8300170898438,132367
2026-07-10 11:56:00-04:00,723.0499877929688,723.0499877929688,723.2000122070312,722.5449829101562,722.9199829101562,81557
2026-07-10 11:58:00-04:00,723.239990234375,723.239990234375,723.3800048828125,722.7899780273438,723.0900268554688,64060
2026-07-10 12:00:00-04:00,723.7899780273438,723.7899780273438,724.1900024414062,723.3300170898438,723.3300170898438,140039
2026-07-10 12:02:00-04:00,723.760009765625,723.760009765625,723.989990234375,723.75,723.8300170898438,97595
2026-07-10 12:04:00-04:00,723.8400268554688,723.8400268554688,724.27001953125,723.7003784179688,723.719970703125,139195
2026-07-10 12:06:00-04:00,724.0349731445312,724.0349731445312,724.1300048828125,723.8049926757812,723.8599853515625,55747
2026-07-10 12:08:00-04:00,723.8800048828125,723.8800048828125,724.0399780273438,723.6900024414062,724.0250244140625,90791
2026-07-10 12:10:00-04:00,724.0,724.0,724.239990234375,723.6599731445312,723.8800048828125,109953
2026-07-10 12:12:00-04:00,724.1199951171875,724.1199951171875,724.2210083007812,723.7000122070312,723.989990234375,86750
2026-07-10 12:14:00-04:00,724.4000244140625,724.4000244140625,724.469970703125,724.010009765625,724.1300048828125,145832
2026-07-10 12:16:00-04:00,724.9000244140625,724.9000244140625,724.989990234375,724.3900146484375,724.3900146484375,203931
2026-07-10 12:18:00-04:00,725.0,725.0,725.0,724.5601196289062,724.9000244140625,152593
2026-07-10 12:20:00-04:00,724.7999877929688,724.7999877929688,725.2000122070312,724.7100219726562,724.9863891601562,128334
2026-07-10 12:22:00-04:00,724.97998046875,724.97998046875,725.0499877929688,724.5999755859375,724.7000122070312,97900
2026-07-10 12:24:00-04:00,724.6199951171875,724.6199951171875,725.1199951171875,724.6199951171875,725.0050048828125,87910
2026-07-10 12:26:00-04:00,725.1400146484375,725.1400146484375,725.239990234375,724.6099853515625,724.6099853515625,81174
2026-07-10 12:28:00-04:00,724.8400268554688,724.8400268554688,725.27001953125,724.8300170898438,725.1799926757812,52986
2026-07-10 12:30:00-04:00,724.9301147460938,724.9301147460938,725.0900268554688,724.8699951171875,724.8900146484375,56193
2026-07-10 12:32:00-04:00,725.1300048828125,725.1300048828125,725.1400146484375,724.9400024414062,724.9650268554688,110069
2026-07-10 12:34:00-04:00,725.35009765625,725.35009765625,725.3699951171875,725.0700073242188,725.1649780273438,87650
2026-07-10 12:36:00-04:00,724.8798828125,724.8798828125,725.4000244140625,724.72998046875,725.364990234375,76961
2026-07-10 12:38:00-04:00,724.8300170898438,724.8300170898438,724.9298706054688,724.72998046875,724.9099731445312,33333
2026-07-10 12:40:00-04:00,725.02001953125,725.02001953125,725.2000122070312,724.8150024414062,724.8200073242188,40902
2026-07-10 12:42:00-04:00,724.989990234375,724.989990234375,725.1500244140625,724.9500122070312,725.0800170898438,37301
2026-07-10 12:44:00-04:00,725.0900268554688,725.0900268554688,725.3099975585938,724.8599853515625,724.969970703125,66817
2026-07-10 12:46:00-04:00,725.2999877929688,725.2999877929688,725.3800048828125,725.1400146484375,725.1400146484375,46078
2026-07-10 12:48:00-04:00,725.1799926757812,725.1799926757812,725.2999877929688,725.0006713867188,725.27001953125,44156
2026-07-10 12:50:00-04:00,725.4500122070312,725.4500122070312,725.5180053710938,725.1599731445312,725.1599731445312,95109
2026-07-10 12:52:00-04:00,725.22998046875,725.22998046875,725.5700073242188,725.1900024414062,725.4199829101562,83452
2026-07-10 12:54:00-04:00,724.9899291992188,724.9899291992188,725.2899780273438,724.8759765625,725.2249755859375,58995
2026-07-10 12:56:00-04:00,725.1849975585938,725.1849975585938,725.2000122070312,724.8900146484375,724.989990234375,47249
2026-07-10 12:58:00-04:00,725.2017822265625,725.2017822265625,725.4099731445312,725.1400146484375,725.1699829101562,64107
2026-07-10 13:00:00-04:00,724.9600219726562,724.9600219726562,725.3599853515625,724.9400024414062,725.239990234375,37168
2026-07-10 13:02:00-04:00,724.7117919921875,724.7117919921875,724.9401245117188,724.6950073242188,724.9401245117188,54139
2026-07-10 13:04:00-04:00,724.7650146484375,724.7650146484375,724.8200073242188,724.5900268554688,724.77001953125,73133
2026-07-10 13:06:00-04:00,724.8800048828125,724.8800048828125,725.0900268554688,724.7921752929688,724.8093872070312,28886
2026-07-10 13:08:00-04:00,724.72998046875,724.72998046875,725.159912109375,724.719970703125,724.8699951171875,28047
2026-07-10 13:10:00-04:00,724.85009765625,724.85009765625,725.02001953125,724.739990234375,724.7899780273438,74407
2026-07-10 13:12:00-04:00,724.6400146484375,724.6400146484375,724.9597778320312,724.6400146484375,724.89501953125,58373
2026-07-10 13:14:00-04:00,725.17919921875,725.17919921875,725.2899780273438,724.530029296875,724.6099853515625,80556
2026-07-10 13:16:00-04:00,725.0999755859375,725.0999755859375,725.2100219726562,724.9500122070312,725.2100219726562,50712
2026-07-10 13:18:00-04:00,724.909912109375,724.909912109375,725.1099853515625,724.8400268554688,725.0800170898438,23145
2026-07-10 13:20:00-04:00,725.239990234375,725.239990234375,725.239990234375,724.864990234375,724.8800048828125,24930
2026-07-10 13:22:00-04:00,725.1699829101562,725.1699829101562,725.2999267578125,725.0900268554688,725.2199096679688,47901
2026-07-10 13:24:00-04:00,725.5399780273438,725.5399780273438,725.5499877929688,725.1699829101562,725.2000122070312,99665
2026-07-10 13:26:00-04:00,725.6099853515625,725.6099853515625,725.7597045898438,725.510009765625,725.5399169921875,66492
2026-07-10 13:28:00-04:00,725.77001953125,725.77001953125,725.7899780273438,725.5700073242188,725.6099853515625,36992
2026-07-10 13:30:00-04:00,725.760009765625,725.760009765625,725.9600219726562,725.72998046875,725.7681884765625,79318
2026-07-10 13:32:00-04:00,725.6300048828125,725.6300048828125,725.7899780273438,725.5902099609375,725.7550048828125,56676
2026-07-10 13:34:00-04:00,725.75,725.75,725.760009765625,725.47998046875,725.6400146484375,77138
2026-07-10 13:36:00-04:00,726.10498046875,726.10498046875,726.1599731445312,725.7550048828125,725.7550048828125,93965
2026-07-10 13:38:00-04:00,726.0850219726562,726.0850219726562,726.239990234375,726.0599975585938,726.0800170898438,194193
2026-07-10 13:40:00-04:00,726.0599975585938,726.0599975585938,726.219970703125,726.02001953125,726.0850219726562,59474
2026-07-10 13:42:00-04:00,726.0900268554688,726.0900268554688,726.1500244140625,725.9400024414062,726.0499877929688,63791
2026-07-10 13:44:00-04:00,726.2199096679688,726.2199096679688,726.22998046875,726.0599975585938,726.10498046875,81102
2026-07-10 13:46:00-04:00,726.0910034179688,726.0910034179688,726.260009765625,726.0706176757812,726.219970703125,38032
2026-07-10 13:48:00-04:00,726.1300048828125,726.1300048828125,726.1430053710938,726.02001953125,726.094970703125,81585
2026-07-10 13:50:00-04:00,726.0399780273438,726.0399780273438,726.2000122070312,725.97998046875,726.1400146484375,51707
2026-07-10 13:52:00-04:00,725.9500122070312,725.9500122070312,726.1699829101562,725.9409790039062,726.052490234375,47653
2026-07-10 13:54:00-04:00,725.7999877929688,725.7999877929688,726.0,725.72998046875,725.9400024414062,92211
2026-07-10 13:56:00-04:00,725.5499877929688,725.5499877929688,725.8499755859375,725.510009765625,725.8137817382812,456565
2026-07-10 13:58:00-04:00,725.468994140625,725.468994140625,725.6199951171875,725.330078125,725.5499877929688,106084
2026-07-10 14:00:00-04:00,725.7349853515625,725.7349853515625,725.8499755859375,725.4118041992188,725.5399780273438,34842
2026-07-10 14:02:00-04:00,725.7700805664062,725.7700805664062,725.969970703125,725.6799926757812,725.72998046875,62360
2026-07-10 14:04:00-04:00,725.969970703125,725.969970703125,726.0399780273438,725.6599731445312,725.7899780273438,49970
2026-07-10 14:06:00-04:00,725.7999877929688,725.7999877929688,726.0999755859375,725.719970703125,725.989990234375,42061
2026-07-10 14:08:00-04:00,725.8800048828125,725.8800048828125,725.9199829101562,725.719970703125,725.7999877929688,37803
2026-07-10 14:10:00-04:00,726.030029296875,726.030029296875,726.239990234375,725.7999877929688,725.9000244140625,115138
2026-07-10 14:12:00-04:00,725.8400268554688,725.8400268554688,726.2100219726562,725.739990234375,726.010009765625,51130
2026-07-10 14:14:00-04:00,725.5900268554688,725.5900268554688,725.8499755859375,725.5900268554688,725.8400268554688,944469
2026-07-10 14:16:00-04:00,725.517578125,725.517578125,725.6317749023438,725.4450073242188,725.6099853515625,42280
2026-07-10 14:18:00-04:00,725.4998779296875,725.4998779296875,725.6397705078125,725.25,725.5504150390625,45728
2026-07-10 14:20:00-04:00,725.3300170898438,725.3300170898438,725.5399780273438,725.239990234375,725.47998046875,70166
2026-07-10 14:22:00-04:00,725.510009765625,725.510009765625,725.5999145507812,725.1599731445312,725.3499755859375,57200
2026-07-10 14:24:00-04:00,725.9949951171875,725.9949951171875,726.1599731445312,725.52001953125,725.52001953125,122276
2026-07-10 14:26:00-04:00,725.7899780273438,725.7899780273438,726.0850219726562,725.760009765625,726.010009765625,51195
2026-07-10 14:28:00-04:00,725.7000122070312,725.7000122070312,725.8200073242188,725.5791015625,725.8200073242188,43131
2026-07-10 14:30:00-04:00,725.72998046875,725.72998046875,725.8800048828125,725.5859985351562,725.7100219726562,28247
2026-07-10 14:32:00-04:00,725.875,725.875,725.9000244140625,725.510009765625,725.7349853515625,20048
2026-07-10 14:34:00-04:00,725.7525024414062,725.7525024414062,725.9600219726562,725.72998046875,725.8599853515625,37039
2026-07-10 14:36:00-04:00,725.486572265625,725.486572265625,725.77001953125,725.4450073242188,725.77001953125,37641
2026-07-10 14:38:00-04:00,725.5798950195312,725.5798950195312,725.6199951171875,725.3499755859375,725.47998046875,24371
2026-07-10 14:40:00-04:00,725.7241821289062,725.7241821289062,725.75,725.530029296875,725.5900268554688,47677
2026-07-10 14:42:00-04:00,725.5800170898438,725.5800170898438,725.75,725.5,725.7000122070312,40947
2026-07-10 14:44:00-04:00,725.469970703125,725.469970703125,725.5800170898438,725.4600219726562,725.5599975585938,51010
2026-07-10 14:46:00-04:00,725.4349975585938,725.4349975585938,725.6400146484375,725.4249877929688,725.47998046875,37364
2026-07-10 14:48:00-04:00,725.4099731445312,725.4099731445312,725.489990234375,725.3099975585938,725.4199829101562,27762
2026-07-10 14:50:00-04:00,725.510009765625,725.510009765625,725.5299072265625,725.25,725.3699951171875,29530
2026-07-10 14:52:00-04:00,725.5800170898438,725.5800170898438,725.68310546875,725.489990234375,725.5150146484375,24648
2026-07-10 14:54:00-04:00,725.5800170898438,725.5800170898438,725.6500244140625,725.4299926757812,725.5599975585938,35170
2026-07-10 14:56:00-04:00,725.5172119140625,725.5172119140625,725.7000122070312,725.4749755859375,725.5999755859375,24923
2026-07-10 14:58:00-04:00,725.47998046875,725.47998046875,725.6099853515625,725.4199829101562,725.52001953125,33666
2026-07-10 15:00:00-04:00,725.719970703125,725.719970703125,725.8099975585938,725.3800048828125,725.489990234375,65314
2026-07-10 15:02:00-04:00,726.3201293945312,726.3201293945312,726.3900146484375,725.7100219726562,725.7100219726562,85641
2026-07-10 15:04:00-04:00,726.1599731445312,726.1599731445312,726.3699951171875,726.1201171875,726.3300170898438,118179
2026-07-10 15:06:00-04:00,725.9927978515625,725.9927978515625,726.22998046875,725.9600219726562,726.1500244140625,69905
2026-07-10 15:08:00-04:00,725.7100219726562,725.7100219726562,726.0,725.6500244140625,725.9600219726562,37918
2026-07-10 15:10:00-04:00,725.7000122070312,725.7000122070312,725.8599853515625,725.635009765625,725.72998046875,46302
2026-07-10 15:12:00-04:00,725.7999877929688,725.7999877929688,725.8897094726562,725.5900268554688,725.6799926757812,64467
2026-07-10 15:14:00-04:00,725.8399047851562,725.8399047851562,726.010009765625,725.77001953125,725.8280029296875,57480
2026-07-10 15:16:00-04:00,725.6699829101562,725.6699829101562,725.9299926757812,725.4500122070312,725.8400268554688,71640
2026-07-10 15:18:00-04:00,725.7501220703125,725.7501220703125,725.8098754882812,725.5368041992188,725.630126953125,35733
2026-07-10 15:20:00-04:00,725.760009765625,725.760009765625,725.7999877929688,725.5130004882812,725.760009765625,73005
2026-07-10 15:22:00-04:00,725.5599975585938,725.5599975585938,725.8200073242188,725.5300903320312,725.7658081054688,35215
2026-07-10 15:24:00-04:00,725.52001953125,725.52001953125,725.6199951171875,725.469970703125,725.5599975585938,46441
2026-07-10 15:26:00-04:00,725.6749877929688,725.6749877929688,725.8800048828125,725.510009765625,725.5499877929688,32865
2026-07-10 15:28:00-04:00,725.719970703125,725.719970703125,725.8300170898438,725.625,725.7050170898438,71030
2026-07-10 15:30:00-04:00,725.8300170898438,725.8300170898438,726.0900268554688,725.6799926757812,725.6799926757812,152399
2026-07-10 15:32:00-04:00,725.8499755859375,725.8499755859375,726.1699829101562,725.6799926757812,725.739990234375,89066
2026-07-10 15:34:00-04:00,725.8499755859375,725.8499755859375,725.8699951171875,725.7000122070312,725.8400268554688,39937
2026-07-10 15:36:00-04:00,725.989990234375,725.989990234375,726.0,725.7501220703125,725.8400268554688,27950
2026-07-10 15:38:00-04:00,725.9500122070312,725.9500122070312,726.1799926757812,725.9299926757812,726.0,66359
2026-07-10 15:40:00-04:00,725.969970703125,725.969970703125,726.1395874023438,725.9099731445312,725.9500122070312,57434
2026-07-10 15:42:00-04:00,726.0288696289062,726.0288696289062,726.1699829101562,725.9199829101562,725.969970703125,92418
2026-07-10 15:44:00-04:00,725.77001953125,725.77001953125,726.0599975585938,725.75,726.0,261037
2026-07-10 15:46:00-04:00,725.7999877929688,725.7999877929688,725.9400024414062,725.7100219726562,725.7650146484375,145837
2026-07-10 15:48:00-04:00,725.719970703125,725.719970703125,725.8099975585938,725.6599731445312,725.8099975585938,212579
2026-07-10 15:50:00-04:00,725.9149780273438,725.9149780273438,726.1099853515625,725.739990234375,725.739990234375,444220
2026-07-10 15:52:00-04:00,725.510986328125,725.510986328125,725.989990234375,725.5,725.9299926757812,283237
2026-07-10 15:54:00-04:00,725.6799926757812,725.6799926757812,725.8800048828125,725.47998046875,725.52001953125,148876
2026-07-10 15:56:00-04:00,725.6099853515625,725.6099853515625,725.72998046875,725.5349731445312,725.6799926757812,281561
2026-07-10 15:58:00-04:00,725.530029296875,725.530029296875,725.6500244140625,725.260009765625,725.5900268554688,778759
2026-07-13 09:30:00-04:00,718.14501953125,718.14501953125,718.3400268554688,716.3499755859375,717.719970703125,2469817
2026-07-13 09:32:00-04:00,716.8099975585938,716.8099975585938,718.4299926757812,716.760009765625,718.0599975585938,354845
2026-07-13 09:34:00-04:00,716.6400146484375,716.6400146484375,716.9099731445312,715.9249877929688,716.7899780273438,385602
2026-07-13 09:36:00-04:00,715.5560302734375,715.5560302734375,716.6712036132812,715.510009765625,716.6712036132812,602551
2026-07-13 09:38:00-04:00,715.6400146484375,715.6400146484375,716.7050170898438,715.3699951171875,715.5999755859375,390438
2026-07-13 09:40:00-04:00,714.4099731445312,714.4099731445312,715.6500244140625,714.1950073242188,715.6500244140625,413905
2026-07-13 09:42:00-04:00,714.4199829101562,714.4199829101562,714.8800048828125,713.9500122070312,714.4299926757812,272796
2026-07-13 09:44:00-04:00,713.8200073242188,713.8200073242188,715.1500244140625,713.5999755859375,714.3699951171875,821149
2026-07-13 09:46:00-04:00,714.5,714.5,715.0999755859375,713.8200073242188,713.8200073242188,350337
2026-07-13 09:48:00-04:00,714.7000122070312,714.7000122070312,715.0,714.1599731445312,714.4400024414062,522277
2026-07-13 09:50:00-04:00,713.1799926757812,713.1799926757812,714.9600219726562,713.1500244140625,714.7000122070312,424626
2026-07-13 09:52:00-04:00,713.5900268554688,713.5900268554688,714.1699829101562,713.2050170898438,713.22998046875,249689
2026-07-13 09:54:00-04:00,713.9400024414062,713.9400024414062,714.3300170898438,713.3099975585938,713.5700073242188,212393
2026-07-13 09:56:00-04:00,714.77001953125,714.77001953125,714.8604125976562,713.7000122070312,713.8300170898438,192583
2026-07-13 09:58:00-04:00,715.77001953125,715.77001953125,716.0499877929688,714.75,714.75,358810
2026-07-13 10:00:00-04:00,715.677001953125,715.677001953125,716.5999755859375,715.510009765625,715.8499755859375,298114
2026-07-13 10:02:00-04:00,715.5499877929688,715.5499877929688,715.8950805664062,714.809326171875,715.7000122070312,302232
2026-07-13 10:04:00-04:00,714.5,714.5,715.6199951171875,714.217529296875,715.5999755859375,132259
2026-07-13 10:06:00-04:00,714.635009765625,714.635009765625,714.9799194335938,714.1884765625,714.5050048828125,170541
2026-07-13 10:08:00-04:00,715.5700073242188,715.5700073242188,715.6599731445312,714.5499877929688,714.6199951171875,133825
2026-07-13 10:10:00-04:00,716.065185546875,716.065185546875,716.4494018554688,715.27001953125,715.5399780273438,244223
2026-07-13 10:12:00-04:00,715.8350219726562,715.8350219726562,716.1699829101562,715.4299926757812,716.0900268554688,136782
2026-07-13 10:14:00-04:00,716.2000122070312,716.2000122070312,716.5,715.9199829101562,716.0050048828125,99359
2026-07-13 10:16:00-04:00,714.2000122070312,714.2000122070312,716.3499755859375,712.5599975585938,716.1500244140625,896121
2026-07-13 10:18:00-04:00,714.6849975585938,714.6849975585938,715.0999755859375,713.5499877929688,714.2999267578125,198594
2026-07-13 10:20:00-04:00,714.7899780273438,714.7899780273438,715.25,714.3800048828125,714.6724243164062,129000
2026-07-13 10:22:00-04:00,715.510009765625,715.510009765625,715.7000122070312,714.3422241210938,714.7899780273438,1176383
2026-07-13 10:24:00-04:00,716.4666748046875,716.4666748046875,716.9000244140625,715.47998046875,715.5700073242188,237104
2026-07-13 10:26:00-04:00,716.5599975585938,716.5599975585938,717.0,716.3599853515625,716.4600219726562,151744
2026-07-13 10:28:00-04:00,717.5,717.5,717.5850219726562,716.3699951171875,716.5399780273438,238056
2026-07-13 10:30:00-04:00,717.530029296875,717.530029296875,718.0999755859375,717.3400268554688,717.6099853515625,201045
2026-07-13 10:32:00-04:00,717.6199951171875,717.6199951171875,717.7000122070312,717.1099853515625,717.5499877929688,145282
2026-07-13 10:34:00-04:00,717.3099975585938,717.3099975585938,717.9000244140625,717.1699829101562,717.6099853515625,120109
2026-07-13 10:36:00-04:00,716.7100219726562,716.7100219726562,717.2899780273438,716.4000244140625,717.260009765625,120137
2026-07-13 10:38:00-04:00,717.1204223632812,717.1204223632812,717.3400268554688,716.5850219726562,716.5999755859375,91098
2026-07-13 10:40:00-04:00,716.3400268554688,716.3400268554688,717.1950073242188,716.0999755859375,717.1799926757812,105384
2026-07-13 10:42:00-04:00,715.77001953125,715.77001953125,716.3699951171875,715.7600708007812,716.260009765625,160421
2026-07-13 10:44:00-04:00,715.4401245117188,715.4401245117188,716.0999755859375,715.3800048828125,715.77001953125,99396
2026-07-13 10:46:00-04:00,716.2899780273438,716.2899780273438,716.3900146484375,715.1400756835938,715.4199829101562,150301
2026-07-13 10:48:00-04:00,717.2000122070312,717.2000122070312,717.3900146484375,716.22998046875,716.25,259047
2026-07-13 10:50:00-04:00,716.97998046875,716.97998046875,717.469970703125,716.89501953125,717.1900024414062,116146
2026-07-13 10:52:00-04:00,716.25,716.25,717.0394287109375,716.0399780273438,716.9500122070312,96220
2026-07-13 10:54:00-04:00,716.47998046875,716.47998046875,716.489990234375,715.7393188476562,716.1799926757812,79423
2026-07-13 10:56:00-04:00,717.0800170898438,717.0800170898438,717.1699829101562,716.3450927734375,716.5399780273438,68662
2026-07-13 10:58:00-04:00,717.9099731445312,717.9099731445312,717.989990234375,716.989990234375,717.125,96816
2026-07-13 11:00:00-04:00,718.4149780273438,718.4149780273438,718.739990234375,717.9299926757812,717.9299926757812,202081
2026-07-13 11:02:00-04:00,718.1699829101562,718.1699829101562,718.47998046875,717.8800048828125,718.375,169457
2026-07-13 11:04:00-04:00,717.8300170898438,717.8300170898438,718.3900146484375,717.52001953125,718.2100219726562,85472
2026-07-13 11:06:00-04:00,717.5905151367188,717.5905151367188,718.1199951171875,717.4500122070312,717.8099975585938,84274
2026-07-13 11:08:00-04:00,717.2650146484375,717.2650146484375,717.5800170898438,717.0499877929688,717.530029296875,49751
2026-07-13 11:10:00-04:00,717.5599975585938,717.5599975585938,717.9000244140625,717.1099853515625,717.219970703125,101009
2026-07-13 11:12:00-04:00,717.135009765625,717.135009765625,717.532470703125,716.9500122070312,717.530029296875,46098
2026-07-13 11:14:00-04:00,716.6005249023438,716.6005249023438,717.1527709960938,716.5599975585938,717.135009765625,71691
2026-07-13 11:16:00-04:00,717.2849731445312,717.2849731445312,717.3099975585938,716.6500244140625,716.6500244140625,52626
2026-07-13 11:18:00-04:00,717.469970703125,717.469970703125,717.5900268554688,716.9299926757812,717.3756103515625,53560
2026-07-13 11:20:00-04:00,717.5700073242188,717.5700073242188,717.6099853515625,717.22998046875,717.4400024414062,41390
2026-07-13 11:22:00-04:00,717.989990234375,717.989990234375,718.0999755859375,717.4149780273438,717.5,70088
2026-07-13 11:24:00-04:00,717.3576049804688,717.3576049804688,718.1699829101562,717.27001953125,717.969970703125,75996
2026-07-13 11:26:00-04:00,717.5549926757812,717.5549926757812,717.6500244140625,717.1400146484375,717.27001953125,43974
2026-07-13 11:28:00-04:00,717.6599731445312,717.6599731445312,717.89501953125,717.5399780273438,717.6094970703125,36958
2026-07-13 11:30:00-04:00,717.75,717.75,717.760009765625,717.0700073242188,717.6500244140625,64703
2026-07-13 11:32:00-04:00,717.5599975585938,717.5599975585938,718.030029296875,717.5399780273438,717.8510131835938,67411
2026-07-13 11:34:00-04:00,716.7999877929688,716.7999877929688,717.8599853515625,716.780029296875,717.739990234375,85268
2026-07-13 11:36:00-04:00,717.27001953125,717.27001953125,717.3099975585938,716.6099853515625,716.8499755859375,78753
2026-07-13 11:38:00-04:00,717.0900268554688,717.0900268554688,717.2592163085938,716.8900146484375,717.22998046875,42459
2026-07-13 11:40:00-04:00,716.75,716.75,717.2030029296875,716.6500244140625,717.0501098632812,49826
2026-07-13 11:42:00-04:00,716.4400024414062,716.4400024414062,716.9199829101562,716.4099731445312,716.6699829101562,54794
2026-07-13 11:44:00-04:00,716.114990234375,716.114990234375,716.530029296875,715.9500122070312,716.39501953125,79976
2026-07-13 11:46:00-04:00,715.9299926757812,715.9299926757812,716.2050170898438,715.7800903320312,716.0999755859375,79892
2026-07-13 11:48:00-04:00,715.962890625,715.962890625,715.97998046875,715.52001953125,715.9500122070312,72558
2026-07-13 11:50:00-04:00,715.1799926757812,715.1799926757812,716.0565185546875,715.0599975585938,715.97998046875,127301
2026-07-13 11:52:00-04:00,715.9000244140625,715.9000244140625,715.9099731445312,715.0800170898438,715.1799926757812,103066
2026-07-13 11:54:00-04:00,715.5700073242188,715.5700073242188,715.8800048828125,715.4201049804688,715.8599853515625,85238
2026-07-13 11:56:00-04:00,715.4249877929688,715.4249877929688,715.6199951171875,715.0,715.6199951171875,94203
2026-07-13 11:58:00-04:00,715.3599853515625,715.3599853515625,715.489990234375,715.0999755859375,715.458984375,65751
2026-07-13 12:00:00-04:00,715.2100219726562,715.2100219726562,715.4498901367188,714.9099731445312,715.330078125,66888
2026-07-13 12:02:00-04:00,715.2899780273438,715.2899780273438,715.469970703125,714.969970703125,715.27001953125,36080
2026-07-13 12:04:00-04:00,714.7999877929688,714.7999877929688,715.3599243164062,714.6799926757812,715.3300170898438,86608
2026-07-13 12:06:00-04:00,715.125,715.125,715.1599731445312,714.7999877929688,714.7999877929688,84798
2026-07-13 12:08:00-04:00,715.5496826171875,715.5496826171875,715.5800170898438,715.0800170898438,715.1400146484375,61979
2026-07-13 12:10:00-04:00,715.7550048828125,715.7550048828125,715.9749755859375,715.4400024414062,715.52001953125,100215
2026-07-13 12:12:00-04:00,715.27001953125,715.27001953125,715.8800048828125,715.1699829101562,715.8099975585938,55910
2026-07-13 12:14:00-04:00,715.0457763671875,715.0457763671875,715.4099731445312,714.9500122070312,715.3381958007812,50981
2026-07-13 12:16:00-04:00,714.6799926757812,714.6799926757812,715.0499267578125,714.3200073242188,715.0399780273438,90091
2026-07-13 12:18:00-04:00,714.72998046875,714.72998046875,714.8200073242188,714.260009765625,714.6300048828125,67025
2026-07-13 12:20:00-04:00,714.3499145507812,714.3499145507812,714.6998901367188,714.2750244140625,714.6900024414062,120738
2026-07-13 12:22:00-04:00,714.2100219726562,714.2100219726562,714.3958129882812,714.0,714.3599853515625,115528
2026-07-13 12:24:00-04:00,714.0399780273438,714.0399780273438,714.3099975585938,713.9600219726562,714.219970703125,118357
2026-07-13 12:26:00-04:00,713.89990234375,713.89990234375,714.1199951171875,713.6699829101562,714.0549926757812,111652
2026-07-13 12:28:00-04:00,714.0599975585938,714.0599975585938,714.2899780273438,713.52001953125,713.9400024414062,123516
2026-07-13 12:30:00-04:00,713.3900146484375,713.3900146484375,713.989990234375,712.9805297851562,713.989990234375,213506
2026-07-13 12:32:00-04:00,713.2899780273438,713.2899780273438,713.530029296875,713.0399780273438,713.3544921875,145867
2026-07-13 12:34:00-04:00,712.1900024414062,712.1900024414062,713.219970703125,712.0800170898438,713.219970703125,283281
2026-07-13 12:36:00-04:00,712.030029296875,712.030029296875,712.3399047851562,711.7000122070312,712.2100219726562,278164
2026-07-13 12:38:00-04:00,713.0700073242188,713.0700073242188,713.3699951171875,711.8900146484375,712.010009765625,331035
2026-07-13 12:40:00-04:00,713.4099731445312,713.4099731445312,713.4400024414062,712.5900268554688,713.0499877929688,154550
2026-07-13 12:42:00-04:00,713.780029296875,713.780029296875,713.8300170898438,713.260009765625,713.4400024414062,380902
2026-07-13 12:44:00-04:00,713.510009765625,713.510009765625,713.8800048828125,713.2449951171875,713.739990234375,97114
2026-07-13 12:46:00-04:00,713.5800170898438,713.5800170898438,713.989990234375,713.4299926757812,713.4299926757812,44914
2026-07-13 12:48:00-04:00,712.9251708984375,712.9251708984375,713.5399780273438,712.8900146484375,713.52001953125,71410
2026-07-13 12:50:00-04:00,712.63818359375,712.63818359375,713.0,711.7208862304688,712.9000244140625,146550
2026-07-13 12:52:00-04:00,712.9299926757812,712.9299926757812,713.1713256835938,712.5599975585938,712.568115234375,70284
2026-07-13 12:54:00-04:00,712.739990234375,712.739990234375,713.010009765625,712.3499755859375,712.8800048828125,129376
2026-07-13 12:56:00-04:00,713.5700073242188,713.5700073242188,713.614990234375,712.739990234375,712.739990234375,137148
2026-07-13 12:58:00-04:00,713.260009765625,713.260009765625,713.6900024414062,712.9600219726562,713.6099853515625,88779
2026-07-13 13:00:00-04:00,713.6909790039062,713.6909790039062,713.9099731445312,713.030029296875,713.2999877929688,132291
2026-07-13 13:02:00-04:00,713.7000122070312,713.7000122070312,713.864990234375,713.3800048828125,713.6331176757812,99212
2026-07-13 13:04:00-04:00,713.4400024414062,713.4400024414062,713.8599853515625,713.1900024414062,713.6972045898438,91709
2026-07-13 13:06:00-04:00,713.9508056640625,713.9508056640625,714.0261840820312,713.4500122070312,713.4500122070312,62960
2026-07-13 13:08:00-04:00,714.1701049804688,714.1701049804688,714.3200073242188,713.7598876953125,713.9600219726562,66670
2026-07-13 13:10:00-04:00,714.02001953125,714.02001953125,714.5499877929688,713.8900146484375,714.2000122070312,118602
2026-07-13 13:12:00-04:00,713.7597045898438,713.7597045898438,714.1799926757812,713.7597045898438,713.99951171875,58822
2026-07-13 13:14:00-04:00,713.239990234375,713.239990234375,713.739990234375,713.219970703125,713.7100219726562,70909
2026-07-13 13:16:00-04:00,713.482177734375,713.482177734375,713.52001953125,712.8800048828125,713.219970703125,97103
2026-07-13 13:18:00-04:00,713.6500244140625,713.6500244140625,713.830810546875,713.3099975585938,713.4000244140625,127027
2026-07-13 13:20:00-04:00,713.385009765625,713.385009765625,713.5999755859375,713.1201171875,713.5872802734375,70657
2026-07-13 13:22:00-04:00,713.1599731445312,713.1599731445312,713.6799926757812,713.1400146484375,713.3900146484375,73315
2026-07-13 13:24:00-04:00,712.6199951171875,712.6199951171875,713.219970703125,712.5449829101562,713.1599731445312,145643
2026-07-13 13:26:00-04:00,712.9199829101562,712.9199829101562,713.0650024414062,712.6099853515625,712.6099853515625,113999
2026-07-13 13:28:00-04:00,713.010009765625,713.010009765625,713.1400146484375,712.8200073242188,712.9600219726562,69007
2026-07-13 13:30:00-04:00,712.9749755859375,712.9749755859375,713.25,712.7216186523438,713.02001953125,93519
2026-07-13 13:32:00-04:00,713.0999755859375,713.0999755859375,713.3300170898438,712.8049926757812,712.9500122070312,71323
2026-07-13 13:34:00-04:00,712.97998046875,712.97998046875,713.3499755859375,712.72998046875,713.0900268554688,59365
2026-07-13 13:36:00-04:00,712.6599731445312,712.6599731445312,713.094970703125,712.5399780273438,712.9600219726562,65451
2026-07-13 13:38:00-04:00,712.5499877929688,712.5499877929688,712.72998046875,712.280029296875,712.6799926757812,75053
2026-07-13 13:40:00-04:00,712.7000122070312,712.7000122070312,712.8300170898438,712.2100219726562,712.4849853515625,109718
2026-07-13 13:42:00-04:00,712.9349975585938,712.9349975585938,713.0700073242188,712.5499877929688,712.6599731445312,82075
2026-07-13 13:44:00-04:00,713.0349731445312,713.0349731445312,713.1900024414062,712.7899780273438,712.9299926757812,60414
2026-07-13 13:46:00-04:00,712.739990234375,712.739990234375,713.0999755859375,712.72998046875,713.0,116198
2026-07-13 13:48:00-04:00,712.3800048828125,712.3800048828125,712.8200073242188,712.3400268554688,712.7100219726562,131594
2026-07-13 13:50:00-04:00,712.0,712.0,712.469970703125,711.864990234375,712.3800048828125,192364
2026-07-13 13:52:00-04:00,711.9500122070312,711.9500122070312,712.3900146484375,711.7999877929688,712.0,175212
2026-07-13 13:54:00-04:00,712.280029296875,712.280029296875,712.4450073242188,711.8900146484375,711.969970703125,140226
2026-07-13 13:56:00-04:00,712.260009765625,712.260009765625,712.5,712.0,712.3200073242188,100381
2026-07-13 13:58:00-04:00,712.0499877929688,712.0499877929688,712.4099731445312,712.010009765625,712.239990234375,92900
2026-07-13 14:00:00-04:00,712.8150024414062,712.8150024414062,713.0399780273438,711.969970703125,712.1099853515625,117145
2026-07-13 14:02:00-04:00,712.8049926757812,712.8049926757812,713.0299072265625,712.5800170898438,712.72998046875,68382
2026-07-13 14:04:00-04:00,713.3599853515625,713.3599853515625,713.47998046875,712.5499877929688,712.8800048828125,103590
2026-07-13 14:06:00-04:00,713.22998046875,713.22998046875,713.510009765625,713.02001953125,713.4099731445312,85691
2026-07-13 14:08:00-04:00,712.760009765625,712.760009765625,713.2119140625,712.6900024414062,713.1799926757812,71272
2026-07-13 14:10:00-04:00,712.3300170898438,712.3300170898438,712.77001953125,712.0303955078125,712.77001953125,131808
2026-07-13 14:12:00-04:00,712.760009765625,712.760009765625,712.77001953125,712.219970703125,712.3350219726562,123995
2026-07-13 14:14:00-04:00,712.9093017578125,712.9093017578125,713.114990234375,712.6900024414062,712.7949829101562,110388
2026-07-13 14:16:00-04:00,712.5700073242188,712.5700073242188,712.9450073242188,712.5700073242188,712.9000244140625,69186
2026-07-13 14:18:00-04:00,712.1801147460938,712.1801147460938,712.5599975585938,711.830078125,712.5599975585938,112524
2026-07-13 14:20:00-04:00,712.219970703125,712.219970703125,712.3499755859375,711.969970703125,712.219970703125,92611
2026-07-13 14:22:00-04:00,712.3599853515625,712.3599853515625,712.3599853515625,711.9849853515625,712.2449951171875,117540
2026-07-13 14:24:00-04:00,712.4450073242188,712.4450073242188,712.6699829101562,712.0999755859375,712.3699951171875,147926
2026-07-13 14:26:00-04:00,712.1900024414062,712.1900024414062,712.5700073242188,712.1300048828125,712.4400024414062,107114
2026-07-13 14:28:00-04:00,711.97998046875,711.97998046875,712.29248046875,711.9099731445312,712.22998046875,122217
2026-07-13 14:30:00-04:00,712.309814453125,712.309814453125,712.3099975585938,711.5250244140625,711.9600219726562,223784
2026-07-13 14:32:00-04:00,712.4000244140625,712.4000244140625,712.5349731445312,712.1699829101562,712.2999877929688,116009
2026-07-13 14:34:00-04:00,712.3900146484375,712.3900146484375,712.4199829101562,711.9199829101562,712.3900146484375,144194
2026-07-13 14:36:00-04:00,712.5596923828125,712.5596923828125,712.6199951171875,712.1900024414062,712.4000244140625,107908
2026-07-13 14:38:00-04:00,712.5222778320312,712.5222778320312,712.780029296875,712.280029296875,712.5399780273438,136794
2026-07-13 14:40:00-04:00,712.739990234375,712.739990234375,712.7999877929688,712.4199829101562,712.5307006835938,170660
2026-07-13 14:42:00-04:00,712.5999755859375,712.5999755859375,713.0,712.5999755859375,712.72998046875,92971
2026-07-13 14:44:00-04:00,712.5349731445312,712.5349731445312,712.75,712.3499755859375,712.5900268554688,105017
2026-07-13 14:46:00-04:00,712.6300048828125,712.6300048828125,712.72998046875,712.4500122070312,712.510009765625,78193
2026-07-13 14:48:00-04:00,712.8499145507812,712.8499145507812,712.9199829101562,712.4099731445312,712.625,65633
2026-07-13 14:50:00-04:00,712.9000244140625,712.9000244140625,712.989990234375,712.4299926757812,712.8499755859375,87737
2026-07-13 14:52:00-04:00,712.864990234375,712.864990234375,713.114990234375,712.7213745117188,712.9099731445312,69520
2026-07-13 14:54:00-04:00,712.590087890625,712.590087890625,713.1099853515625,712.5637817382812,712.8499755859375,87737
2026-07-13 14:56:00-04:00,712.7249755859375,712.7249755859375,712.8599853515625,712.5499877929688,712.5800170898438,71499
2026-07-13 14:58:00-04:00,712.4199829101562,712.4199829101562,712.77001953125,712.219970703125,712.7100219726562,94894
2026-07-13 15:00:00-04:00,712.780029296875,712.780029296875,712.8300170898438,712.030029296875,712.4600219726562,199424
2026-07-13 15:02:00-04:00,712.8930053710938,712.8930053710938,713.139892578125,712.739990234375,712.8099975585938,125491
2026-07-13 15:04:00-04:00,713.0584106445312,713.0584106445312,713.094970703125,712.8400268554688,712.9025268554688,88594
2026-07-13 15:06:00-04:00,712.280029296875,712.280029296875,713.2288208007812,712.25,713.02001953125,130205
2026-07-13 15:08:00-04:00,712.1199951171875,712.1199951171875,712.47998046875,712.1199951171875,712.25,92881
2026-07-13 15:10:00-04:00,711.6500244140625,711.6500244140625,712.1599731445312,711.614990234375,712.1099853515625,141538
2026-07-13 15:12:00-04:00,711.7100219726562,711.7100219726562,711.760009765625,711.4400024414062,711.6599731445312,151275
2026-07-13 15:14:00-04:00,711.5700073242188,711.5700073242188,711.969970703125,711.4500122070312,711.6900024414062,96010
2026-07-13 15:16:00-04:00,711.72998046875,711.72998046875,711.8200073242188,711.530029296875,711.6099853515625,109758
2026-07-13 15:18:00-04:00,711.532470703125,711.532470703125,711.780029296875,711.510009765625,711.739990234375,150609
2026-07-13 15:20:00-04:00,711.2999877929688,711.2999877929688,711.5800170898438,711.1699829101562,711.5599975585938,152372
2026-07-13 15:22:00-04:00,710.9500122070312,710.9500122070312,711.344970703125,710.6500244140625,711.3049926757812,267775
2026-07-13 15:24:00-04:00,710.97998046875,710.97998046875,711.0750122070312,710.739990234375,710.9650268554688,145743
2026-07-13 15:26:00-04:00,710.489990234375,710.489990234375,711.0399780273438,710.489990234375,710.97998046875,190285
2026-07-13 15:28:00-04:00,710.6300048828125,710.6300048828125,710.7999267578125,710.3099975585938,710.469970703125,216988
2026-07-13 15:30:00-04:00,711.1300048828125,711.1300048828125,711.3099975585938,710.5,710.6599731445312,217622
2026-07-13 15:32:00-04:00,711.0999145507812,711.0999145507812,711.3900146484375,710.9400024414062,711.1300048828125,172732
2026-07-13 15:34:00-04:00,710.5999755859375,710.5999755859375,711.25,710.4400024414062,711.1400146484375,160356
2026-07-13 15:36:00-04:00,710.456787109375,710.456787109375,710.5999755859375,710.25,710.5999755859375,367146
2026-07-13 15:38:00-04:00,710.3250122070312,710.3250122070312,710.5700073242188,710.0999755859375,710.469970703125,194134
2026-07-13 15:40:00-04:00,710.510009765625,710.510009765625,710.6500244140625,710.1699829101562,710.3300170898438,175461
2026-07-13 15:42:00-04:00,711.4099731445312,711.4099731445312,711.4500122070312,711.4099731445312,711.4500122070312,394635
2026-07-13 15:44:00-04:00,711.219970703125,711.219970703125,711.5399780273438,711.1500244140625,711.3900146484375,230468
2026-07-13 15:46:00-04:00,711.1500244140625,711.1500244140625,711.239990234375,711.0250244140625,711.2100219726562,159658
2026-07-13 15:48:00-04:00,711.5999755859375,711.5999755859375,711.6900024414062,711.1400146484375,711.1599731445312,118993
2026-07-13 15:50:00-04:00,712.5800170898438,712.5800170898438,712.6099853515625,711.5800170898438,711.6400146484375,504771
2026-07-13 15:52:00-04:00,712.0650024414062,712.0650024414062,712.6099853515625,711.9000244140625,712.5700073242188,380158
2026-07-13 15:54:00-04:00,712.22998046875,712.22998046875,712.27001953125,711.6300048828125,712.02001953125,523160
2026-07-13 15:56:00-04:00,712.4500122070312,712.4500122070312,712.47998046875,711.8599853515625,712.22998046875,299244
2026-07-13 15:58:00-04:00,711.719970703125,711.719970703125,712.6699829101562,711.719970703125,712.4500122070312,980150
2026-07-14 09:30:00-04:00,718.5700073242188,718.5700073242188,720.2860107421875,718.1099853515625,720.1400146484375,3009228
2026-07-14 09:32:00-04:00,718.2000122070312,718.2000122070312,719.2000122070312,718.02001953125,718.5999755859375,240508
2026-07-14 09:34:00-04:00,717.739990234375,717.739990234375,718.3699951171875,717.1199951171875,718.239990234375,206299
2026-07-14 09:36:00-04:00,718.989990234375,718.989990234375,719.2711791992188,717.3599853515625,717.6710205078125,208829
2026-07-14 09:38:00-04:00,719.25,719.25,719.8499755859375,718.7100219726562,719.0050048828125,393306
2026-07-14 09:40:00-04:00,719.0700073242188,719.0700073242188,719.3884887695312,718.364990234375,719.27001953125,175441
2026-07-14 09:42:00-04:00,717.8800048828125,717.8800048828125,719.47998046875,717.5499877929688,719.1099853515625,178213
2026-07-14 09:44:00-04:00,719.8400268554688,719.8400268554688,720.030029296875,717.9000244140625,717.9000244140625,328268
2026-07-14 09:46:00-04:00,718.8699951171875,718.8699951171875,720.0800170898438,718.135009765625,719.85498046875,276902
2026-07-14 09:48:00-04:00,719.0900268554688,719.0900268554688,719.4400024414062,718.6799926757812,718.8660278320312,98193
2026-07-14 09:50:00-04:00,719.125,719.125,719.655029296875,718.5599975585938,719.1799926757812,146769
2026-07-14 09:52:00-04:00,719.4199829101562,719.4199829101562,719.427001953125,717.9000244140625,719.0800170898438,184337
2026-07-14 09:54:00-04:00,718.5499877929688,718.5499877929688,719.8599853515625,718.4600219726562,719.4682006835938,115047
2026-07-14 09:56:00-04:00,719.3099975585938,719.3099975585938,719.47998046875,718.5,718.52001953125,182438
2026-07-14 09:58:00-04:00,719.3900146484375,719.3900146484375,719.7899780273438,719.2899780273438,719.3300170898438,803816
2026-07-14 10:00:00-04:00,718.3900146484375,718.3900146484375,720.0,718.219970703125,719.4299926757812,224009
2026-07-14 10:02:00-04:00,718.1599731445312,718.1599731445312,718.4400024414062,717.2899780273438,718.4400024414062,210715
2026-07-14 10:04:00-04:00,716.7949829101562,716.7949829101562,718.3026733398438,716.3499755859375,718.0700073242188,235429
2026-07-14 10:06:00-04:00,717.1799926757812,717.1799926757812,717.5900268554688,716.6099853515625,716.7949829101562,173845
2026-07-14 10:08:00-04:00,716.6699829101562,716.6699829101562,717.4094848632812,716.02001953125,717.1699829101562,173411
2026-07-14 10:10:00-04:00,716.5999755859375,716.5999755859375,717.1300048828125,716.0499877929688,716.6300048828125,236597
2026-07-14 10:12:00-04:00,716.6500244140625,716.6500244140625,717.239990234375,716.2999877929688,716.5900268554688,114504
2026-07-14 10:14:00-04:00,715.489990234375,715.489990234375,716.8400268554688,715.3099975585938,716.6300048828125,156364
2026-07-14 10:16:00-04:00,715.1329956054688,715.1329956054688,715.6400146484375,714.3400268554688,715.47998046875,249521
2026-07-14 10:18:00-04:00,715.85107421875,715.85107421875,716.2100219726562,714.780029296875,715.0800170898438,266392
2026-07-14 10:20:00-04:00,716.7874145507812,716.7874145507812,716.7999877929688,715.760009765625,715.760009765625,152965
2026-07-14 10:22:00-04:00,717.0599975585938,717.0599975585938,717.8400268554688,716.7620849609375,716.7899780273438,153348
2026-07-14 10:24:00-04:00,716.9199829101562,716.9199829101562,717.4249877929688,716.2899780273438,717.0999755859375,96660
2026-07-14 10:26:00-04:00,716.760009765625,716.760009765625,718.260009765625,716.510009765625,716.8699951171875,128230
2026-07-14 10:28:00-04:00,717.1799926757812,717.1799926757812,717.25,716.0283813476562,716.6599731445312,96611
2026-07-14 10:30:00-04:00,717.0700073242188,717.0700073242188,717.5800170898438,716.5380249023438,717.1300048828125,98124
2026-07-14 10:32:00-04:00,718.3400268554688,718.3400268554688,718.7000122070312,717.02001953125,717.0900268554688,144895
2026-07-14 10:34:00-04:00,719.4099731445312,719.4099731445312,720.8800048828125,718.25,718.4099731445312,809982
2026-07-14 10:36:00-04:00,719.030029296875,719.030029296875,719.8499755859375,718.969970703125,719.4251098632812,339266
2026-07-14 10:38:00-04:00,719.5850219726562,719.5850219726562,719.690185546875,718.9000244140625,719.0499877929688,162613
2026-07-14 10:40:00-04:00,719.1799926757812,719.1799926757812,719.9199829101562,719.0599975585938,719.5499877929688,131790
2026-07-14 10:42:00-04:00,718.1799926757812,718.1799926757812,719.6500244140625,718.0399780273438,719.27001953125,155535
2026-07-14 10:44:00-04:00,718.4299926757812,718.4299926757812,718.6400146484375,717.9349975585938,718.1900024414062,220688
2026-07-14 10:46:00-04:00,717.5198974609375,717.5198974609375,718.5549926757812,717.1799926757812,718.4199829101562,138895
2026-07-14 10:48:00-04:00,717.1799926757812,717.1799926757812,717.8499755859375,717.030029296875,717.5599975585938,350742
2026-07-14 10:50:00-04:00,718.2899780273438,718.2899780273438,718.2899780273438,716.6199951171875,717.2100219726562,156339
2026-07-14 10:52:00-04:00,718.4000244140625,718.4000244140625,718.5800170898438,718.114990234375,718.2899780273438,85837
2026-07-14 10:54:00-04:00,719.0800170898438,719.0800170898438,719.260009765625,718.25,718.3800048828125,99602
2026-07-14 10:56:00-04:00,719.2047729492188,719.2047729492188,719.3599243164062,718.8400268554688,719.0700073242188,73846
2026-07-14 10:58:00-04:00,719.2999877929688,719.2999877929688,719.5700073242188,719.0599975585938,719.239990234375,93101
2026-07-14 11:00:00-04:00,719.426025390625,719.426025390625,719.7899780273438,719.27001953125,719.469970703125,108280
2026-07-14 11:02:00-04:00,719.0499877929688,719.0499877929688,719.5999755859375,718.9299926757812,719.4249877929688,202149
2026-07-14 11:04:00-04:00,720.239990234375,720.239990234375,720.9099731445312,718.8699951171875,719.0599975585938,370754
2026-07-14 11:06:00-04:00,720.7999877929688,720.7999877929688,720.9400024414062,720.1900024414062,720.239990234375,169605
2026-07-14 11:08:00-04:00,721.280029296875,721.280029296875,721.469970703125,720.739990234375,720.8099975585938,197308
2026-07-14 11:10:00-04:00,721.046875,721.046875,721.5,720.8800048828125,721.2899169921875,114789
2026-07-14 11:12:00-04:00,721.339599609375,721.339599609375,721.3800048828125,720.9000244140625,721.0499877929688,85537
2026-07-14 11:14:00-04:00,721.3699951171875,721.3699951171875,721.5250244140625,721.010009765625,721.3300170898438,78539
2026-07-14 11:16:00-04:00,721.3499755859375,721.3499755859375,721.4550170898438,721.040771484375,721.3800048828125,63686
2026-07-14 11:18:00-04:00,721.0999755859375,721.0999755859375,721.4199829101562,720.5800170898438,721.2949829101562,122503
2026-07-14 11:20:00-04:00,721.52099609375,721.52099609375,721.6300048828125,720.760009765625,721.0701293945312,187581
2026-07-14 11:22:00-04:00,721.6649780273438,721.6649780273438,721.719970703125,721.3200073242188,721.510009765625,101054
2026-07-14 11:24:00-04:00,721.4000244140625,721.4000244140625,721.8900146484375,721.3900146484375,721.6500244140625,179992
2026-07-14 11:26:00-04:00,721.7999877929688,721.7999877929688,721.9298706054688,721.4199829101562,721.4349975585938,108418
2026-07-14 11:28:00-04:00,722.02001953125,722.02001953125,722.0850219726562,721.75,721.75,195307
2026-07-14 11:30:00-04:00,721.8400268554688,721.8400268554688,722.280029296875,721.4832153320312,722.0499877929688,137404
2026-07-14 11:32:00-04:00,721.0599975585938,721.0599975585938,721.8499755859375,720.97998046875,721.844970703125,127695
2026-07-14 11:34:00-04:00,721.0,721.0,721.280029296875,720.5800170898438,721.0,124202
2026-07-14 11:36:00-04:00,721.3300170898438,721.3300170898438,721.4400024414062,720.7999877929688,721.02001953125,71942
2026-07-14 11:38:00-04:00,721.4099731445312,721.4099731445312,721.5499877929688,721.2000122070312,721.3400268554688,71520
2026-07-14 11:40:00-04:00,720.7260131835938,720.7260131835938,721.409912109375,720.3300170898438,721.409912109375,216589
2026-07-14 11:42:00-04:00,720.3200073242188,720.3200073242188,720.6799926757812,719.9500122070312,720.6599731445312,498768
2026-07-14 11:44:00-04:00,720.8300170898438,720.8300170898438,721.0499877929688,720.2999877929688,720.2999877929688,78271
2026-07-14 11:46:00-04:00,721.0863037109375,721.0863037109375,721.155029296875,720.719970703125,720.8900146484375,47431
2026-07-14 11:48:00-04:00,720.6599731445312,720.6599731445312,721.22998046875,720.6599731445312,721.0700073242188,42380
2026-07-14 11:50:00-04:00,719.8499755859375,719.8499755859375,720.8800048828125,719.8099975585938,720.6801147460938,78393
2026-07-14 11:52:00-04:00,719.9299926757812,719.9299926757812,719.9299926757812,719.4099731445312,719.9000244140625,96320
2026-07-14 11:54:00-04:00,719.510009765625,719.510009765625,719.9400024414062,719.22998046875,719.9299926757812,100518
2026-07-14 11:56:00-04:00,719.3300170898438,719.3300170898438,719.9199829101562,719.0499877929688,719.5399780273438,67011
2026-07-14 11:58:00-04:00,719.6300048828125,719.6300048828125,719.6649780273438,719.1123046875,719.25,93732
2026-07-14 12:00:00-04:00,718.664306640625,718.664306640625,719.75,718.5712280273438,719.75,86262
2026-07-14 12:02:00-04:00,718.1599731445312,718.1599731445312,718.7399291992188,718.0,718.6500244140625,53681
2026-07-14 12:04:00-04:00,718.5490112304688,718.5490112304688,718.6699829101562,718.010009765625,718.1500244140625,97084
2026-07-14 12:06:00-04:00,718.219970703125,718.219970703125,718.780029296875,717.8900146484375,718.530029296875,88472
2026-07-14 12:08:00-04:00,718.7000122070312,718.7000122070312,719.0800170898438,718.1199951171875,718.1799926757812,100259
2026-07-14 12:10:00-04:00,718.5499877929688,718.5499877929688,718.9000244140625,718.1199951171875,718.7000122070312,64952
2026-07-14 12:12:00-04:00,718.614990234375,718.614990234375,718.739990234375,718.260009765625,718.5599975585938,36327
2026-07-14 12:14:00-04:00,718.0399780273438,718.0399780273438,718.780029296875,717.719970703125,718.60009765625,94540
2026-07-14 12:16:00-04:00,718.1900024414062,718.1900024414062,718.489990234375,717.9299926757812,718.1099853515625,52707
2026-07-14 12:18:00-04:00,718.7899780273438,718.7899780273438,718.7999877929688,718.22998046875,718.260009765625,55759
2026-07-14 12:20:00-04:00,718.72998046875,718.72998046875,719.0700073242188,718.4349975585938,718.7999877929688,87994
2026-07-14 12:22:00-04:00,718.469970703125,718.469970703125,718.9199829101562,718.280029296875,718.77001953125,287413
2026-07-14 12:24:00-04:00,719.2100219726562,719.2100219726562,719.2999877929688,718.4500122070312,718.5,65048
2026-07-14 12:26:00-04:00,719.510009765625,719.510009765625,719.5399780273438,719.0599975585938,719.1300048828125,62449
2026-07-14 12:28:00-04:00,719.510009765625,719.510009765625,719.6298828125,719.3001098632812,719.4650268554688,271461
2026-07-14 12:30:00-04:00,719.6199951171875,719.6199951171875,719.77001953125,719.3099975585938,719.5349731445312,85882
2026-07-14 12:32:00-04:00,719.260009765625,719.260009765625,719.72998046875,718.8599853515625,719.5900268554688,70464
2026-07-14 12:34:00-04:00,719.6787109375,719.6787109375,719.8099975585938,719.1500244140625,719.25,38232
2026-07-14 12:36:00-04:00,719.360107421875,719.360107421875,719.9000244140625,719.360107421875,719.6799926757812,46934
2026-07-14 12:38:00-04:00,719.7000122070312,719.7000122070312,719.8699951171875,719.260009765625,719.3900146484375,64882
2026-07-14 12:40:00-04:00,720.22998046875,720.22998046875,720.25,719.5499877929688,719.6599731445312,62213
2026-07-14 12:42:00-04:00,720.4500122070312,720.4500122070312,720.5499877929688,720.0999755859375,720.219970703125,55631
2026-07-14 12:44:00-04:00,720.27001953125,720.27001953125,720.7105712890625,720.1890869140625,720.469970703125,89943
2026-07-14 12:46:00-04:00,719.9600219726562,719.9600219726562,720.239990234375,719.8400268554688,720.219970703125,61272
2026-07-14 12:48:00-04:00,720.22998046875,720.22998046875,720.22998046875,719.5900268554688,719.9500122070312,53743
2026-07-14 12:50:00-04:00,720.3699951171875,720.3699951171875,720.3699951171875,720.0900268554688,720.2100219726562,68404
2026-07-14 12:52:00-04:00,720.2899780273438,720.2899780273438,720.52001953125,720.2100219726562,720.3800048828125,58601
2026-07-14 12:54:00-04:00,720.469970703125,720.469970703125,720.489990234375,720.1599731445312,720.27001953125,37929
2026-07-14 12:56:00-04:00,720.4400024414062,720.4400024414062,720.530029296875,720.239990234375,720.4600219726562,43847
2026-07-14 12:58:00-04:00,720.6199951171875,720.6199951171875,720.6199951171875,720.25,720.47998046875,67539
2026-07-14 13:00:00-04:00,720.8599853515625,720.8599853515625,720.8699951171875,720.4349975585938,720.6300048828125,101889
2026-07-14 13:02:00-04:00,720.6849975585938,720.6849975585938,720.8900146484375,720.6400146484375,720.85498046875,68574
2026-07-14 13:04:00-04:00,720.6199951171875,720.6199951171875,720.760009765625,720.3499755859375,720.6900024414062,79866
2026-07-14 13:06:00-04:00,720.9000244140625,720.9000244140625,720.9099731445312,720.4000244140625,720.6500244140625,373775
2026-07-14 13:08:00-04:00,721.0368041992188,721.0368041992188,721.1179809570312,720.8300170898438,720.9099731445312,44018
2026-07-14 13:10:00-04:00,721.0050048828125,721.0050048828125,721.1799926757812,720.8900146484375,721.0,70181
2026-07-14 13:12:00-04:00,720.7999877929688,720.7999877929688,721.0800170898438,720.7999877929688,721.010009765625,36139
2026-07-14 13:14:00-04:00,720.4500122070312,720.4500122070312,720.7910766601562,720.1400146484375,720.780029296875,79147
2026-07-14 13:16:00-04:00,720.4000244140625,720.4000244140625,720.5999755859375,720.3049926757812,720.4600219726562,51116
2026-07-14 13:18:00-04:00,720.8250122070312,720.8250122070312,720.8300170898438,720.3065185546875,720.3065185546875,46789
2026-07-14 13:20:00-04:00,721.2249755859375,721.2249755859375,721.2249755859375,720.8250122070312,720.8250122070312,46939
2026-07-14 13:22:00-04:00,721.3900146484375,721.3900146484375,721.4600219726562,721.1199951171875,721.239990234375,51300
2026-07-14 13:24:00-04:00,721.3099975585938,721.3099975585938,721.5050048828125,721.2999877929688,721.3900146484375,160174
2026-07-14 13:26:00-04:00,721.3599853515625,721.3599853515625,721.5700073242188,721.219970703125,721.3099975585938,53258
2026-07-14 13:28:00-04:00,721.1500244140625,721.1500244140625,721.3800048828125,721.1099853515625,721.3599853515625,42355
2026-07-14 13:30:00-04:00,721.4400024414062,721.4400024414062,721.4600219726562,721.1749877929688,721.219970703125,54286
2026-07-14 13:32:00-04:00,720.8400268554688,720.8400268554688,721.4400024414062,720.7899780273438,721.4400024414062,54321
2026-07-14 13:34:00-04:00,720.6749877929688,720.6749877929688,720.8900146484375,720.4099731445312,720.8049926757812,64309
2026-07-14 13:36:00-04:00,721.0,721.0,721.0,720.6400146484375,720.7100219726562,36569
2026-07-14 13:38:00-04:00,721.22998046875,721.22998046875,721.239990234375,720.9600219726562,721.0700073242188,33158
2026-07-14 13:40:00-04:00,721.1099853515625,721.1099853515625,721.3599853515625,721.0800170898438,721.1950073242188,47292
2026-07-14 13:42:00-04:00,721.219970703125,721.219970703125,721.27001953125,720.9199829101562,721.1099853515625,242366
2026-07-14 13:44:00-04:00,720.8900146484375,720.8900146484375,721.3049926757812,720.8900146484375,721.2100219726562,29633
2026-07-14 13:46:00-04:00,720.9199829101562,720.9199829101562,721.023193359375,720.6900024414062,720.9149780273438,55281
2026-07-14 13:48:00-04:00,721.1500244140625,721.1500244140625,721.364990234375,720.9299926757812,720.9500122070312,30676
2026-07-14 13:50:00-04:00,721.4500122070312,721.4500122070312,721.4500122070312,721.14501953125,721.1699829101562,44935
2026-07-14 13:52:00-04:00,721.3499755859375,721.3499755859375,721.52001953125,721.3499755859375,721.4223022460938,66535
2026-07-14 13:54:00-04:00,721.4000244140625,721.4000244140625,721.47998046875,721.2999877929688,721.3699951171875,33778
2026-07-14 13:56:00-04:00,721.4349975585938,721.4349975585938,721.4525146484375,721.3200073242188,721.4000244140625,84646
2026-07-14 13:58:00-04:00,721.5,721.5,721.5499877929688,721.3900146484375,721.4099731445312,186350
2026-07-14 14:00:00-04:00,721.25,721.25,721.5399780273438,721.0399780273438,721.510009765625,56358
2026-07-14 14:02:00-04:00,721.5399780273438,721.5399780273438,721.5399780273438,721.155029296875,721.2100219726562,84120
2026-07-14 14:04:00-04:00,721.4500122070312,721.4500122070312,721.6400146484375,721.4099731445312,721.5399780273438,55265
2026-07-14 14:06:00-04:00,721.3200073242188,721.3200073242188,721.4683837890625,721.0800170898438,721.4450073242188,57107
2026-07-14 14:08:00-04:00,721.5499877929688,721.5499877929688,721.5557861328125,721.3049926757812,721.3200073242188,41238
2026-07-14 14:10:00-04:00,721.5399780273438,721.5399780273438,721.6300048828125,721.4199829101562,721.5499877929688,50581
2026-07-14 14:12:00-04:00,721.6699829101562,721.6699829101562,721.6873168945312,721.47998046875,721.5499877929688,35939
2026-07-14 14:14:00-04:00,721.6099853515625,721.6099853515625,721.85498046875,721.5599975585938,721.6099853515625,52450
2026-07-14 14:16:00-04:00,721.5750122070312,721.5750122070312,721.75,721.4754028320312,721.5900268554688,41846
2026-07-14 14:18:00-04:00,721.5999755859375,721.5999755859375,721.6599731445312,721.4500732421875,721.5599975585938,66832
2026-07-14 14:20:00-04:00,721.5399780273438,721.5399780273438,721.6799926757812,721.4099731445312,721.5900268554688,48458
2026-07-14 14:22:00-04:00,721.5999755859375,721.5999755859375,721.6500244140625,721.4400024414062,721.5499877929688,111204
2026-07-14 14:24:00-04:00,721.5374755859375,721.5374755859375,721.6300048828125,721.1500244140625,721.5999755859375,51734
2026-07-14 14:26:00-04:00,721.4199829101562,721.4199829101562,721.5800170898438,721.3499145507812,721.52001953125,38604
2026-07-14 14:28:00-04:00,721.260009765625,721.260009765625,721.5399780273438,721.219970703125,721.4099731445312,27306
2026-07-14 14:30:00-04:00,721.3699951171875,721.3699951171875,721.4000244140625,721.1500244140625,721.260009765625,39563
2026-07-14 14:32:00-04:00,721.4099731445312,721.4099731445312,721.4219970703125,721.0999755859375,721.3800048828125,57485
2026-07-14 14:34:00-04:00,721.5900268554688,721.5900268554688,721.6500244140625,721.3300170898438,721.385009765625,44878
2026-07-14 14:36:00-04:00,721.3200073242188,721.3200073242188,721.6099853515625,720.7899780273438,721.5800170898438,121505
2026-07-14 14:38:00-04:00,721.1799926757812,721.1799926757812,721.3200073242188,720.989990234375,721.3198852539062,57462
2026-07-14 14:40:00-04:00,720.6400146484375,720.6400146484375,721.1900024414062,720.0700073242188,721.1849975585938,494278
2026-07-14 14:42:00-04:00,720.4172973632812,720.4172973632812,720.780029296875,720.385009765625,720.6799926757812,80358
2026-07-14 14:44:00-04:00,720.489990234375,720.489990234375,720.6300048828125,720.3900146484375,720.4600219726562,48969
2026-07-14 14:46:00-04:00,720.880615234375,720.880615234375,720.9099731445312,720.4299926757812,720.489990234375,63648
2026-07-14 14:48:00-04:00,720.4199829101562,720.4199829101562,720.9099731445312,720.4199829101562,720.885009765625,33325
2026-07-14 14:50:00-04:00,720.6199951171875,720.6199951171875,720.6500244140625,720.3499755859375,720.4099731445312,56520
2026-07-14 14:52:00-04:00,720.989990234375,720.989990234375,721.0499877929688,720.5449829101562,720.5599975585938,36781
2026-07-14 14:54:00-04:00,720.719970703125,720.719970703125,720.989990234375,720.6199951171875,720.969970703125,34947
2026-07-14 14:56:00-04:00,720.5399169921875,720.5399169921875,720.760009765625,720.530029296875,720.72998046875,26935
2026-07-14 14:58:00-04:00,720.6199951171875,720.6199951171875,720.739990234375,720.5,720.5336303710938,38171
2026-07-14 15:00:00-04:00,720.1799926757812,720.1799926757812,720.77001953125,720.1799926757812,720.5900268554688,81361
2026-07-14 15:02:00-04:00,719.9201049804688,719.9201049804688,720.1901245117188,719.89501953125,720.1599731445312,94831
2026-07-14 15:04:00-04:00,719.930419921875,719.930419921875,720.0499877929688,719.8599853515625,719.9199829101562,277193
2026-07-14 15:06:00-04:00,719.7449951171875,719.7449951171875,720.1099853515625,719.5250244140625,719.9400024414062,67465
2026-07-14 15:08:00-04:00,719.75,719.75,720.0800170898438,719.7000122070312,719.7899780273438,54530
2026-07-14 15:10:00-04:00,719.9985961914062,719.9985961914062,720.1099853515625,719.6400146484375,719.760009765625,70828
2026-07-14 15:12:00-04:00,720.5,720.5,720.5399169921875,720.010009765625,720.0399780273438,171601
2026-07-14 15:14:00-04:00,720.5413208007812,720.5413208007812,720.5750122070312,720.3400268554688,720.489990234375,53353
2026-07-14 15:16:00-04:00,720.5800170898438,720.5800170898438,720.6699829101562,720.3800048828125,720.55078125,72151
2026-07-14 15:18:00-04:00,720.5493774414062,720.5493774414062,720.6199951171875,720.0700073242188,720.5700073242188,113653
2026-07-14 15:20:00-04:00,720.7000122070312,720.7000122070312,720.719970703125,720.3040161132812,720.47998046875,92400
2026-07-14 15:22:00-04:00,720.760009765625,720.760009765625,720.9000244140625,720.6950073242188,720.6950073242188,63391
2026-07-14 15:24:00-04:00,720.630126953125,720.630126953125,720.89501953125,720.6199951171875,720.77001953125,53109
2026-07-14 15:26:00-04:00,720.5599975585938,720.5599975585938,720.77001953125,720.5,720.6400146484375,79572
2026-07-14 15:28:00-04:00,719.9500122070312,719.9500122070312,720.5565795898438,719.9400024414062,720.5250244140625,93859
2026-07-14 15:30:00-04:00,719.7000122070312,719.7000122070312,720.030029296875,719.2899780273438,719.97998046875,320088
2026-07-14 15:32:00-04:00,720.0004272460938,720.0004272460938,720.0750122070312,719.5399780273438,719.739990234375,56616
2026-07-14 15:34:00-04:00,719.9000244140625,719.9000244140625,720.10498046875,719.8300170898438,720.010009765625,278493
2026-07-14 15:36:00-04:00,720.10498046875,720.10498046875,720.25,719.7999877929688,719.8499755859375,110135
2026-07-14 15:38:00-04:00,719.8300170898438,719.8300170898438,720.1699829101562,719.7100219726562,720.0700073242188,57388
2026-07-14 15:40:00-04:00,719.9603271484375,719.9603271484375,720.0590209960938,719.75,719.7999877929688,60070
2026-07-14 15:42:00-04:00,720.2501220703125,720.2501220703125,720.27001953125,719.9199829101562,719.9702758789062,57321
2026-07-14 15:44:00-04:00,720.4099731445312,720.4099731445312,720.4400024414062,720.22998046875,720.25,80285
2026-07-14 15:46:00-04:00,720.2349853515625,720.2349853515625,720.4400024414062,720.22998046875,720.4299926757812,68914
2026-07-14 15:48:00-04:00,720.52001953125,720.52001953125,720.5800170898438,720.2000122070312,720.219970703125,91667
2026-07-14 15:50:00-04:00,720.5399780273438,720.5399780273438,720.5399780273438,719.9805908203125,720.52001953125,137829
2026-07-14 15:52:00-04:00,720.5098876953125,720.5098876953125,720.8394775390625,720.4400024414062,720.5499877929688,119200
2026-07-14 15:54:00-04:00,720.1099853515625,720.1099853515625,720.52001953125,719.8699951171875,720.4600219726562,275652
2026-07-14 15:56:00-04:00,720.3200073242188,720.3200073242188,720.3499755859375,720.0499877929688,720.1300048828125,212651
2026-07-14 15:58:00-04:00,719.6799926757812,719.6799926757812,720.3699951171875,719.47998046875,720.3099975585938,735999
2026-07-15 09:30:00-04:00,723.5,723.5,724.3499755859375,722.9600219726562,723.9400024414062,1474382
2026-07-15 09:32:00-04:00,723.25,723.25,723.6699829101562,722.780029296875,723.5,159296
2026-07-15 09:34:00-04:00,722.864990234375,722.864990234375,724.0794067382812,722.780029296875,723.2000122070312,155668
2026-07-15 09:36:00-04:00,721.97998046875,721.97998046875,723.530029296875,721.97998046875,722.9099731445312,174142
2026-07-15 09:38:00-04:00,722.0499877929688,722.0499877929688,722.3200073242188,721.3300170898438,721.9799194335938,218643
2026-07-15 09:40:00-04:00,721.1699829101562,721.1699829101562,722.04150390625,721.0499877929688,722.04150390625,176938
2026-07-15 09:42:00-04:00,721.9299926757812,721.9299926757812,722.0850219726562,721.1599731445312,721.22998046875,146155
2026-07-15 09:44:00-04:00,720.8499755859375,720.8499755859375,722.0698852539062,720.530029296875,721.9299926757812,232655
2026-07-15 09:46:00-04:00,720.02001953125,720.02001953125,720.8400268554688,719.6900024414062,720.8200073242188,457341
2026-07-15 09:48:00-04:00,719.6699829101562,719.6699829101562,720.3499755859375,719.5,719.989990234375,187369
2026-07-15 09:50:00-04:00,719.0700073242188,719.0700073242188,719.8776245117188,718.9299926757812,719.7150268554688,241508
2026-07-15 09:52:00-04:00,719.3400268554688,719.3400268554688,719.97998046875,718.989990234375,719.030029296875,185134
2026-07-15 09:54:00-04:00,719.989990234375,719.989990234375,720.3400268554688,719.280029296875,719.2999877929688,196514
2026-07-15 09:56:00-04:00,720.239990234375,720.239990234375,720.4000244140625,719.6500244140625,720.0549926757812,181445
2026-07-15 09:58:00-04:00,720.6320190429688,720.6320190429688,720.6400146484375,719.905029296875,720.239990234375,515701
2026-07-15 10:00:00-04:00,721.3300170898438,721.3300170898438,721.3400268554688,720.6599731445312,720.7000122070312,150523
2026-07-15 10:02:00-04:00,721.510009765625,721.510009765625,721.77001953125,720.9400024414062,721.3400268554688,167546
2026-07-15 10:04:00-04:00,720.968994140625,720.968994140625,721.5877075195312,720.75,721.4849853515625,88412
2026-07-15 10:06:00-04:00,722.1699829101562,722.1699829101562,722.1900024414062,720.9600219726562,721.0599975585938,164048
2026-07-15 10:08:00-04:00,721.5449829101562,721.5449829101562,722.2800903320312,721.3599853515625,722.1500244140625,130214
2026-07-15 10:10:00-04:00,721.2100219726562,721.2100219726562,721.7999877929688,721.02001953125,721.5009155273438,165270
2026-07-15 10:12:00-04:00,720.989990234375,720.989990234375,721.489990234375,720.780029296875,721.1649780273438,73680
2026-07-15 10:14:00-04:00,719.9500122070312,719.9500122070312,721.1500244140625,719.7949829101562,721.010009765625,157230
2026-07-15 10:16:00-04:00,720.4000244140625,720.4000244140625,720.75927734375,719.7750244140625,720.0,127578
2026-07-15 10:18:00-04:00,720.0150146484375,720.0150146484375,720.5250244140625,719.8499755859375,720.4249877929688,94234
2026-07-15 10:20:00-04:00,719.219970703125,719.219970703125,720.0900268554688,718.77001953125,720.0245971679688,266338
2026-07-15 10:22:00-04:00,717.6950073242188,717.6950073242188,719.4099731445312,717.5399780273438,719.1699829101562,256268
2026-07-15 10:24:00-04:00,716.9000244140625,716.9000244140625,717.8699951171875,716.3699951171875,717.6873779296875,396892
2026-07-15 10:26:00-04:00,717.4099731445312,717.4099731445312,717.52001953125,716.2059936523438,716.8709106445312,364701
2026-07-15 10:28:00-04:00,718.2150268554688,718.2150268554688,718.3400268554688,717.260009765625,717.4500122070312,190368
2026-07-15 10:30:00-04:00,717.0,717.0,718.530029296875,716.9199829101562,718.25,140173
2026-07-15 10:32:00-04:00,717.760009765625,717.760009765625,717.7849731445312,716.4000244140625,717.0,136297
2026-07-15 10:34:00-04:00,717.1599731445312,717.1599731445312,717.989990234375,716.8300170898438,717.9000244140625,155903
2026-07-15 10:36:00-04:00,715.5850219726562,715.5850219726562,717.1400146484375,715.52001953125,717.1400146484375,245544
2026-07-15 10:38:00-04:00,715.3150024414062,715.3150024414062,715.7999877929688,714.9600219726562,715.6099853515625,390151
2026-07-15 10:40:00-04:00,715.3400268554688,715.3400268554688,715.780029296875,714.8800048828125,715.280029296875,182820
2026-07-15 10:42:00-04:00,714.5,714.5,715.3300170898438,713.719970703125,715.3099975585938,266268
2026-07-15 10:44:00-04:00,714.530029296875,714.530029296875,715.3699951171875,714.3505249023438,714.52001953125,198054
2026-07-15 10:46:00-04:00,715.5399780273438,715.5399780273438,715.6199951171875,714.3300170898438,714.5549926757812,150911
2026-07-15 10:48:00-04:00,716.22998046875,716.22998046875,716.3049926757812,715.010009765625,715.4749755859375,204935
2026-07-15 10:50:00-04:00,715.25,715.25,716.239990234375,715.0800170898438,716.2100219726562,122480
2026-07-15 10:52:00-04:00,715.5499267578125,715.5499267578125,716.0194702148438,715.1300048828125,715.27001953125,87982
2026-07-15 10:54:00-04:00,715.1500244140625,715.1500244140625,715.6799926757812,714.72998046875,715.5,155179
2026-07-15 10:56:00-04:00,715.5,715.5,715.9199829101562,715.02001953125,715.1832885742188,537550
2026-07-15 10:58:00-04:00,715.9600219726562,715.9600219726562,716.010009765625,715.1199951171875,715.489990234375,90657
2026-07-15 11:00:00-04:00,715.0650024414062,715.0650024414062,716.2100219726562,714.969970703125,716.0,119378
2026-07-15 11:02:00-04:00,715.1300048828125,715.1300048828125,715.5800170898438,714.9005126953125,715.0599975585938,85204
2026-07-15 11:04:00-04:00,715.5,715.5,715.5,714.719970703125,715.1400146484375,111285
2026-07-15 11:06:00-04:00,715.969970703125,715.969970703125,715.989990234375,715.219970703125,715.5499877929688,83050
2026-07-15 11:08:00-04:00,716.4600219726562,716.4600219726562,716.5399780273438,715.8900146484375,715.9400024414062,113354
2026-07-15 11:10:00-04:00,715.989990234375,715.989990234375,716.6998901367188,715.7999877929688,716.4650268554688,103218
2026-07-15 11:12:00-04:00,715.5800170898438,715.5800170898438,716.0900268554688,715.4500122070312,715.989990234375,128448
2026-07-15 11:14:00-04:00,714.603271484375,714.603271484375,715.7000122070312,714.3300170898438,715.5999145507812,168311
2026-07-15 11:16:00-04:00,714.7000122070312,714.7000122070312,714.77001953125,713.583984375,714.5952758789062,232025
2026-07-15 11:18:00-04:00,715.4000244140625,715.4000244140625,715.4199829101562,714.6400146484375,714.6699829101562,127314
2026-07-15 11:20:00-04:00,714.6500244140625,714.6500244140625,715.39501953125,714.5499877929688,715.39501953125,78977
2026-07-15 11:22:00-04:00,713.989990234375,713.989990234375,714.64990234375,713.8099975585938,714.64501953125,145907
2026-07-15 11:24:00-04:00,714.8599853515625,714.8599853515625,715.1799926757812,713.8699951171875,713.969970703125,151305
2026-07-15 11:26:00-04:00,715.2100219726562,715.2100219726562,715.3499755859375,714.9199829101562,714.9199829101562,104563
2026-07-15 11:28:00-04:00,716.2100219726562,716.2100219726562,716.2100219726562,715.1500244140625,715.1900024414062,104578
2026-07-15 11:30:00-04:00,715.75,715.75,716.2999877929688,715.530029296875,716.1699829101562,96023
2026-07-15 11:32:00-04:00,716.219970703125,716.219970703125,716.5399169921875,715.6599731445312,715.76220703125,109455
2026-07-15 11:34:00-04:00,715.405029296875,715.405029296875,716.3297729492188,715.0,716.1900024414062,129542
2026-07-15 11:36:00-04:00,716.0955810546875,716.0955810546875,716.4598999023438,715.3900146484375,715.4299926757812,103143
2026-07-15 11:38:00-04:00,716.2899780273438,716.2899780273438,716.4400024414062,716.010009765625,716.1099853515625,53175
2026-07-15 11:40:00-04:00,716.239990234375,716.239990234375,716.5499877929688,715.9600219726562,716.375,73357
2026-07-15 11:42:00-04:00,715.739990234375,715.739990234375,716.3790283203125,715.7000122070312,716.25,72944
2026-07-15 11:44:00-04:00,715.1900024414062,715.1900024414062,715.739990234375,715.1300048828125,715.7000122070312,129948
2026-07-15 11:46:00-04:00,714.8900146484375,714.8900146484375,715.4099731445312,714.7108764648438,715.2100219726562,118093
2026-07-15 11:48:00-04:00,715.1099853515625,715.1099853515625,715.4099731445312,714.719970703125,714.8699951171875,73260
2026-07-15 11:50:00-04:00,714.5549926757812,714.5549926757812,715.1199951171875,714.3200073242188,715.094970703125,100985
2026-07-15 11:52:00-04:00,714.844970703125,714.844970703125,714.89501953125,714.27001953125,714.5750122070312,56938
2026-07-15 11:54:00-04:00,714.7550048828125,714.7550048828125,714.97998046875,714.4299926757812,714.9597778320312,48495
2026-07-15 11:56:00-04:00,714.4708251953125,714.4708251953125,714.780029296875,714.372802734375,714.7100830078125,34763
2026-07-15 11:58:00-04:00,714.739990234375,714.739990234375,714.9000244140625,714.3701171875,714.4000244140625,57600
2026-07-15 12:00:00-04:00,713.9949951171875,713.9949951171875,715.1400146484375,713.8137817382812,714.7100219726562,116727
2026-07-15 12:02:00-04:00,713.2849731445312,713.2849731445312,714.0599975585938,713.1901245117188,713.989990234375,215181
2026-07-15 12:04:00-04:00,712.9500122070312,712.9500122070312,713.5900268554688,712.9000244140625,713.280029296875,141979
2026-07-15 12:06:00-04:00,712.4459838867188,712.4459838867188,713.0599975585938,712.3563232421875,712.9099731445312,219408
2026-07-15 12:08:00-04:00,713.1400146484375,713.1400146484375,713.2000122070312,712.280029296875,712.4400024414062,259920
2026-07-15 12:10:00-04:00,712.6400146484375,712.6400146484375,713.2899780273438,712.489990234375,713.1400146484375,181280
2026-07-15 12:12:00-04:00,712.3400268554688,712.3400268554688,713.0,712.3099975585938,712.6699829101562,285119
2026-07-15 12:14:00-04:00,712.25,712.25,712.4500122070312,712.030029296875,712.3300170898438,315635
2026-07-15 12:16:00-04:00,712.280029296875,712.280029296875,712.3699951171875,711.8800048828125,712.22998046875,220652
2026-07-15 12:18:00-04:00,712.1099853515625,712.1099853515625,712.669921875,712.0999755859375,712.280029296875,168834
2026-07-15 12:20:00-04:00,711.7999877929688,711.7999877929688,712.3099975585938,711.7000122070312,712.10498046875,596350
2026-07-15 12:22:00-04:00,711.9000244140625,711.9000244140625,712.2000122070312,711.6699829101562,711.8287963867188,152509
2026-07-15 12:24:00-04:00,711.5499877929688,711.5499877929688,711.9000244140625,711.0800170898438,711.8900146484375,299140
2026-07-15 12:26:00-04:00,711.3200073242188,711.3200073242188,711.719970703125,711.14501953125,711.5999755859375,157774
2026-07-15 12:28:00-04:00,711.844970703125,711.844970703125,711.9500122070312,711.2050170898438,711.2999877929688,129442
2026-07-15 12:30:00-04:00,711.7750244140625,711.7750244140625,712.344970703125,711.630126953125,711.8200073242188,158149
2026-07-15 12:32:00-04:00,711.4199829101562,711.4199829101562,711.8400268554688,711.3400268554688,711.72998046875,89840
2026-07-15 12:34:00-04:00,710.9000244140625,710.9000244140625,711.6599731445312,710.6599731445312,711.47998046875,191011
2026-07-15 12:36:00-04:00,710.6300048828125,710.6300048828125,710.9500122070312,710.530029296875,710.9000244140625,286437
2026-07-15 12:38:00-04:00,710.72998046875,710.72998046875,711.0599975585938,710.5599975585938,710.5999755859375,134144
2026-07-15 12:40:00-04:00,710.8499755859375,710.8499755859375,711.1599731445312,710.22998046875,710.7130126953125,164328
2026-07-15 12:42:00-04:00,711.0900268554688,711.0900268554688,711.1799926757812,710.75,710.85498046875,106503
2026-07-15 12:44:00-04:00,711.22998046875,711.22998046875,711.5399780273438,711.0399780273438,711.0800170898438,102848
2026-07-15 12:46:00-04:00,711.8599853515625,711.8599853515625,713.6500244140625,711.2000122070312,711.2550048828125,382338
2026-07-15 12:48:00-04:00,712.1900024414062,712.1900024414062,712.4000244140625,711.8900146484375,711.8900146484375,159447
2026-07-15 12:50:00-04:00,712.5499877929688,712.5499877929688,713.010009765625,712.1500244140625,712.1500244140625,118082
2026-07-15 12:52:00-04:00,713.0499877929688,713.0499877929688,713.1699829101562,712.4000244140625,712.5399780273438,81106
2026-07-15 12:54:00-04:00,712.0800170898438,712.0800170898438,713.0900268554688,712.0800170898438,713.0599975585938,162162
2026-07-15 12:56:00-04:00,712.4949951171875,712.4949951171875,712.5599975585938,711.8099975585938,712.1400146484375,102933
2026-07-15 12:58:00-04:00,713.02001953125,713.02001953125,713.02001953125,712.5,712.5499877929688,72410
2026-07-15 13:00:00-04:00,713.4400024414062,713.4400024414062,713.5999755859375,712.5800170898438,713.02001953125,113725
2026-07-15 13:02:00-04:00,713.5750122070312,713.5750122070312,713.7000122070312,713.2999877929688,713.4450073242188,165570
2026-07-15 13:04:00-04:00,713.4395751953125,713.4395751953125,713.6400146484375,713.25,713.47998046875,68902
2026-07-15 13:06:00-04:00,713.9400024414062,713.9400024414062,713.9849853515625,713.3900146484375,713.3900146484375,93380
2026-07-15 13:08:00-04:00,713.9349975585938,713.9349975585938,714.1900024414062,713.8699951171875,713.9949951171875,83308
2026-07-15 13:10:00-04:00,713.719970703125,713.719970703125,714.1098022460938,713.719970703125,713.9299926757812,63597
2026-07-15 13:12:00-04:00,713.8699951171875,713.8699951171875,714.1796875,713.75,713.760009765625,45117
2026-07-15 13:14:00-04:00,713.7849731445312,713.7849731445312,713.8800048828125,713.4099731445312,713.8200073242188,123575
2026-07-15 13:16:00-04:00,714.3099975585938,714.3099975585938,714.3900146484375,713.5900268554688,713.85498046875,42677
2026-07-15 13:18:00-04:00,714.7000732421875,714.7000732421875,714.8099975585938,714.27001953125,714.3599853515625,97202
2026-07-15 13:20:00-04:00,714.4400024414062,714.4400024414062,715.030029296875,714.3599853515625,714.7000122070312,128311
2026-07-15 13:22:00-04:00,714.739990234375,714.739990234375,715.0700073242188,714.52001953125,714.52001953125,66539
2026-07-15 13:24:00-04:00,714.9199829101562,714.9199829101562,715.0,714.7100219726562,714.719970703125,43348
2026-07-15 13:26:00-04:00,714.8900146484375,714.8900146484375,715.02001953125,714.739990234375,714.9400024414062,861398
2026-07-15 13:28:00-04:00,715.260009765625,715.260009765625,715.3300170898438,714.510009765625,714.9099731445312,87287
2026-07-15 13:30:00-04:00,715.3900146484375,715.3900146484375,715.6799926757812,715.260009765625,715.280029296875,179703
2026-07-15 13:32:00-04:00,715.6699829101562,715.6699829101562,715.77001953125,715.3800048828125,715.3975219726562,101046
2026-07-15 13:34:00-04:00,715.5,715.5,715.780029296875,715.3300170898438,715.6749877929688,77817
2026-07-15 13:36:00-04:00,715.8200073242188,715.8200073242188,715.9099731445312,715.3800048828125,715.469970703125,76027
2026-07-15 13:38:00-04:00,715.8858032226562,715.8858032226562,715.9299926757812,715.614990234375,715.7949829101562,74230
2026-07-15 13:40:00-04:00,715.864990234375,715.864990234375,716.010009765625,715.7100219726562,715.880126953125,85404
2026-07-15 13:42:00-04:00,716.0399780273438,716.0399780273438,716.0399780273438,715.6500244140625,715.875,47287
2026-07-15 13:44:00-04:00,715.9873046875,715.9873046875,716.010009765625,715.739990234375,715.9450073242188,40531
2026-07-15 13:46:00-04:00,716.7550048828125,716.7550048828125,716.8192138671875,715.9677734375,716.010009765625,141892
2026-07-15 13:48:00-04:00,717.02001953125,717.02001953125,717.1199951171875,716.6400756835938,716.760009765625,99604
2026-07-15 13:50:00-04:00,716.969970703125,716.969970703125,717.0999755859375,716.8251953125,717.030029296875,158209
2026-07-15 13:52:00-04:00,717.4000244140625,717.4000244140625,717.5999755859375,716.9400024414062,716.9600219726562,162882
2026-07-15 13:54:00-04:00,717.469970703125,717.469970703125,717.7000122070312,717.2100219726562,717.3900146484375,156069
2026-07-15 13:56:00-04:00,717.5504760742188,717.5504760742188,717.6199951171875,717.2100219726562,717.4600219726562,88624
2026-07-15 13:58:00-04:00,717.2000122070312,717.2000122070312,717.6599731445312,717.0955810546875,717.5499877929688,98578
2026-07-15 14:00:00-04:00,717.7899780273438,717.7899780273438,717.8699951171875,717.1300048828125,717.2564086914062,108657
2026-07-15 14:02:00-04:00,717.7899780273438,717.7899780273438,717.8800048828125,717.5399780273438,717.780029296875,90640
2026-07-15 14:04:00-04:00,717.8800048828125,717.8800048828125,717.9299926757812,717.510009765625,717.7901000976562,92435
2026-07-15 14:06:00-04:00,717.989990234375,717.989990234375,718.1699829101562,717.880126953125,717.9000244140625,105955
2026-07-15 14:08:00-04:00,718.0449829101562,718.0449829101562,718.0999755859375,717.8800048828125,718.0139770507812,74362
2026-07-15 14:10:00-04:00,718.260009765625,718.260009765625,718.280029296875,718.010009765625,718.0499877929688,78368
2026-07-15 14:12:00-04:00,718.1900024414062,718.1900024414062,718.280029296875,718.010009765625,718.25,67926
2026-07-15 14:14:00-04:00,717.6995239257812,717.6995239257812,718.219970703125,717.6036987304688,718.1699829101562,125759
2026-07-15 14:16:00-04:00,717.5800170898438,717.5800170898438,717.6900024414062,717.3900146484375,717.6400146484375,93694
2026-07-15 14:18:00-04:00,717.6950073242188,717.6950073242188,717.7999877929688,717.2000122070312,717.580078125,81652
2026-07-15 14:20:00-04:00,718.2949829101562,718.2949829101562,718.3599853515625,717.6500244140625,717.6799926757812,62161
2026-07-15 14:22:00-04:00,718.5103759765625,718.5103759765625,718.5800170898438,718.1815795898438,718.27001953125,84382
2026-07-15 14:24:00-04:00,718.3499755859375,718.3499755859375,718.5900268554688,718.2100219726562,718.489990234375,64906
2026-07-15 14:26:00-04:00,718.4299926757812,718.4299926757812,718.4400024414062,718.257080078125,718.3400268554688,80331
2026-07-15 14:28:00-04:00,718.1694946289062,718.1694946289062,718.47998046875,718.0742797851562,718.4299926757812,46208
2026-07-15 14:30:00-04:00,718.2158813476562,718.2158813476562,718.2799072265625,718.02001953125,718.1699829101562,46386
2026-07-15 14:32:00-04:00,718.1900024414062,718.1900024414062,718.4299926757812,718.1599731445312,718.260009765625,53306
2026-07-15 14:34:00-04:00,717.88818359375,717.88818359375,718.3599853515625,717.780029296875,718.219970703125,53590
2026-07-15 14:36:00-04:00,717.739990234375,717.739990234375,717.8900146484375,717.4099731445312,717.8800048828125,79998
2026-07-15 14:38:00-04:00,717.3150024414062,717.3150024414062,717.739990234375,717.3150024414062,717.7224731445312,39813
2026-07-15 14:40:00-04:00,717.4600830078125,717.4600830078125,717.577880859375,717.2100219726562,717.3250122070312,45699
2026-07-15 14:42:00-04:00,717.0250244140625,717.0250244140625,717.669921875,716.864990234375,717.489990234375,105149
2026-07-15 14:44:00-04:00,716.5,716.5,717.0499877929688,716.39501953125,717.030029296875,139327
2026-07-15 14:46:00-04:00,716.4251098632812,716.4251098632812,716.760009765625,716.0,716.5800170898438,136171
2026-07-15 14:48:00-04:00,716.2349853515625,716.2349853515625,716.6248779296875,716.2349853515625,716.4000244140625,45907
2026-07-15 14:50:00-04:00,715.5999755859375,715.5999755859375,716.3599853515625,715.3800048828125,716.22998046875,148517
2026-07-15 14:52:00-04:00,715.4923706054688,715.4923706054688,715.760009765625,715.2999877929688,715.5999755859375,95276
2026-07-15 14:54:00-04:00,715.8599853515625,715.8599853515625,716.0349731445312,715.4199829101562,715.5,103144
2026-07-15 14:56:00-04:00,715.7650146484375,715.7650146484375,715.8900146484375,715.3800048828125,715.885009765625,99449
2026-07-15 14:58:00-04:00,715.4600219726562,715.4600219726562,716.0250244140625,715.0499877929688,715.739990234375,142256
2026-07-15 15:00:00-04:00,715.7498779296875,715.7498779296875,715.75,715.2899780273438,715.47998046875,77116
2026-07-15 15:02:00-04:00,716.3001708984375,716.3001708984375,716.5499877929688,715.719970703125,715.75,111477
2026-07-15 15:04:00-04:00,716.489990234375,716.489990234375,716.6699829101562,716.239990234375,716.2899780273438,380026
2026-07-15 15:06:00-04:00,716.4315795898438,716.4315795898438,716.8699951171875,716.3300170898438,716.5150146484375,129094
2026-07-15 15:08:00-04:00,716.10498046875,716.10498046875,716.5006103515625,715.969970703125,716.469970703125,84976
2026-07-15 15:10:00-04:00,715.989990234375,715.989990234375,716.4536743164062,715.9400024414062,716.0750122070312,55245
2026-07-15 15:12:00-04:00,716.2550048828125,716.2550048828125,716.510009765625,716.010009765625,716.010009765625,140805
2026-07-15 15:14:00-04:00,716.1699829101562,716.1699829101562,716.4000244140625,715.9500122070312,716.3200073242188,50777
2026-07-15 15:16:00-04:00,716.0,716.0,716.1799926757812,715.8699951171875,716.0700073242188,36782
2026-07-15 15:18:00-04:00,715.5800170898438,715.5800170898438,716.0399780273438,715.5800170898438,716.0,59800
2026-07-15 15:20:00-04:00,715.27001953125,715.27001953125,715.5999755859375,715.0,715.5700073242188,147473
2026-07-15 15:22:00-04:00,715.280029296875,715.280029296875,715.3175048828125,715.0,715.239990234375,75332
2026-07-15 15:24:00-04:00,715.14501953125,715.14501953125,715.4329833984375,714.9204711914062,715.2999877929688,44730
2026-07-15 15:26:00-04:00,715.8599853515625,715.8599853515625,716.0900268554688,715.02001953125,715.1300048828125,65396
2026-07-15 15:28:00-04:00,716.219970703125,716.219970703125,716.219970703125,715.8004760742188,715.8300170898438,48619
2026-07-15 15:30:00-04:00,716.7100219726562,716.7100219726562,716.8499755859375,716.1900024414062,716.25,258214
2026-07-15 15:32:00-04:00,715.9299926757812,715.9299926757812,716.7999877929688,715.5499877929688,716.7100830078125,230207
2026-07-15 15:34:00-04:00,716.02001953125,716.02001953125,716.1400146484375,715.4600219726562,715.8499755859375,66986
2026-07-15 15:36:00-04:00,716.2901000976562,716.2901000976562,716.3200073242188,715.8800048828125,716.02001953125,76839
2026-07-15 15:38:00-04:00,716.5700073242188,716.5700073242188,716.6599731445312,716.2650146484375,716.2990112304688,86964
2026-07-15 15:40:00-04:00,717.18017578125,717.18017578125,717.3499755859375,716.5349731445312,716.5501098632812,187348
2026-07-15 15:42:00-04:00,717.3099975585938,717.3099975585938,717.532470703125,717.0,717.1900024414062,129799
2026-07-15 15:44:00-04:00,717.0,717.0,717.4290161132812,717.0,717.2650146484375,73130
2026-07-15 15:46:00-04:00,716.6799926757812,716.6799926757812,717.0700073242188,716.5599975585938,717.010009765625,123970
2026-07-15 15:48:00-04:00,716.5349731445312,716.5349731445312,716.72998046875,716.4199829101562,716.6699829101562,80154
2026-07-15 15:50:00-04:00,717.030029296875,717.030029296875,717.4099731445312,716.5399780273438,716.5399780273438,192456
2026-07-15 15:52:00-04:00,717.0999755859375,717.0999755859375,717.20361328125,716.9000244140625,717.0399780273438,165275
2026-07-15 15:54:00-04:00,717.719970703125,717.719970703125,717.7999267578125,716.6799926757812,717.1099853515625,225217
2026-07-15 15:56:00-04:00,717.7000122070312,717.7000122070312,717.7949829101562,717.5349731445312,717.7100219726562,183259
2026-07-15 15:58:00-04:00,717.6900024414062,717.6900024414062,717.8400268554688,717.3300170898438,717.6900024414062,764899
2026-07-16 09:30:00-04:00,713.4299926757812,713.4299926757812,713.594970703125,711.9600219726562,712.0,2166131
2026-07-16 09:32:00-04:00,712.2349853515625,712.2349853515625,713.5700073242188,712.0499877929688,713.4500122070312,169374
2026-07-16 09:34:00-04:00,710.8499755859375,710.8499755859375,712.409912109375,710.489990234375,712.27001953125,319261
2026-07-16 09:36:00-04:00,711.4199829101562,711.4199829101562,712.1699829101562,710.531982421875,711.0,216591
2026-07-16 09:38:00-04:00,710.0999755859375,710.0999755859375,711.4099731445312,709.9299926757812,711.4099731445312,396044
2026-07-16 09:40:00-04:00,709.2899780273438,709.2899780273438,711.239990234375,709.1950073242188,710.1182250976562,288766
2026-07-16 09:42:00-04:00,709.1699829101562,709.1699829101562,709.5700073242188,708.72998046875,709.2999877929688,323810
2026-07-16 09:44:00-04:00,708.2750244140625,708.2750244140625,709.72998046875,708.2000122070312,709.1890258789062,330149
2026-07-16 09:46:00-04:00,708.1599731445312,708.1599731445312,708.77001953125,708.0809936523438,708.2200927734375,232527
2026-07-16 09:48:00-04:00,707.3699951171875,707.3699951171875,708.4365234375,707.2000122070312,708.1099853515625,299900
2026-07-16 09:50:00-04:00,708.260009765625,708.260009765625,708.5999755859375,707.2100219726562,707.3400268554688,286893
2026-07-16 09:52:00-04:00,708.3499145507812,708.3499145507812,709.3300170898438,707.9442138671875,708.3250122070312,191843
2026-07-16 09:54:00-04:00,707.9600219726562,707.9600219726562,709.1900024414062,707.0,708.3698120117188,286707
2026-07-16 09:56:00-04:00,708.1580200195312,708.1580200195312,709.4600219726562,707.77001953125,707.9199829101562,204789
2026-07-16 09:58:00-04:00,709.1749877929688,709.1749877929688,709.27001953125,708.0499877929688,708.0900268554688,128806
2026-07-16 10:00:00-04:00,710.0599975585938,710.0599975585938,710.3300170898438,708.6500244140625,709.0900268554688,293304
2026-07-16 10:02:00-04:00,710.469970703125,710.469970703125,710.869873046875,710.0150146484375,710.030029296875,191215
2026-07-16 10:04:00-04:00,711.0800170898438,711.0800170898438,711.1699829101562,710.02001953125,710.4434814453125,173227
2026-07-16 10:06:00-04:00,711.7000122070312,711.7000122070312,711.8150024414062,711.0447998046875,711.0700073242188,195138
2026-07-16 10:08:00-04:00,712.3800048828125,712.3800048828125,712.7650146484375,711.5999755859375,711.7100219726562,237790
2026-07-16 10:10:00-04:00,711.875,711.875,712.6900024414062,711.8599853515625,712.3800048828125,178865
2026-07-16 10:12:00-04:00,712.3701171875,712.3701171875,712.6199951171875,711.6099853515625,711.8704223632812,139073
2026-07-16 10:14:00-04:00,712.3699951171875,712.3699951171875,712.5800170898438,711.9000244140625,712.4299926757812,89935
2026-07-16 10:16:00-04:00,712.1900024414062,712.1900024414062,712.9000244140625,712.0499877929688,712.3900146484375,196906
2026-07-16 10:18:00-04:00,712.4420166015625,712.4420166015625,712.6099853515625,711.5499877929688,712.1900024414062,186698
2026-07-16 10:20:00-04:00,711.086181640625,711.086181640625,712.6298828125,710.9600219726562,712.489990234375,131110
2026-07-16 10:22:00-04:00,711.1298828125,711.1298828125,711.5399780273438,710.4099731445312,711.0800170898438,119512
2026-07-16 10:24:00-04:00,711.239990234375,711.239990234375,711.8599243164062,710.611083984375,711.1500244140625,110223
2026-07-16 10:26:00-04:00,712.1137084960938,712.1137084960938,712.260009765625,710.8300170898438,711.239990234375,64881
2026-07-16 10:28:00-04:00,712.469970703125,712.469970703125,712.5599975585938,711.9299926757812,712.1099853515625,96648
2026-07-16 10:30:00-04:00,711.5999755859375,711.5999755859375,712.47998046875,711.4099731445312,712.4749755859375,85565
2026-07-16 10:32:00-04:00,712.4000244140625,712.4000244140625,712.47998046875,711.47998046875,711.594970703125,103148
2026-07-16 10:34:00-04:00,712.3499755859375,712.3499755859375,712.47998046875,711.875,712.3599853515625,143593
2026-07-16 10:36:00-04:00,712.6799926757812,712.6799926757812,713.0700073242188,712.0800170898438,712.3300170898438,52510
2026-07-16 10:38:00-04:00,711.7899780273438,711.7899780273438,712.8400268554688,711.6099853515625,712.6400146484375,167181
2026-07-16 10:40:00-04:00,711.530029296875,711.530029296875,711.9400024414062,711.1199951171875,711.8355712890625,54554
2026-07-16 10:42:00-04:00,712.0499877929688,712.0499877929688,712.1699829101562,711.4500122070312,711.4500122070312,148142
2026-07-16 10:44:00-04:00,711.7999877929688,711.7999877929688,712.1500244140625,711.6199951171875,711.9600219726562,61679
2026-07-16 10:46:00-04:00,711.739990234375,711.739990234375,712.3099975585938,711.6400146484375,711.9149780273438,68764
2026-07-16 10:48:00-04:00,711.4400024414062,711.4400024414062,712.02001953125,711.4299926757812,711.739990234375,68469
2026-07-16 10:50:00-04:00,710.5999755859375,710.5999755859375,711.5,710.22998046875,711.3900146484375,126606
2026-07-16 10:52:00-04:00,710.2000122070312,710.2000122070312,710.7774047851562,710.0499877929688,710.5900268554688,129127
2026-07-16 10:54:00-04:00,709.9210815429688,709.9210815429688,710.3400268554688,709.5900268554688,710.219970703125,215719
2026-07-16 10:56:00-04:00,710.5750122070312,710.5750122070312,710.72998046875,709.7100219726562,709.9199829101562,230361
2026-07-16 10:58:00-04:00,711.2650146484375,711.2650146484375,711.3499755859375,710.5850219726562,710.5850219726562,112334
2026-07-16 11:00:00-04:00,711.0900268554688,711.0900268554688,711.8599853515625,711.0900268554688,711.4099731445312,98474
2026-07-16 11:02:00-04:00,710.76123046875,710.76123046875,711.8399047851562,710.76123046875,711.1300048828125,81298
2026-07-16 11:04:00-04:00,710.594970703125,710.594970703125,711.0,710.1456909179688,710.8099975585938,92686
2026-07-16 11:06:00-04:00,709.7999877929688,709.7999877929688,710.5499877929688,709.7949829101562,710.5399780273438,115710
2026-07-16 11:08:00-04:00,710.2899780273438,710.2899780273438,710.2899780273438,709.6599731445312,709.75,99275
2026-07-16 11:10:00-04:00,709.8800048828125,709.8800048828125,710.4899291992188,709.8200073242188,710.260009765625,106484
2026-07-16 11:12:00-04:00,709.1799926757812,709.1799926757812,709.9299926757812,709.0999755859375,709.885009765625,147556
2026-07-16 11:14:00-04:00,709.3200073242188,709.3200073242188,709.7626953125,708.9199829101562,709.1599731445312,174411
2026-07-16 11:16:00-04:00,709.594970703125,709.594970703125,709.8699951171875,708.9600219726562,709.2999877929688,117301
2026-07-16 11:18:00-04:00,710.219970703125,710.219970703125,710.219970703125,709.5499877929688,709.6300048828125,143817
2026-07-16 11:20:00-04:00,709.6950073242188,709.6950073242188,710.25,709.4600219726562,710.239990234375,129669
2026-07-16 11:22:00-04:00,709.7550048828125,709.7550048828125,709.9400024414062,709.260009765625,709.6500244140625,60257
2026-07-16 11:24:00-04:00,711.0599975585938,711.0599975585938,711.1799926757812,709.5499877929688,709.7349853515625,153715
2026-07-16 11:26:00-04:00,711.0269165039062,711.0269165039062,711.6599731445312,710.97998046875,711.0900268554688,113169
2026-07-16 11:28:00-04:00,710.594970703125,710.594970703125,711.0599975585938,710.094970703125,711.0,103611
2026-07-16 11:30:00-04:00,711.030029296875,711.030029296875,711.030029296875,709.72998046875,710.5850219726562,78785
2026-07-16 11:32:00-04:00,711.030029296875,711.030029296875,711.361572265625,710.6917114257812,710.9949951171875,79387
2026-07-16 11:34:00-04:00,711.1300048828125,711.1300048828125,711.4000244140625,710.9600219726562,711.0,136943
2026-07-16 11:36:00-04:00,710.9600830078125,710.9600830078125,711.498779296875,710.7899780273438,711.1699829101562,156918
2026-07-16 11:38:00-04:00,711.8099975585938,711.8099975585938,712.02001953125,710.9400024414062,710.989990234375,106705
2026-07-16 11:40:00-04:00,710.2100219726562,710.2100219726562,711.8499755859375,710.2100219726562,711.75,96465
2026-07-16 11:42:00-04:00,710.155029296875,710.155029296875,710.6500244140625,710.0700073242188,710.2545776367188,54758
2026-07-16 11:44:00-04:00,709.875,709.875,710.4398803710938,709.7050170898438,710.1323852539062,78564
2026-07-16 11:46:00-04:00,709.6199951171875,709.6199951171875,709.9600219726562,709.4000244140625,709.739990234375,130446
2026-07-16 11:48:00-04:00,710.219970703125,710.219970703125,710.27001953125,709.3499755859375,709.6300048828125,112499
2026-07-16 11:50:00-04:00,710.9199829101562,710.9199829101562,711.1099853515625,710.2000732421875,710.219970703125,144900
2026-07-16 11:52:00-04:00,710.6500244140625,710.6500244140625,711.280029296875,710.594970703125,710.8900146484375,87772
2026-07-16 11:54:00-04:00,710.155029296875,710.155029296875,710.9591064453125,710.0001220703125,710.7000122070312,52126
2026-07-16 11:56:00-04:00,710.4299926757812,710.4299926757812,710.7000122070312,709.7999877929688,710.159912109375,71367
2026-07-16 11:58:00-04:00,710.219970703125,710.219970703125,710.6500244140625,710.1799926757812,710.4400024414062,36196
2026-07-16 12:00:00-04:00,709.6900024414062,709.6900024414062,710.2999877929688,709.5,710.25,124262
2026-07-16 12:02:00-04:00,709.6199951171875,709.6199951171875,709.719970703125,709.239990234375,709.719970703125,107451
2026-07-16 12:04:00-04:00,708.469970703125,708.469970703125,709.7999877929688,708.3400268554688,709.6300048828125,260396
2026-07-16 12:06:00-04:00,708.9400024414062,708.9400024414062,709.1900024414062,708.4100952148438,708.4600219726562,159139
2026-07-16 12:08:00-04:00,708.9749755859375,708.9749755859375,709.3255004882812,708.9000244140625,708.9500122070312,90484
2026-07-16 12:10:00-04:00,708.2999877929688,708.2999877929688,708.9464721679688,708.1900024414062,708.9057006835938,150149
2026-07-16 12:12:00-04:00,708.219970703125,708.219970703125,708.3900146484375,707.760009765625,708.2999877929688,1198397
2026-07-16 12:14:00-04:00,707.9998779296875,707.9998779296875,708.2999877929688,707.530029296875,708.2183227539062,143742
2026-07-16 12:16:00-04:00,707.7000122070312,707.7000122070312,708.0700073242188,707.6099853515625,707.989990234375,114598
2026-07-16 12:18:00-04:00,707.97998046875,707.97998046875,708.3099975585938,707.6799926757812,707.6950073242188,122336
2026-07-16 12:20:00-04:00,707.5700073242188,707.5700073242188,707.9500122070312,707.2349853515625,707.9500122070312,221039
2026-07-16 12:22:00-04:00,707.3796997070312,707.3796997070312,707.6900024414062,707.1199951171875,707.5599975585938,278338
2026-07-16 12:24:00-04:00,707.64501953125,707.64501953125,707.6699829101562,707.25,707.3599853515625,133516
2026-07-16 12:26:00-04:00,717.739990234375,717.739990234375,717.739990234375,707.6400146484375,707.6500244140625,216446
2026-07-16 12:28:00-04:00,707.9600219726562,707.9600219726562,708.27001953125,707.6500244140625,708.1500244140625,168538
2026-07-16 12:30:00-04:00,708.5499877929688,708.5499877929688,708.6199951171875,707.8400268554688,707.969970703125,134582
2026-07-16 12:32:00-04:00,708.4400024414062,708.4400024414062,708.9299926757812,708.3400268554688,708.5449829101562,127938
2026-07-16 12:34:00-04:00,707.885009765625,707.885009765625,708.5,707.780029296875,708.4500122070312,53765
2026-07-16 12:36:00-04:00,708.3099975585938,708.3099975585938,708.3399047851562,707.760009765625,707.9400024414062,46433
2026-07-16 12:38:00-04:00,707.7899780273438,707.7899780273438,708.47998046875,707.7301025390625,708.3400268554688,87821
2026-07-16 12:40:00-04:00,708.0650024414062,708.0650024414062,708.52001953125,707.6400146484375,707.8250122070312,117346
2026-07-16 12:42:00-04:00,707.8150024414062,707.8150024414062,708.0900268554688,707.6699829101562,708.0900268554688,216089
2026-07-16 12:44:00-04:00,707.5900268554688,707.5900268554688,708.1400146484375,707.5,707.8350219726562,87199
2026-07-16 12:46:00-04:00,707.4199829101562,707.4199829101562,707.6500244140625,707.2750244140625,707.60498046875,102956
2026-07-16 12:48:00-04:00,707.5599975585938,707.5599975585938,707.739990234375,707.344970703125,707.4099731445312,80635
2026-07-16 12:50:00-04:00,708.2127075195312,708.2127075195312,708.4699096679688,707.3410034179688,707.5900268554688,117250
2026-07-16 12:52:00-04:00,708.3699951171875,708.3699951171875,708.4400024414062,708.0150146484375,708.1505126953125,65509
2026-07-16 12:54:00-04:00,709.02001953125,709.02001953125,709.1987915039062,708.25,708.3900146484375,144376
2026-07-16 12:56:00-04:00,708.7249755859375,708.7249755859375,709.2000122070312,708.6699829101562,709.030517578125,91231
2026-07-16 12:58:00-04:00,708.8671264648438,708.8671264648438,709.1099853515625,708.52001953125,708.7150268554688,76289
2026-07-16 13:00:00-04:00,708.0700073242188,708.0700073242188,708.9400024414062,707.8350219726562,708.9299926757812,87985
2026-07-16 13:02:00-04:00,708.030029296875,708.030029296875,708.2999267578125,707.6199951171875,708.1099853515625,82696
2026-07-16 13:04:00-04:00,708.030029296875,708.030029296875,708.5,707.8200073242188,708.02001953125,59841
2026-07-16 13:06:00-04:00,708.1500244140625,708.1500244140625,708.3350219726562,707.6400146484375,708.0399780273438,75683
2026-07-16 13:08:00-04:00,708.5399780273438,708.5399780273438,708.7650146484375,708.0900268554688,708.1500244140625,77044
2026-07-16 13:10:00-04:00,708.2349853515625,708.2349853515625,708.75,708.1400146484375,708.5399780273438,59382
2026-07-16 13:12:00-04:00,707.9500122070312,707.9500122070312,708.3200073242188,707.85498046875,708.2550048828125,33970
2026-07-16 13:14:00-04:00,708.0399780273438,708.0399780273438,708.1900024414062,707.5999755859375,707.9149780273438,82171
2026-07-16 13:16:00-04:00,707.469970703125,707.469970703125,708.0399780273438,707.4199829101562,708.0399780273438,91253
2026-07-16 13:18:00-04:00,707.8900146484375,707.8900146484375,707.989990234375,707.4849853515625,707.5,85459
2026-07-16 13:20:00-04:00,707.655029296875,707.655029296875,708.0900268554688,707.530029296875,707.9299926757812,69387
2026-07-16 13:22:00-04:00,707.6298828125,707.6298828125,707.7000122070312,707.469970703125,707.5999755859375,59580
2026-07-16 13:24:00-04:00,707.6099853515625,707.6099853515625,707.7899780273438,707.3499755859375,707.5850219726562,89651
2026-07-16 13:26:00-04:00,708.3599853515625,708.3599853515625,708.4500122070312,707.4600219726562,707.5994873046875,197639
2026-07-16 13:28:00-04:00,708.739990234375,708.739990234375,708.97998046875,708.3300170898438,708.3300170898438,252221
2026-07-16 13:30:00-04:00,708.4199829101562,708.4199829101562,709.010009765625,708.3499755859375,708.7899780273438,74683
2026-07-16 13:32:00-04:00,707.844970703125,707.844970703125,708.7000122070312,707.8200073242188,708.4500122070312,39018
2026-07-16 13:34:00-04:00,707.6199951171875,707.6199951171875,707.9099731445312,707.530029296875,707.8699951171875,52916
2026-07-16 13:36:00-04:00,707.3699951171875,707.3699951171875,707.8800048828125,707.35498046875,707.5999755859375,106670
2026-07-16 13:38:00-04:00,707.25,707.25,707.6699829101562,707.1799926757812,707.3900146484375,159021
2026-07-16 13:40:00-04:00,706.5900268554688,706.5900268554688,707.25,706.489990234375,707.25,244632
2026-07-16 13:42:00-04:00,706.4199829101562,706.4199829101562,706.8400268554688,706.3099975585938,706.5850219726562,184629
2026-07-16 13:44:00-04:00,706.2000122070312,706.2000122070312,706.6300048828125,706.0401000976562,706.4199829101562,181927
2026-07-16 13:46:00-04:00,706.7100219726562,706.7100219726562,706.8800048828125,706.0399780273438,706.2000122070312,130140
2026-07-16 13:48:00-04:00,706.9349975585938,706.9349975585938,707.1798706054688,706.489990234375,706.7100219726562,102853
2026-07-16 13:50:00-04:00,706.7000122070312,706.7000122070312,707.0900268554688,706.7000122070312,706.9400024414062,87143
2026-07-16 13:52:00-04:00,707.0449829101562,707.0449829101562,707.1799926757812,706.4400024414062,706.64501953125,89088
2026-07-16 13:54:00-04:00,706.4299926757812,706.4299926757812,707.1699829101562,706.25,707.0599975585938,124143
2026-07-16 13:56:00-04:00,706.22998046875,706.22998046875,706.47998046875,706.1199951171875,706.4400024414062,205389
2026-07-16 13:58:00-04:00,706.6099853515625,706.6099853515625,706.739990234375,706.1849975585938,706.2050170898438,196759
2026-07-16 14:00:00-04:00,706.7899780273438,706.7899780273438,706.97998046875,706.3201293945312,706.5900268554688,103665
2026-07-16 14:02:00-04:00,706.47998046875,706.47998046875,706.8350219726562,706.3900146484375,706.760009765625,70116
2026-07-16 14:04:00-04:00,706.3699951171875,706.3699951171875,706.75,706.260009765625,706.5,191850
2026-07-16 14:06:00-04:00,706.4000244140625,706.4000244140625,706.7100219726562,706.1699829101562,706.3599853515625,140806
2026-07-16 14:08:00-04:00,706.360595703125,706.360595703125,706.6849975585938,706.0599975585938,706.385009765625,651597
2026-07-16 14:10:00-04:00,707.1099853515625,707.1099853515625,707.4334106445312,706.3699951171875,706.3699951171875,244207
2026-07-16 14:12:00-04:00,707.0,707.0,707.389892578125,706.6599731445312,707.030029296875,120690
2026-07-16 14:14:00-04:00,706.1900024414062,706.1900024414062,707.1099853515625,706.0,707.02001953125,99803
2026-07-16 14:16:00-04:00,707.2299194335938,707.2299194335938,707.3963012695312,706.219970703125,706.239990234375,126031
2026-07-16 14:18:00-04:00,707.1900024414062,707.1900024414062,707.3599853515625,706.948974609375,707.2150268554688,50716
2026-07-16 14:20:00-04:00,707.89501953125,707.89501953125,707.9299926757812,707.1300048828125,707.1900024414062,116653
2026-07-16 14:22:00-04:00,707.6900024414062,707.6900024414062,708.0599975585938,707.344970703125,707.8300170898438,98500
2026-07-16 14:24:00-04:00,707.3900146484375,707.3900146484375,707.9550170898438,707.3900146484375,707.6099853515625,48314
2026-07-16 14:26:00-04:00,707.510009765625,707.510009765625,707.985595703125,707.1799926757812,707.3300170898438,70313
2026-07-16 14:28:00-04:00,707.2100219726562,707.2100219726562,707.8399047851562,707.030029296875,707.5599975585938,49307
2026-07-16 14:30:00-04:00,706.7100219726562,706.7100219726562,707.0999755859375,706.6199951171875,707.0999755859375,570447
2026-07-16 14:32:00-04:00,706.72998046875,706.72998046875,706.9985961914062,706.6400146484375,706.7349853515625,59785
2026-07-16 14:34:00-04:00,706.5050048828125,706.5050048828125,706.8499755859375,706.281982421875,706.75,116117
2026-07-16 14:36:00-04:00,706.3399047851562,706.3399047851562,706.530029296875,706.0499877929688,706.4400024414062,88936
2026-07-16 14:38:00-04:00,706.1508178710938,706.1508178710938,706.489990234375,706.1400146484375,706.3400268554688,397327
2026-07-16 14:40:00-04:00,705.844970703125,705.844970703125,706.260009765625,705.5,706.1699829101562,153901
2026-07-16 14:42:00-04:00,706.4799194335938,706.4799194335938,706.6400146484375,705.7000122070312,705.89501953125,98916
2026-07-16 14:44:00-04:00,706.3599853515625,706.3599853515625,706.7354736328125,706.0900268554688,706.4600219726562,79282
2026-07-16 14:46:00-04:00,706.3701171875,706.3701171875,706.6099853515625,706.25,706.3662109375,83484
2026-07-16 14:48:00-04:00,706.5700073242188,706.5700073242188,706.8099975585938,706.3699951171875,706.3699951171875,78452
2026-07-16 14:50:00-04:00,706.469970703125,706.469970703125,706.75,706.4500122070312,706.5700073242188,50233
2026-07-16 14:52:00-04:00,705.989990234375,705.989990234375,706.469970703125,705.885009765625,706.4600219726562,155459
2026-07-16 14:54:00-04:00,705.6400146484375,705.6400146484375,706.030029296875,705.5900268554688,705.97998046875,70364
2026-07-16 14:56:00-04:00,705.6300048828125,705.6300048828125,706.0800170898438,705.5800170898438,705.6400146484375,127853
2026-07-16 14:58:00-04:00,705.8099975585938,705.8099975585938,705.9500122070312,705.5399780273438,705.6199951171875,74177
2026-07-16 15:00:00-04:00,705.8800048828125,705.8800048828125,706.2194213867188,705.5999755859375,705.77001953125,229482
2026-07-16 15:02:00-04:00,706.3200073242188,706.3200073242188,706.5599975585938,705.8499755859375,705.9299926757812,80849
2026-07-16 15:04:00-04:00,706.4849853515625,706.4849853515625,706.52001953125,705.9603881835938,706.3200073242188,78936
2026-07-16 15:06:00-04:00,705.3400268554688,705.3400268554688,706.4849853515625,705.1799926757812,706.4849853515625,221832
2026-07-16 15:08:00-04:00,705.1500244140625,705.1500244140625,705.3997802734375,705.0499877929688,705.3400268554688,244936
2026-07-16 15:10:00-04:00,705.2598876953125,705.2598876953125,705.4400024414062,705.0,705.1099853515625,317341
2026-07-16 15:12:00-04:00,704.989990234375,704.989990234375,705.25,704.9299926757812,705.22998046875,130927
2026-07-16 15:14:00-04:00,704.8900146484375,704.8900146484375,705.1099853515625,704.719970703125,704.989990234375,128472
2026-07-16 15:16:00-04:00,704.3685913085938,704.3685913085938,705.1699829101562,704.3200073242188,704.905029296875,146034
2026-07-16 15:18:00-04:00,704.643798828125,704.643798828125,704.7750244140625,704.219970703125,704.3499755859375,226671
2026-07-16 15:20:00-04:00,705.0599975585938,705.0599975585938,705.0800170898438,704.490478515625,704.6199951171875,278104
2026-07-16 15:22:00-04:00,704.3400268554688,704.3400268554688,705.0700073242188,704.3400268554688,705.0679931640625,173523
2026-07-16 15:24:00-04:00,704.1300048828125,704.1300048828125,704.489990234375,704.1300048828125,704.3400268554688,172546
2026-07-16 15:26:00-04:00,703.8800048828125,703.8800048828125,704.1199951171875,703.5900268554688,704.1199951171875,176775
2026-07-16 15:28:00-04:00,704.2899780273438,704.2899780273438,704.5999755859375,703.8599853515625,703.8599853515625,124473
2026-07-16 15:30:00-04:00,703.708984375,703.708984375,704.8300170898438,703.708984375,704.2899780273438,244656
2026-07-16 15:32:00-04:00,704.010009765625,704.010009765625,704.1199951171875,703.5601196289062,703.72998046875,346421
2026-07-16 15:34:00-04:00,703.9099731445312,703.9099731445312,704.4099731445312,703.9099731445312,704.030029296875,453704
2026-07-16 15:36:00-04:00,703.97998046875,703.97998046875,704.0900268554688,703.5599975585938,703.9400024414062,277536
2026-07-16 15:38:00-04:00,704.3699951171875,704.3699951171875,704.6300048828125,703.9699096679688,703.989990234375,243718
2026-07-16 15:40:00-04:00,704.5,704.5,704.5700073242188,703.8900146484375,704.3499755859375,289197
2026-07-16 15:42:00-04:00,704.0,704.0,704.5599975585938,703.9199829101562,704.4616088867188,428267
2026-07-16 15:44:00-04:00,703.6199951171875,703.6199951171875,704.0283813476562,703.2999877929688,703.97998046875,290210
2026-07-16 15:46:00-04:00,702.989990234375,702.989990234375,703.6599731445312,702.97998046875,703.6199951171875,739749
2026-07-16 15:48:00-04:00,702.9199829101562,702.9199829101562,703.0,702.6099853515625,702.989990234375,384936
2026-07-16 15:50:00-04:00,704.4299926757812,704.4299926757812,704.5,702.9299926757812,702.9299926757812,454475
2026-07-16 15:52:00-04:00,704.760009765625,704.760009765625,704.869873046875,704.3499755859375,704.4500122070312,435025
2026-07-16 15:54:00-04:00,705.5800170898438,705.5800170898438,705.77001953125,704.4400024414062,704.6900024414062,595379
2026-07-16 15:56:00-04:00,705.5599975585938,705.5599975585938,705.6500244140625,705.1900024414062,705.5700073242188,357188
2026-07-16 15:58:00-04:00,706.02001953125,706.02001953125,706.4600219726562,705.4099731445312,705.5599975585938,1094709
2026-07-17 09:30:00-04:00,693.3900146484375,693.3900146484375,693.4299926757812,691.4920043945312,691.6300048828125,3594222
2026-07-17 09:32:00-04:00,690.9099731445312,690.9099731445312,693.5399780273438,690.72998046875,693.4249877929688,460402
2026-07-17 09:34:00-04:00,689.9299926757812,689.9299926757812,690.9199829101562,689.760009765625,690.9199829101562,653843
2026-07-17 09:36:00-04:00,689.1900024414062,689.1900024414062,690.7000122070312,688.9500122070312,689.97998046875,665550
2026-07-17 09:38:00-04:00,688.1099853515625,688.1099853515625,689.260009765625,688.0,689.1599731445312,595042
2026-07-17 09:40:00-04:00,688.4500122070312,688.4500122070312,689.2899780273438,687.969970703125,688.1199951171875,620116
2026-07-17 09:42:00-04:00,687.0999755859375,687.0999755859375,688.5399780273438,687.0,688.4619750976562,503463
2026-07-17 09:44:00-04:00,687.72998046875,687.72998046875,688.0900268554688,686.760009765625,687.0999755859375,535663
2026-07-17 09:46:00-04:00,688.6199951171875,688.6199951171875,688.7100219726562,687.1500854492188,687.7200927734375,588968
2026-07-17 09:48:00-04:00,688.9749755859375,688.9749755859375,689.4299926757812,688.3300170898438,688.6199951171875,519721
2026-07-17 09:50:00-04:00,689.5650024414062,689.5650024414062,690.1199951171875,688.6699829101562,688.9400024414062,565070
2026-07-17 09:52:00-04:00,691.219970703125,691.219970703125,691.280029296875,689.4304809570312,689.594970703125,472173
2026-07-17 09:54:00-04:00,691.760009765625,691.760009765625,692.219970703125,690.930908203125,691.219970703125,529068
2026-07-17 09:56:00-04:00,692.6699829101562,692.6699829101562,692.8162841796875,691.5399780273438,691.760009765625,500058
2026-07-17 09:58:00-04:00,693.3499755859375,693.3499755859375,693.4099731445312,692.5900268554688,692.5999755859375,421719
2026-07-17 10:00:00-04:00,694.4600219726562,694.4600219726562,695.0999755859375,693.0399780273438,693.35498046875,541235
2026-07-17 10:02:00-04:00,695.0399780273438,695.0399780273438,695.9299926757812,694.31298828125,694.5,506156
2026-07-17 10:04:00-04:00,695.52001953125,695.52001953125,695.8300170898438,694.1900024414062,695.0650024414062,609852
2026-07-17 10:06:00-04:00,696.1599731445312,696.1599731445312,696.635009765625,695.4099731445312,695.5150146484375,507803
2026-07-17 10:08:00-04:00,696.5700073242188,696.5700073242188,696.75,695.9099731445312,696.3599853515625,461891
2026-07-17 10:10:00-04:00,697.4249877929688,697.4249877929688,697.8399047851562,696.4600219726562,696.60107421875,710213
2026-07-17 10:12:00-04:00,696.5700073242188,696.5700073242188,697.56298828125,696.1900024414062,697.4500122070312,491817
2026-07-17 10:14:00-04:00,697.3699951171875,697.3699951171875,697.5449829101562,695.8300170898438,696.5499877929688,284737
2026-07-17 10:16:00-04:00,697.64501953125,697.64501953125,698.3800048828125,696.760009765625,697.409912109375,295238
2026-07-17 10:18:00-04:00,697.5001220703125,697.5001220703125,698.010009765625,697.280029296875,697.5999755859375,211146
2026-07-17 10:20:00-04:00,697.6199951171875,697.6199951171875,697.8150024414062,696.6599731445312,697.4500122070312,202249
2026-07-17 10:22:00-04:00,697.22998046875,697.22998046875,697.97998046875,696.8099975585938,697.5399780273438,189886
2026-07-17 10:24:00-04:00,697.7200927734375,697.7200927734375,698.4199829101562,697.3300170898438,697.3400268554688,166784
2026-07-17 10:26:00-04:00,697.719970703125,697.719970703125,698.2100219726562,697.1599731445312,697.7000122070312,209141
2026-07-17 10:28:00-04:00,697.0299072265625,697.0299072265625,697.72998046875,696.6599731445312,697.6599731445312,192218
2026-07-17 10:30:00-04:00,696.3300170898438,696.3300170898438,697.4500122070312,696.2901000976562,697.0549926757812,315504
2026-07-17 10:32:00-04:00,695.719970703125,695.719970703125,697.030029296875,695.3099975585938,696.280029296875,300642
2026-07-17 10:34:00-04:00,697.260009765625,697.260009765625,697.3350219726562,695.760009765625,695.760009765625,163977
2026-07-17 10:36:00-04:00,697.5,697.5,698.02001953125,696.9600219726562,697.25,170254
2026-07-17 10:38:00-04:00,698.52001953125,698.52001953125,698.5499877929688,697.3499755859375,697.510009765625,236245
2026-07-17 10:40:00-04:00,697.6737060546875,697.6737060546875,698.5700073242188,697.5850219726562,698.5,105707
2026-07-17 10:42:00-04:00,696.5999755859375,696.5999755859375,698.0499877929688,696.3988037109375,697.7000122070312,94408
2026-07-17 10:44:00-04:00,696.5800170898438,696.5800170898438,697.010009765625,696.260009765625,696.5900268554688,534469
2026-07-17 10:46:00-04:00,697.1434936523438,697.1434936523438,697.6599731445312,695.5,696.27001953125,171326
2026-07-17 10:48:00-04:00,696.0399780273438,696.0399780273438,697.3699951171875,696.010009765625,697.27001953125,124038
2026-07-17 10:50:00-04:00,695.4000244140625,695.4000244140625,696.4199829101562,695.3800048828125,696.0,151011
2026-07-17 10:52:00-04:00,695.3599853515625,695.3599853515625,696.577880859375,695.3200073242188,695.3400268554688,124129
2026-07-17 10:54:00-04:00,696.2589721679688,696.2589721679688,696.4598999023438,695.0399780273438,695.3200073242188,318199
2026-07-17 10:56:00-04:00,695.4650268554688,695.4650268554688,696.3499755859375,695.1099853515625,696.2000122070312,152848
2026-07-17 10:58:00-04:00,694.469970703125,694.469970703125,695.4299926757812,694.35498046875,695.4149780273438,170384
2026-07-17 11:00:00-04:00,694.0800170898438,694.0800170898438,694.8887939453125,693.469970703125,694.5399780273438,522944
2026-07-17 11:02:00-04:00,693.7999877929688,693.7999877929688,694.469970703125,693.75,693.9600219726562,165288
2026-07-17 11:04:00-04:00,693.77001953125,693.77001953125,694.0700073242188,693.4400024414062,693.8099975585938,1678423
2026-07-17 11:06:00-04:00,693.5800170898438,693.5800170898438,694.1900024414062,693.2899780273438,693.7000122070312,187892
2026-07-17 11:08:00-04:00,694.5891723632812,694.5891723632812,694.6300048828125,693.5999755859375,693.6099853515625,207801
2026-07-17 11:10:00-04:00,693.8599853515625,693.8599853515625,695.1699829101562,693.5700073242188,694.5499877929688,256588
2026-07-17 11:12:00-04:00,693.72998046875,693.72998046875,694.5198974609375,693.635009765625,693.8400268554688,125615
2026-07-17 11:14:00-04:00,693.630126953125,693.630126953125,694.0900268554688,693.5,693.7009887695312,99935
2026-07-17 11:16:00-04:00,693.7999877929688,693.7999877929688,694.0900268554688,693.6099853515625,693.6550903320312,204628
2026-07-17 11:18:00-04:00,694.4650268554688,694.4650268554688,694.9500122070312,693.5700073242188,693.7449951171875,118812
2026-07-17 11:20:00-04:00,694.3699951171875,694.3699951171875,694.5999755859375,693.5501098632812,694.4500122070312,103831
2026-07-17 11:22:00-04:00,693.6876220703125,693.6876220703125,694.8616943359375,693.64501953125,694.4600219726562,361797
2026-07-17 11:24:00-04:00,694.0700073242188,694.0700073242188,694.2899780273438,693.1400146484375,693.7100219726562,177645
2026-07-17 11:26:00-04:00,694.3800048828125,694.3800048828125,694.7100219726562,694.094970703125,694.1199951171875,206693
2026-07-17 11:28:00-04:00,695.0449829101562,695.0449829101562,695.280029296875,694.2000122070312,694.280029296875,169444
2026-07-17 11:30:00-04:00,695.2000122070312,695.2000122070312,695.72998046875,694.8499755859375,695.135009765625,127404
2026-07-17 11:32:00-04:00,695.6900024414062,695.6900024414062,696.02001953125,694.3099975585938,695.1599731445312,233391
2026-07-17 11:34:00-04:00,695.0599975585938,695.0599975585938,695.7999877929688,694.4722290039062,695.6749877929688,125762
2026-07-17 11:36:00-04:00,696.25,696.25,696.4000244140625,695.0499877929688,695.0499877929688,126049
2026-07-17 11:38:00-04:00,696.844970703125,696.844970703125,697.0225219726562,695.75,696.1699829101562,142000
2026-07-17 11:40:00-04:00,696.2000122070312,696.2000122070312,697.2899780273438,695.905029296875,696.8099975585938,224957
2026-07-17 11:42:00-04:00,695.6602783203125,695.6602783203125,696.2949829101562,695.4299926757812,696.1248168945312,220191
2026-07-17 11:44:00-04:00,695.9398803710938,695.9398803710938,696.5,695.6300048828125,695.77001953125,114742
2026-07-17 11:46:00-04:00,696.75,696.75,696.75,695.8800048828125,695.89501953125,178300
2026-07-17 11:48:00-04:00,696.8599853515625,696.8599853515625,696.9400024414062,696.375,696.719970703125,127846
2026-07-17 11:50:00-04:00,696.8300170898438,696.8300170898438,697.0800170898438,696.2999877929688,696.875,292452
2026-07-17 11:52:00-04:00,697.3179931640625,697.3179931640625,697.5,696.7550048828125,696.8900146484375,193082
2026-07-17 11:54:00-04:00,698.9000244140625,698.9000244140625,698.9299926757812,697.3200073242188,697.3200073242188,340072
2026-07-17 11:56:00-04:00,699.010009765625,699.010009765625,699.2899780273438,698.8699951171875,698.8900146484375,211935
2026-07-17 11:58:00-04:00,699.489990234375,699.489990234375,699.8699951171875,698.8699951171875,698.989990234375,448804
2026-07-17 12:00:00-04:00,698.4299926757812,698.4299926757812,700.0499877929688,698.2999877929688,699.489990234375,832457
2026-07-17 12:02:00-04:00,698.0430297851562,698.0430297851562,698.8300170898438,697.6500244140625,698.489990234375,189326
2026-07-17 12:04:00-04:00,697.8900146484375,697.8900146484375,698.3400268554688,697.72998046875,698.0,110245
2026-07-17 12:06:00-04:00,697.7100219726562,697.7100219726562,698.22998046875,697.3599853515625,697.906005859375,122194
2026-07-17 12:08:00-04:00,699.0800170898438,699.0800170898438,699.0800170898438,697.5700073242188,697.6900024414062,1029584
2026-07-17 12:10:00-04:00,698.7849731445312,698.7849731445312,699.77001953125,698.7501220703125,699.0800170898438,133237
2026-07-17 12:12:00-04:00,699.3300170898438,699.3300170898438,699.5800170898438,698.5800170898438,698.7000122070312,101187
2026-07-17 12:14:00-04:00,699.760009765625,699.760009765625,699.8699951171875,699.3200073242188,699.3699951171875,139058
2026-07-17 12:16:00-04:00,699.6599731445312,699.6599731445312,700.0499877929688,699.3200073242188,699.8599853515625,179499
2026-07-17 12:18:00-04:00,699.7100219726562,699.7100219726562,700.010009765625,699.52001953125,699.6599731445312,185440
2026-07-17 12:20:00-04:00,698.594970703125,698.594970703125,699.8800048828125,698.5499877929688,699.7000122070312,261636
2026-07-17 12:22:00-04:00,698.0499877929688,698.0499877929688,698.7045288085938,697.9000244140625,698.60498046875,146868
2026-07-17 12:24:00-04:00,698.4600219726562,698.4600219726562,698.4600219726562,697.719970703125,698.0399780273438,115934
2026-07-17 12:26:00-04:00,699.4199829101562,699.4199829101562,699.7100219726562,698.0,698.3499755859375,104170
2026-07-17 12:28:00-04:00,699.0,699.0,699.5999755859375,699.0,699.4400024414062,58876
2026-07-17 12:30:00-04:00,698.5701293945312,698.5701293945312,699.4000244140625,698.3699951171875,698.97998046875,123522
2026-07-17 12:32:00-04:00,699.0399780273438,699.0399780273438,699.1199951171875,698.3900146484375,698.5700073242188,114364
2026-07-17 12:34:00-04:00,699.0900268554688,699.0900268554688,699.3250122070312,698.72998046875,699.030029296875,67959
2026-07-17 12:36:00-04:00,699.010498046875,699.010498046875,699.5050048828125,698.9099731445312,699.1199951171875,60055
2026-07-17 12:38:00-04:00,699.3250122070312,699.3250122070312,699.6685180664062,698.9400024414062,699.010009765625,85556
2026-07-17 12:40:00-04:00,699.212890625,699.212890625,699.4400024414062,698.719970703125,699.3128051757812,82876
2026-07-17 12:42:00-04:00,699.9924926757812,699.9924926757812,700.3300170898438,699.239990234375,699.2999877929688,188535
2026-07-17 12:44:00-04:00,700.3499755859375,700.3499755859375,700.47998046875,699.6300048828125,699.9310302734375,133865
2026-07-17 12:46:00-04:00,700.8200073242188,700.8200073242188,700.9299926757812,700.2100219726562,700.3150024414062,167391
2026-07-17 12:48:00-04:00,701.02001953125,701.02001953125,701.1400146484375,700.760009765625,700.8250122070312,206305
2026-07-17 12:50:00-04:00,701.5618286132812,701.5618286132812,701.7000122070312,700.7000122070312,701.0800170898438,281376
2026-07-17 12:52:00-04:00,701.1699829101562,701.1699829101562,701.760009765625,701.160888671875,701.5900268554688,164055
2026-07-17 12:54:00-04:00,700.8599853515625,700.8599853515625,701.5700073242188,700.8499755859375,701.1799926757812,644955
2026-07-17 12:56:00-04:00,700.4199829101562,700.4199829101562,700.9400024414062,700.3099975585938,700.8499755859375,249844
2026-07-17 12:58:00-04:00,700.5,700.5,700.72998046875,700.219970703125,700.4000244140625,217973
2026-07-17 13:00:00-04:00,701.5798950195312,701.5798950195312,701.9207153320312,700.3350219726562,700.530029296875,120917
2026-07-17 13:02:00-04:00,701.4000244140625,701.4000244140625,701.5900268554688,700.969970703125,701.5499877929688,112413
2026-07-17 13:04:00-04:00,701.3900146484375,701.3900146484375,701.5499877929688,701.1799926757812,701.4000244140625,164549
2026-07-17 13:06:00-04:00,701.8118286132812,701.8118286132812,701.989990234375,701.239990234375,701.3400268554688,337167
2026-07-17 13:08:00-04:00,701.9400024414062,701.9400024414062,702.0800170898438,701.5800170898438,701.8200073242188,111624
2026-07-17 13:10:00-04:00,701.739990234375,701.739990234375,702.2999877929688,701.7000122070312,701.9500122070312,122372
2026-07-17 13:12:00-04:00,701.4400024414062,701.4400024414062,701.97998046875,701.3800048828125,701.739990234375,84176
2026-07-17 13:14:00-04:00,701.530029296875,701.530029296875,701.530029296875,700.8300170898438,701.4600219726562,91106
2026-07-17 13:16:00-04:00,701.9000244140625,701.9000244140625,702.1500244140625,701.4600219726562,701.510009765625,106346
2026-07-17 13:18:00-04:00,701.1900024414062,701.1900024414062,701.9600219726562,701.1500244140625,701.9099731445312,227151
2026-07-17 13:20:00-04:00,700.7100219726562,700.7100219726562,701.1900024414062,700.6500244140625,701.1900024414062,126762
2026-07-17 13:22:00-04:00,700.9500122070312,700.9500122070312,701.2249755859375,700.7000122070312,700.8175048828125,139885
2026-07-17 13:24:00-04:00,701.2999877929688,701.2999877929688,701.3300170898438,700.7100219726562,701.02001953125,334627
2026-07-17 13:26:00-04:00,701.9099731445312,701.9099731445312,701.9692993164062,701.385009765625,701.4000244140625,126997
2026-07-17 13:28:00-04:00,702.0,702.0,702.1199951171875,701.780029296875,701.905029296875,133504
2026-07-17 13:30:00-04:00,701.75,701.75,702.1500244140625,701.64501953125,701.989990234375,142813
2026-07-17 13:32:00-04:00,701.739990234375,701.739990234375,702.010009765625,701.5800170898438,701.760009765625,80971
2026-07-17 13:34:00-04:00,700.719970703125,700.719970703125,701.8900146484375,700.6503295898438,701.8049926757812,66346
2026-07-17 13:36:00-04:00,700.8599853515625,700.8599853515625,701.0,700.5,700.7775268554688,227861
2026-07-17 13:38:00-04:00,700.6699829101562,700.6699829101562,700.8699951171875,700.4600219726562,700.864990234375,91853
2026-07-17 13:40:00-04:00,700.219970703125,700.219970703125,700.7000122070312,699.85498046875,700.6599731445312,192055
2026-07-17 13:42:00-04:00,700.0050048828125,700.0050048828125,700.3900146484375,699.75,700.2100219726562,115257
2026-07-17 13:44:00-04:00,700.219970703125,700.219970703125,700.3499755859375,699.6599731445312,700.0125732421875,156424
2026-07-17 13:46:00-04:00,700.011474609375,700.011474609375,700.219970703125,699.731201171875,700.2000122070312,60673
2026-07-17 13:48:00-04:00,700.1199951171875,700.1199951171875,700.3099975585938,699.9600219726562,700.010009765625,45287
2026-07-17 13:50:00-04:00,699.47998046875,699.47998046875,700.2999877929688,699.3400268554688,700.2000122070312,68224
2026-07-17 13:52:00-04:00,699.22998046875,699.22998046875,699.77001953125,699.1099853515625,699.530029296875,77854
2026-07-17 13:54:00-04:00,698.969970703125,698.969970703125,699.6500244140625,698.8724975585938,699.34228515625,74396
2026-07-17 13:56:00-04:00,698.7000122070312,698.7000122070312,699.0250244140625,698.4500122070312,698.9500122070312,93987
2026-07-17 13:58:00-04:00,698.60009765625,698.60009765625,698.8099975585938,698.280029296875,698.6849975585938,86314
2026-07-17 14:00:00-04:00,698.469970703125,698.469970703125,698.9719848632812,698.27001953125,698.6400146484375,296313
2026-07-17 14:02:00-04:00,699.4199829101562,699.4199829101562,699.4199829101562,698.510009765625,698.52001953125,311500
2026-07-17 14:04:00-04:00,698.6199951171875,698.6199951171875,699.530029296875,698.3599853515625,699.4600219726562,74978
2026-07-17 14:06:00-04:00,698.3250122070312,698.3250122070312,698.6699829101562,698.0,698.614990234375,125275
2026-07-17 14:08:00-04:00,697.989990234375,697.989990234375,698.5599975585938,697.9500122070312,698.44091796875,57543
2026-07-17 14:10:00-04:00,697.8499755859375,697.8499755859375,698.239990234375,697.6699829101562,698.0034790039062,74739
2026-07-17 14:12:00-04:00,697.9400024414062,697.9400024414062,698.010009765625,697.6099853515625,697.8436889648438,58665
2026-07-17 14:14:00-04:00,697.3800048828125,697.3800048828125,698.0800170898438,697.25,697.9400024414062,541464
2026-07-17 14:16:00-04:00,697.1849975585938,697.1849975585938,697.5,697.0599975585938,697.3599853515625,268169
2026-07-17 14:18:00-04:00,697.3900146484375,697.3900146484375,697.39501953125,697.0,697.1900024414062,114417
2026-07-17 14:20:00-04:00,697.0150146484375,697.0150146484375,697.4199829101562,696.8499755859375,697.3699951171875,132592
2026-07-17 14:22:00-04:00,697.5900268554688,697.5900268554688,697.719970703125,697.0150146484375,697.0150146484375,143450
2026-07-17 14:24:00-04:00,696.8900146484375,696.8900146484375,697.619873046875,696.8200073242188,697.619873046875,368424
2026-07-17 14:26:00-04:00,696.8400268554688,696.8400268554688,697.1799926757812,696.77001953125,696.9400024414062,108100
2026-07-17 14:28:00-04:00,697.52001953125,697.52001953125,697.5700073242188,696.7849731445312,696.8800048828125,104091
2026-07-17 14:30:00-04:00,697.8300170898438,697.8300170898438,698.4199829101562,697.4000244140625,697.5,167133
2026-07-17 14:32:00-04:00,697.0,697.0,697.9400024414062,696.969970703125,697.7449951171875,117554
2026-07-17 14:34:00-04:00,697.1799926757812,697.1799926757812,697.4299926757812,696.8400268554688,697.010009765625,53735
2026-07-17 14:36:00-04:00,697.0750122070312,697.0750122070312,697.530029296875,697.0700073242188,697.1799926757812,66926
2026-07-17 14:38:00-04:00,697.1199951171875,697.1199951171875,697.3499755859375,696.9600219726562,697.1400146484375,54138
2026-07-17 14:40:00-04:00,696.5499877929688,696.5499877929688,697.22998046875,696.4199829101562,697.2000122070312,134232
2026-07-17 14:42:00-04:00,696.2000122070312,696.2000122070312,696.9299926757812,696.1699829101562,696.5499877929688,265714
2026-07-17 14:44:00-04:00,696.469970703125,696.469970703125,696.7100219726562,696.1199951171875,696.1900024414062,194123
2026-07-17 14:46:00-04:00,697.2999877929688,697.2999877929688,697.32958984375,696.2949829101562,696.4849853515625,134402
2026-07-17 14:48:00-04:00,697.3300170898438,697.3300170898438,697.8200073242188,697.2000122070312,697.3300170898438,155432
2026-07-17 14:50:00-04:00,697.3800048828125,697.3800048828125,697.5599975585938,696.9500122070312,697.2999877929688,140545
2026-07-17 14:52:00-04:00,697.7800903320312,697.7800903320312,697.9299926757812,697.25,697.3200073242188,132920
2026-07-17 14:54:00-04:00,698.0,698.0,698.25,697.5800170898438,697.8049926757812,65573
2026-07-17 14:56:00-04:00,697.9600219726562,697.9600219726562,698.0499267578125,697.47998046875,697.9600219726562,71422
2026-07-17 14:58:00-04:00,697.7000122070312,697.7000122070312,698.123779296875,697.7000122070312,697.97998046875,51352
2026-07-17 15:00:00-04:00,697.3150024414062,697.3150024414062,697.8499755859375,697.1199951171875,697.6900024414062,93901
2026-07-17 15:02:00-04:00,697.3599853515625,697.3599853515625,697.4998779296875,696.9400024414062,697.280029296875,69873
2026-07-17 15:04:00-04:00,697.385009765625,697.385009765625,697.6796264648438,697.1901245117188,697.41357421875,44118
2026-07-17 15:06:00-04:00,696.6900024414062,696.6900024414062,697.6199951171875,696.5700073242188,697.4310302734375,117202
2026-07-17 15:08:00-04:00,696.5800170898438,696.5800170898438,696.7755126953125,696.4299926757812,696.5499877929688,63538
2026-07-17 15:10:00-04:00,696.0499877929688,696.0499877929688,696.6699829101562,695.8599853515625,696.5800170898438,155419
2026-07-17 15:12:00-04:00,695.5349731445312,695.5349731445312,696.1500244140625,695.5272827148438,696.0499877929688,144850
2026-07-17 15:14:00-04:00,695.0,695.0,695.5650024414062,694.9099731445312,695.5238037109375,286852
2026-07-17 15:16:00-04:00,694.9400024414062,694.9400024414062,695.25,694.5999755859375,695.0499877929688,333580
2026-07-17 15:18:00-04:00,695.4600219726562,695.4600219726562,695.5886840820312,694.9099731445312,694.9299926757812,122041
2026-07-17 15:20:00-04:00,695.0700073242188,695.0700073242188,695.4199829101562,695.02001953125,695.4199829101562,116359
2026-07-17 15:22:00-04:00,694.8900146484375,694.8900146484375,695.1199951171875,694.7999877929688,695.0999755859375,104105
2026-07-17 15:24:00-04:00,694.35498046875,694.35498046875,695.0700073242188,694.22998046875,694.9000244140625,254780
2026-07-17 15:26:00-04:00,695.4099731445312,695.4099731445312,695.4349975585938,694.280029296875,694.2999877929688,223340
2026-07-17 15:28:00-04:00,696.0900268554688,696.0900268554688,696.2999877929688,695.4199829101562,695.4199829101562,174902
2026-07-17 15:30:00-04:00,696.719970703125,696.719970703125,697.25,696.0399780273438,696.1199951171875,423462
2026-07-17 15:32:00-04:00,696.5399780273438,696.5399780273438,696.6799926757812,696.0800170898438,696.6799926757812,168931
2026-07-17 15:34:00-04:00,696.0800170898438,696.0800170898438,696.7750244140625,695.97998046875,696.6599731445312,116289
2026-07-17 15:36:00-04:00,696.5399780273438,696.5399780273438,696.8099975585938,695.8599853515625,696.094970703125,102301
2026-07-17 15:38:00-04:00,695.405029296875,695.405029296875,696.5700073242188,695.4000244140625,696.5700073242188,162187
2026-07-17 15:40:00-04:00,696.010009765625,696.010009765625,696.0700073242188,695.0800170898438,695.4099731445312,187494
2026-07-17 15:42:00-04:00,696.1300048828125,696.1300048828125,696.18701171875,695.47998046875,695.97998046875,211477
2026-07-17 15:44:00-04:00,696.3099975585938,696.3099975585938,696.669921875,695.9600219726562,696.1199951171875,336774
2026-07-17 15:46:00-04:00,696.6300048828125,696.6300048828125,696.6699829101562,695.8699951171875,696.3200073242188,205537
2026-07-17 15:48:00-04:00,696.8200073242188,696.8200073242188,696.9000244140625,696.4000244140625,696.5999755859375,161867
2026-07-17 15:50:00-04:00,697.3099975585938,697.3099975585938,697.5,696.614990234375,696.8800048828125,375285
2026-07-17 15:52:00-04:00,696.8400268554688,696.8400268554688,697.3900146484375,696.6500244140625,697.2999877929688,332919
2026-07-17 15:54:00-04:00,696.9199829101562,696.9199829101562,697.3099975585938,696.4600219726562,696.8300170898438,363390
2026-07-17 15:56:00-04:00,696.5800170898438,696.5800170898438,697.3499755859375,696.52001953125,696.97998046875,326414
2026-07-17 15:58:00-04:00,695.2999877929688,695.2999877929688,696.6599731445312,695.1699829101562,696.5800170898438,789109
2026-07-20 09:30:00-04:00,702.530029296875,702.530029296875,703.1325073242188,701.780029296875,702.260009765625,2188843
2026-07-20 09:32:00-04:00,704.1199951171875,704.1199951171875,704.1300048828125,702.5399780273438,702.5650024414062,299396
2026-07-20 09:34:00-04:00,704.3300170898438,704.3300170898438,704.75,703.9199829101562,704.0800170898438,273518
2026-07-20 09:36:00-04:00,705.0050048828125,705.0050048828125,705.1694946289062,704.1799926757812,704.3099975585938,263185
2026-07-20 09:38:00-04:00,704.2000122070312,704.2000122070312,705.1599731445312,704.0599975585938,704.989990234375,287607
2026-07-20 09:40:00-04:00,704.7100219726562,704.7100219726562,704.95947265625,704.125,704.22998046875,174391
2026-07-20 09:42:00-04:00,705.489990234375,705.489990234375,705.5499877929688,704.6699829101562,704.6900024414062,246320
2026-07-20 09:44:00-04:00,705.2600708007812,705.2600708007812,705.7999877929688,705.1900024414062,705.4600219726562,302618
2026-07-20 09:46:00-04:00,704.6400146484375,704.6400146484375,705.489990234375,704.530029296875,705.260009765625,302742
2026-07-20 09:48:00-04:00,704.010009765625,704.010009765625,704.77001953125,703.9199829101562,704.5999755859375,240131
2026-07-20 09:50:00-04:00,702.9677734375,702.9677734375,704.3499755859375,702.8499755859375,704.02001953125,221503
2026-07-20 09:52:00-04:00,702.4600219726562,702.4600219726562,703.14501953125,701.8699951171875,702.9500122070312,349933
2026-07-20 09:54:00-04:00,702.3800048828125,702.3800048828125,702.9600219726562,702.2000122070312,702.47998046875,201811
2026-07-20 09:56:00-04:00,701.1400756835938,701.1400756835938,702.375,701.0700073242188,702.375,258430
2026-07-20 09:58:00-04:00,701.0900268554688,701.0900268554688,701.5599975585938,700.6599731445312,701.1900024414062,287890
2026-07-20 10:00:00-04:00,700.8200073242188,700.8200073242188,701.280029296875,700.27001953125,701.0999755859375,264328
2026-07-20 10:02:00-04:00,702.010009765625,702.010009765625,702.0399780273438,700.8099975585938,700.8300170898438,225237
2026-07-20 10:04:00-04:00,701.47998046875,701.47998046875,702.3599853515625,701.3800048828125,702.010009765625,179057
2026-07-20 10:06:00-04:00,701.489990234375,701.489990234375,701.6199951171875,700.77001953125,701.3099975585938,173795
2026-07-20 10:08:00-04:00,701.3800048828125,701.3800048828125,701.75,700.8900146484375,701.5399780273438,285031
2026-07-20 10:10:00-04:00,700.0900268554688,700.0900268554688,701.3599853515625,699.8099975585938,701.3599853515625,186729
2026-07-20 10:12:00-04:00,700.3699951171875,700.3699951171875,700.419921875,699.6849975585938,700.0900268554688,268863
2026-07-20 10:14:00-04:00,701.0999755859375,701.0999755859375,701.1199951171875,700.1099853515625,700.3699951171875,180807
2026-07-20 10:16:00-04:00,699.9600219726562,699.9600219726562,701.27001953125,699.9400024414062,701.1500244140625,157930
2026-07-20 10:18:00-04:00,700.2199096679688,700.2199096679688,700.5855102539062,699.6771240234375,699.989990234375,152611
2026-07-20 10:20:00-04:00,699.2899780273438,699.2899780273438,700.2999877929688,698.9703979492188,700.1799926757812,245859
2026-07-20 10:22:00-04:00,700.4600219726562,700.4600219726562,700.5599975585938,698.9099731445312,699.3200073242188,138076
2026-07-20 10:24:00-04:00,701.04248046875,701.04248046875,701.1799926757812,700.2999877929688,700.469970703125,123087
2026-07-20 10:26:00-04:00,700.9949951171875,700.9949951171875,701.47998046875,700.7100219726562,701.0399780273438,117112
2026-07-20 10:28:00-04:00,701.89501953125,701.89501953125,701.9299926757812,700.635009765625,700.9550170898438,117080
2026-07-20 10:30:00-04:00,701.75,701.75,702.3599853515625,701.4600219726562,701.8800048828125,157506
2026-07-20 10:32:00-04:00,701.1099853515625,701.1099853515625,701.9600219726562,700.9099731445312,701.8499755859375,88410
2026-07-20 10:34:00-04:00,701.6494140625,701.6494140625,701.8099975585938,700.739990234375,701.125,103860
2026-07-20 10:36:00-04:00,701.030029296875,701.030029296875,701.7000122070312,700.635009765625,701.6900024414062,88721
2026-07-20 10:38:00-04:00,700.9450073242188,700.9450073242188,701.219970703125,700.5001220703125,701.0,73018
2026-07-20 10:40:00-04:00,700.6799926757812,700.6799926757812,701.5499877929688,700.5900268554688,700.989990234375,87060
2026-07-20 10:42:00-04:00,700.1799926757812,700.1799926757812,701.0050048828125,700.030029296875,700.6699829101562,83674
2026-07-20 10:44:00-04:00,700.530029296875,700.530029296875,700.6300048828125,699.5501098632812,700.1599731445312,166241
2026-07-20 10:46:00-04:00,700.0903930664062,700.0903930664062,701.239990234375,700.0499877929688,700.5595092773438,115698
2026-07-20 10:48:00-04:00,699.4400024414062,699.4400024414062,700.1829833984375,699.3800048828125,700.0401000976562,88693
2026-07-20 10:50:00-04:00,699.4598999023438,699.4598999023438,699.864990234375,699.2100219726562,699.3400268554688,121724
2026-07-20 10:52:00-04:00,698.8800048828125,698.8800048828125,699.760009765625,698.6900024414062,699.4299926757812,138475
2026-07-20 10:54:00-04:00,699.2750244140625,699.2750244140625,699.2999267578125,698.760009765625,698.9000244140625,95033
2026-07-20 10:56:00-04:00,698.6599731445312,698.6599731445312,699.4199829101562,698.2803955078125,699.25,207333
2026-07-20 10:58:00-04:00,698.5399780273438,698.5399780273438,698.9600219726562,698.1099853515625,698.6500244140625,188049
2026-07-20 11:00:00-04:00,699.219970703125,699.219970703125,699.25,698.0800170898438,698.510009765625,204596
2026-07-20 11:02:00-04:00,699.4099731445312,699.4099731445312,700.0700073242188,699.1900024414062,699.260009765625,134926
2026-07-20 11:04:00-04:00,698.47998046875,698.47998046875,699.6599731445312,698.35498046875,699.4249877929688,93835
2026-07-20 11:06:00-04:00,699.7498779296875,699.7498779296875,699.8699951171875,698.5050048828125,698.5050048828125,70499
2026-07-20 11:08:00-04:00,700.7999877929688,700.7999877929688,700.8098754882812,699.6599731445312,699.7498779296875,117568
2026-07-20 11:10:00-04:00,699.8599853515625,699.8599853515625,700.8900146484375,699.5800170898438,700.7899780273438,80282
2026-07-20 11:12:00-04:00,700.0999755859375,700.0999755859375,700.219970703125,699.72998046875,699.914794921875,63120
2026-07-20 11:14:00-04:00,700.280029296875,700.280029296875,700.3099975585938,699.4099731445312,700.1900024414062,66036
2026-07-20 11:16:00-04:00,700.9099731445312,700.9099731445312,701.0098266601562,700.1546020507812,700.280029296875,61494
2026-07-20 11:18:00-04:00,700.4500122070312,700.4500122070312,701.030029296875,700.3400268554688,700.9451293945312,91672
2026-07-20 11:20:00-04:00,701.0399780273438,701.0399780273438,701.1900024414062,700.1304931640625,700.4650268554688,84987
2026-07-20 11:22:00-04:00,701.1900024414062,701.1900024414062,701.719970703125,700.97998046875,701.0399780273438,104136
2026-07-20 11:24:00-04:00,701.260009765625,701.260009765625,701.5,701.0,701.1900024414062,98545
2026-07-20 11:26:00-04:00,700.989990234375,700.989990234375,701.5750122070312,700.97900390625,701.190673828125,86934
2026-07-20 11:28:00-04:00,701.5399780273438,701.5399780273438,701.5399780273438,700.4199829101562,700.969970703125,70372
2026-07-20 11:30:00-04:00,701.8101196289062,701.8101196289062,701.8634033203125,701.5,701.54052734375,270124
2026-07-20 11:32:00-04:00,701.6900024414062,701.6900024414062,701.8499755859375,701.4400024414062,701.8099975585938,55215
2026-07-20 11:34:00-04:00,701.6400146484375,701.6400146484375,701.7899780273438,701.3961791992188,701.6749877929688,44650
2026-07-20 11:36:00-04:00,701.2349853515625,701.2349853515625,701.75,701.2349853515625,701.5800170898438,39636
2026-07-20 11:38:00-04:00,701.1099853515625,701.1099853515625,701.614990234375,701.0999755859375,701.2999877929688,68847
2026-07-20 11:40:00-04:00,701.3010864257812,701.3010864257812,701.4400024414062,700.7999877929688,701.1400146484375,52746
2026-07-20 11:42:00-04:00,701.4299926757812,701.4299926757812,701.9500122070312,701.280029296875,701.280029296875,77148
2026-07-20 11:44:00-04:00,701.5399780273438,701.5399780273438,701.8900146484375,701.27001953125,701.27001953125,58634
2026-07-20 11:46:00-04:00,701.1400146484375,701.1400146484375,701.72998046875,700.9400024414062,701.530029296875,168454
2026-07-20 11:48:00-04:00,700.7996826171875,700.7996826171875,701.0999755859375,700.6099853515625,701.0999755859375,70656
2026-07-20 11:50:00-04:00,701.5599975585938,701.5599975585938,701.7000122070312,700.5399780273438,700.780029296875,83966
2026-07-20 11:52:00-04:00,702.0531005859375,702.0531005859375,702.1199951171875,701.4299926757812,701.5900268554688,59064
2026-07-20 11:54:00-04:00,702.5,702.5,702.5599975585938,702.02001953125,702.0650024414062,93195
2026-07-20 11:56:00-04:00,702.4600219726562,702.4600219726562,702.6900024414062,702.27001953125,702.5,106765
2026-07-20 11:58:00-04:00,702.3800048828125,702.3800048828125,702.6699829101562,702.219970703125,702.4000244140625,54443
2026-07-20 12:00:00-04:00,702.3099975585938,702.3099975585938,702.7999877929688,702.2999877929688,702.409912109375,66237
2026-07-20 12:02:00-04:00,702.5700073242188,702.5700073242188,702.5839233398438,701.8353881835938,702.2999877929688,75742
2026-07-20 12:04:00-04:00,703.3599853515625,703.3599853515625,703.47998046875,702.551025390625,702.5800170898438,130373
2026-07-20 12:06:00-04:00,703.596923828125,703.596923828125,703.6400146484375,703.156005859375,703.3599853515625,82920
2026-07-20 12:08:00-04:00,703.6699829101562,703.6699829101562,703.719970703125,703.510009765625,703.6599731445312,67791
2026-07-20 12:10:00-04:00,703.77001953125,703.77001953125,703.9400024414062,703.6138916015625,703.6699829101562,110748
2026-07-20 12:12:00-04:00,703.6300048828125,703.6300048828125,704.02001953125,703.489990234375,703.780029296875,98606
2026-07-20 12:14:00-04:00,703.3300170898438,703.3300170898438,703.8200073242188,703.3200073242188,703.5800170898438,110519
2026-07-20 12:16:00-04:00,703.5399780273438,703.5399780273438,703.5449829101562,703.2100219726562,703.2807006835938,79174
2026-07-20 12:18:00-04:00,703.6500244140625,703.6500244140625,703.7100219726562,703.4008178710938,703.5700073242188,48209
2026-07-20 12:20:00-04:00,703.6199951171875,703.6199951171875,703.8499755859375,703.5499877929688,703.6900024414062,177288
2026-07-20 12:22:00-04:00,703.780029296875,703.780029296875,703.7999877929688,703.5599975585938,703.6500244140625,38631
2026-07-20 12:24:00-04:00,703.1199951171875,703.1199951171875,703.8298950195312,702.9736938476562,703.7249755859375,132692
2026-07-20 12:26:00-04:00,703.0800170898438,703.0800170898438,703.239990234375,702.8200073242188,703.0900268554688,368408
2026-07-20 12:28:00-04:00,703.1873779296875,703.1873779296875,703.219970703125,702.8679809570312,703.0858764648438,38301
2026-07-20 12:30:00-04:00,703.0449829101562,703.0449829101562,703.5399780273438,702.9450073242188,703.260009765625,501780
2026-07-20 12:32:00-04:00,702.3348999023438,702.3348999023438,703.0999755859375,702.3099975585938,703.0999755859375,76335
2026-07-20 12:34:00-04:00,702.5,702.5,702.530029296875,702.2100219726562,702.2899780273438,67083
2026-07-20 12:36:00-04:00,702.7100219726562,702.7100219726562,702.7100219726562,702.1900024414062,702.4299926757812,51908
2026-07-20 12:38:00-04:00,702.9349975585938,702.9349975585938,702.9500122070312,702.3699951171875,702.707275390625,30568
2026-07-20 12:40:00-04:00,701.4400024414062,701.4400024414062,703.1400146484375,700.3099975585938,702.9349975585938,359071
2026-07-20 12:42:00-04:00,701.6799926757812,701.6799926757812,701.9299926757812,701.260009765625,701.5,81892
2026-07-20 12:44:00-04:00,701.1599731445312,701.1599731445312,701.780029296875,701.0648193359375,701.6300048828125,83007
2026-07-20 12:46:00-04:00,702.0800170898438,702.0800170898438,702.1594848632812,700.989990234375,701.218505859375,86178
2026-07-20 12:48:00-04:00,702.3800048828125,702.3800048828125,702.4000244140625,701.9299926757812,702.1094970703125,252466
2026-07-20 12:50:00-04:00,701.47998046875,701.47998046875,702.39990234375,701.3400268554688,702.3699951171875,69086
2026-07-20 12:52:00-04:00,701.2750244140625,701.2750244140625,701.5449829101562,701.030029296875,701.4600219726562,54314
2026-07-20 12:54:00-04:00,700.739990234375,700.739990234375,701.260009765625,700.4199829101562,701.260009765625,388585
2026-07-20 12:56:00-04:00,700.4199829101562,700.4199829101562,700.7550048828125,700.1400146484375,700.72998046875,130473
2026-07-20 12:58:00-04:00,700.8200073242188,700.8200073242188,700.9099731445312,700.47998046875,700.5100708007812,103804
2026-07-20 13:00:00-04:00,700.239990234375,700.239990234375,701.1599731445312,700.1599731445312,700.7899780273438,77601
2026-07-20 13:02:00-04:00,700.435791015625,700.435791015625,700.489990234375,700.1099853515625,700.2999877929688,40405
2026-07-20 13:04:00-04:00,700.0700073242188,700.0700073242188,700.4500122070312,699.8800048828125,700.4400024414062,59843
2026-07-20 13:06:00-04:00,699.9299926757812,699.9299926757812,700.22998046875,699.780029296875,700.0549926757812,37253
2026-07-20 13:08:00-04:00,700.3200073242188,700.3200073242188,700.4398803710938,699.6749877929688,699.9307861328125,58229
2026-07-20 13:10:00-04:00,699.8350219726562,699.8350219726562,700.4600219726562,699.7100830078125,700.3599853515625,55643
2026-07-20 13:12:00-04:00,699.6900024414062,699.6900024414062,699.9099731445312,699.510009765625,699.8200073242188,78828
2026-07-20 13:14:00-04:00,699.0750122070312,699.0750122070312,699.6900024414062,699.030029296875,699.6699829101562,78816
2026-07-20 13:16:00-04:00,699.6699829101562,699.6699829101562,699.7700805664062,699.0599975585938,699.0999755859375,89121
2026-07-20 13:18:00-04:00,700.1400146484375,700.1400146484375,700.2000122070312,699.760009765625,699.77001953125,77234
2026-07-20 13:20:00-04:00,700.239990234375,700.239990234375,700.2979125976562,699.7800903320312,700.0700073242188,80617
2026-07-20 13:22:00-04:00,700.4500122070312,700.4500122070312,700.5800170898438,700.219970703125,700.2449951171875,94917
2026-07-20 13:24:00-04:00,700.3900146484375,700.3900146484375,700.4600219726562,700.0,700.4204711914062,84496
2026-07-20 13:26:00-04:00,699.9006958007812,699.9006958007812,700.5250244140625,699.8300170898438,700.4199829101562,46907
2026-07-20 13:28:00-04:00,700.1530151367188,700.1530151367188,700.22998046875,699.8300170898438,699.9299926757812,37551
2026-07-20 13:30:00-04:00,699.969970703125,699.969970703125,700.3099975585938,699.8900146484375,700.1599731445312,40575
2026-07-20 13:32:00-04:00,700.0700073242188,700.0700073242188,700.3699951171875,699.8800048828125,700.0,59749
2026-07-20 13:34:00-04:00,700.335693359375,700.335693359375,700.515380859375,700.0150146484375,700.0676879882812,32495
2026-07-20 13:36:00-04:00,699.9249877929688,699.9249877929688,700.4033203125,699.8099975585938,700.3699951171875,48662
2026-07-20 13:38:00-04:00,699.8109130859375,699.8109130859375,700.1099853515625,699.77001953125,699.989990234375,51627
2026-07-20 13:40:00-04:00,699.4140014648438,699.4140014648438,699.8900146484375,699.1799926757812,699.8599853515625,70581
2026-07-20 13:42:00-04:00,698.9000244140625,698.9000244140625,699.4199829101562,698.7999877929688,699.3900146484375,69394
2026-07-20 13:44:00-04:00,699.6950073242188,699.6950073242188,699.7100219726562,698.8099975585938,698.89501953125,63008
2026-07-20 13:46:00-04:00,699.7901000976562,699.7901000976562,699.9000244140625,699.4199829101562,699.7050170898438,41895
2026-07-20 13:48:00-04:00,699.8900146484375,699.8900146484375,700.1083984375,699.7100219726562,699.8300170898438,34599
2026-07-20 13:50:00-04:00,700.3201293945312,700.3201293945312,700.3499755859375,699.7941284179688,699.8201293945312,41800
2026-07-20 13:52:00-04:00,700.5800170898438,700.5800170898438,700.6500244140625,700.2949829101562,700.2999877929688,72225
2026-07-20 13:54:00-04:00,700.3900146484375,700.3900146484375,700.739990234375,700.1699829101562,700.5900268554688,50119
2026-07-20 13:56:00-04:00,700.2000122070312,700.2000122070312,700.375,699.763671875,700.375,73194
2026-07-20 13:58:00-04:00,700.14990234375,700.14990234375,700.4199829101562,699.9400024414062,700.2498779296875,42689
2026-07-20 14:00:00-04:00,700.9100952148438,700.9100952148438,700.9334106445312,700.2695922851562,700.27001953125,92731
2026-07-20 14:02:00-04:00,700.5593872070312,700.5593872070312,701.0,700.4099731445312,700.8900146484375,186664
2026-07-20 14:04:00-04:00,700.52001953125,700.52001953125,700.6699829101562,700.3150024414062,700.5349731445312,302110
2026-07-20 14:06:00-04:00,700.4450073242188,700.4450073242188,700.6400146484375,700.219970703125,700.4500122070312,25484
2026-07-20 14:08:00-04:00,700.909912109375,700.909912109375,700.909912109375,700.1500244140625,700.3599853515625,98336
2026-07-20 14:10:00-04:00,700.7999877929688,700.7999877929688,701.010009765625,700.635009765625,700.9249877929688,40779
2026-07-20 14:12:00-04:00,701.0900268554688,701.0900268554688,701.219970703125,700.7949829101562,700.8300170898438,43672
2026-07-20 14:14:00-04:00,700.8900146484375,700.8900146484375,701.1500244140625,700.8499755859375,701.1300048828125,34184
2026-07-20 14:16:00-04:00,701.1170043945312,701.1170043945312,701.3900146484375,700.7050170898438,700.9100952148438,59374
2026-07-20 14:18:00-04:00,701.0,701.0,701.1400146484375,700.7601928710938,701.1199951171875,28855
2026-07-20 14:20:00-04:00,700.6240234375,700.6240234375,701.072998046875,700.2999877929688,701.030029296875,102563
2026-07-20 14:22:00-04:00,700.1199951171875,700.1199951171875,700.5795288085938,699.9099731445312,700.5700073242188,63147
2026-07-20 14:24:00-04:00,700.22998046875,700.22998046875,700.2399291992188,699.5599975585938,700.0599975585938,61779
2026-07-20 14:26:00-04:00,700.14501953125,700.14501953125,700.32080078125,700.030029296875,700.2391967773438,45269
2026-07-20 14:28:00-04:00,699.9346923828125,699.9346923828125,700.5,699.9299926757812,700.0800170898438,44369
2026-07-20 14:30:00-04:00,699.4299926757812,699.4299926757812,699.9598999023438,699.239990234375,699.9500122070312,80433
2026-07-20 14:32:00-04:00,699.1901245117188,699.1901245117188,699.5800170898438,699.0900268554688,699.5,57475
2026-07-20 14:34:00-04:00,699.3599853515625,699.3599853515625,699.489990234375,698.6599731445312,699.2050170898438,37882
2026-07-20 14:36:00-04:00,699.3817138671875,699.3817138671875,699.9000244140625,699.3699951171875,699.3900146484375,93707
2026-07-20 14:38:00-04:00,698.9249267578125,698.9249267578125,699.6300048828125,698.7100219726562,699.4000244140625,44856
2026-07-20 14:40:00-04:00,698.5,698.5,699.0700073242188,698.219970703125,698.9500122070312,155007
2026-07-20 14:42:00-04:00,698.2100219726562,698.2100219726562,698.5399780273438,698.0499877929688,698.510009765625,189125
2026-07-20 14:44:00-04:00,697.9400024414062,697.9400024414062,698.3200073242188,697.72998046875,698.2000122070312,130836
2026-07-20 14:46:00-04:00,698.3735961914062,698.3735961914062,698.5599975585938,697.8499755859375,697.969970703125,114745
2026-07-20 14:48:00-04:00,698.1199951171875,698.1199951171875,698.4299926757812,698.030029296875,698.3800048828125,89572
2026-07-20 14:50:00-04:00,698.1900024414062,698.1900024414062,698.405029296875,697.9099731445312,698.0900268554688,100797
2026-07-20 14:52:00-04:00,698.5499877929688,698.5499877929688,698.5770263671875,698.1550903320312,698.25,101917
2026-07-20 14:54:00-04:00,698.6099853515625,698.6099853515625,698.7899780273438,698.469970703125,698.5700073242188,87203
2026-07-20 14:56:00-04:00,698.0499877929688,698.0499877929688,698.7100219726562,698.0499877929688,698.7000122070312,68269
2026-07-20 14:58:00-04:00,698.0700073242188,698.0700073242188,698.2899780273438,697.719970703125,698.030029296875,58888
2026-07-20 15:00:00-04:00,698.510009765625,698.510009765625,698.6799926757812,698.0399780273438,698.0900268554688,186629
2026-07-20 15:02:00-04:00,697.4600219726562,697.4600219726562,698.5399780273438,697.4400024414062,698.52001953125,139611
2026-07-20 15:04:00-04:00,697.280029296875,697.280029296875,697.7100219726562,697.2000122070312,697.4299926757812,235845
2026-07-20 15:06:00-04:00,697.6400146484375,697.6400146484375,697.6900024414062,697.1300048828125,697.27001953125,164121
2026-07-20 15:08:00-04:00,697.5250244140625,697.5250244140625,697.75,697.405029296875,697.6300048828125,129359
2026-07-20 15:10:00-04:00,697.4400024414062,697.4400024414062,698.25,697.280029296875,697.52001953125,97348
2026-07-20 15:12:00-04:00,696.72998046875,696.72998046875,697.5499877929688,696.6599731445312,697.4400024414062,176934
2026-07-20 15:14:00-04:00,696.7675170898438,696.7675170898438,696.8699951171875,696.260009765625,696.7100219726562,193005
2026-07-20 15:16:00-04:00,696.780029296875,696.780029296875,697.1900024414062,696.4158935546875,696.77001953125,91493
2026-07-20 15:18:00-04:00,696.719970703125,696.719970703125,697.02001953125,696.63623046875,696.7999877929688,202726
2026-07-20 15:20:00-04:00,696.4849853515625,696.4849853515625,697.0,696.4400024414062,696.72998046875,92360
2026-07-20 15:22:00-04:00,696.9000244140625,696.9000244140625,696.9000244140625,696.2999877929688,696.5,94166
2026-07-20 15:24:00-04:00,696.6099853515625,696.6099853515625,697.1596069335938,696.5900268554688,696.9199829101562,108416
2026-07-20 15:26:00-04:00,696.6500244140625,696.6500244140625,696.6500244140625,696.3200073242188,696.6099853515625,121886
2026-07-20 15:28:00-04:00,697.6799926757812,697.6799926757812,698.0,696.4688110351562,696.6699829101562,230860
2026-07-20 15:30:00-04:00,697.9099731445312,697.9099731445312,698.1599731445312,697.2000122070312,697.7100219726562,261687
2026-07-20 15:32:00-04:00,697.989990234375,697.989990234375,698.3400268554688,697.8499755859375,697.9199829101562,143386
2026-07-20 15:34:00-04:00,697.5499877929688,697.5499877929688,698.260009765625,697.52001953125,697.97998046875,100386
2026-07-20 15:36:00-04:00,697.376220703125,697.376220703125,697.8098754882812,697.2999877929688,697.5700073242188,60578
2026-07-20 15:38:00-04:00,697.8400268554688,697.8400268554688,698.0800170898438,697.2449951171875,697.3200073242188,118238
2026-07-20 15:40:00-04:00,698.4199829101562,698.4199829101562,698.5900268554688,697.6400146484375,697.77001953125,178934
2026-07-20 15:42:00-04:00,698.0399780273438,698.0399780273438,698.5991821289062,697.74462890625,698.4299926757812,98523
2026-07-20 15:44:00-04:00,697.5311279296875,697.5311279296875,698.2581787109375,697.4500122070312,697.989990234375,106578
2026-07-20 15:46:00-04:00,697.5,697.5,697.8400268554688,697.3200073242188,697.510009765625,85081
2026-07-20 15:48:00-04:00,697.9199829101562,697.9199829101562,697.97998046875,697.3599853515625,697.4500122070312,96561
2026-07-20 15:50:00-04:00,696.6400146484375,696.6400146484375,697.8900146484375,696.5800170898438,697.8900146484375,397928
2026-07-20 15:52:00-04:00,696.280029296875,696.280029296875,696.7899780273438,696.27001953125,696.6500244140625,216293
2026-07-20 15:54:00-04:00,695.719970703125,695.719970703125,696.5,695.510009765625,696.27001953125,613039
2026-07-20 15:56:00-04:00,695.8200073242188,695.8200073242188,696.1799926757812,695.6300048828125,695.719970703125,459001
2026-07-20 15:58:00-04:00,695.989990234375,695.989990234375,696.1699829101562,695.530029296875,695.8200073242188,1007389
2026-07-21 09:30:00-04:00,705.3300170898438,705.3300170898438,707.1300048828125,704.8800048828125,706.6799926757812,2169136
2026-07-21 09:32:00-04:00,704.5894775390625,704.5894775390625,705.6199951171875,704.5894775390625,705.3400268554688,239995
2026-07-21 09:34:00-04:00,705.75,705.75,705.760009765625,704.4500122070312,704.5800170898438,177078
2026-07-21 09:36:00-04:00,705.4299926757812,705.4299926757812,706.6400146484375,705.0399780273438,705.760009765625,280746
2026-07-21 09:38:00-04:00,705.8250122070312,705.8250122070312,706.375,705.1950073242188,705.4271850585938,170119
2026-07-21 09:40:00-04:00,704.77001953125,704.77001953125,705.844970703125,704.5399780273438,705.7999877929688,315353
2026-07-21 09:42:00-04:00,704.9299926757812,704.9299926757812,705.5599975585938,704.5900268554688,704.8300170898438,249349
2026-07-21 09:44:00-04:00,704.5001220703125,704.5001220703125,705.22998046875,704.2999877929688,704.9000244140625,280230
2026-07-21 09:46:00-04:00,704.02001953125,704.02001953125,704.719970703125,703.5499877929688,704.5,162529
2026-07-21 09:48:00-04:00,704.6849975585938,704.6849975585938,704.7100219726562,703.8400268554688,704.0700073242188,147122
2026-07-21 09:50:00-04:00,704.62060546875,704.62060546875,705.5098876953125,704.6099853515625,704.719970703125,213394
2026-07-21 09:52:00-04:00,705.1287231445312,705.1287231445312,705.3699951171875,704.0999755859375,704.6500244140625,116137
2026-07-21 09:54:00-04:00,704.6085205078125,704.6085205078125,705.22998046875,704.3699951171875,705.0900268554688,118138
2026-07-21 09:56:00-04:00,704.02001953125,704.02001953125,704.5800170898438,703.5050048828125,704.5800170898438,168845
2026-07-21 09:58:00-04:00,704.9000244140625,704.9000244140625,704.9000244140625,703.6500244140625,703.9600219726562,89867
2026-07-21 10:00:00-04:00,705.030029296875,705.030029296875,705.75,704.8200073242188,704.969970703125,198770
2026-07-21 10:02:00-04:00,703.9600219726562,703.9600219726562,705.2598876953125,703.3400268554688,705.0399780273438,190085
2026-07-21 10:04:00-04:00,703.6699829101562,703.6699829101562,704.0899047851562,703.25,704.010009765625,92155
2026-07-21 10:06:00-04:00,703.7100219726562,703.7100219726562,704.5850219726562,703.6201171875,703.6849975585938,148461
2026-07-21 10:08:00-04:00,703.239990234375,703.239990234375,703.780029296875,703.0499877929688,703.7000122070312,187386
2026-07-21 10:10:00-04:00,703.2799072265625,703.2799072265625,703.5700073242188,702.8099975585938,703.155029296875,140272
2026-07-21 10:12:00-04:00,704.0800170898438,704.0800170898438,704.119873046875,703.280029296875,703.2899780273438,216178
2026-07-21 10:14:00-04:00,703.2949829101562,703.2949829101562,704.5438232421875,703.0,704.0800170898438,109801
2026-07-21 10:16:00-04:00,703.6901245117188,703.6901245117188,703.764892578125,702.9000244140625,703.3298950195312,96690
2026-07-21 10:18:00-04:00,705.010009765625,705.010009765625,705.1400146484375,703.6801147460938,703.7000122070312,166724
2026-07-21 10:20:00-04:00,704.0800170898438,704.0800170898438,705.3599853515625,703.9899291992188,705.010009765625,139903
2026-07-21 10:22:00-04:00,704.7327270507812,704.7327270507812,704.8800048828125,704.094970703125,704.094970703125,92253
2026-07-21 10:24:00-04:00,705.4500122070312,705.4500122070312,705.6099853515625,704.5900268554688,704.7899780273438,541022
2026-07-21 10:26:00-04:00,706.2000122070312,706.2000122070312,706.2999877929688,705.2999877929688,705.5089721679688,147262
2026-07-21 10:28:00-04:00,706.22998046875,706.22998046875,706.4500122070312,705.8699951171875,706.260009765625,178336
2026-07-21 10:30:00-04:00,706.719970703125,706.719970703125,706.7778930664062,706.1199951171875,706.219970703125,127255
2026-07-21 10:32:00-04:00,706.373291015625,706.373291015625,706.739990234375,706.280029296875,706.7000122070312,105846
2026-07-21 10:34:00-04:00,706.6900024414062,706.6900024414062,707.0,706.25,706.2999877929688,316288
2026-07-21 10:36:00-04:00,706.469970703125,706.469970703125,706.7999877929688,706.27001953125,706.6950073242188,89091
2026-07-21 10:38:00-04:00,706.1199951171875,706.1199951171875,706.52001953125,705.760009765625,706.489990234375,154337
2026-07-21 10:40:00-04:00,705.5123291015625,705.5123291015625,706.2579956054688,705.469970703125,706.1099853515625,88913
2026-07-21 10:42:00-04:00,706.4600219726562,706.4600219726562,706.5999755859375,705.2000122070312,705.5050048828125,110430
2026-07-21 10:44:00-04:00,707.0,707.0,707.3499755859375,706.4699096679688,706.47998046875,136493
2026-07-21 10:46:00-04:00,706.6099853515625,706.6099853515625,707.2100219726562,706.3300170898438,707.010009765625,98104
2026-07-21 10:48:00-04:00,706.739990234375,706.739990234375,707.4000244140625,706.5700073242188,706.6400146484375,127640
2026-07-21 10:50:00-04:00,706.8350219726562,706.8350219726562,706.8699951171875,706.3099975585938,706.72998046875,92775
2026-07-21 10:52:00-04:00,706.6500244140625,706.6500244140625,706.9500122070312,706.4000244140625,706.8200073242188,74804
2026-07-21 10:54:00-04:00,706.8599853515625,706.8599853515625,706.9000244140625,706.530029296875,706.5999755859375,65298
2026-07-21 10:56:00-04:00,706.6950073242188,706.6950073242188,706.8900146484375,706.3400268554688,706.8499755859375,112347
2026-07-21 10:58:00-04:00,707.0,707.0,707.0800170898438,706.5650024414062,706.719970703125,80419
2026-07-21 11:00:00-04:00,706.760009765625,706.760009765625,707.1400146484375,706.6599731445312,706.97998046875,66615
2026-07-21 11:02:00-04:00,706.1837768554688,706.1837768554688,706.7847900390625,705.8800048828125,706.7100219726562,118696
2026-07-21 11:04:00-04:00,706.27001953125,706.27001953125,706.27001953125,705.6500244140625,706.1599731445312,100592
2026-07-21 11:06:00-04:00,707.4600219726562,707.4600219726562,707.489990234375,706.27001953125,706.27001953125,107879
2026-07-21 11:08:00-04:00,707.8400268554688,707.8400268554688,708.010009765625,707.3699951171875,707.4299926757812,168139
2026-07-21 11:10:00-04:00,707.8900146484375,707.8900146484375,708.1099853515625,707.77001953125,707.8699951171875,88735
2026-07-21 11:12:00-04:00,708.1680908203125,708.1680908203125,708.4500122070312,707.8699951171875,707.8900146484375,168406
2026-07-21 11:14:00-04:00,708.1849975585938,708.1849975585938,708.4500122070312,708.1500244140625,708.2000122070312,82652
2026-07-21 11:16:00-04:00,708.39501953125,708.39501953125,708.4000244140625,708.030029296875,708.1300048828125,110518
2026-07-21 11:18:00-04:00,708.1199951171875,708.1199951171875,708.4099731445312,708.0599975585938,708.3800048828125,124943
2026-07-21 11:20:00-04:00,708.4000244140625,708.4000244140625,708.719970703125,707.8350219726562,708.0700073242188,202591
2026-07-21 11:22:00-04:00,708.3699951171875,708.3699951171875,708.510009765625,708.151611328125,708.4149780273438,95161
2026-07-21 11:24:00-04:00,708.6900024414062,708.6900024414062,708.6900024414062,708.2999877929688,708.3400268554688,110783
2026-07-21 11:26:00-04:00,708.8800048828125,708.8800048828125,708.989990234375,708.6799926757812,708.6799926757812,130217
2026-07-21 11:28:00-04:00,708.6900024414062,708.6900024414062,708.9299926757812,708.4600219726562,708.8699951171875,71352
2026-07-21 11:30:00-04:00,708.2000122070312,708.2000122070312,708.6799926757812,708.2000122070312,708.6599731445312,128595
2026-07-21 11:32:00-04:00,708.0399780273438,708.0399780273438,708.3300170898438,707.75,708.2100219726562,66944
2026-07-21 11:34:00-04:00,708.1500244140625,708.1500244140625,708.6599731445312,708.0,708.0432739257812,164288
2026-07-21 11:36:00-04:00,708.1400146484375,708.1400146484375,708.4400024414062,708.0800170898438,708.1500244140625,54462
2026-07-21 11:38:00-04:00,707.9450073242188,707.9450073242188,708.2349853515625,707.9000244140625,708.1900024414062,44085
2026-07-21 11:40:00-04:00,707.9600219726562,707.9600219726562,708.0800170898438,707.7100219726562,707.9298706054688,114507
2026-07-21 11:42:00-04:00,707.9600219726562,707.9600219726562,708.0499877929688,707.7999877929688,707.9349975585938,50599
2026-07-21 11:44:00-04:00,707.6699829101562,707.6699829101562,708.010009765625,707.510009765625,707.9500122070312,158350
2026-07-21 11:46:00-04:00,707.969970703125,707.969970703125,708.0,707.5999755859375,707.6599731445312,91627
2026-07-21 11:48:00-04:00,708.260009765625,708.260009765625,708.2999877929688,707.9600219726562,707.9600219726562,86735
2026-07-21 11:50:00-04:00,708.2949829101562,708.2949829101562,708.5,708.219970703125,708.280029296875,50505
2026-07-21 11:52:00-04:00,708.22998046875,708.22998046875,708.4199829101562,708.0,708.2899780273438,54514
2026-07-21 11:54:00-04:00,707.7800903320312,707.7800903320312,708.239990234375,707.760009765625,708.239990234375,163866
2026-07-21 11:56:00-04:00,707.9349975585938,707.9349975585938,708.0800170898438,707.7100219726562,707.7999877929688,33210
2026-07-21 11:58:00-04:00,707.5203247070312,707.5203247070312,708.010009765625,707.47998046875,707.9299926757812,75490
2026-07-21 12:00:00-04:00,707.9550170898438,707.9550170898438,708.030029296875,707.4299926757812,707.592529296875,87300
2026-07-21 12:02:00-04:00,708.280029296875,708.280029296875,708.280029296875,707.9199829101562,708.0,92837
2026-07-21 12:04:00-04:00,708.7100219726562,708.7100219726562,708.72998046875,708.280029296875,708.280029296875,64817
2026-07-21 12:06:00-04:00,708.77001953125,708.77001953125,708.8200073242188,708.6572265625,708.72998046875,98858
2026-07-21 12:08:00-04:00,708.739990234375,708.739990234375,709.0999755859375,708.6900024414062,708.7999877929688,78989
2026-07-21 12:10:00-04:00,708.780029296875,708.780029296875,708.8400268554688,708.6799926757812,708.739990234375,90793
2026-07-21 12:12:00-04:00,708.5,708.5,708.8099975585938,708.4600219726562,708.7899780273438,204500
2026-07-21 12:14:00-04:00,708.864990234375,708.864990234375,709.0,708.4500122070312,708.52001953125,169140
2026-07-21 12:16:00-04:00,708.9299926757812,708.9299926757812,708.97998046875,708.7949829101562,708.875,108055
2026-07-21 12:18:00-04:00,708.9000244140625,708.9000244140625,708.9205932617188,708.6300048828125,708.8900146484375,104793
2026-07-21 12:20:00-04:00,709.0800170898438,709.0800170898438,709.0900268554688,708.85498046875,708.9000244140625,92753
2026-07-21 12:22:00-04:00,709.2949829101562,709.2949829101562,709.4099731445312,709.0,709.0999755859375,114902
2026-07-21 12:24:00-04:00,709.0303955078125,709.0303955078125,709.4000244140625,709.030029296875,709.280029296875,98696
2026-07-21 12:26:00-04:00,708.7999877929688,708.7999877929688,709.0399780273438,708.655029296875,709.0399780273438,90686
2026-07-21 12:28:00-04:00,708.8300170898438,708.8300170898438,708.9400024414062,708.760009765625,708.8300170898438,157349
2026-07-21 12:30:00-04:00,708.760009765625,708.760009765625,709.0700073242188,708.6900024414062,708.8499755859375,230694
2026-07-21 12:32:00-04:00,708.7100219726562,708.7100219726562,708.7899780273438,708.6300048828125,708.760009765625,53159
2026-07-21 12:34:00-04:00,708.8900146484375,708.8900146484375,708.9500122070312,708.6699829101562,708.7000122070312,73583
2026-07-21 12:36:00-04:00,709.1400146484375,709.1400146484375,709.1699829101562,708.75,708.8800048828125,173116
2026-07-21 12:38:00-04:00,709.280029296875,709.280029296875,709.2999877929688,709.1400146484375,709.1699829101562,227539
2026-07-21 12:40:00-04:00,709.02001953125,709.02001953125,709.385009765625,708.989990234375,709.27001953125,126499
2026-07-21 12:42:00-04:00,709.0499877929688,709.0499877929688,709.1500244140625,708.864990234375,709.010009765625,75309
2026-07-21 12:44:00-04:00,709.0050048828125,709.0050048828125,709.1199951171875,708.8699951171875,709.0501708984375,62455
2026-07-21 12:46:00-04:00,709.1099853515625,709.1099853515625,709.2000122070312,708.8300170898438,708.989990234375,54612
2026-07-21 12:48:00-04:00,709.10009765625,709.10009765625,709.219970703125,709.0399780273438,709.10498046875,91597
2026-07-21 12:50:00-04:00,709.5800170898438,709.5800170898438,709.5900268554688,709.0900268554688,709.114990234375,108857
2026-07-21 12:52:00-04:00,709.5800170898438,709.5800170898438,709.6599731445312,709.52001953125,709.5750122070312,104351
2026-07-21 12:54:00-04:00,709.75,709.75,709.7750244140625,709.4949951171875,709.5700073242188,120973
2026-07-21 12:56:00-04:00,709.60498046875,709.60498046875,709.7899780273438,709.4500122070312,709.739990234375,63847
2026-07-21 12:58:00-04:00,709.2999877929688,709.2999877929688,709.64501953125,709.2899780273438,709.6199951171875,91160
2026-07-21 13:00:00-04:00,709.6890258789062,709.6890258789062,709.72998046875,709.2899780273438,709.2999877929688,218619
2026-07-21 13:02:00-04:00,709.6699829101562,709.6699829101562,709.75,709.530029296875,709.6849975585938,172181
2026-07-21 13:04:00-04:00,709.8200073242188,709.8200073242188,709.8400268554688,709.6199951171875,709.6599731445312,232757
2026-07-21 13:06:00-04:00,709.7100219726562,709.7100219726562,709.8800048828125,709.6900024414062,709.8400268554688,118972
2026-07-21 13:08:00-04:00,709.6699829101562,709.6699829101562,709.864990234375,709.6099853515625,709.7100219726562,73384
2026-07-21 13:10:00-04:00,709.4434204101562,709.4434204101562,709.739990234375,709.3400268554688,709.6950073242188,79915
2026-07-21 13:12:00-04:00,709.405029296875,709.405029296875,709.5599975585938,709.3037109375,709.489990234375,214722
2026-07-21 13:14:00-04:00,709.3499755859375,709.3499755859375,709.47998046875,709.3099975585938,709.4000244140625,39909
2026-07-21 13:16:00-04:00,709.469970703125,709.469970703125,709.5499877929688,709.3200073242188,709.3699951171875,48038
2026-07-21 13:18:00-04:00,709.280029296875,709.280029296875,709.6099853515625,709.22998046875,709.469970703125,98831
2026-07-21 13:20:00-04:00,709.2407836914062,709.2407836914062,709.489990234375,709.1599731445312,709.260009765625,84019
2026-07-21 13:22:00-04:00,709.2000122070312,709.2000122070312,709.4000244140625,709.1799926757812,709.2349853515625,55595
2026-07-21 13:24:00-04:00,709.280029296875,709.280029296875,709.4099731445312,709.1900024414062,709.219970703125,55604
2026-07-21 13:26:00-04:00,709.2150268554688,709.2150268554688,709.3499755859375,709.1699829101562,709.3099975585938,28357
2026-07-21 13:28:00-04:00,709.3150024414062,709.3150024414062,709.3400268554688,709.0900268554688,709.2150268554688,48617
2026-07-21 13:30:00-04:00,709.719970703125,709.719970703125,709.760009765625,709.3300170898438,709.3300170898438,86269
2026-07-21 13:32:00-04:00,709.4299926757812,709.4299926757812,709.7459106445312,709.4299926757812,709.7459106445312,60519
2026-07-21 13:34:00-04:00,709.5599975585938,709.5599975585938,709.5700073242188,709.2000122070312,709.4400024414062,49080
2026-07-21 13:36:00-04:00,709.6099853515625,709.6099853515625,709.7449951171875,709.5499877929688,709.5499877929688,49304
2026-07-21 13:38:00-04:00,709.6500244140625,709.6500244140625,709.6900024414062,709.5499877929688,709.6400146484375,55084
2026-07-21 13:40:00-04:00,709.4600219726562,709.4600219726562,709.6799926757812,709.4550170898438,709.6599731445312,45065
2026-07-21 13:42:00-04:00,709.52001953125,709.52001953125,709.5499877929688,709.3599853515625,709.4600219726562,173776
2026-07-21 13:44:00-04:00,709.3499755859375,709.3499755859375,709.6192016601562,709.3499755859375,709.52001953125,35269
2026-07-21 13:46:00-04:00,709.625,709.625,709.7197875976562,709.344970703125,709.35498046875,45770
2026-07-21 13:48:00-04:00,709.905517578125,709.905517578125,709.9097900390625,709.6176147460938,709.6199951171875,64007
2026-07-21 13:50:00-04:00,709.864990234375,709.864990234375,710.0499877929688,709.8300170898438,709.9099731445312,121468
2026-07-21 13:52:00-04:00,709.7100219726562,709.7100219726562,709.860107421875,709.7000122070312,709.8599853515625,44209
2026-07-21 13:54:00-04:00,709.5601196289062,709.5601196289062,709.739990234375,709.5599975585938,709.719970703125,45317
2026-07-21 13:56:00-04:00,709.5050048828125,709.5050048828125,709.6300048828125,709.469970703125,709.5599975585938,158125
2026-07-21 13:58:00-04:00,709.530029296875,709.530029296875,709.5800170898438,709.3300170898438,709.510009765625,69334
2026-07-21 14:00:00-04:00,709.6500244140625,709.6500244140625,709.8599853515625,709.469970703125,709.5399780273438,408511
2026-07-21 14:02:00-04:00,709.5399780273438,709.5399780273438,709.760009765625,709.489990234375,709.6300048828125,63063
2026-07-21 14:04:00-04:00,709.75,709.75,709.8099975585938,709.5399780273438,709.5399780273438,156753
2026-07-21 14:06:00-04:00,709.8350219726562,709.8350219726562,709.9199829101562,709.6799926757812,709.77001953125,161975
2026-07-21 14:08:00-04:00,709.77001953125,709.77001953125,710.030029296875,709.7550048828125,709.8499755859375,70355
2026-07-21 14:10:00-04:00,709.760009765625,709.760009765625,709.780029296875,709.614990234375,709.77001953125,54132
2026-07-21 14:12:00-04:00,709.6599731445312,709.6599731445312,709.7949829101562,709.5399780273438,709.7650146484375,161797
2026-07-21 14:14:00-04:00,709.469970703125,709.469970703125,709.655029296875,709.4409790039062,709.6500244140625,61963
2026-07-21 14:16:00-04:00,709.510009765625,709.510009765625,709.5599975585938,709.4000244140625,709.469970703125,62687
2026-07-21 14:18:00-04:00,709.469970703125,709.469970703125,709.5349731445312,709.3599853515625,709.530029296875,45511
2026-07-21 14:20:00-04:00,709.3400268554688,709.3400268554688,709.489501953125,709.280029296875,709.489501953125,106912
2026-07-21 14:22:00-04:00,709.5499877929688,709.5499877929688,709.5650024414062,709.3400268554688,709.3499755859375,55596
2026-07-21 14:24:00-04:00,709.3499755859375,709.3499755859375,709.6199951171875,709.3099975585938,709.5250244140625,61969
2026-07-21 14:26:00-04:00,709.0599975585938,709.0599975585938,709.3400268554688,709.030029296875,709.3400268554688,135002
2026-07-21 14:28:00-04:00,709.1599731445312,709.1599731445312,709.2100219726562,709.0599975585938,709.0599975585938,46563
2026-07-21 14:30:00-04:00,708.9099731445312,708.9099731445312,709.25,708.8699951171875,709.1500244140625,125305
2026-07-21 14:32:00-04:00,708.9400024414062,708.9400024414062,708.9598999023438,708.7999877929688,708.89501953125,52321
2026-07-21 14:34:00-04:00,709.3200073242188,709.3200073242188,709.3200073242188,708.9000244140625,708.9500122070312,100867
2026-07-21 14:36:00-04:00,709.260009765625,709.260009765625,709.3900146484375,709.2000122070312,709.3300170898438,55512
2026-07-21 14:38:00-04:00,709.2100219726562,709.2100219726562,709.4000244140625,709.2000122070312,709.2750244140625,35771
2026-07-21 14:40:00-04:00,709.280029296875,709.280029296875,709.3499755859375,709.02001953125,709.2100219726562,62480
2026-07-21 14:42:00-04:00,709.5999755859375,709.5999755859375,709.6199951171875,709.280029296875,709.280029296875,181009
2026-07-21 14:44:00-04:00,709.8250122070312,709.8250122070312,709.85498046875,709.5800170898438,709.5999755859375,156351
2026-07-21 14:46:00-04:00,709.6599731445312,709.6599731445312,709.8900146484375,709.5700073242188,709.8200073242188,157649
2026-07-21 14:48:00-04:00,709.530029296875,709.530029296875,709.6799926757812,709.3889770507812,709.6699829101562,39107
2026-07-21 14:50:00-04:00,709.4600219726562,709.4600219726562,709.5700073242188,709.4199829101562,709.510009765625,54983
2026-07-21 14:52:00-04:00,709.27001953125,709.27001953125,709.5499877929688,709.1599731445312,709.4600219726562,43390
2026-07-21 14:54:00-04:00,709.219970703125,709.219970703125,709.3200073242188,709.0999755859375,709.260009765625,58143
2026-07-21 14:56:00-04:00,709.0,709.0,709.2899780273438,708.9500122070312,709.2100219726562,49896
2026-07-21 14:58:00-04:00,709.2299194335938,709.2299194335938,709.239990234375,708.97998046875,709.010009765625,82162
2026-07-21 15:00:00-04:00,708.9298706054688,708.9298706054688,709.4000244140625,708.880126953125,709.22998046875,175113
2026-07-21 15:02:00-04:00,708.8900146484375,708.8900146484375,708.9650268554688,708.7999877929688,708.9199829101562,125533
2026-07-21 15:04:00-04:00,708.9949951171875,708.9949951171875,709.1588134765625,708.7750244140625,708.9099731445312,68849
2026-07-21 15:06:00-04:00,708.8800048828125,708.8800048828125,709.1699829101562,708.8599853515625,709.0,46020
2026-07-21 15:08:00-04:00,708.7797241210938,708.7797241210938,708.989990234375,708.6602172851562,708.9000244140625,80115
2026-07-21 15:10:00-04:00,708.7999877929688,708.7999877929688,708.9000244140625,708.635009765625,708.780029296875,74844
2026-07-21 15:12:00-04:00,708.780029296875,708.780029296875,708.9578247070312,708.7449951171875,708.8298950195312,33527
2026-07-21 15:14:00-04:00,708.77001953125,708.77001953125,708.9099731445312,708.6405029296875,708.72998046875,60901
2026-07-21 15:16:00-04:00,708.8699951171875,708.8699951171875,708.989990234375,708.719970703125,708.77001953125,49911
2026-07-21 15:18:00-04:00,708.9151000976562,708.9151000976562,709.0,708.8300170898438,708.8699951171875,45900
2026-07-21 15:20:00-04:00,708.75,708.75,708.97998046875,708.7000122070312,708.9000244140625,48415
2026-07-21 15:22:00-04:00,708.8300170898438,708.8300170898438,708.9199829101562,708.7000122070312,708.7349853515625,27794
2026-07-21 15:24:00-04:00,708.7100219726562,708.7100219726562,708.8599853515625,708.7100219726562,708.8300170898438,38918
2026-07-21 15:26:00-04:00,708.5250244140625,708.5250244140625,708.8300170898438,708.510009765625,708.7000122070312,90089
2026-07-21 15:28:00-04:00,708.3900146484375,708.3900146484375,708.6099853515625,708.3300170898438,708.510009765625,79996
2026-07-21 15:30:00-04:00,708.7000122070312,708.7000122070312,708.7150268554688,708.3300170898438,708.4199829101562,92842
2026-07-21 15:32:00-04:00,708.739990234375,708.739990234375,708.8189697265625,708.6599731445312,708.6900024414062,70585
2026-07-21 15:34:00-04:00,709.0800170898438,709.0800170898438,709.1099853515625,708.6599731445312,708.7349853515625,96866
2026-07-21 15:36:00-04:00,709.2650146484375,709.2650146484375,709.2899780273438,709.0549926757812,709.0700073242188,106145
2026-07-21 15:38:00-04:00,709.1799926757812,709.1799926757812,709.3099975585938,709.0800170898438,709.27001953125,345561
2026-07-21 15:40:00-04:00,709.1199951171875,709.1199951171875,709.22998046875,709.0700073242188,709.1799926757812,263691
2026-07-21 15:42:00-04:00,709.4600219726562,709.4600219726562,709.469970703125,709.0700073242188,709.1298828125,266209
2026-07-21 15:44:00-04:00,709.405029296875,709.405029296875,709.5399780273438,709.375,709.4600219726562,202938
2026-07-21 15:46:00-04:00,709.2100219726562,709.2100219726562,709.47998046875,709.2000122070312,709.4099731445312,103078
2026-07-21 15:48:00-04:00,709.531494140625,709.531494140625,709.5499877929688,709.2000122070312,709.2249755859375,98076
2026-07-21 15:50:00-04:00,709.3699951171875,709.3699951171875,709.6699829101562,708.9600219726562,709.52001953125,523367
2026-07-21 15:52:00-04:00,709.4199829101562,709.4199829101562,709.5499877929688,709.3300170898438,709.3800048828125,314713
2026-07-21 15:54:00-04:00,709.4550170898438,709.4550170898438,709.8599853515625,709.3800048828125,709.4199829101562,1151029
2026-07-21 15:56:00-04:00,709.6699829101562,709.6699829101562,709.72998046875,709.4099731445312,709.4500122070312,523860
2026-07-21 15:58:00-04:00,708.9500122070312,708.9500122070312,709.6624755859375,708.6500244140625,709.6624755859375,2544485
2026-07-22 09:30:00-04:00,704.5399780273438,704.5399780273438,704.6798706054688,703.6400146484375,704.3499755859375,2510700
2026-07-22 09:32:00-04:00,704.8699951171875,704.8699951171875,705.3499755859375,704.1199951171875,704.47998046875,270507
2026-07-22 09:34:00-04:00,705.0599975585938,705.0599975585938,705.1849975585938,704.614013671875,704.8800048828125,212578
2026-07-22 09:36:00-04:00,705.29052734375,705.29052734375,705.3900146484375,704.3699951171875,705.0549926757812,252965
2026-07-22 09:38:00-04:00,705.1837768554688,705.1837768554688,705.3837890625,704.1599731445312,705.239990234375,181219
2026-07-22 09:40:00-04:00,705.22998046875,705.22998046875,705.385009765625,704.6036987304688,705.1900024414062,281217
2026-07-22 09:42:00-04:00,705.7109985351562,705.7109985351562,705.8200073242188,705.1599731445312,705.2598876953125,346286
2026-07-22 09:44:00-04:00,706.3599853515625,706.3599853515625,706.6699829101562,705.4860229492188,705.7100219726562,391742
2026-07-22 09:46:00-04:00,705.6400146484375,705.6400146484375,706.5050048828125,705.5750122070312,706.3699951171875,196328
2026-07-22 09:48:00-04:00,705.5700073242188,705.5700073242188,705.9650268554688,705.2449951171875,705.6599731445312,142463
2026-07-22 09:50:00-04:00,705.8699951171875,705.8699951171875,706.25,705.0999755859375,705.5999755859375,139428
2026-07-22 09:52:00-04:00,706.8499755859375,706.8499755859375,706.8499755859375,705.8699951171875,705.8699951171875,182721
2026-07-22 09:54:00-04:00,707.27001953125,707.27001953125,707.3099975585938,706.780029296875,706.8400268554688,190598
2026-07-22 09:56:00-04:00,707.60498046875,707.60498046875,707.7100219726562,707.0800170898438,707.260009765625,267264
2026-07-22 09:58:00-04:00,708.0999755859375,708.0999755859375,708.0999755859375,707.3499755859375,707.5999755859375,191720
2026-07-22 10:00:00-04:00,707.760009765625,707.760009765625,708.239990234375,707.719970703125,708.0900268554688,269396
2026-07-22 10:02:00-04:00,707.280029296875,707.280029296875,707.9000244140625,707.1749877929688,707.7550048828125,167510
2026-07-22 10:04:00-04:00,708.030029296875,708.030029296875,708.1090087890625,707.2100219726562,707.2650146484375,104220
2026-07-22 10:06:00-04:00,707.1400146484375,707.1400146484375,708.0499877929688,706.9500122070312,708.0499877929688,128320
2026-07-22 10:08:00-04:00,706.8099975585938,706.8099975585938,707.3093872070312,706.75,707.1900024414062,140131
2026-07-22 10:10:00-04:00,707.52001953125,707.52001953125,707.6500244140625,706.6400146484375,706.7999877929688,136205
2026-07-22 10:12:00-04:00,706.9299926757812,706.9299926757812,707.739990234375,706.8300170898438,707.530029296875,125689
2026-07-22 10:14:00-04:00,706.405029296875,706.405029296875,707.2000122070312,706.1599731445312,706.9500122070312,135547
2026-07-22 10:16:00-04:00,706.9498901367188,706.9498901367188,707.0,706.219970703125,706.4000244140625,124729
2026-07-22 10:18:00-04:00,707.489990234375,707.489990234375,707.5,706.4404907226562,706.9099731445312,118753
2026-07-22 10:20:00-04:00,707.760009765625,707.760009765625,707.989990234375,707.3099975585938,707.4600219726562,128145
2026-07-22 10:22:00-04:00,706.6599731445312,706.6599731445312,707.8400268554688,706.3499755859375,707.77001953125,138382
2026-07-22 10:24:00-04:00,706.7899780273438,706.7899780273438,707.0,706.219970703125,706.6699829101562,92699
2026-07-22 10:26:00-04:00,706.639404296875,706.639404296875,706.9797973632812,706.280029296875,706.8400268554688,164968
2026-07-22 10:28:00-04:00,706.7098999023438,706.7098999023438,706.89990234375,706.2999877929688,706.5999755859375,77081
2026-07-22 10:30:00-04:00,706.97998046875,706.97998046875,707.1300048828125,706.5850219726562,706.6900024414062,105284
2026-07-22 10:32:00-04:00,707.0650024414062,707.0650024414062,707.6599731445312,706.47998046875,707.0,174573
2026-07-22 10:34:00-04:00,706.8200073242188,706.8200073242188,707.22998046875,706.4183959960938,707.0599975585938,96423
2026-07-22 10:36:00-04:00,706.8200073242188,706.8200073242188,707.3101196289062,706.7550048828125,706.8699951171875,107725
2026-07-22 10:38:00-04:00,706.72998046875,706.72998046875,706.9600219726562,706.4301147460938,706.844970703125,140376
2026-07-22 10:40:00-04:00,705.989990234375,705.989990234375,707.0,705.8499755859375,706.6900024414062,367699
2026-07-22 10:42:00-04:00,706.010009765625,706.010009765625,706.3099975585938,705.5800170898438,705.9650268554688,120782
2026-07-22 10:44:00-04:00,706.1500244140625,706.1500244140625,706.2429809570312,705.6199951171875,706.010009765625,116142
2026-07-22 10:46:00-04:00,706.530029296875,706.530029296875,706.8800048828125,706.1099853515625,706.2014770507812,92339
2026-07-22 10:48:00-04:00,706.8200073242188,706.8200073242188,706.9500122070312,706.3200073242188,706.5449829101562,76019
2026-07-22 10:50:00-04:00,706.52001953125,706.52001953125,706.864990234375,705.9299926757812,706.7999877929688,76194
2026-07-22 10:52:00-04:00,706.22998046875,706.22998046875,706.760009765625,706.0999755859375,706.5399780273438,63123
2026-07-22 10:54:00-04:00,706.219970703125,706.219970703125,706.72998046875,705.8400268554688,706.25,84280
2026-07-22 10:56:00-04:00,706.8499755859375,706.8499755859375,706.875,706.1439208984375,706.239990234375,78642
2026-07-22 10:58:00-04:00,707.1900024414062,707.1900024414062,707.2899780273438,706.8759765625,706.8759765625,79100
2026-07-22 11:00:00-04:00,707.4050903320312,707.4050903320312,707.8200073242188,707.2000122070312,707.2000122070312,161202
2026-07-22 11:02:00-04:00,707.7100219726562,707.7100219726562,707.978271484375,707.27001953125,707.3701171875,149170
2026-07-22 11:04:00-04:00,708.4099731445312,708.4099731445312,708.4299926757812,707.72998046875,707.72998046875,95047
2026-07-22 11:06:00-04:00,708.5700073242188,708.5700073242188,708.597412109375,708.3114013671875,708.4099731445312,134348
2026-07-22 11:08:00-04:00,708.4600219726562,708.4600219726562,708.7000122070312,708.4099731445312,708.5549926757812,85501
2026-07-22 11:10:00-04:00,708.6298828125,708.6298828125,708.9600219726562,708.3699951171875,708.43212890625,132873
2026-07-22 11:12:00-04:00,708.6099853515625,708.6099853515625,708.7999877929688,708.4299926757812,708.5800170898438,95985
2026-07-22 11:14:00-04:00,708.7999877929688,708.7999877929688,708.9299926757812,708.4600219726562,708.5999755859375,82832
2026-07-22 11:16:00-04:00,708.635009765625,708.635009765625,708.969970703125,708.635009765625,708.8599853515625,100103
2026-07-22 11:18:00-04:00,708.8599853515625,708.8599853515625,708.8599853515625,708.4400024414062,708.6099853515625,131208
2026-07-22 11:20:00-04:00,708.718994140625,708.718994140625,709.280029296875,708.7000122070312,708.8599853515625,142587
2026-07-22 11:22:00-04:00,708.9000244140625,708.9000244140625,708.9000244140625,708.55029296875,708.6649780273438,57849
2026-07-22 11:24:00-04:00,709.3499755859375,709.3499755859375,709.3499755859375,708.8800048828125,708.8800048828125,92935
2026-07-22 11:26:00-04:00,709.4099731445312,709.4099731445312,709.6472778320312,709.2999877929688,709.3499755859375,154949
2026-07-22 11:28:00-04:00,709.22998046875,709.22998046875,709.4600219726562,709.1900024414062,709.3900146484375,74388
2026-07-22 11:30:00-04:00,709.260009765625,709.260009765625,709.469970703125,709.0501098632812,709.239990234375,88746
2026-07-22 11:32:00-04:00,708.6242065429688,708.6242065429688,709.280029296875,708.5900268554688,709.2550048828125,141045
2026-07-22 11:34:00-04:00,708.739990234375,708.739990234375,708.7706298828125,708.3400268554688,708.6199951171875,84893
2026-07-22 11:36:00-04:00,708.5150146484375,708.5150146484375,708.8699951171875,708.2000122070312,708.760009765625,139138
2026-07-22 11:38:00-04:00,708.2000122070312,708.2000122070312,708.6300048828125,708.1199951171875,708.5399780273438,106710
2026-07-22 11:40:00-04:00,708.56201171875,708.56201171875,708.6799926757812,708.013671875,708.1900024414062,56296
2026-07-22 11:42:00-04:00,708.25,708.25,708.6799926757812,708.1400146484375,708.5800170898438,51733
2026-07-22 11:44:00-04:00,708.6799926757812,708.6799926757812,708.75,708.260009765625,708.2899169921875,67013
2026-07-22 11:46:00-04:00,708.5999755859375,708.5999755859375,708.8499755859375,708.4199829101562,708.6400146484375,44378
2026-07-22 11:48:00-04:00,708.8079833984375,708.8079833984375,708.8200073242188,708.510009765625,708.5999755859375,56814
2026-07-22 11:50:00-04:00,709.1400146484375,709.1400146484375,709.2000122070312,708.7858276367188,708.8099975585938,50655
2026-07-22 11:52:00-04:00,708.9600219726562,708.9600219726562,709.4099731445312,708.9500122070312,709.1400146484375,60761
2026-07-22 11:54:00-04:00,708.8900146484375,708.8900146484375,709.0499877929688,708.623779296875,708.9500122070312,119607
2026-07-22 11:56:00-04:00,708.9349975585938,708.9349975585938,708.969970703125,708.6900024414062,708.8599853515625,27095
2026-07-22 11:58:00-04:00,709.3599853515625,709.3599853515625,709.4099731445312,708.9199829101562,708.9600219726562,38698
2026-07-22 12:00:00-04:00,709.0250244140625,709.0250244140625,709.4400024414062,708.9400024414062,709.3699951171875,45539
2026-07-22 12:02:00-04:00,709.1201171875,709.1201171875,709.2100219726562,708.969970703125,709.030029296875,27100
2026-07-22 12:04:00-04:00,709.2150268554688,709.2150268554688,709.2349853515625,708.97998046875,709.1038208007812,46625
2026-07-22 12:06:00-04:00,709.3099975585938,709.3099975585938,709.4299926757812,709.1799926757812,709.239990234375,48772
2026-07-22 12:08:00-04:00,709.3112182617188,709.3112182617188,709.3549194335938,709.2100219726562,709.2999877929688,35694
2026-07-22 12:10:00-04:00,709.031005859375,709.031005859375,709.3499755859375,709.030029296875,709.2999877929688,63288
2026-07-22 12:12:00-04:00,709.260009765625,709.260009765625,709.3300170898438,709.02001953125,709.02001953125,67274
2026-07-22 12:14:00-04:00,709.3300170898438,709.3300170898438,709.4876708984375,709.25,709.260009765625,83912
2026-07-22 12:16:00-04:00,709.1500244140625,709.1500244140625,709.4500122070312,709.0999755859375,709.3300170898438,90793
2026-07-22 12:18:00-04:00,709.3499755859375,709.3499755859375,709.4299926757812,709.0800170898438,709.1500244140625,63761
2026-07-22 12:20:00-04:00,709.1199951171875,709.1199951171875,709.3099975585938,708.9420166015625,709.3099975585938,65372
2026-07-22 12:22:00-04:00,708.8900146484375,708.8900146484375,709.1900024414062,708.8800048828125,709.1300048828125,51931
2026-07-22 12:24:00-04:00,708.969970703125,708.969970703125,709.030029296875,708.840087890625,708.8900146484375,29108
2026-07-22 12:26:00-04:00,708.8150024414062,708.8150024414062,708.9400024414062,708.6500244140625,708.9299926757812,48340
2026-07-22 12:28:00-04:00,708.9025268554688,708.9025268554688,709.030029296875,708.7000122070312,708.8298950195312,22861
2026-07-22 12:30:00-04:00,709.1599731445312,709.1599731445312,709.2501220703125,708.8200073242188,708.9000244140625,27395
2026-07-22 12:32:00-04:00,709.2901000976562,709.2901000976562,709.2901000976562,709.0800170898438,709.1799926757812,29401
2026-07-22 12:34:00-04:00,709.0700073242188,709.0700073242188,709.3200073242188,709.02001953125,709.309326171875,33292
2026-07-22 12:36:00-04:00,708.72998046875,708.72998046875,709.0700073242188,708.719970703125,709.0599975585938,88797
2026-07-22 12:38:00-04:00,708.760009765625,708.760009765625,709.0399780273438,708.6900024414062,708.739990234375,58195
2026-07-22 12:40:00-04:00,708.4299926757812,708.4299926757812,708.780029296875,708.4240112304688,708.780029296875,56784
2026-07-22 12:42:00-04:00,708.280029296875,708.280029296875,708.4949951171875,708.25,708.4099731445312,43410
2026-07-22 12:44:00-04:00,708.27001953125,708.27001953125,708.5499877929688,708.25,708.2899169921875,39812
2026-07-22 12:46:00-04:00,708.2000122070312,708.2000122070312,708.4099731445312,708.0700073242188,708.280029296875,50387
2026-07-22 12:48:00-04:00,708.3400268554688,708.3400268554688,708.4495849609375,708.219970703125,708.219970703125,39584
2026-07-22 12:50:00-04:00,708.3413696289062,708.3413696289062,708.52001953125,708.1599731445312,708.3300170898438,41689
2026-07-22 12:52:00-04:00,708.3900146484375,708.3900146484375,708.5,708.239990234375,708.3200073242188,52892
2026-07-22 12:54:00-04:00,708.97998046875,708.97998046875,708.989990234375,708.3400268554688,708.3599853515625,35995
2026-07-22 12:56:00-04:00,709.0399780273438,709.0399780273438,709.1599731445312,708.9199829101562,709.0,53986
2026-07-22 12:58:00-04:00,708.8699951171875,708.8699951171875,709.0698852539062,708.8101196289062,708.989990234375,31107
2026-07-22 13:00:00-04:00,709.0499877929688,709.0499877929688,709.239990234375,708.8099975585938,708.8800048828125,69012
2026-07-22 13:02:00-04:00,708.8699951171875,708.8699951171875,709.0700073242188,708.6900024414062,709.030029296875,43501
2026-07-22 13:04:00-04:00,708.969970703125,708.969970703125,709.067626953125,708.6799926757812,708.8699951171875,23435
2026-07-22 13:06:00-04:00,709.330078125,709.330078125,709.3499755859375,708.8900146484375,708.97998046875,40576
2026-07-22 13:08:00-04:00,709.22998046875,709.22998046875,709.3300170898438,709.0599975585938,709.3300170898438,32863
2026-07-22 13:10:00-04:00,709.1799926757812,709.1799926757812,709.2999877929688,709.0800170898438,709.2449951171875,23776
2026-07-22 13:12:00-04:00,708.9749755859375,708.9749755859375,709.22998046875,708.8900146484375,709.2050170898438,46917
2026-07-22 13:14:00-04:00,708.7307739257812,708.7307739257812,708.9998779296875,708.6599731445312,708.9400024414062,100237
2026-07-22 13:16:00-04:00,708.93798828125,708.93798828125,708.93798828125,708.6599731445312,708.7249755859375,87560
2026-07-22 13:18:00-04:00,708.880126953125,708.880126953125,709.0599975585938,708.8699951171875,708.9400024414062,37536
2026-07-22 13:20:00-04:00,708.5700073242188,708.5700073242188,708.8300170898438,708.5700073242188,708.8300170898438,32097
2026-07-22 13:22:00-04:00,708.875,708.875,708.9299926757812,708.5020141601562,708.5800170898438,37607
2026-07-22 13:24:00-04:00,708.7109985351562,708.7109985351562,708.989990234375,708.7000122070312,708.9600219726562,67203
2026-07-22 13:26:00-04:00,708.760009765625,708.760009765625,708.7899780273438,708.60498046875,708.7150268554688,22027
2026-07-22 13:28:00-04:00,708.769775390625,708.769775390625,709.0772705078125,708.7000122070312,708.760009765625,43083
2026-07-22 13:30:00-04:00,708.9699096679688,708.9699096679688,709.0900268554688,708.7150268554688,708.7150268554688,24209
2026-07-22 13:32:00-04:00,708.3900146484375,708.3900146484375,708.97998046875,708.260009765625,708.969970703125,44207
2026-07-22 13:34:00-04:00,708.3599853515625,708.3599853515625,708.4598999023438,708.1500244140625,708.4000244140625,29969
2026-07-22 13:36:00-04:00,708.77001953125,708.77001953125,708.8200073242188,708.3599853515625,708.3800048828125,43927
2026-07-22 13:38:00-04:00,708.9600219726562,708.9600219726562,708.9899291992188,708.6699829101562,708.7999877929688,28610
2026-07-22 13:40:00-04:00,708.5999145507812,708.5999145507812,708.9500122070312,708.5700073242188,708.9500122070312,25932
2026-07-22 13:42:00-04:00,708.4099731445312,708.4099731445312,708.5900268554688,708.4000244140625,708.5499877929688,17739
2026-07-22 13:44:00-04:00,708.510009765625,708.510009765625,708.5700073242188,708.4124755859375,708.4124755859375,18202
2026-07-22 13:46:00-04:00,708.3148193359375,708.3148193359375,708.5700073242188,708.2899780273438,708.510009765625,23776
2026-07-22 13:48:00-04:00,708.2100219726562,708.2100219726562,708.3599853515625,708.1799926757812,708.3200073242188,22648
2026-07-22 13:50:00-04:00,708.219970703125,708.219970703125,708.31640625,708.102294921875,708.219970703125,66227
2026-07-22 13:52:00-04:00,707.6400146484375,707.6400146484375,708.25,707.6199951171875,708.22998046875,63362
2026-07-22 13:54:00-04:00,707.405029296875,707.405029296875,707.6699829101562,707.0399780273438,707.6300048828125,201041
2026-07-22 13:56:00-04:00,707.4199829101562,707.4199829101562,707.6799926757812,707.3200073242188,707.4749755859375,111619
2026-07-22 13:58:00-04:00,707.2738037109375,707.2738037109375,707.5499877929688,707.1701049804688,707.4600219726562,36509
2026-07-22 14:00:00-04:00,707.4099731445312,707.4099731445312,707.6823120117188,707.22998046875,707.27001953125,42241
2026-07-22 14:02:00-04:00,707.3699951171875,707.3699951171875,707.4199829101562,707.0,707.4199829101562,57030
2026-07-22 14:04:00-04:00,707.510009765625,707.510009765625,707.6400146484375,707.2899780273438,707.4099731445312,36640
2026-07-22 14:06:00-04:00,707.8900146484375,707.8900146484375,707.8900146484375,707.489990234375,707.5,34637
2026-07-22 14:08:00-04:00,707.3300170898438,707.3300170898438,707.9199829101562,707.3300170898438,707.85009765625,27842
2026-07-22 14:10:00-04:00,707.3499755859375,707.3499755859375,707.52001953125,707.1099853515625,707.3200073242188,36293
2026-07-22 14:12:00-04:00,707.0599975585938,707.0599975585938,707.3300170898438,706.9199829101562,707.3300170898438,51141
2026-07-22 14:14:00-04:00,706.8699951171875,706.8699951171875,707.0700073242188,706.739990234375,707.030029296875,58567
2026-07-22 14:16:00-04:00,706.8900146484375,706.8900146484375,707.1099853515625,706.780029296875,706.8300170898438,48184
2026-07-22 14:18:00-04:00,706.9500732421875,706.9500732421875,707.2000122070312,706.8699951171875,706.880126953125,55243
2026-07-22 14:20:00-04:00,707.1799926757812,707.1799926757812,707.489990234375,706.8200073242188,707.0,72666
2026-07-22 14:22:00-04:00,706.8499145507812,706.8499145507812,707.115478515625,706.8200073242188,707.0900268554688,42280
2026-07-22 14:24:00-04:00,706.9600219726562,706.9600219726562,707.1300048828125,706.8200073242188,706.8399047851562,45402
2026-07-22 14:26:00-04:00,706.969970703125,706.969970703125,707.0698852539062,706.8099975585938,706.9899291992188,50748
2026-07-22 14:28:00-04:00,707.1300048828125,707.1300048828125,707.3599243164062,706.9483032226562,706.9500122070312,46935
2026-07-22 14:30:00-04:00,706.5599975585938,706.5599975585938,707.1699829101562,706.510009765625,707.1201171875,88436
2026-07-22 14:32:00-04:00,706.6201171875,706.6201171875,706.6699829101562,706.4000244140625,706.5399780273438,57369
2026-07-22 14:34:00-04:00,706.9400024414062,706.9400024414062,706.9400024414062,706.469970703125,706.6400146484375,67399
2026-07-22 14:36:00-04:00,706.9600219726562,706.9600219726562,707.1300048828125,706.9199829101562,706.9450073242188,40758
2026-07-22 14:38:00-04:00,706.989990234375,706.989990234375,707.0999755859375,706.7200927734375,707.010009765625,27451
2026-07-22 14:40:00-04:00,706.9899291992188,706.9899291992188,707.0499877929688,706.8009033203125,707.030029296875,31778
2026-07-22 14:42:00-04:00,706.9249877929688,706.9249877929688,706.9982299804688,706.760009765625,706.97998046875,27561
2026-07-22 14:44:00-04:00,707.265625,707.265625,707.2899780273438,706.8800048828125,706.969970703125,33679
2026-07-22 14:46:00-04:00,707.2000122070312,707.2000122070312,707.2899780273438,707.135009765625,707.239990234375,41490
2026-07-22 14:48:00-04:00,706.9749755859375,706.9749755859375,707.3643798828125,706.9500122070312,707.219970703125,27676
2026-07-22 14:50:00-04:00,707.0,707.0,707.0999145507812,706.7901000976562,707.010009765625,24247
2026-07-22 14:52:00-04:00,707.22998046875,707.22998046875,707.25,706.7899780273438,707.0587158203125,24585
2026-07-22 14:54:00-04:00,707.5999145507812,707.5999145507812,707.6099853515625,707.219970703125,707.22998046875,66903
2026-07-22 14:56:00-04:00,707.4400024414062,707.4400024414062,707.619873046875,707.2899780273438,707.5889892578125,49606
2026-07-22 14:58:00-04:00,707.4249877929688,707.4249877929688,707.614990234375,707.4199829101562,707.4500122070312,31042
2026-07-22 15:00:00-04:00,707.1849975585938,707.1849975585938,707.489990234375,707.0599975585938,707.3400268554688,105349
2026-07-22 15:02:00-04:00,707.4199829101562,707.4199829101562,707.4199829101562,707.1500244140625,707.1599731445312,58193
2026-07-22 15:04:00-04:00,707.3099975585938,707.3099975585938,707.6300048828125,707.3099975585938,707.3699951171875,61417
2026-07-22 15:06:00-04:00,707.239990234375,707.239990234375,707.5,707.219970703125,707.27001953125,38807
2026-07-22 15:08:00-04:00,707.3599853515625,707.3599853515625,707.4528198242188,707.1901245117188,707.25,7441
2026-07-22 15:10:00-04:00,707.0399169921875,707.0399169921875,707.3499755859375,706.97998046875,707.3499755859375,52206
2026-07-22 15:12:00-04:00,706.7899780273438,706.7899780273438,707.0700073242188,706.75,707.0499877929688,54999
2026-07-22 15:14:00-04:00,706.8499755859375,706.8499755859375,706.9400024414062,706.5900268554688,706.7999877929688,254297
2026-07-22 15:16:00-04:00,707.1799926757812,707.1799926757812,707.2000122070312,706.8300170898438,706.8800048828125,27847
2026-07-22 15:18:00-04:00,707.2000122070312,707.2000122070312,707.3200073242188,707.0399780273438,707.169921875,68144
2026-07-22 15:20:00-04:00,706.9700927734375,706.9700927734375,707.219970703125,706.8200073242188,707.1799926757812,52279
2026-07-22 15:22:00-04:00,707.27001953125,707.27001953125,707.3800048828125,706.9000244140625,706.969970703125,58348
2026-07-22 15:24:00-04:00,707.0900268554688,707.0900268554688,707.3300170898438,706.9600219726562,707.2849731445312,49891
2026-07-22 15:26:00-04:00,707.30810546875,707.30810546875,707.3099975585938,706.8916015625,707.1400146484375,42901
2026-07-22 15:28:00-04:00,707.5004272460938,707.5004272460938,707.6799926757812,707.2949829101562,707.2999877929688,109043
2026-07-22 15:30:00-04:00,707.0499877929688,707.0499877929688,707.530029296875,706.9400024414062,707.5,93691
2026-07-22 15:32:00-04:00,707.02001953125,707.02001953125,707.1799926757812,706.97998046875,707.0499877929688,52217
2026-07-22 15:34:00-04:00,706.85009765625,706.85009765625,707.0800170898438,706.8339233398438,707.010009765625,87008
2026-07-22 15:36:00-04:00,706.5650024414062,706.5650024414062,706.8599853515625,706.510009765625,706.8599853515625,122442
2026-07-22 15:38:00-04:00,706.2113037109375,706.2113037109375,706.530029296875,706.0599975585938,706.530029296875,94783
2026-07-22 15:40:00-04:00,706.4349975585938,706.4349975585938,706.4500122070312,706.1099853515625,706.25,97464
2026-07-22 15:42:00-04:00,706.6799926757812,706.6799926757812,706.719970703125,706.4400024414062,706.4400024414062,92807
2026-07-22 15:44:00-04:00,706.5599975585938,706.5599975585938,706.7999877929688,706.4500122070312,706.6900024414062,158224
2026-07-22 15:46:00-04:00,706.5900268554688,706.5900268554688,706.7000122070312,706.4349975585938,706.530029296875,82416
2026-07-22 15:48:00-04:00,706.780029296875,706.780029296875,706.9000244140625,706.5300903320312,706.5499877929688,132938
2026-07-22 15:50:00-04:00,706.4099731445312,706.4099731445312,707.3099975585938,706.2899780273438,706.8200073242188,214919
2026-07-22 15:52:00-04:00,706.5499877929688,706.5499877929688,706.8300170898438,706.3200073242188,706.4000244140625,201574
2026-07-22 15:54:00-04:00,705.7150268554688,705.7150268554688,706.6199951171875,705.6337280273438,706.52001953125,370241
2026-07-22 15:56:00-04:00,705.905029296875,705.905029296875,706.0499877929688,705.5599975585938,705.719970703125,339790
2026-07-22 15:58:00-04:00,705.27001953125,705.27001953125,706.4199829101562,705.1900024414062,705.8800048828125,558169
2026-07-23 09:30:00-04:00,694.8099975585938,694.8099975585938,694.8499755859375,693.2100219726562,694.6400146484375,3115196
2026-07-23 09:32:00-04:00,694.8300170898438,694.8300170898438,695.4299926757812,694.1400756835938,694.8099975585938,655960
2026-07-23 09:34:00-04:00,695.5700073242188,695.5700073242188,696.0900268554688,694.8200073242188,694.8200073242188,577034
2026-07-23 09:36:00-04:00,696.739990234375,696.739990234375,696.8800048828125,695.1599731445312,695.5399780273438,497417
2026-07-23 09:38:00-04:00,696.5700073242188,696.5700073242188,697.2000122070312,696.1199951171875,696.75,408080
2026-07-23 09:40:00-04:00,697.3699951171875,697.3699951171875,697.47998046875,696.6099853515625,696.6099853515625,292535
2026-07-23 09:42:00-04:00,698.4398803710938,698.4398803710938,698.6599731445312,697.1400146484375,697.3900146484375,273067
2026-07-23 09:44:00-04:00,697.97998046875,697.97998046875,698.5599975585938,697.22998046875,698.4495239257812,382963
2026-07-23 09:46:00-04:00,697.260009765625,697.260009765625,698.0250244140625,697.1649780273438,697.9299926757812,168760
2026-07-23 09:48:00-04:00,696.6099853515625,696.6099853515625,697.4199829101562,696.2999877929688,697.2427978515625,186853
