Datetime,Adj Close,Close,High,Low,Open,Volume
,TSLA,TSLA,TSLA,TSLA,TSLA,TSLA
2026-06-04 09:30:00-04:00,422.2601013183594,422.2601013183594,422.5199890136719,418.0400085449219,419.7900085449219,1690302
2026-06-04 09:32:00-04:00,424.45989990234375,424.45989990234375,424.635009765625,421.8699951171875,422.3900146484375,490478
2026-06-04 09:34:00-04:00,425.0304870605469,425.0304870605469,426.25,423.310791015625,424.4800109863281,492361
2026-06-04 09:36:00-04:00,425.2200012207031,425.2200012207031,426.0299987792969,422.9032897949219,425.05999755859375,512795
2026-06-04 09:38:00-04:00,424.87860107421875,424.87860107421875,426.34991455078125,424.1300048828125,425.0400085449219,369165
2026-06-04 09:40:00-04:00,423.8599853515625,423.8599853515625,424.94000244140625,423.29998779296875,424.87921142578125,279335
2026-06-04 09:42:00-04:00,423.631103515625,423.631103515625,424.0799865722656,421.5299987792969,423.9377136230469,346314
2026-06-04 09:44:00-04:00,423.0899963378906,423.0899963378906,424.0899963378906,422.7200012207031,423.6199951171875,242686
2026-06-04 09:46:00-04:00,422.3599853515625,422.3599853515625,423.1700134277344,421.6400146484375,423.0849914550781,235229
2026-06-04 09:48:00-04:00,422.7200012207031,422.7200012207031,423.1400146484375,422.20001220703125,422.260009765625,188556
2026-06-04 09:50:00-04:00,422.7699890136719,422.7699890136719,423.45001220703125,422.29998779296875,422.7250061035156,165737
2026-06-04 09:52:00-04:00,421.92999267578125,421.92999267578125,423.0,421.9100036621094,422.70001220703125,154381
2026-06-04 09:54:00-04:00,423.1000061035156,423.1000061035156,423.1700134277344,421.7300109863281,422.0299987792969,196249
2026-06-04 09:56:00-04:00,423.7300109863281,423.7300109863281,424.1600036621094,422.78009033203125,422.8898010253906,240255
2026-06-04 09:58:00-04:00,421.95001220703125,421.95001220703125,424.4800109863281,421.67999267578125,423.80999755859375,291128
2026-06-04 10:00:00-04:00,421.3699951171875,421.3699951171875,422.56988525390625,420.95001220703125,422.0,302500
2026-06-04 10:02:00-04:00,421.510009765625,421.510009765625,421.8099060058594,421.07000732421875,421.3564147949219,141770
2026-06-04 10:04:00-04:00,420.0050048828125,420.0050048828125,421.760009765625,419.8500061035156,421.56500244140625,302430
2026-06-04 10:06:00-04:00,420.8298034667969,420.8298034667969,421.29998779296875,419.8800048828125,420.0050048828125,267705
2026-06-04 10:08:00-04:00,421.3599853515625,421.3599853515625,421.5968017578125,420.54998779296875,420.8500061035156,186454
2026-06-04 10:10:00-04:00,424.0,424.0,424.260009765625,421.3500061035156,421.3900146484375,353514
2026-06-04 10:12:00-04:00,424.4700927734375,424.4700927734375,424.6000061035156,423.5700988769531,423.94000244140625,342061
2026-06-04 10:14:00-04:00,425.35009765625,425.35009765625,425.75,424.1763000488281,424.5199890136719,320272
2026-06-04 10:16:00-04:00,425.6000061035156,425.6000061035156,425.9100036621094,424.9800109863281,425.4150085449219,252591
2026-06-04 10:18:00-04:00,423.9200134277344,423.9200134277344,425.69000244140625,423.79998779296875,425.69000244140625,346696
2026-06-04 10:20:00-04:00,422.5072937011719,422.5072937011719,424.0592041015625,422.31048583984375,424.0,225972
2026-06-04 10:22:00-04:00,421.17999267578125,421.17999267578125,422.8800048828125,420.7701110839844,422.54998779296875,274660
2026-06-04 10:24:00-04:00,421.8800048828125,421.8800048828125,422.45001220703125,421.0299987792969,421.25,262833
2026-06-04 10:26:00-04:00,421.84991455078125,421.84991455078125,421.9200134277344,420.82000732421875,421.864990234375,197908
2026-06-04 10:28:00-04:00,421.375,421.375,422.5,421.3424987792969,421.84991455078125,183415
2026-06-04 10:30:00-04:00,421.0799865722656,421.0799865722656,421.6199951171875,420.78009033203125,421.3800048828125,185903
2026-06-04 10:32:00-04:00,421.139892578125,421.139892578125,421.4200134277344,420.7900085449219,421.1199951171875,149809
2026-06-04 10:34:00-04:00,420.92999267578125,420.92999267578125,421.5599060058594,420.75,421.1600036621094,155012
2026-06-04 10:36:00-04:00,420.885009765625,420.885009765625,421.239990234375,420.6799011230469,420.9104919433594,130309
2026-06-04 10:38:00-04:00,421.010009765625,421.010009765625,421.25,420.66009521484375,420.885009765625,118702
2026-06-04 10:40:00-04:00,421.25,421.25,421.6700134277344,420.7900085449219,421.010009765625,178614
2026-06-04 10:42:00-04:00,419.80499267578125,419.80499267578125,421.5398864746094,419.75,421.2900085449219,250024
2026-06-04 10:44:00-04:00,419.17498779296875,419.17498779296875,419.9299011230469,418.6499938964844,419.80499267578125,316655
2026-06-04 10:46:00-04:00,418.6914978027344,418.6914978027344,419.489990234375,418.42999267578125,419.17999267578125,222795
2026-06-04 10:48:00-04:00,418.2749938964844,418.2749938964844,418.9800109863281,417.92999267578125,418.6650085449219,322768
2026-06-04 10:50:00-04:00,418.3399963378906,418.3399963378906,418.6333923339844,418.0799865722656,418.30999755859375,209357
2026-06-04 10:52:00-04:00,418.4049987792969,418.4049987792969,418.6099853515625,418.0299987792969,418.32000732421875,166218
2026-06-04 10:54:00-04:00,418.7699890136719,418.7699890136719,418.88470458984375,418.0849914550781,418.3550109863281,206983
2026-06-04 10:56:00-04:00,418.90899658203125,418.90899658203125,419.0,417.9100036621094,418.760009765625,287254
2026-06-04 10:58:00-04:00,418.5249938964844,418.5249938964844,419.30780029296875,418.19000244140625,418.864990234375,402376
2026-06-04 11:00:00-04:00,418.2300109863281,418.2300109863281,419.0,418.2200012207031,418.5249938964844,153839
2026-06-04 11:02:00-04:00,418.5498962402344,418.5498962402344,418.8500061035156,418.11700439453125,418.239990234375,115960
2026-06-04 11:04:00-04:00,418.9849853515625,418.9849853515625,419.1600036621094,418.3299865722656,418.510009765625,148925
2026-06-04 11:06:00-04:00,419.1400146484375,419.1400146484375,419.30499267578125,418.75,419.0199890136719,152318
2026-06-04 11:08:00-04:00,419.55010986328125,419.55010986328125,419.8599853515625,419.1026916503906,419.1400146484375,205239
2026-06-04 11:10:00-04:00,420.4800109863281,420.4800109863281,420.5,419.5199890136719,419.5799865722656,190459
2026-06-04 11:12:00-04:00,420.6499938964844,420.6499938964844,421.1499938964844,419.8699951171875,420.44000244140625,269950
2026-06-04 11:14:00-04:00,421.0150146484375,421.0150146484375,421.1099853515625,420.60009765625,420.6400146484375,149512
2026-06-04 11:16:00-04:00,421.0899963378906,421.0899963378906,421.5799865722656,420.840087890625,421.0150146484375,235452
2026-06-04 11:18:00-04:00,419.79998779296875,419.79998779296875,421.2340087890625,419.75,421.20880126953125,231512
2026-06-04 11:20:00-04:00,419.2703857421875,419.2703857421875,420.1199951171875,419.1000061035156,419.82000732421875,207264
2026-06-04 11:22:00-04:00,419.760009765625,419.760009765625,419.8900146484375,419.1099853515625,419.239990234375,131174
2026-06-04 11:24:00-04:00,420.8399963378906,420.8399963378906,420.8399963378906,419.79998779296875,419.79998779296875,139172
2026-06-04 11:26:00-04:00,420.2601013183594,420.2601013183594,420.94000244140625,420.2200012207031,420.7601013183594,144603
2026-06-04 11:28:00-04:00,419.8900146484375,419.8900146484375,420.5,419.5400085449219,420.25,126988
2026-06-04 11:30:00-04:00,418.7904968261719,418.7904968261719,419.8500061035156,418.5,419.8500061035156,175923
2026-06-04 11:32:00-04:00,418.8450012207031,418.8450012207031,419.34130859375,418.64959716796875,418.8800048828125,147479
2026-06-04 11:34:00-04:00,419.2992858886719,419.2992858886719,419.3699951171875,418.7699890136719,418.92999267578125,89693
2026-06-04 11:36:00-04:00,418.3599853515625,418.3599853515625,419.34991455078125,418.3599853515625,419.3299865722656,112266
2026-06-04 11:38:00-04:00,418.2149963378906,418.2149963378906,418.42999267578125,417.5,418.3900146484375,340648
2026-06-04 11:40:00-04:00,417.91790771484375,417.91790771484375,418.3800048828125,417.82000732421875,418.2149963378906,175733
2026-06-04 11:42:00-04:00,417.864990234375,417.864990234375,417.95001220703125,417.6099853515625,417.8700866699219,166488
2026-06-04 11:44:00-04:00,417.81500244140625,417.81500244140625,418.1300048828125,417.3800048828125,417.9299011230469,186366
2026-06-04 11:46:00-04:00,417.8299865722656,417.8299865722656,418.20001220703125,417.30999755859375,417.81500244140625,161519
2026-06-04 11:48:00-04:00,417.69000244140625,417.69000244140625,417.9200134277344,417.1600036621094,417.83880615234375,198452
2026-06-04 11:50:00-04:00,417.56500244140625,417.56500244140625,417.92999267578125,417.20001220703125,417.7398986816406,119293
2026-06-04 11:52:00-04:00,418.19000244140625,418.19000244140625,418.29998779296875,417.5201110839844,417.5899963378906,149646
2026-06-04 11:54:00-04:00,418.3599853515625,418.3599853515625,418.5400085449219,418.1000061035156,418.1700134277344,146869
2026-06-04 11:56:00-04:00,418.7699890136719,418.7699890136719,418.8900146484375,418.2799987792969,418.375,111718
2026-06-04 11:58:00-04:00,418.7651062011719,418.7651062011719,419.1899108886719,418.7099914550781,418.7650146484375,130926
2026-06-04 12:00:00-04:00,418.44000244140625,418.44000244140625,418.82000732421875,417.6000061035156,418.7650146484375,189061
2026-06-04 12:02:00-04:00,418.32501220703125,418.32501220703125,418.5398864746094,417.70001220703125,418.4751892089844,104725
2026-06-04 12:04:00-04:00,418.3699951171875,418.3699951171875,418.3999938964844,418.03009033203125,418.32501220703125,80482
2026-06-04 12:06:00-04:00,419.3900146484375,419.3900146484375,419.3900146484375,418.375,418.3900146484375,153204
2026-06-04 12:08:00-04:00,419.9549865722656,419.9549865722656,420.1400146484375,419.34259033203125,419.3900146484375,187701
2026-06-04 12:10:00-04:00,419.5899963378906,419.5899963378906,420.1499938964844,419.401611328125,419.9549865722656,123941
2026-06-04 12:12:00-04:00,418.9649963378906,418.9649963378906,419.6300048828125,418.6199951171875,419.5899963378906,125455
2026-06-04 12:14:00-04:00,419.8299865722656,419.8299865722656,419.8999938964844,418.94500732421875,418.9549865722656,95706
2026-06-04 12:16:00-04:00,420.29998779296875,420.29998779296875,420.5,419.75,419.8299865722656,143869
2026-06-04 12:18:00-04:00,419.92999267578125,419.92999267578125,420.3699951171875,419.6300048828125,420.2950134277344,108802
2026-06-04 12:20:00-04:00,419.8900146484375,419.8900146484375,420.1199951171875,419.7101135253906,419.94500732421875,85518
2026-06-04 12:22:00-04:00,420.0199890136719,420.0199890136719,420.1600036621094,419.7799987792969,419.9200134277344,75090
2026-06-04 12:24:00-04:00,419.29998779296875,419.29998779296875,420.0989074707031,419.1499938964844,420.0989074707031,116062
2026-06-04 12:26:00-04:00,418.8900146484375,418.8900146484375,419.4700012207031,418.8800048828125,419.3450012207031,85572
2026-06-04 12:28:00-04:00,419.2049865722656,419.2049865722656,419.2799987792969,418.79998779296875,418.93499755859375,70992
2026-06-04 12:30:00-04:00,418.8799133300781,418.8799133300781,419.2698974609375,418.5799865722656,419.1400146484375,91154
2026-06-04 12:32:00-04:00,419.14990234375,419.14990234375,419.3500061035156,418.7699890136719,418.82000732421875,63554
2026-06-04 12:34:00-04:00,419.07000732421875,419.07000732421875,419.2099914550781,418.760009765625,419.14990234375,75512
2026-06-04 12:36:00-04:00,419.96990966796875,419.96990966796875,419.989990234375,419.010009765625,419.07000732421875,77531
2026-06-04 12:38:00-04:00,420.0799865722656,420.0799865722656,420.2200012207031,419.8699951171875,419.885009765625,80951
2026-06-04 12:40:00-04:00,419.635009765625,419.635009765625,420.1300048828125,419.6000061035156,419.989990234375,70517
2026-06-04 12:42:00-04:00,419.6351013183594,419.6351013183594,419.92999267578125,419.54998779296875,419.71990966796875,70519
2026-06-04 12:44:00-04:00,419.57830810546875,419.57830810546875,419.8039855957031,419.5199890136719,419.6000061035156,40092
2026-06-04 12:46:00-04:00,418.9200134277344,418.9200134277344,419.6700134277344,418.9200134277344,419.5799865722656,88935
2026-06-04 12:48:00-04:00,418.3691101074219,418.3691101074219,419.0198974609375,418.3500061035156,418.9700012207031,102476
2026-06-04 12:50:00-04:00,418.20001220703125,418.20001220703125,418.94000244140625,418.1499938964844,418.3599853515625,105247
2026-06-04 12:52:00-04:00,418.7842102050781,418.7842102050781,418.7900085449219,418.07000732421875,418.20001220703125,76716
2026-06-04 12:54:00-04:00,418.6549987792969,418.6549987792969,419.05999755859375,418.5899963378906,418.79998779296875,71495
2026-06-04 12:56:00-04:00,418.67999267578125,418.67999267578125,419.1000061035156,418.5899963378906,418.6549987792969,63668
2026-06-04 12:58:00-04:00,418.79998779296875,418.79998779296875,418.9200134277344,418.6000061035156,418.6600036621094,45529
2026-06-04 13:00:00-04:00,419.2650146484375,419.2650146484375,419.3371887207031,418.32000732421875,418.75,104131
2026-06-04 13:02:00-04:00,419.20001220703125,419.20001220703125,419.44000244140625,419.07000732421875,419.2300109863281,76583
2026-06-04 13:04:00-04:00,419.2250061035156,419.2250061035156,419.6000061035156,419.17999267578125,419.2149963378906,73763
2026-06-04 13:06:00-04:00,419.510009765625,419.510009765625,419.6000061035156,419.1000061035156,419.2250061035156,72307
2026-06-04 13:08:00-04:00,419.5,419.5,419.6499938964844,419.110107421875,419.5299987792969,67753
2026-06-04 13:10:00-04:00,419.5769958496094,419.5769958496094,419.6099853515625,419.05999755859375,419.45001220703125,67492
2026-06-04 13:12:00-04:00,419.3699951171875,419.3699951171875,419.6099853515625,419.2200012207031,419.5409851074219,49850
2026-06-04 13:14:00-04:00,418.8599853515625,418.8599853515625,419.5199890136719,418.80999755859375,419.409912109375,68122
2026-06-04 13:16:00-04:00,419.2124938964844,419.2124938964844,419.3900146484375,418.6400146484375,418.8500061035156,65898
2026-06-04 13:18:00-04:00,419.4898986816406,419.4898986816406,419.5899963378906,419.0199890136719,419.2749938964844,74482
2026-06-04 13:20:00-04:00,419.489990234375,419.489990234375,419.7699890136719,419.2701110839844,419.44500732421875,71847
2026-06-04 13:22:00-04:00,419.8800048828125,419.8800048828125,419.95001220703125,419.2900085449219,419.45001220703125,68767
2026-06-04 13:24:00-04:00,420.139404296875,420.139404296875,420.5,419.8949890136719,419.8949890136719,135819
2026-06-04 13:26:00-04:00,420.3800048828125,420.3800048828125,420.4700012207031,420.05999755859375,420.1099853515625,78416
2026-06-04 13:28:00-04:00,420.7149963378906,420.7149963378906,420.7499084472656,419.760009765625,420.3699951171875,243965
2026-06-04 13:30:00-04:00,420.95001220703125,420.95001220703125,421.1000061035156,420.510009765625,420.7149963378906,169393
2026-06-04 13:32:00-04:00,420.75,420.75,421.2699890136719,420.67999267578125,420.95001220703125,179014
2026-06-04 13:34:00-04:00,419.7298889160156,419.7298889160156,420.7799987792969,419.6000061035156,420.7200012207031,132496
2026-06-04 13:36:00-04:00,419.3450012207031,419.3450012207031,419.75,419.2300109863281,419.67498779296875,113168
2026-06-04 13:38:00-04:00,418.3900146484375,418.3900146484375,419.3783874511719,418.3399963378906,419.3450012207031,157306
2026-06-04 13:40:00-04:00,418.135009765625,418.135009765625,418.510009765625,418.0299987792969,418.3900146484375,149509
2026-06-04 13:42:00-04:00,418.4599914550781,418.4599914550781,418.70001220703125,418.0400085449219,418.1099853515625,103355
2026-06-04 13:44:00-04:00,418.8901062011719,418.8901062011719,419.239990234375,418.3699951171875,418.4700012207031,118322
2026-06-04 13:46:00-04:00,418.6922912597656,418.6922912597656,418.9700012207031,418.54998779296875,418.8901062011719,59215
2026-06-04 13:48:00-04:00,418.67999267578125,418.67999267578125,418.8988037109375,418.2200927734375,418.69000244140625,99978
2026-06-04 13:50:00-04:00,419.0799865722656,419.0799865722656,419.20001220703125,418.0199890136719,418.66009521484375,101599
2026-06-04 13:52:00-04:00,419.010009765625,419.010009765625,419.3299865722656,419.0,419.010009765625,83583
2026-06-04 13:54:00-04:00,419.70001220703125,419.70001220703125,419.7200012207031,419.027099609375,419.04998779296875,116730
2026-06-04 13:56:00-04:00,419.93499755859375,419.93499755859375,419.9898986816406,419.6700134277344,419.6700134277344,81028
2026-06-04 13:58:00-04:00,419.95001220703125,419.95001220703125,420.1499938964844,419.80010986328125,419.92999267578125,66645
2026-06-04 14:00:00-04:00,419.8699951171875,419.8699951171875,419.9599914550781,419.6000061035156,419.8999938964844,88193
2026-06-04 14:02:00-04:00,419.5000915527344,419.5000915527344,419.8800048828125,419.30999755859375,419.8699951171875,86313
2026-06-04 14:04:00-04:00,419.4150085449219,419.4150085449219,419.6317138671875,419.2699890136719,419.54998779296875,63561
2026-06-04 14:06:00-04:00,419.60009765625,419.60009765625,419.7799987792969,419.3505859375,419.4200134277344,89295
2026-06-04 14:08:00-04:00,419.6199951171875,419.6199951171875,419.7499084472656,419.2799987792969,419.6499938964844,65479
2026-06-04 14:10:00-04:00,419.7200012207031,419.7200012207031,419.84991455078125,419.4700012207031,419.6600036621094,46794
2026-06-04 14:12:00-04:00,419.7659912109375,419.7659912109375,419.9599914550781,419.6499938964844,419.69500732421875,49623
2026-06-04 14:14:00-04:00,419.6799011230469,419.6799011230469,419.8900146484375,419.5101013183594,419.7300109863281,49801
2026-06-04 14:16:00-04:00,420.0899963378906,420.0899963378906,420.2611999511719,419.6000061035156,419.6000061035156,81573
2026-06-04 14:18:00-04:00,419.8700866699219,419.8700866699219,420.29998779296875,419.8299865722656,420.1499938964844,62364
2026-06-04 14:20:00-04:00,419.9599914550781,419.9599914550781,420.1700134277344,419.78009033203125,419.9200134277344,51835
2026-06-04 14:22:00-04:00,419.7650146484375,419.7650146484375,420.0,419.55999755859375,420.0,49617
2026-06-04 14:24:00-04:00,419.8828125,419.8828125,419.95001220703125,419.7099914550781,419.7650146484375,52293
2026-06-04 14:26:00-04:00,420.0,420.0,420.1700134277344,419.8699951171875,419.9049987792969,67484
2026-06-04 14:28:00-04:00,420.1199951171875,420.1199951171875,420.3500061035156,419.69000244140625,420.0299987792969,76022
2026-06-04 14:30:00-04:00,419.92999267578125,419.92999267578125,420.20001220703125,419.82000732421875,420.1449890136719,50591
2026-06-04 14:32:00-04:00,419.7803039550781,419.7803039550781,420.1799011230469,419.66009521484375,419.94000244140625,115514
2026-06-04 14:34:00-04:00,419.75,419.75,419.7900085449219,419.5199890136719,419.7449951171875,79133
2026-06-04 14:36:00-04:00,419.80999755859375,419.80999755859375,419.96710205078125,419.6112976074219,419.7001037597656,53754
2026-06-04 14:38:00-04:00,419.79998779296875,419.79998779296875,419.9800109863281,419.6099853515625,419.80999755859375,51501
2026-06-04 14:40:00-04:00,420.0201110839844,420.0201110839844,420.3800048828125,419.7250061035156,419.82000732421875,74456
2026-06-04 14:42:00-04:00,419.70001220703125,419.70001220703125,420.09991455078125,419.5,420.0299987792969,87957
2026-06-04 14:44:00-04:00,419.625,419.625,419.8399963378906,419.3999938964844,419.6499938964844,68673
2026-06-04 14:46:00-04:00,419.239990234375,419.239990234375,419.75,419.239990234375,419.71771240234375,60718
2026-06-04 14:48:00-04:00,418.8999938964844,418.8999938964844,419.3599853515625,418.7601013183594,419.239990234375,92634
2026-06-04 14:50:00-04:00,418.7850036621094,418.7850036621094,418.8900146484375,418.3999938964844,418.8500061035156,90150
2026-06-04 14:52:00-04:00,419.04998779296875,419.04998779296875,419.17999267578125,418.7300109863281,418.7900085449219,76554
2026-06-04 14:54:00-04:00,419.6449890136719,419.6449890136719,419.70001220703125,418.92999267578125,419.1099853515625,76004
2026-06-04 14:56:00-04:00,419.5596008300781,419.5596008300781,420.0747985839844,419.5,419.67999267578125,110617
2026-06-04 14:58:00-04:00,419.2300109863281,419.2300109863281,419.79998779296875,419.1600036621094,419.54998779296875,83924
2026-06-04 15:00:00-04:00,418.614990234375,418.614990234375,419.2799987792969,418.3299865722656,419.2449951171875,132417
2026-06-04 15:02:00-04:00,419.0260925292969,419.0260925292969,419.239990234375,418.5799865722656,418.5799865722656,93018
2026-06-04 15:04:00-04:00,419.7200012207031,419.7200012207031,419.760009765625,418.92010498046875,418.92999267578125,98447
2026-06-04 15:06:00-04:00,419.42498779296875,419.42498779296875,419.739990234375,419.32000732421875,419.6961975097656,49389
2026-06-04 15:08:00-04:00,419.9590148925781,419.9590148925781,419.9590148925781,419.3399963378906,419.4599914550781,82713
2026-06-04 15:10:00-04:00,419.9599914550781,419.9599914550781,420.0799865722656,419.5,419.89068603515625,82764
2026-06-04 15:12:00-04:00,419.5398864746094,419.5398864746094,420.04998779296875,419.42999267578125,420.0,79456
2026-06-04 15:14:00-04:00,420.45001220703125,420.45001220703125,420.5299987792969,419.4501037597656,419.5050048828125,101147
2026-06-04 15:16:00-04:00,420.260009765625,420.260009765625,420.5799865722656,420.1600036621094,420.45001220703125,189338
2026-06-04 15:18:00-04:00,419.94000244140625,419.94000244140625,420.3800048828125,419.9305114746094,420.2550048828125,73653
2026-06-04 15:20:00-04:00,419.4100036621094,419.4100036621094,420.1700134277344,419.3699951171875,419.9800109863281,105748
2026-06-04 15:22:00-04:00,419.6300048828125,419.6300048828125,419.7099914550781,419.2799987792969,419.4100036621094,80483
2026-06-04 15:24:00-04:00,419.9649963378906,419.9649963378906,420.20001220703125,419.54998779296875,419.6000061035156,96972
2026-06-04 15:26:00-04:00,420.07000732421875,420.07000732421875,420.20001220703125,419.8500061035156,420.010009765625,79803
2026-06-04 15:28:00-04:00,420.1600036621094,420.1600036621094,420.17999267578125,420.010009765625,420.07000732421875,76606
2026-06-04 15:30:00-04:00,419.7799987792969,419.7799987792969,420.239990234375,419.65008544921875,420.1200866699219,96817
2026-06-04 15:32:00-04:00,419.489990234375,419.489990234375,419.8699035644531,419.4200134277344,419.82501220703125,74783
2026-06-04 15:34:00-04:00,419.3900146484375,419.3900146484375,419.4800109863281,419.05010986328125,419.45098876953125,89918
2026-06-04 15:36:00-04:00,419.4425048828125,419.4425048828125,419.79998779296875,419.2900085449219,419.3900146484375,85217
2026-06-04 15:38:00-04:00,419.7300109863281,419.7300109863281,419.7300109863281,419.19000244140625,419.45001220703125,84685
2026-06-04 15:40:00-04:00,419.8599853515625,419.8599853515625,420.1000061035156,419.5,419.75,94015
2026-06-04 15:42:00-04:00,419.864990234375,419.864990234375,419.9599914550781,419.7340087890625,419.8800048828125,57896
2026-06-04 15:44:00-04:00,419.4800109863281,419.4800109863281,419.9100036621094,419.3999938964844,419.9100036621094,86669
2026-06-04 15:46:00-04:00,419.55999755859375,419.55999755859375,419.6199951171875,419.25,419.44000244140625,83977
2026-06-04 15:48:00-04:00,419.5,419.5,423.70001220703125,419.5,419.56500244140625,82557
2026-06-04 15:50:00-04:00,418.5299987792969,418.5299987792969,419.4700012207031,418.1499938964844,419.42999267578125,209714
2026-06-04 15:52:00-04:00,418.6796875,418.6796875,418.8699951171875,418.3299865722656,418.5408020019531,181685
2026-06-04 15:54:00-04:00,418.3299865722656,418.3299865722656,419.1099853515625,417.7300109863281,418.6700134277344,464592
2026-06-04 15:56:00-04:00,418.8299865722656,418.8299865722656,418.8500061035156,417.8999938964844,418.3299865722656,299005
2026-06-04 15:58:00-04:00,418.4599914550781,418.4599914550781,418.8699951171875,418.29998779296875,418.8500061035156,694464
2026-06-05 09:30:00-04:00,423.69500732421875,423.69500732421875,424.3999938964844,420.5150146484375,420.5450134277344,2494098
2026-06-05 09:32:00-04:00,422.6499938964844,422.6499938964844,424.6799011230469,420.6846008300781,423.69500732421875,640937
2026-06-05 09:34:00-04:00,420.1234130859375,420.1234130859375,422.7900085449219,418.90008544921875,422.6499938964844,520755
2026-06-05 09:36:00-04:00,417.4601135253906,417.4601135253906,420.3900146484375,417.30999755859375,420.3599853515625,526382
2026-06-05 09:38:00-04:00,417.25,417.25,417.70001220703125,416.4601135253906,417.4100036621094,443763
2026-06-05 09:40:00-04:00,414.3240966796875,414.3240966796875,417.57989501953125,414.1099853515625,417.3299865722656,584132
2026-06-05 09:42:00-04:00,413.9599914550781,413.9599914550781,414.6650085449219,413.6700134277344,414.3699951171875,491733
2026-06-05 09:44:00-04:00,413.5,413.5,414.4800109863281,413.3999938964844,413.9649963378906,526069
2026-06-05 09:46:00-04:00,411.69500732421875,411.69500732421875,414.3699951171875,411.5799865722656,413.385009765625,458011
2026-06-05 09:48:00-04:00,410.7099914550781,410.7099914550781,412.1600036621094,410.5899963378906,411.7101135253906,519422
2026-06-05 09:50:00-04:00,411.3900146484375,411.3900146484375,411.9200134277344,410.2699890136719,410.7699890136719,493664
2026-06-05 09:52:00-04:00,412.1199951171875,412.1199951171875,412.5,411.0,411.3699951171875,427531
2026-06-05 09:54:00-04:00,411.69000244140625,411.69000244140625,412.6600036621094,411.6099853515625,412.2300109863281,278637
2026-06-05 09:56:00-04:00,410.43499755859375,410.43499755859375,411.68499755859375,410.19000244140625,411.6300048828125,328007
2026-06-05 09:58:00-04:00,409.65130615234375,409.65130615234375,411.1199951171875,409.6510009765625,410.44000244140625,479526
2026-06-05 10:00:00-04:00,410.2701110839844,410.2701110839844,410.6300048828125,409.5299987792969,409.7099914550781,394616
2026-06-05 10:02:00-04:00,411.05999755859375,411.05999755859375,411.5,410.0299987792969,410.3299865722656,327320
2026-06-05 10:04:00-04:00,410.2650146484375,410.2650146484375,411.09991455078125,409.4200134277344,411.05999755859375,286424
2026-06-05 10:06:00-04:00,410.47650146484375,410.47650146484375,410.94000244140625,408.75,410.2749938964844,367850
2026-06-05 10:08:00-04:00,410.5799865722656,410.5799865722656,410.6600036621094,410.0700988769531,410.4200134277344,196256
2026-06-05 10:10:00-04:00,409.625,409.625,410.77880859375,408.8699951171875,410.6300048828125,279941
2026-06-05 10:12:00-04:00,409.04998779296875,409.04998779296875,409.8999938964844,408.3301086425781,409.67999267578125,314784
2026-06-05 10:14:00-04:00,410.2850036621094,410.2850036621094,410.3999938964844,409.0,409.07000732421875,257042
2026-06-05 10:16:00-04:00,409.7300109863281,409.7300109863281,410.3599853515625,408.8299865722656,410.29998779296875,237473
2026-06-05 10:18:00-04:00,409.92498779296875,409.92498779296875,410.19140625,409.2300109863281,409.848388671875,175129
2026-06-05 10:20:00-04:00,409.2699890136719,409.2699890136719,410.1000061035156,409.04998779296875,409.8500061035156,201761
2026-06-05 10:22:00-04:00,407.5531921386719,407.5531921386719,409.489990234375,407.5000915527344,409.32000732421875,488661
2026-06-05 10:24:00-04:00,405.7850036621094,405.7850036621094,407.56500244140625,405.760009765625,407.56500244140625,452544
2026-06-05 10:26:00-04:00,405.7349853515625,405.7349853515625,406.3399963378906,405.45001220703125,405.7605895996094,360093
2026-06-05 10:28:00-04:00,406.7099914550781,406.7099914550781,406.7099914550781,405.6700134277344,405.7349853515625,266164
2026-06-05 10:30:00-04:00,408.4800109863281,408.4800109863281,408.5,406.5799865722656,406.6400146484375,384757
2026-06-05 10:32:00-04:00,407.7300109863281,407.7300109863281,408.8263854980469,407.6199951171875,408.4549865722656,293727
2026-06-05 10:34:00-04:00,408.1900939941406,408.1900939941406,408.4388122558594,407.6000061035156,407.6700134277344,203588
2026-06-05 10:36:00-04:00,408.1617126464844,408.1617126464844,408.3500061035156,407.6499938964844,408.2250061035156,206141
2026-06-05 10:38:00-04:00,407.8699951171875,407.8699951171875,408.2900085449219,407.07000732421875,408.1600036621094,155183
2026-06-05 10:40:00-04:00,406.8500061035156,406.8500061035156,407.8999938964844,406.7500915527344,407.80999755859375,186330
2026-06-05 10:42:00-04:00,406.1499938964844,406.1499938964844,406.8999938964844,406.0899963378906,406.8399963378906,244537
2026-06-05 10:44:00-04:00,406.739990234375,406.739990234375,406.8919982910156,405.8599853515625,406.1400146484375,267042
2026-06-05 10:46:00-04:00,405.9649963378906,405.9649963378906,406.75,405.8500061035156,406.739990234375,187109
2026-06-05 10:48:00-04:00,406.4700012207031,406.4700012207031,406.75,406.010009765625,406.010009765625,169839
2026-06-05 10:50:00-04:00,406.0,406.0,406.5360107421875,405.6199951171875,406.44000244140625,209679
2026-06-05 10:52:00-04:00,405.6300048828125,405.6300048828125,406.0087890625,405.4700012207031,405.989990234375,185196
2026-06-05 10:54:00-04:00,405.29998779296875,405.29998779296875,405.9700012207031,405.2699890136719,405.614990234375,227036
2026-06-05 10:56:00-04:00,406.2900085449219,406.2900085449219,406.3999938964844,405.19000244140625,405.2699890136719,264764
2026-06-05 10:58:00-04:00,405.3900146484375,405.3900146484375,406.3399963378906,405.3581848144531,406.2898864746094,213081
2026-06-05 11:00:00-04:00,405.05999755859375,405.05999755859375,405.989990234375,404.8800048828125,405.42498779296875,371385
2026-06-05 11:02:00-04:00,403.5400085449219,403.5400085449219,405.1069030761719,403.4200134277344,405.04998779296875,510138
2026-06-05 11:04:00-04:00,403.114990234375,403.114990234375,403.989990234375,403.0400085449219,403.5299987792969,327559
2026-06-05 11:06:00-04:00,403.44000244140625,403.44000244140625,403.6300048828125,402.7300109863281,403.135009765625,376247
2026-06-05 11:08:00-04:00,403.4198913574219,403.4198913574219,403.9473876953125,403.1700134277344,403.44000244140625,244328
2026-06-05 11:10:00-04:00,403.20001220703125,403.20001220703125,403.6499938964844,403.1348876953125,403.3800048828125,234563
2026-06-05 11:12:00-04:00,402.05999755859375,402.05999755859375,403.5199890136719,402.05999755859375,403.17498779296875,452306
2026-06-05 11:14:00-04:00,401.8500061035156,401.8500061035156,402.38031005859375,401.739990234375,402.0950012207031,363703
2026-06-05 11:16:00-04:00,402.9700012207031,402.9700012207031,402.9898986816406,401.7699890136719,401.8299865722656,307254
2026-06-05 11:18:00-04:00,402.8900146484375,402.8900146484375,403.2298889160156,402.70001220703125,402.9700012207031,203260
2026-06-05 11:20:00-04:00,402.4700012207031,402.4700012207031,402.9800109863281,402.0299987792969,402.8900146484375,220447
2026-06-05 11:22:00-04:00,402.44000244140625,402.44000244140625,403.1000061035156,401.9599914550781,402.489990234375,217256
2026-06-05 11:24:00-04:00,402.6195983886719,402.6195983886719,402.95001220703125,402.3800048828125,402.4750061035156,174393
2026-06-05 11:26:00-04:00,402.8999938964844,402.8999938964844,403.0899963378906,401.8200988769531,402.6199035644531,282768
2026-06-05 11:28:00-04:00,402.69000244140625,402.69000244140625,403.1099853515625,402.43499755859375,402.9100036621094,213746
2026-06-05 11:30:00-04:00,402.4507141113281,402.4507141113281,403.1780090332031,402.2099914550781,402.6600036621094,231234
2026-06-05 11:32:00-04:00,402.2799987792969,402.2799987792969,402.5982971191406,401.95001220703125,402.4800109863281,201686
2026-06-05 11:34:00-04:00,402.2200012207031,402.2200012207031,402.489990234375,402.07000732421875,402.29998779296875,118775
2026-06-05 11:36:00-04:00,400.82000732421875,400.82000732421875,402.2799987792969,400.7900085449219,402.17999267578125,434407
2026-06-05 11:38:00-04:00,401.04998779296875,401.04998779296875,401.3699951171875,400.760009765625,400.8699951171875,254313
2026-06-05 11:40:00-04:00,400.5450134277344,400.5450134277344,401.2107849121094,400.44000244140625,401.08990478515625,262138
2026-06-05 11:42:00-04:00,401.45001220703125,401.45001220703125,401.5199890136719,400.4800109863281,400.5799865722656,267259
2026-06-05 11:44:00-04:00,401.4549865722656,401.4549865722656,401.75,400.9599914550781,401.45001220703125,191750
2026-06-05 11:46:00-04:00,401.81988525390625,401.81988525390625,402.2690124511719,401.3301086425781,401.3999938964844,205084
2026-06-05 11:48:00-04:00,401.5400085449219,401.5400085449219,401.8598937988281,401.2900085449219,401.82000732421875,159542
2026-06-05 11:50:00-04:00,401.69500732421875,401.69500732421875,401.82000732421875,401.2300109863281,401.54998779296875,167859
2026-06-05 11:52:00-04:00,401.6050109863281,401.6050109863281,401.9100036621094,401.3301086425781,401.69500732421875,147513
2026-06-05 11:54:00-04:00,400.8500061035156,400.8500061035156,401.67999267578125,400.8299865722656,401.6050109863281,170686
2026-06-05 11:56:00-04:00,401.1300048828125,401.1300048828125,401.69000244140625,400.5600891113281,400.8500061035156,208528
2026-06-05 11:58:00-04:00,401.3299865722656,401.3299865722656,401.4898986816406,400.8800048828125,401.19000244140625,131787
2026-06-05 12:00:00-04:00,400.7715148925781,400.7715148925781,401.4800109863281,400.54998779296875,401.3699951171875,174797
2026-06-05 12:02:00-04:00,400.5899963378906,400.5899963378906,400.8598937988281,400.43011474609375,400.739990234375,177583
2026-06-05 12:04:00-04:00,399.8299865722656,399.8299865722656,400.6700134277344,399.6499938964844,400.6000061035156,626047
2026-06-05 12:06:00-04:00,399.70001220703125,399.70001220703125,399.80999755859375,399.260009765625,399.80999755859375,329227
2026-06-05 12:08:00-04:00,399.8699951171875,399.8699951171875,400.0299987792969,399.260009765625,399.67999267578125,289561
2026-06-05 12:10:00-04:00,399.6199951171875,399.6199951171875,400.1300048828125,399.30999755859375,399.9049987792969,241601
2026-06-05 12:12:00-04:00,399.7749938964844,399.7749938964844,399.95001220703125,399.2799987792969,399.6199951171875,213933
2026-06-05 12:14:00-04:00,399.0299987792969,399.0299987792969,399.875,399.0299987792969,399.80999755859375,248102
2026-06-05 12:16:00-04:00,398.8299865722656,398.8299865722656,399.2300109863281,398.57000732421875,399.0,271896
2026-06-05 12:18:00-04:00,398.7200012207031,398.7200012207031,398.95001220703125,398.55999755859375,398.79998779296875,215551
2026-06-05 12:20:00-04:00,399.82501220703125,399.82501220703125,399.8599853515625,398.7200012207031,398.760009765625,246676
2026-06-05 12:22:00-04:00,399.8999938964844,399.8999938964844,400.0899963378906,399.4849853515625,399.82501220703125,335366
2026-06-05 12:24:00-04:00,399.79998779296875,399.79998779296875,399.9800109863281,399.3900146484375,399.9100036621094,172021
2026-06-05 12:26:00-04:00,399.7799987792969,399.7799987792969,400.29998779296875,399.7500915527344,399.82000732421875,199492
2026-06-05 12:28:00-04:00,399.00469970703125,399.00469970703125,399.84149169921875,398.9100036621094,399.81500244140625,194883
2026-06-05 12:30:00-04:00,398.2749938964844,398.2749938964844,399.0278015136719,398.05999755859375,399.0,318065
2026-06-05 12:32:00-04:00,398.2799987792969,398.2799987792969,398.8599853515625,398.17999267578125,398.3699035644531,201350
2026-06-05 12:34:00-04:00,398.7950134277344,398.7950134277344,398.9100036621094,398.2099914550781,398.2699890136719,160596
2026-06-05 12:36:00-04:00,398.6700134277344,398.6700134277344,398.8799133300781,398.4200134277344,398.7301025390625,173328
2026-06-05 12:38:00-04:00,398.7499084472656,398.7499084472656,399.1499938964844,398.5899963378906,398.6700134277344,204578
2026-06-05 12:40:00-04:00,397.6400146484375,397.6400146484375,398.9150085449219,397.5400085449219,398.7200012207031,358741
2026-06-05 12:42:00-04:00,397.0150146484375,397.0150146484375,397.6449890136719,396.8999938964844,397.5899963378906,360613
2026-06-05 12:44:00-04:00,396.68499755859375,396.68499755859375,397.17999267578125,396.44000244140625,397.010009765625,303726
2026-06-05 12:46:00-04:00,396.3673095703125,396.3673095703125,397.0799865722656,396.0899963378906,396.69000244140625,321847
2026-06-05 12:48:00-04:00,397.44000244140625,397.44000244140625,397.4599914550781,396.3299865722656,396.42999267578125,269209
2026-06-05 12:50:00-04:00,397.2611083984375,397.2611083984375,397.4800109863281,396.875,397.44000244140625,230193
2026-06-05 12:52:00-04:00,397.32000732421875,397.32000732421875,397.6499938964844,396.94000244140625,397.2980041503906,234962
2026-06-05 12:54:00-04:00,397.06500244140625,397.06500244140625,397.5899963378906,396.6400146484375,397.3299865722656,242721
2026-06-05 12:56:00-04:00,397.1300048828125,397.1300048828125,397.260009765625,396.6499938964844,397.0422058105469,160452
2026-06-05 12:58:00-04:00,397.7300109863281,397.7300109863281,397.7699890136719,396.8999938964844,397.1400146484375,165770
2026-06-05 13:00:00-04:00,396.9150085449219,396.9150085449219,397.7799987792969,396.9049987792969,397.7300109863281,222387
2026-06-05 13:02:00-04:00,396.875,396.875,396.989990234375,396.1400146484375,396.8900146484375,228826
2026-06-05 13:04:00-04:00,396.96990966796875,396.96990966796875,397.3399963378906,396.55999755859375,396.8299865722656,240492
2026-06-05 13:06:00-04:00,396.2950134277344,396.2950134277344,397.0199890136719,396.2101135253906,396.95001220703125,177629
2026-06-05 13:08:00-04:00,396.05999755859375,396.05999755859375,396.3399963378906,395.8599853515625,396.2749938964844,269640
2026-06-05 13:10:00-04:00,395.4100036621094,395.4100036621094,396.17999267578125,395.3500061035156,396.0,225812
2026-06-05 13:12:00-04:00,395.7749938964844,395.7749938964844,395.8699035644531,395.1400146484375,395.4200134277344,245332
2026-06-05 13:14:00-04:00,395.7300109863281,395.7300109863281,395.8799133300781,395.5299987792969,395.739990234375,141591
2026-06-05 13:16:00-04:00,395.4800109863281,395.4800109863281,395.70989990234375,395.2533874511719,395.7049865722656,205891
2026-06-05 13:18:00-04:00,395.70001220703125,395.70001220703125,395.7598876953125,394.92999267578125,395.5050048828125,358196
2026-06-05 13:20:00-04:00,395.44000244140625,395.44000244140625,395.80999755859375,394.95001220703125,395.71990966796875,242919
2026-06-05 13:22:00-04:00,396.2149963378906,396.2149963378906,396.6000061035156,395.3399963378906,395.44000244140625,265474
2026-06-05 13:24:00-04:00,395.1300048828125,395.1300048828125,396.32000732421875,395.110107421875,396.2200012207031,224121
2026-06-05 13:26:00-04:00,395.7449951171875,395.7449951171875,395.7900085449219,394.8999938964844,395.1650085449219,254301
2026-06-05 13:28:00-04:00,395.489990234375,395.489990234375,395.9100036621094,395.1300048828125,395.7149963378906,155857
2026-06-05 13:30:00-04:00,395.7799987792969,395.7799987792969,395.8599853515625,395.3522033691406,395.5096130371094,132688
2026-06-05 13:32:00-04:00,395.3500061035156,395.3500061035156,395.8399963378906,394.8999938964844,395.8299865722656,199093
2026-06-05 13:34:00-04:00,396.239990234375,396.239990234375,396.3399963378906,395.2099914550781,395.29998779296875,182004
2026-06-05 13:36:00-04:00,396.66900634765625,396.66900634765625,396.739990234375,396.20001220703125,396.239990234375,240620
2026-06-05 13:38:00-04:00,396.875,396.875,396.94000244140625,396.489990234375,396.65008544921875,193244
2026-06-05 13:40:00-04:00,396.2200927734375,396.2200927734375,397.20001220703125,396.1400146484375,396.875,282878
2026-06-05 13:42:00-04:00,395.6600036621094,395.6600036621094,396.3900146484375,395.55999755859375,396.260009765625,203480
2026-06-05 13:44:00-04:00,395.81988525390625,395.81988525390625,395.8299865722656,395.18701171875,395.6449890136719,194931
2026-06-05 13:46:00-04:00,395.5849914550781,395.5849914550781,395.83990478515625,395.19000244140625,395.82000732421875,142101
2026-06-05 13:48:00-04:00,395.07000732421875,395.07000732421875,395.5400085449219,395.04998779296875,395.5400085449219,135933
2026-06-05 13:50:00-04:00,395.4100036621094,395.4100036621094,395.5799865722656,395.07000732421875,395.1400146484375,146290
2026-06-05 13:52:00-04:00,395.67498779296875,395.67498779296875,395.7699890136719,395.30999755859375,395.4200134277344,107685
2026-06-05 13:54:00-04:00,395.739990234375,395.739990234375,395.92999267578125,395.3999938964844,395.67999267578125,122485
2026-06-05 13:56:00-04:00,396.0950012207031,396.0950012207031,396.25,395.54998779296875,395.7300109863281,173941
2026-06-05 13:58:00-04:00,396.1600036621094,396.1600036621094,396.2799987792969,395.9599914550781,396.1099853515625,125676
2026-06-05 14:00:00-04:00,395.6700134277344,395.6700134277344,396.20001220703125,395.3900146484375,396.1600036621094,183487
2026-06-05 14:02:00-04:00,394.29998779296875,394.29998779296875,395.67999267578125,394.2300109863281,395.6099853515625,330077
2026-06-05 14:04:00-04:00,393.885009765625,393.885009765625,394.25,393.8500061035156,394.25,249216
2026-06-05 14:06:00-04:00,394.2550048828125,394.2550048828125,394.3399963378906,393.875,393.885009765625,153147
2026-06-05 14:08:00-04:00,393.6000061035156,393.6000061035156,394.29998779296875,393.5400085449219,394.2300109863281,216211
2026-06-05 14:10:00-04:00,393.55999755859375,393.55999755859375,394.04998779296875,393.45001220703125,393.5899963378906,223873
2026-06-05 14:12:00-04:00,393.5,393.5,393.75,393.2699890136719,393.5799865722656,200467
2026-06-05 14:14:00-04:00,392.94500732421875,392.94500732421875,393.8200988769531,392.8500061035156,393.5398864746094,288430
2026-06-05 14:16:00-04:00,392.9700012207031,392.9700012207031,393.2699890136719,392.7900085449219,392.94500732421875,188170
2026-06-05 14:18:00-04:00,392.5849914550781,392.5849914550781,393.07000732421875,392.4800109863281,392.92999267578125,217314
2026-06-05 14:20:00-04:00,392.885009765625,392.885009765625,393.0899963378906,392.5299987792969,392.5299987792969,223671
2026-06-05 14:22:00-04:00,392.4100036621094,392.4100036621094,392.989990234375,392.20001220703125,392.8900146484375,272742
2026-06-05 14:24:00-04:00,391.9200134277344,391.9200134277344,392.6199951171875,391.8999938964844,392.41778564453125,234459
2026-06-05 14:26:00-04:00,391.7799987792969,391.7799987792969,392.0,391.4100036621094,391.95001220703125,263471
2026-06-05 14:28:00-04:00,391.6700134277344,391.6700134277344,391.8800048828125,391.4700012207031,391.8399963378906,214993
2026-06-05 14:30:00-04:00,392.2200012207031,392.2200012207031,392.4590148925781,391.5400085449219,391.635009765625,267375
2026-06-05 14:32:00-04:00,391.739990234375,391.739990234375,392.5299072265625,391.4800109863281,392.260009765625,197759
2026-06-05 14:34:00-04:00,391.67999267578125,391.67999267578125,391.9100036621094,391.4800109863281,391.6700134277344,236700
2026-06-05 14:36:00-04:00,392.17999267578125,392.17999267578125,392.29998779296875,391.6499938964844,391.6549987792969,177248
2026-06-05 14:38:00-04:00,392.05999755859375,392.05999755859375,392.3299865722656,391.7200927734375,392.2499084472656,169391
2026-06-05 14:40:00-04:00,391.7049865722656,391.7049865722656,392.1499938964844,391.6200866699219,392.0199890136719,167914
2026-06-05 14:42:00-04:00,391.4012145996094,391.4012145996094,391.75,391.30999755859375,391.6700134277344,181236
2026-06-05 14:44:00-04:00,391.2349853515625,391.2349853515625,391.8399963378906,390.92999267578125,391.3999938964844,407984
2026-06-05 14:46:00-04:00,391.04998779296875,391.04998779296875,391.7267150878906,390.8299865722656,391.2578125,204059
2026-06-05 14:48:00-04:00,391.80999755859375,391.80999755859375,391.95989990234375,390.6700134277344,391.0007019042969,209762
2026-06-05 14:50:00-04:00,391.2900085449219,391.2900085449219,391.9599914550781,390.8901062011719,391.7650146484375,214050
2026-06-05 14:52:00-04:00,390.9700012207031,390.9700012207031,391.4200134277344,390.9200134277344,391.25,202099
2026-06-05 14:54:00-04:00,391.4599914550781,391.4599914550781,391.6499938964844,390.7149963378906,390.9700012207031,252192
2026-06-05 14:56:00-04:00,391.6310119628906,391.6310119628906,392.4700012207031,391.04998779296875,391.4700012207031,257473
2026-06-05 14:58:00-04:00,391.7699890136719,391.7699890136719,392.010009765625,391.010009765625,391.6700134277344,206931
2026-06-05 15:00:00-04:00,391.1600036621094,391.1600036621094,391.7799987792969,390.6499938964844,391.7099914550781,256894
2026-06-05 15:02:00-04:00,391.9549865722656,391.9549865722656,392.010009765625,390.80999755859375,391.1499938964844,218594
2026-06-05 15:04:00-04:00,391.3599853515625,391.3599853515625,392.0799865722656,391.0600891113281,391.989990234375,195791
2026-06-05 15:06:00-04:00,390.1549987792969,390.1549987792969,391.54998779296875,390.1199951171875,391.3349914550781,351868
2026-06-05 15:08:00-04:00,390.1499938964844,390.1499938964844,390.3299865722656,389.67999267578125,390.17999267578125,475054
2026-06-05 15:10:00-04:00,389.4049987792969,389.4049987792969,390.2699890136719,389.3100891113281,390.1600036621094,296344
2026-06-05 15:12:00-04:00,389.489990234375,389.489990234375,389.6488037109375,389.20001220703125,389.4049987792969,205398
2026-06-05 15:14:00-04:00,389.239990234375,389.239990234375,389.6239929199219,389.1300048828125,389.489990234375,263682
2026-06-05 15:16:00-04:00,388.70001220703125,388.70001220703125,389.33990478515625,388.6400146484375,389.2349853515625,341037
2026-06-05 15:18:00-04:00,388.9700012207031,388.9700012207031,389.2699890136719,388.5899963378906,388.67999267578125,277092
2026-06-05 15:20:00-04:00,389.30999755859375,389.30999755859375,389.3599853515625,388.6000061035156,389.0185852050781,265793
2026-06-05 15:22:00-04:00,388.9200134277344,388.9200134277344,389.6600036621094,388.75,389.32000732421875,284176
2026-06-05 15:24:00-04:00,390.3599853515625,390.3599853515625,390.4598083496094,388.8999938964844,388.8999938964844,290965
2026-06-05 15:26:00-04:00,391.04998779296875,391.04998779296875,391.18121337890625,389.8399963378906,390.3399963378906,337427
2026-06-05 15:28:00-04:00,391.6098937988281,391.6098937988281,391.6300048828125,390.70001220703125,391.0299072265625,292384
2026-06-05 15:30:00-04:00,390.5799865722656,390.5799865722656,391.6199951171875,390.3900146484375,391.57000732421875,312414
2026-06-05 15:32:00-04:00,389.8215026855469,389.8215026855469,390.6299133300781,389.5700988769531,390.54998779296875,360713
2026-06-05 15:34:00-04:00,391.3500061035156,391.3500061035156,391.6300048828125,389.7099914550781,389.7799987792969,308999
2026-06-05 15:36:00-04:00,390.9100036621094,390.9100036621094,391.3500061035156,390.7699890136719,391.3500061035156,230391
2026-06-05 15:38:00-04:00,391.3550109863281,391.3550109863281,391.4599914550781,390.7699890136719,390.89959716796875,270211
2026-06-05 15:40:00-04:00,390.5899963378906,390.5899963378906,391.79998779296875,390.5849914550781,391.3550109863281,392372
2026-06-05 15:42:00-04:00,391.2250061035156,391.2250061035156,391.30999755859375,390.4623107910156,390.5899963378906,264745
2026-06-05 15:44:00-04:00,391.8699951171875,391.8699951171875,391.94000244140625,391.0201110839844,391.19000244140625,272439
2026-06-05 15:46:00-04:00,392.3900146484375,392.3900146484375,392.44989013671875,391.7900085449219,391.8699951171875,289055
2026-06-05 15:48:00-04:00,392.5474853515625,392.5474853515625,393.05999755859375,392.3399963378906,392.3900146484375,429871
2026-06-05 15:50:00-04:00,393.38958740234375,393.38958740234375,393.489990234375,392.3299865722656,392.59991455078125,509392
2026-06-05 15:52:00-04:00,392.19000244140625,392.19000244140625,393.364990234375,392.1401062011719,393.35009765625,525210
2026-06-05 15:54:00-04:00,392.25,392.25,392.7099914550781,391.9200134277344,392.2300109863281,463272
2026-06-05 15:56:00-04:00,391.55999755859375,391.55999755859375,392.44000244140625,391.3500061035156,392.2099914550781,480315
2026-06-05 15:58:00-04:00,390.9700012207031,390.9700012207031,391.6499938964844,390.3999938964844,391.5400085449219,1159236
2026-06-08 09:30:00-04:00,396.7099914550781,396.7099914550781,400.07000732421875,394.7200012207031,396.32000732421875,2794348
2026-06-08 09:32:00-04:00,395.3399963378906,395.3399963378906,397.9399108886719,395.0801086425781,396.6700134277344,394833
2026-06-08 09:34:00-04:00,396.44000244140625,396.44000244140625,396.8999938964844,395.32501220703125,395.32501220703125,313065
2026-06-08 09:36:00-04:00,396.6300048828125,396.6300048828125,396.8699951171875,395.1000061035156,396.3800048828125,300979
2026-06-08 09:38:00-04:00,397.95001220703125,397.95001220703125,399.32000732421875,396.5,396.69000244140625,508923
2026-06-08 09:40:00-04:00,398.7300109863281,398.7300109863281,399.4599914550781,397.05010986328125,397.9800109863281,440782
2026-06-08 09:42:00-04:00,398.7200012207031,398.7200012207031,399.139892578125,398.17999267578125,398.7300109863281,263965
2026-06-08 09:44:00-04:00,398.8900146484375,398.8900146484375,399.5964050292969,398.1499938964844,398.69500732421875,286047
2026-06-08 09:46:00-04:00,397.7200012207031,397.7200012207031,399.46990966796875,397.6000061035156,398.885009765625,295687
2026-06-08 09:48:00-04:00,399.4800109863281,399.4800109863281,399.4800109863281,397.20001220703125,397.79998779296875,426843
2026-06-08 09:50:00-04:00,399.6099853515625,399.6099853515625,400.3900146484375,398.68011474609375,399.4200134277344,443667
2026-06-08 09:52:00-04:00,401.30999755859375,401.30999755859375,402.0,399.5799865722656,399.5799865722656,531342
2026-06-08 09:54:00-04:00,400.41119384765625,400.41119384765625,401.8221130371094,400.3031921386719,401.3399963378906,421344
2026-06-08 09:56:00-04:00,400.45001220703125,400.45001220703125,402.3999938964844,400.3399963378906,400.45001220703125,417874
2026-06-08 09:58:00-04:00,401.07501220703125,401.07501220703125,402.1000061035156,399.3599853515625,400.57000732421875,445881
2026-06-08 10:00:00-04:00,402.39990234375,402.39990234375,402.3999938964844,400.5101013183594,401.0350036621094,343385
2026-06-08 10:02:00-04:00,402.0398864746094,402.0398864746094,403.45001220703125,401.8861999511719,402.3999938964844,440191
2026-06-08 10:04:00-04:00,400.44500732421875,400.44500732421875,402.0899963378906,400.4100036621094,401.9700012207031,274241
2026-06-08 10:06:00-04:00,401.8949890136719,401.8949890136719,402.25,400.2550048828125,400.45001220703125,288201
2026-06-08 10:08:00-04:00,401.9700012207031,401.9700012207031,402.4198913574219,401.04998779296875,401.94000244140625,200395
2026-06-08 10:10:00-04:00,401.4960021972656,401.4960021972656,402.0498962402344,401.2099914550781,401.93499755859375,155937
2026-06-08 10:12:00-04:00,401.5600891113281,401.5600891113281,401.75,400.57000732421875,401.45001220703125,224243
2026-06-08 10:14:00-04:00,400.7900085449219,400.7900085449219,402.3500061035156,400.5,401.6000061035156,228081
2026-06-08 10:16:00-04:00,401.1000061035156,401.1000061035156,401.5299072265625,400.41009521484375,400.9100036621094,203703
2026-06-08 10:18:00-04:00,401.6700134277344,401.6700134277344,401.6700134277344,400.5,401.159912109375,154695
2026-06-08 10:20:00-04:00,401.1099853515625,401.1099853515625,402.0,400.625,401.5899963378906,194584
2026-06-08 10:22:00-04:00,402.1582946777344,402.1582946777344,402.19989013671875,400.5400085449219,401.114990234375,186291
2026-06-08 10:24:00-04:00,402.43670654296875,402.43670654296875,402.4999084472656,401.7401123046875,402.0849914550781,215361
2026-06-08 10:26:00-04:00,402.80999755859375,402.80999755859375,403.1000061035156,402.29010009765625,402.3399963378906,269249
2026-06-08 10:28:00-04:00,402.90008544921875,402.90008544921875,403.29400634765625,402.0299987792969,402.8699951171875,276035
2026-06-08 10:30:00-04:00,402.643798828125,402.643798828125,403.45001220703125,402.3999938964844,402.9100036621094,278234
2026-06-08 10:32:00-04:00,403.1400146484375,403.1400146484375,403.260009765625,402.5,402.7049865722656,190147
2026-06-08 10:34:00-04:00,403.25,403.25,403.48968505859375,402.75,403.0950012207031,157159
2026-06-08 10:36:00-04:00,403.07000732421875,403.07000732421875,403.54998779296875,402.70001220703125,403.25,243633
2026-06-08 10:38:00-04:00,403.32000732421875,403.32000732421875,403.42999267578125,402.5,403.07000732421875,224822
2026-06-08 10:40:00-04:00,402.79998779296875,402.79998779296875,403.5993957519531,402.6099853515625,403.19000244140625,188815
2026-06-08 10:42:00-04:00,402.5799865722656,402.5799865722656,402.8399963378906,402.2721862792969,402.7300109863281,203713
2026-06-08 10:44:00-04:00,403.2049865722656,403.2049865722656,403.25,402.5346984863281,402.6221008300781,157891
2026-06-08 10:46:00-04:00,404.1600036621094,404.1600036621094,404.4049987792969,403.110107421875,403.1600036621094,376875
2026-06-08 10:48:00-04:00,403.3599853515625,403.3599853515625,404.31988525390625,403.3299865722656,404.19000244140625,220122
2026-06-08 10:50:00-04:00,403.3900146484375,403.3900146484375,403.5369873046875,402.92999267578125,403.3299865722656,188770
2026-06-08 10:52:00-04:00,403.7300109863281,403.7300109863281,404.25,403.42498779296875,403.43499755859375,217919
2026-06-08 10:54:00-04:00,404.05499267578125,404.05499267578125,404.20001220703125,403.44000244140625,403.7149963378906,174862
2026-06-08 10:56:00-04:00,404.1199951171875,404.1199951171875,404.2298889160156,403.42999267578125,404.1000061035156,236315
2026-06-08 10:58:00-04:00,403.8599853515625,403.8599853515625,404.3500061035156,403.81060791015625,404.1400146484375,198809
2026-06-08 11:00:00-04:00,403.8599853515625,403.8599853515625,404.1600036621094,403.760009765625,403.8399963378906,164774
2026-06-08 11:02:00-04:00,403.82000732421875,403.82000732421875,404.07000732421875,403.65008544921875,403.8599853515625,140393
2026-06-08 11:04:00-04:00,403.7586975097656,403.7586975097656,403.95001220703125,403.4100036621094,403.79998779296875,160075
2026-06-08 11:06:00-04:00,403.70001220703125,403.70001220703125,403.95001220703125,403.60009765625,403.760009765625,119395
2026-06-08 11:08:00-04:00,403.80999755859375,403.80999755859375,403.8599853515625,403.239990234375,403.7001037597656,165413
2026-06-08 11:10:00-04:00,402.9700012207031,402.9700012207031,403.8500061035156,402.8699951171875,403.7799987792969,158623
2026-06-08 11:12:00-04:00,403.44000244140625,403.44000244140625,404.20001220703125,402.81201171875,402.93011474609375,243980
2026-06-08 11:14:00-04:00,403.1000061035156,403.1000061035156,403.7300109863281,403.0400085449219,403.42010498046875,149178
2026-06-08 11:16:00-04:00,402.7892150878906,402.7892150878906,403.4523010253906,402.7300109863281,403.1300048828125,141484
2026-06-08 11:18:00-04:00,402.8629150390625,402.8629150390625,403.2799987792969,402.45001220703125,402.82000732421875,164796
2026-06-08 11:20:00-04:00,402.80999755859375,402.80999755859375,402.9800109863281,402.1000061035156,402.8599853515625,168439
2026-06-08 11:22:00-04:00,403.0950012207031,403.0950012207031,403.17498779296875,402.3999938964844,402.80999755859375,135800
2026-06-08 11:24:00-04:00,402.67999267578125,402.67999267578125,403.29998779296875,402.55999755859375,403.1099853515625,142676
2026-06-08 11:26:00-04:00,401.6600036621094,401.6600036621094,402.7699890136719,401.6199951171875,402.6499938964844,235785
2026-06-08 11:28:00-04:00,400.8999938964844,400.8999938964844,401.7099914550781,400.8240051269531,401.6199951171875,207083
2026-06-08 11:30:00-04:00,400.0,400.0,400.9800109863281,399.839599609375,400.92999267578125,286534
2026-06-08 11:32:00-04:00,399.7250061035156,399.7250061035156,400.06988525390625,399.3599853515625,399.9649963378906,240847
2026-06-08 11:34:00-04:00,399.80499267578125,399.80499267578125,400.1300048828125,399.45001220703125,399.7099914550781,171171
2026-06-08 11:36:00-04:00,401.2950134277344,401.2950134277344,401.42999267578125,399.7099914550781,399.7900085449219,237053
2026-06-08 11:38:00-04:00,401.4200134277344,401.4200134277344,401.6199951171875,401.05999755859375,401.25,188928
2026-06-08 11:40:00-04:00,401.4800109863281,401.4800109863281,401.67999267578125,400.8999938964844,401.4100036621094,140181
2026-06-08 11:42:00-04:00,401.3500061035156,401.3500061035156,401.5899963378906,401.0400085449219,401.4599914550781,111061
2026-06-08 11:44:00-04:00,402.260009765625,402.260009765625,402.3299865722656,401.32000732421875,401.32000732421875,171978
2026-06-08 11:46:00-04:00,403.010009765625,403.010009765625,403.1000061035156,402.239990234375,402.260009765625,180471
2026-06-08 11:48:00-04:00,402.6700134277344,402.6700134277344,403.1499938964844,402.5000915527344,403.0400085449219,173049
2026-06-08 11:50:00-04:00,403.07000732421875,403.07000732421875,403.1499938964844,402.5635070800781,402.635009765625,106812
2026-06-08 11:52:00-04:00,402.6700134277344,402.6700134277344,403.0899963378906,402.6000061035156,403.07000732421875,89326
2026-06-08 11:54:00-04:00,401.8299865722656,401.8299865722656,402.67999267578125,401.79998779296875,402.6700134277344,144318
2026-06-08 11:56:00-04:00,401.5199890136719,401.5199890136719,402.1535949707031,401.5199890136719,401.8399963378906,117869
2026-06-08 11:58:00-04:00,402.1600036621094,402.1600036621094,402.2200012207031,401.3699951171875,401.57000732421875,126226
2026-06-08 12:00:00-04:00,402.19000244140625,402.19000244140625,402.2900085449219,401.7101135253906,402.0950012207031,97721
2026-06-08 12:02:00-04:00,403.5199890136719,403.5199890136719,403.5400085449219,402.0400085449219,402.1899108886719,166816
2026-06-08 12:04:00-04:00,402.9649963378906,402.9649963378906,403.6199951171875,402.60009765625,403.4800109863281,152916
2026-06-08 12:06:00-04:00,403.30999755859375,403.30999755859375,403.3999938964844,402.8599853515625,402.9649963378906,103195
2026-06-08 12:08:00-04:00,403.1050109863281,403.1050109863281,403.3999938964844,403.0,403.3299865722656,96115
2026-06-08 12:10:00-04:00,403.864990234375,403.864990234375,403.8800048828125,402.66229248046875,403.0799865722656,161042
2026-06-08 12:12:00-04:00,403.19000244140625,403.19000244140625,403.9100036621094,403.1300048828125,403.8900146484375,150892
2026-06-08 12:14:00-04:00,404.0502014160156,404.0502014160156,404.1899108886719,403.0,403.1600036621094,231756
2026-06-08 12:16:00-04:00,405.14898681640625,405.14898681640625,405.14898681640625,403.9800109863281,404.04998779296875,370894
2026-06-08 12:18:00-04:00,405.8299865722656,405.8299865722656,406.20001220703125,405.0000915527344,405.14990234375,1041953
2026-06-08 12:20:00-04:00,405.7900085449219,405.7900085449219,406.33990478515625,405.6099853515625,405.8699951171875,223924
2026-06-08 12:22:00-04:00,404.9049987792969,404.9049987792969,405.8099060058594,404.80999755859375,405.7998962402344,250360
2026-06-08 12:24:00-04:00,405.360107421875,405.360107421875,405.7699890136719,404.9700012207031,404.9800109863281,177689
2026-06-08 12:26:00-04:00,405.489990234375,405.489990234375,405.70001220703125,405.1700134277344,405.3606872558594,134991
2026-06-08 12:28:00-04:00,404.8599853515625,404.8599853515625,405.4599914550781,404.79998779296875,405.3900146484375,144871
2026-06-08 12:30:00-04:00,405.6549987792969,405.6549987792969,405.7799987792969,404.8800048828125,404.8800048828125,204635
2026-06-08 12:32:00-04:00,404.9800109863281,404.9800109863281,405.69000244140625,404.9200134277344,405.69000244140625,116456
2026-06-08 12:34:00-04:00,404.8599853515625,404.8599853515625,405.19000244140625,404.8500061035156,405.0350036621094,123142
2026-06-08 12:36:00-04:00,404.8800048828125,404.8800048828125,405.2200012207031,404.6099853515625,404.885009765625,193713
2026-06-08 12:38:00-04:00,404.8900146484375,404.8900146484375,405.17999267578125,404.5403137207031,404.9100036621094,119247
2026-06-08 12:40:00-04:00,406.05999755859375,406.05999755859375,406.25,404.79998779296875,404.79998779296875,257370
2026-06-08 12:42:00-04:00,405.56689453125,405.56689453125,406.9200134277344,405.5,406.1499938964844,307501
2026-06-08 12:44:00-04:00,406.32000732421875,406.32000732421875,406.79998779296875,405.5249938964844,405.5400085449219,207513
2026-06-08 12:46:00-04:00,406.2799987792969,406.2799987792969,406.4100036621094,405.8301086425781,406.38140869140625,146317
2026-06-08 12:48:00-04:00,405.989990234375,405.989990234375,406.54998779296875,405.9551086425781,406.31500244140625,122755
2026-06-08 12:50:00-04:00,406.20001220703125,406.20001220703125,406.3399963378906,405.7900085449219,406.0,106876
2026-06-08 12:52:00-04:00,406.0400085449219,406.0400085449219,406.3900146484375,405.8900146484375,406.1449890136719,103965
2026-06-08 12:54:00-04:00,406.2550048828125,406.2550048828125,406.3599853515625,405.8900146484375,406.06500244140625,98570
2026-06-08 12:56:00-04:00,406.7900085449219,406.7900085449219,407.4700012207031,406.2300109863281,406.2799072265625,358837
2026-06-08 12:58:00-04:00,406.9639892578125,406.9639892578125,407.1650085449219,406.7300109863281,406.80999755859375,154583
2026-06-08 13:00:00-04:00,406.75,406.75,407.0398864746094,406.3299865722656,406.9599914550781,247642
2026-06-08 13:02:00-04:00,406.17999267578125,406.17999267578125,406.7898864746094,406.0899963378906,406.7349853515625,193496
2026-06-08 13:04:00-04:00,407.114990234375,407.114990234375,407.239990234375,406.1199951171875,406.17999267578125,210118
2026-06-08 13:06:00-04:00,406.9549865722656,406.9549865722656,407.3900146484375,406.9100036621094,407.1199951171875,160528
2026-06-08 13:08:00-04:00,406.80999755859375,406.80999755859375,407.45001220703125,406.5899963378906,407.0249938964844,166461
2026-06-08 13:10:00-04:00,406.8699951171875,406.8699951171875,406.95001220703125,406.4856872558594,406.7699890136719,108594
2026-06-08 13:12:00-04:00,407.46270751953125,407.46270751953125,407.6499938964844,406.69000244140625,406.8550109863281,192200
2026-06-08 13:14:00-04:00,407.67498779296875,407.67498779296875,408.17999267578125,407.406005859375,407.43499755859375,259495
2026-06-08 13:16:00-04:00,408.1449890136719,408.1449890136719,408.3699951171875,407.627685546875,407.67498779296875,219592
2026-06-08 13:18:00-04:00,408.25,408.25,408.32000732421875,407.6400146484375,408.1449890136719,170229
2026-06-08 13:20:00-04:00,408.6099853515625,408.6099853515625,408.79998779296875,408.260009765625,408.2900085449219,227277
2026-06-08 13:22:00-04:00,409.010009765625,409.010009765625,409.3299865722656,408.4100036621094,408.5799865722656,373200
2026-06-08 13:24:00-04:00,410.0150146484375,410.0150146484375,410.07000732421875,408.7226867675781,409.0199890136719,388660
2026-06-08 13:26:00-04:00,409.9150085449219,409.9150085449219,410.07000732421875,409.3699951171875,410.0,249013
2026-06-08 13:28:00-04:00,410.7900085449219,410.7900085449219,410.7900085449219,409.70001220703125,409.8999938964844,301041
2026-06-08 13:30:00-04:00,410.7300109863281,410.7300109863281,411.8299865722656,410.32000732421875,410.7699890136719,477433
2026-06-08 13:32:00-04:00,409.3900146484375,409.3900146484375,410.68499755859375,409.32000732421875,410.67999267578125,362025
2026-06-08 13:34:00-04:00,409.6600036621094,409.6600036621094,410.4800109863281,409.3299865722656,409.3900146484375,229241
2026-06-08 13:36:00-04:00,410.3450012207031,410.3450012207031,410.3599853515625,409.5299987792969,409.67999267578125,166399
2026-06-08 13:38:00-04:00,409.7200012207031,409.7200012207031,410.7900085449219,409.65008544921875,410.3450012207031,265470
2026-06-08 13:40:00-04:00,409.3999938964844,409.3999938964844,410.05999755859375,409.3599853515625,409.6700134277344,167445
2026-06-08 13:42:00-04:00,409.2200012207031,409.2200012207031,409.6700134277344,409.0400085449219,409.401611328125,183350
2026-06-08 13:44:00-04:00,409.989990234375,409.989990234375,409.989990234375,409.2101135253906,409.22198486328125,202851
2026-06-08 13:46:00-04:00,409.82000732421875,409.82000732421875,410.30670166015625,409.6122131347656,409.8800048828125,208150
2026-06-08 13:48:00-04:00,410.6199951171875,410.6199951171875,410.6199951171875,409.55999755859375,409.8299865722656,160091
2026-06-08 13:50:00-04:00,410.2900085449219,410.2900085449219,410.7699890136719,410.05999755859375,410.5899963378906,169697
2026-06-08 13:52:00-04:00,410.68328857421875,410.68328857421875,410.7467041015625,410.0799865722656,410.2900085449219,187811
2026-06-08 13:54:00-04:00,410.0201110839844,410.0201110839844,410.7200012207031,409.7799987792969,410.7200012207031,150494
2026-06-08 13:56:00-04:00,409.7749938964844,409.7749938964844,410.64990234375,409.760009765625,410.0400085449219,135555
2026-06-08 13:58:00-04:00,409.94500732421875,409.94500732421875,410.159912109375,409.69000244140625,409.75,136507
2026-06-08 14:00:00-04:00,410.5,410.5,410.6600036621094,409.9100036621094,409.9800109863281,166768
2026-06-08 14:02:00-04:00,410.010009765625,410.010009765625,410.5799865722656,409.9599914550781,410.5498962402344,122793
2026-06-08 14:04:00-04:00,410.56988525390625,410.56988525390625,410.67999267578125,409.9700012207031,410.04998779296875,121046
2026-06-08 14:06:00-04:00,410.82598876953125,410.82598876953125,411.05999755859375,410.32000732421875,410.4800109863281,209665
2026-06-08 14:08:00-04:00,411.20001220703125,411.20001220703125,411.3349914550781,410.6099853515625,410.81500244140625,138272
2026-06-08 14:10:00-04:00,410.739990234375,410.739990234375,411.31500244140625,410.7099914550781,411.20001220703125,160359
2026-06-08 14:12:00-04:00,411.135009765625,411.135009765625,411.20001220703125,410.6000061035156,410.7699890136719,126625
2026-06-08 14:14:00-04:00,411.6000061035156,411.6000061035156,411.6000061035156,410.7799987792969,411.1099853515625,173188
2026-06-08 14:16:00-04:00,411.739990234375,411.739990234375,411.7699890136719,411.2349853515625,411.5950012207031,159893
2026-06-08 14:18:00-04:00,411.70001220703125,411.70001220703125,412.1099853515625,411.59478759765625,411.739990234375,239108
2026-06-08 14:20:00-04:00,411.80999755859375,411.80999755859375,411.92999267578125,411.41009521484375,411.6600036621094,154837
2026-06-08 14:22:00-04:00,411.8949890136719,411.8949890136719,412.1600036621094,411.6900939941406,411.8299865722656,176133
2026-06-08 14:24:00-04:00,411.4100036621094,411.4100036621094,411.9700012207031,411.32000732421875,411.9125061035156,157923
2026-06-08 14:26:00-04:00,411.7550048828125,411.7550048828125,411.8999938964844,411.360107421875,411.45001220703125,112995
2026-06-08 14:28:00-04:00,411.8699951171875,411.8699951171875,412.1485900878906,411.64801025390625,411.7550048828125,139655
2026-06-08 14:30:00-04:00,412.32000732421875,412.32000732421875,412.6000061035156,411.80279541015625,411.8999938964844,269961
2026-06-08 14:32:00-04:00,412.7799987792969,412.7799987792969,412.94000244140625,412.0400085449219,412.3399963378906,219479
2026-06-08 14:34:00-04:00,412.45001220703125,412.45001220703125,412.84051513671875,412.3800048828125,412.75,171955
2026-06-08 14:36:00-04:00,412.239013671875,412.239013671875,412.6050109863281,412.17999267578125,412.4750061035156,174496
2026-06-08 14:38:00-04:00,412.1300048828125,412.1300048828125,412.5400085449219,412.05010986328125,412.2550048828125,160349
2026-06-08 14:40:00-04:00,411.965087890625,411.965087890625,412.1683044433594,411.4200134277344,412.1300048828125,245307
2026-06-08 14:42:00-04:00,412.05499267578125,412.05499267578125,412.5799865722656,411.989990234375,411.989990234375,170235
2026-06-08 14:44:00-04:00,411.7449951171875,411.7449951171875,412.239990234375,411.67999267578125,412.0299987792969,152007
2026-06-08 14:46:00-04:00,412.04998779296875,412.04998779296875,412.1000061035156,411.4599914550781,411.7200012207031,183997
2026-06-08 14:48:00-04:00,412.010009765625,412.010009765625,412.375,411.8599853515625,412.0237121582031,173950
2026-06-08 14:50:00-04:00,412.3299865722656,412.3299865722656,412.3800048828125,411.6300964355469,412.0299987792969,192615
2026-06-08 14:52:00-04:00,412.2650146484375,412.2650146484375,412.3900146484375,412.0,412.3699951171875,142984
2026-06-08 14:54:00-04:00,412.0400085449219,412.0400085449219,412.3485107421875,412.0400085449219,412.260009765625,114627
2026-06-08 14:56:00-04:00,412.0498962402344,412.0498962402344,412.55999755859375,411.7900085449219,411.989990234375,205277
2026-06-08 14:58:00-04:00,411.8800048828125,411.8800048828125,412.3757019042969,411.7101135253906,412.0,129985
2026-06-08 15:00:00-04:00,411.25,411.25,412.07000732421875,411.16009521484375,411.885009765625,216410
2026-06-08 15:02:00-04:00,411.69000244140625,411.69000244140625,412.0299987792969,411.25,411.25,164506
2026-06-08 15:04:00-04:00,411.3999938964844,411.3999938964844,411.79998779296875,411.3800048828125,411.69000244140625,159546
2026-06-08 15:06:00-04:00,410.80499267578125,410.80499267578125,411.4700012207031,410.7500915527344,411.3999938964844,207923
2026-06-08 15:08:00-04:00,410.04998779296875,410.04998779296875,410.80999755859375,410.04998779296875,410.7900085449219,162226
2026-06-08 15:10:00-04:00,409.5400085449219,409.5400085449219,410.1051025390625,409.3500061035156,410.04998779296875,266414
2026-06-08 15:12:00-04:00,409.82501220703125,409.82501220703125,410.07000732421875,409.29998779296875,409.6099853515625,178936
2026-06-08 15:14:00-04:00,409.3500061035156,409.3500061035156,409.8699951171875,409.0799865722656,409.8299865722656,174082
2026-06-08 15:16:00-04:00,409.4100036621094,409.4100036621094,409.6600036621094,409.03009033203125,409.3800048828125,187816
2026-06-08 15:18:00-04:00,409.4800109863281,409.4800109863281,409.6831970214844,409.2254943847656,409.42999267578125,141769
2026-06-08 15:20:00-04:00,409.8349914550781,409.8349914550781,410.0,409.4800109863281,409.4800109863281,173869
2026-06-08 15:22:00-04:00,408.8399963378906,408.8399963378906,409.8999938964844,408.8200988769531,409.81500244140625,160752
2026-06-08 15:24:00-04:00,408.7748107910156,408.7748107910156,409.2900085449219,408.7699890136719,408.8599853515625,205746
2026-06-08 15:26:00-04:00,409.5199890136719,409.5199890136719,409.6199951171875,408.7300109863281,408.760009765625,170852
2026-06-08 15:28:00-04:00,409.52569580078125,409.52569580078125,409.57000732421875,409.05999755859375,409.57000732421875,143164
2026-06-08 15:30:00-04:00,410.1300048828125,410.1300048828125,410.20001220703125,409.3699951171875,409.4849853515625,224804
2026-06-08 15:32:00-04:00,409.9200134277344,409.9200134277344,410.2998962402344,409.6122131347656,410.1099853515625,159362
2026-06-08 15:34:00-04:00,409.84991455078125,409.84991455078125,410.20001220703125,409.67999267578125,409.8900146484375,125561
2026-06-08 15:36:00-04:00,410.5799865722656,410.5799865722656,410.6600036621094,409.7702941894531,409.82000732421875,185225
2026-06-08 15:38:00-04:00,410.489990234375,410.489990234375,410.6000061035156,410.0,410.5799865722656,139044
2026-06-08 15:40:00-04:00,410.2900085449219,410.2900085449219,410.5799865722656,409.739990234375,410.4700012207031,155228
2026-06-08 15:42:00-04:00,409.8299865722656,409.8299865722656,410.489990234375,409.739990234375,410.2200012207031,136258
2026-06-08 15:44:00-04:00,409.3450012207031,409.3450012207031,409.8399963378906,409.1300048828125,409.79998779296875,173143
2026-06-08 15:46:00-04:00,409.55999755859375,409.55999755859375,409.7200012207031,409.2101135253906,409.3550109863281,142944
2026-06-08 15:48:00-04:00,408.8599853515625,408.8599853515625,409.6400146484375,408.635009765625,409.5400085449219,207748
2026-06-08 15:50:00-04:00,408.010009765625,408.010009765625,409.3599853515625,407.8500061035156,408.8800048828125,429982
2026-06-08 15:52:00-04:00,409.4150085449219,409.4150085449219,409.5,407.610107421875,408.0000915527344,403070
2026-06-08 15:54:00-04:00,408.389892578125,408.389892578125,409.6700134277344,408.0801086425781,409.4150085449219,444578
2026-06-08 15:56:00-04:00,408.8800048828125,408.8800048828125,409.1700134277344,407.7699890136719,408.3900146484375,382004
2026-06-08 15:58:00-04:00,409.010009765625,409.010009765625,409.20001220703125,408.6700134277344,408.8800048828125,772677
2026-06-09 09:30:00-04:00,413.77301025390625,413.77301025390625,414.8900146484375,410.80999755859375,411.0299987792969,1935592
2026-06-09 09:32:00-04:00,415.07000732421875,415.07000732421875,415.3599853515625,413.010009765625,413.510009765625,506193
2026-06-09 09:34:00-04:00,417.2200012207031,417.2200012207031,417.4800109863281,414.92999267578125,415.07000732421875,667419
2026-06-09 09:36:00-04:00,417.614990234375,417.614990234375,418.4399108886719,416.5400085449219,417.19000244140625,630495
2026-06-09 09:38:00-04:00,415.1099853515625,415.1099853515625,418.5,414.92010498046875,417.6184997558594,504840
2026-06-09 09:40:00-04:00,412.4649963378906,412.4649963378906,415.2799072265625,412.3900146484375,415.135009765625,576876
2026-06-09 09:42:00-04:00,411.6499938964844,411.6499938964844,412.3999938964844,411.1499938964844,412.3999938964844,443035
2026-06-09 09:44:00-04:00,411.3999938964844,411.3999938964844,412.2298889160156,411.1000061035156,411.6499938964844,401510
2026-06-09 09:46:00-04:00,413.68499755859375,413.68499755859375,413.80999755859375,411.2001037597656,411.3999938964844,367899
2026-06-09 09:48:00-04:00,415.1600036621094,415.1600036621094,415.6000061035156,413.04998779296875,413.7200012207031,469138
2026-06-09 09:50:00-04:00,412.0299987792969,412.0299987792969,415.3299865722656,411.91778564453125,415.2398986816406,424398
2026-06-09 09:52:00-04:00,412.72698974609375,412.72698974609375,413.4985046386719,411.8299865722656,412.0299987792969,323635
2026-06-09 09:54:00-04:00,412.0199890136719,412.0199890136719,412.82501220703125,411.70001220703125,412.7799987792969,308177
2026-06-09 09:56:00-04:00,412.0400085449219,412.0400085449219,412.46990966796875,411.4200134277344,412.0299987792969,251938
2026-06-09 09:58:00-04:00,411.58990478515625,411.58990478515625,412.6719970703125,411.20001220703125,412.010009765625,252152
2026-06-09 10:00:00-04:00,412.125,412.125,412.3699951171875,411.1700134277344,411.510009765625,255409
2026-06-09 10:02:00-04:00,412.5000915527344,412.5000915527344,413.9200134277344,412.19000244140625,412.19000244140625,307336
2026-06-09 10:04:00-04:00,412.24530029296875,412.24530029296875,412.64990234375,411.04998779296875,412.64990234375,275422
2026-06-09 10:06:00-04:00,411.260009765625,411.260009765625,412.4590148925781,411.05010986328125,412.2099914550781,190438
2026-06-09 10:08:00-04:00,409.7650146484375,409.7650146484375,411.939697265625,409.70001220703125,411.239990234375,400869
2026-06-09 10:10:00-04:00,409.32000732421875,409.32000732421875,410.3900146484375,408.5199890136719,409.7651062011719,499533
2026-06-09 10:12:00-04:00,409.1000061035156,409.1000061035156,410.08990478515625,408.8299865722656,409.3699951171875,303788
2026-06-09 10:14:00-04:00,408.010009765625,408.010009765625,409.4800109863281,407.8699951171875,409.1000061035156,409858
2026-06-09 10:16:00-04:00,407.06500244140625,407.06500244140625,408.82000732421875,406.6700134277344,408.0,445041
2026-06-09 10:18:00-04:00,407.4150085449219,407.4150085449219,408.0,406.8599853515625,407.0335998535156,366612
2026-06-09 10:20:00-04:00,405.95001220703125,405.95001220703125,407.4399108886719,405.7300109863281,407.41668701171875,445589
2026-06-09 10:22:00-04:00,407.45001220703125,407.45001220703125,407.55999755859375,405.6499938964844,405.989990234375,372223
2026-06-09 10:24:00-04:00,408.0150146484375,408.0150146484375,408.3699951171875,406.8999938964844,407.4750061035156,286569
2026-06-09 10:26:00-04:00,407.8900146484375,407.8900146484375,408.29998779296875,406.8999938964844,408.0199890136719,333037
2026-06-09 10:28:00-04:00,407.45001220703125,407.45001220703125,408.589111328125,406.90008544921875,407.92999267578125,249674
2026-06-09 10:30:00-04:00,406.67999267578125,406.67999267578125,407.57989501953125,406.52301025390625,407.3900146484375,287144
2026-06-09 10:32:00-04:00,407.1499938964844,407.1499938964844,407.83990478515625,406.42010498046875,406.70001220703125,208916
2026-06-09 10:34:00-04:00,407.3500061035156,407.3500061035156,407.5299987792969,406.80999755859375,407.1600036621094,190784
2026-06-09 10:36:00-04:00,408.7130126953125,408.7130126953125,408.75,407.20001220703125,407.3599853515625,334435
2026-06-09 10:38:00-04:00,408.0299072265625,408.0299072265625,408.75,407.6263122558594,408.68499755859375,153483
2026-06-09 10:40:00-04:00,408.0000915527344,408.0000915527344,408.4700012207031,407.739990234375,408.0,136914
2026-06-09 10:42:00-04:00,406.6300048828125,406.6300048828125,408.1492919921875,406.6000061035156,408.07000732421875,193339
2026-06-09 10:44:00-04:00,405.92498779296875,405.92498779296875,407.1600036621094,405.44000244140625,406.67999267578125,342184
2026-06-09 10:46:00-04:00,403.2200012207031,403.2200012207031,405.9999084472656,403.0199890136719,405.94500732421875,447453
2026-06-09 10:48:00-04:00,402.2950134277344,402.2950134277344,403.6600036621094,402.1000061035156,403.2149963378906,328906
2026-06-09 10:50:00-04:00,402.510009765625,402.510009765625,402.510009765625,401.62701416015625,402.2799987792969,413442
2026-06-09 10:52:00-04:00,402.2300109863281,402.2300109863281,403.3900146484375,401.7099914550781,402.5199890136719,339410
2026-06-09 10:54:00-04:00,402.3800048828125,402.3800048828125,403.2049865722656,401.99798583984375,402.1455078125,268173
2026-06-09 10:56:00-04:00,402.7250061035156,402.7250061035156,403.19989013671875,401.67999267578125,402.4100036621094,245739
2026-06-09 10:58:00-04:00,402.94000244140625,402.94000244140625,403.1499938964844,402.335205078125,402.79998779296875,185278
2026-06-09 11:00:00-04:00,402.2799987792969,402.2799987792969,403.010009765625,401.8500061035156,402.92999267578125,234310
2026-06-09 11:02:00-04:00,402.4100036621094,402.4100036621094,402.8599853515625,401.739990234375,402.2799987792969,235163
2026-06-09 11:04:00-04:00,401.17999267578125,401.17999267578125,402.6400146484375,401.110107421875,402.3500061035156,234101
2026-06-09 11:06:00-04:00,401.70001220703125,401.70001220703125,402.0799865722656,401.010009765625,401.1700134277344,246104
2026-06-09 11:08:00-04:00,402.08990478515625,402.08990478515625,402.20001220703125,401.29998779296875,401.70001220703125,176844
2026-06-09 11:10:00-04:00,401.25,401.25,402.5799865722656,401.2200012207031,402.0150146484375,227379
2026-06-09 11:12:00-04:00,401.2705078125,401.2705078125,401.489990234375,400.4100036621094,401.2449951171875,270736
2026-06-09 11:14:00-04:00,399.7850036621094,399.7850036621094,401.30999755859375,399.6099853515625,401.2799987792969,267618
2026-06-09 11:16:00-04:00,398.625,398.625,399.94989013671875,398.5400085449219,399.7699890136719,305429
2026-06-09 11:18:00-04:00,398.6650085449219,398.6650085449219,399.2178955078125,398.55999755859375,398.55999755859375,227224
2026-06-09 11:20:00-04:00,399.0400085449219,399.0400085449219,399.4798889160156,398.5700988769531,398.6199951171875,177112
2026-06-09 11:22:00-04:00,397.3974914550781,397.3974914550781,399.08758544921875,397.32000732421875,399.04998779296875,361077
2026-06-09 11:24:00-04:00,396.57501220703125,396.57501220703125,397.4800109863281,396.5,397.3299865722656,370874
2026-06-09 11:26:00-04:00,395.2799987792969,395.2799987792969,396.79998779296875,395.1300048828125,396.57501220703125,452444
2026-06-09 11:28:00-04:00,394.1499938964844,394.1499938964844,395.30999755859375,393.989990234375,395.2900085449219,475451
2026-06-09 11:30:00-04:00,393.6700134277344,393.6700134277344,395.2200012207031,393.3999938964844,394.125,361951
2026-06-09 11:32:00-04:00,394.3599853515625,394.3599853515625,394.55999755859375,393.5199890136719,393.6300048828125,250242
2026-06-09 11:34:00-04:00,394.5299987792969,394.5299987792969,394.7799987792969,394.0299987792969,394.375,235853
2026-06-09 11:36:00-04:00,393.6986083984375,393.6986083984375,394.57000732421875,393.4043884277344,394.5199890136719,260446
2026-06-09 11:38:00-04:00,393.82501220703125,393.82501220703125,394.1199951171875,393.0199890136719,393.7200012207031,306032
2026-06-09 11:40:00-04:00,395.04998779296875,395.04998779296875,395.15899658203125,393.5400085449219,393.760009765625,284905
2026-06-09 11:42:00-04:00,394.760009765625,394.760009765625,395.4599914550781,394.1700134277344,395.0299987792969,311414
2026-06-09 11:44:00-04:00,394.42498779296875,394.42498779296875,395.0199890136719,394.1700134277344,394.80999755859375,193964
2026-06-09 11:46:00-04:00,395.06500244140625,395.06500244140625,395.30999755859375,394.4150085449219,394.4150085449219,195841
2026-06-09 11:48:00-04:00,395.0456848144531,395.0456848144531,395.4200134277344,394.8399963378906,395.04998779296875,213895
2026-06-09 11:50:00-04:00,396.0304870605469,396.0304870605469,396.139892578125,394.1400146484375,395.0299987792969,268496
2026-06-09 11:52:00-04:00,395.1700134277344,395.1700134277344,396.239990234375,394.5,395.9700012207031,252152
2026-06-09 11:54:00-04:00,393.67999267578125,393.67999267578125,395.20001220703125,393.6394958496094,395.17999267578125,253137
2026-06-09 11:56:00-04:00,391.9960021972656,391.9960021972656,394.4100036621094,391.75,393.6600036621094,477802
2026-06-09 11:58:00-04:00,392.2099914550781,392.2099914550781,392.639892578125,391.8550109863281,391.9700012207031,263384
2026-06-09 12:00:00-04:00,393.57000732421875,393.57000732421875,393.5899963378906,392.1199951171875,392.19000244140625,277370
2026-06-09 12:02:00-04:00,392.67498779296875,392.67498779296875,393.8500061035156,392.20001220703125,393.5,217605
2026-06-09 12:04:00-04:00,391.5799865722656,391.5799865722656,393.0400085449219,391.489990234375,392.610107421875,248801
2026-06-09 12:06:00-04:00,391.70001220703125,391.70001220703125,392.55999755859375,391.32000732421875,391.53009033203125,267686
2026-06-09 12:08:00-04:00,390.6400146484375,390.6400146484375,391.69000244140625,390.010009765625,391.69000244140625,410886
2026-06-09 12:10:00-04:00,391.5299987792969,391.5299987792969,391.6199951171875,390.0815124511719,390.67999267578125,264627
2026-06-09 12:12:00-04:00,391.2149963378906,391.2149963378906,391.9100036621094,390.6300048828125,391.55999755859375,215514
2026-06-09 12:14:00-04:00,390.0168151855469,390.0168151855469,391.22198486328125,389.9200134277344,391.07000732421875,294064
2026-06-09 12:16:00-04:00,388.1600036621094,388.1600036621094,390.07940673828125,388.04998779296875,390.07940673828125,429929
2026-06-09 12:18:00-04:00,388.0899963378906,388.0899963378906,389.260009765625,387.6300048828125,388.1600036621094,473316
2026-06-09 12:20:00-04:00,388.6050109863281,388.6050109863281,388.6400146484375,387.17291259765625,388.1099853515625,514727
2026-06-09 12:22:00-04:00,388.5199890136719,388.5199890136719,389.1000061035156,388.1099853515625,388.6050109863281,267191
2026-06-09 12:24:00-04:00,389.9800109863281,389.9800109863281,390.75,388.42999267578125,388.4700012207031,336628
2026-06-09 12:26:00-04:00,389.0799865722656,389.0799865722656,390.2300109863281,388.73699951171875,389.92999267578125,254899
2026-06-09 12:28:00-04:00,388.92999267578125,388.92999267578125,389.6199035644531,388.7200012207031,389.0660095214844,219751
2026-06-09 12:30:00-04:00,388.7900085449219,388.7900085449219,389.3157958984375,387.7799987792969,388.92999267578125,307695
2026-06-09 12:32:00-04:00,389.0101013183594,389.0101013183594,390.06988525390625,388.8299865722656,388.9100036621094,269320
2026-06-09 12:34:00-04:00,389.67999267578125,389.67999267578125,389.8900146484375,388.66009521484375,389.0201110839844,228904
2026-06-09 12:36:00-04:00,389.4649963378906,389.4649963378906,390.19000244140625,389.1499938964844,389.5899963378906,268892
2026-06-09 12:38:00-04:00,385.2309875488281,385.2309875488281,389.510009765625,384.8999938964844,389.42999267578125,786703
2026-06-09 12:40:00-04:00,385.010009765625,385.010009765625,385.7900085449219,384.239990234375,385.2799987792969,425584
2026-06-09 12:42:00-04:00,386.54998779296875,386.54998779296875,386.75,384.9501037597656,384.9849853515625,301988
2026-06-09 12:44:00-04:00,387.2099914550781,387.2099914550781,387.5150146484375,385.8299865722656,386.6099853515625,316001
2026-06-09 12:46:00-04:00,386.760009765625,386.760009765625,387.3399963378906,385.3599853515625,387.2799987792969,332563
2026-06-09 12:48:00-04:00,386.42999267578125,386.42999267578125,386.739990234375,385.7250061035156,386.6700134277344,300947
2026-06-09 12:50:00-04:00,386.6000061035156,386.6000061035156,386.81988525390625,385.6099853515625,386.42999267578125,339923
2026-06-09 12:52:00-04:00,385.8699951171875,385.8699951171875,386.7349853515625,384.8999938964844,386.6199951171875,274278
2026-06-09 12:54:00-04:00,386.1199951171875,386.1199951171875,386.2200012207031,385.07000732421875,385.8500061035156,268354
2026-06-09 12:56:00-04:00,385.739990234375,385.739990234375,386.20001220703125,385.32000732421875,386.1099853515625,181776
2026-06-09 12:58:00-04:00,388.20318603515625,388.20318603515625,388.2900085449219,385.54998779296875,385.70001220703125,276392
2026-06-09 13:00:00-04:00,388.1899108886719,388.1899108886719,388.7900085449219,387.69000244140625,388.25,361027
2026-06-09 13:02:00-04:00,390.1499938964844,390.1499938964844,390.2900085449219,387.8999938964844,388.125,376503
2026-06-09 13:04:00-04:00,390.2200012207031,390.2200012207031,390.909912109375,389.8550109863281,390.1549987792969,367451
2026-06-09 13:06:00-04:00,389.70660400390625,389.70660400390625,390.42999267578125,389.5517883300781,390.2200012207031,230728
2026-06-09 13:08:00-04:00,390.389892578125,390.389892578125,390.5199890136719,389.20001220703125,389.739990234375,237039
2026-06-09 13:10:00-04:00,390.489990234375,390.489990234375,390.5400085449219,388.82501220703125,390.3800048828125,248190
2026-06-09 13:12:00-04:00,390.409912109375,390.409912109375,390.54998779296875,389.55999755859375,390.54998779296875,281460
2026-06-09 13:14:00-04:00,390.1899108886719,390.1899108886719,391.1400146484375,390.0899963378906,390.44000244140625,289773
2026-06-09 13:16:00-04:00,391.1400146484375,391.1400146484375,391.39410400390625,389.840087890625,390.1199951171875,231331
2026-06-09 13:18:00-04:00,391.5899963378906,391.5899963378906,392.0599060058594,391.0,391.18170166015625,273661
2026-06-09 13:20:00-04:00,392.6499938964844,392.6499938964844,392.75,391.5216064453125,391.6600036621094,324921
2026-06-09 13:22:00-04:00,392.06988525390625,392.06988525390625,392.82000732421875,391.8999938964844,392.69000244140625,236537
2026-06-09 13:24:00-04:00,391.5299987792969,391.5299987792969,392.4399108886719,391.32000732421875,392.0150146484375,194857
2026-06-09 13:26:00-04:00,392.9200134277344,392.9200134277344,392.9599914550781,391.6199951171875,391.6199951171875,198954
2026-06-09 13:28:00-04:00,392.69000244140625,392.69000244140625,393.2099914550781,392.42999267578125,392.9150085449219,267861
2026-06-09 13:30:00-04:00,393.0199890136719,393.0199890136719,393.0799865722656,392.340087890625,392.7099914550781,228868
2026-06-09 13:32:00-04:00,393.6903991699219,393.6903991699219,393.7099914550781,392.5799865722656,393.0,198843
2026-06-09 13:34:00-04:00,393.38079833984375,393.38079833984375,393.7909851074219,393.0199890136719,393.6199951171875,229041
2026-06-09 13:36:00-04:00,394.1673889160156,394.1673889160156,394.3389892578125,393.3399963378906,393.4533996582031,190224
2026-06-09 13:38:00-04:00,393.7001037597656,393.7001037597656,394.3699951171875,393.67999267578125,394.17999267578125,186423
2026-06-09 13:40:00-04:00,394.67999267578125,394.67999267578125,394.7080078125,393.54998779296875,393.7900085449219,157053
2026-06-09 13:42:00-04:00,395.19500732421875,395.19500732421875,395.6099853515625,394.5799865722656,394.69500732421875,318333
2026-06-09 13:44:00-04:00,394.375,394.375,395.38409423828125,394.2601013183594,395.16009521484375,239324
2026-06-09 13:46:00-04:00,392.29998779296875,392.29998779296875,394.43951416015625,392.29998779296875,394.385009765625,345942
2026-06-09 13:48:00-04:00,392.364990234375,392.364990234375,392.88800048828125,392.1112976074219,392.32501220703125,255359
2026-06-09 13:50:00-04:00,394.8599853515625,394.8599853515625,394.8999938964844,392.3999938964844,392.4100036621094,329423
2026-06-09 13:52:00-04:00,394.45001220703125,394.45001220703125,394.95001220703125,393.8800048828125,394.8500061035156,259635
2026-06-09 13:54:00-04:00,395.6300048828125,395.6300048828125,396.0400085449219,394.42498779296875,394.43499755859375,229959
2026-06-09 13:56:00-04:00,395.6300048828125,395.6300048828125,395.94000244140625,395.05999755859375,395.6300048828125,179293
2026-06-09 13:58:00-04:00,395.4825134277344,395.4825134277344,395.8599853515625,395.1199951171875,395.6400146484375,158451
2026-06-09 14:00:00-04:00,395.7200012207031,395.7200012207031,396.04998779296875,395.2099914550781,395.510009765625,210944
2026-06-09 14:02:00-04:00,395.4800109863281,395.4800109863281,396.07000732421875,394.94000244140625,395.651611328125,345914
2026-06-09 14:04:00-04:00,395.70001220703125,395.70001220703125,395.70001220703125,395.1199951171875,395.5050048828125,131100
2026-06-09 14:06:00-04:00,395.95001220703125,395.95001220703125,395.9800109863281,395.17010498046875,395.7200012207031,144542
2026-06-09 14:08:00-04:00,395.79998779296875,395.79998779296875,396.0,395.489990234375,395.93798828125,148847
2026-06-09 14:10:00-04:00,395.260009765625,395.260009765625,395.7699890136719,394.9800109863281,395.7650146484375,167643
2026-06-09 14:12:00-04:00,395.18499755859375,395.18499755859375,395.57000732421875,394.9397888183594,395.2200012207031,149445
2026-06-09 14:14:00-04:00,395.3599853515625,395.3599853515625,395.5498962402344,395.010009765625,395.1549987792969,145625
2026-06-09 14:16:00-04:00,395.3800048828125,395.3800048828125,396.0,394.8500061035156,395.4100036621094,214105
2026-06-09 14:18:00-04:00,396.4700012207031,396.4700012207031,396.6499938964844,395.239990234375,395.3500061035156,211354
2026-06-09 14:20:00-04:00,395.79840087890625,395.79840087890625,396.7815856933594,395.39520263671875,396.489990234375,207758
2026-06-09 14:22:00-04:00,396.4999084472656,396.4999084472656,396.67999267578125,395.80999755859375,395.93499755859375,149765
2026-06-09 14:24:00-04:00,395.8399963378906,395.8399963378906,396.6400146484375,395.8399963378906,396.4100036621094,131429
2026-06-09 14:26:00-04:00,396.3500061035156,396.3500061035156,396.3500061035156,395.6199951171875,395.9100036621094,117862
2026-06-09 14:28:00-04:00,396.260009765625,396.260009765625,396.489990234375,395.9599914550781,396.3399963378906,94881
2026-06-09 14:30:00-04:00,397.3599853515625,397.3599853515625,397.55999755859375,396.1600036621094,396.25,247746
2026-06-09 14:32:00-04:00,397.2850036621094,397.2850036621094,397.5,396.739990234375,397.3599853515625,181328
2026-06-09 14:34:00-04:00,396.9549865722656,396.9549865722656,397.55999755859375,396.8699951171875,397.2850036621094,161110
2026-06-09 14:36:00-04:00,397.260009765625,397.260009765625,397.5,396.9200134277344,396.9549865722656,117832
2026-06-09 14:38:00-04:00,397.2699890136719,397.2699890136719,397.5,397.07000732421875,397.2699890136719,84349
2026-06-09 14:40:00-04:00,396.5450134277344,396.5450134277344,397.2699890136719,396.510009765625,397.2699890136719,141447
2026-06-09 14:42:00-04:00,395.739990234375,395.739990234375,396.7099914550781,395.6199951171875,396.5450134277344,204349
2026-06-09 14:44:00-04:00,395.3800048828125,395.3800048828125,395.8999938964844,394.760009765625,395.7950134277344,239895
2026-06-09 14:46:00-04:00,395.4949951171875,395.4949951171875,395.83990478515625,395.0799865722656,395.3800048828125,123598
2026-06-09 14:48:00-04:00,396.1050109863281,396.1050109863281,396.2699890136719,395.4849853515625,395.4849853515625,142381
2026-06-09 14:50:00-04:00,395.9100036621094,395.9100036621094,396.32000732421875,395.8599853515625,396.1000061035156,111270
2026-06-09 14:52:00-04:00,396.6199951171875,396.6199951171875,396.8500061035156,395.8999938964844,395.90008544921875,438025
2026-06-09 14:54:00-04:00,396.489990234375,396.489990234375,396.75,396.25,396.6300048828125,131599
2026-06-09 14:56:00-04:00,397.3399963378906,397.3399963378906,397.5299987792969,396.3399963378906,396.45001220703125,168099
2026-06-09 14:58:00-04:00,397.0249938964844,397.0249938964844,397.67999267578125,396.989990234375,397.25,188911
2026-06-09 15:00:00-04:00,396.659912109375,396.659912109375,397.17999267578125,396.2300109863281,396.989990234375,212779
2026-06-09 15:02:00-04:00,396.8500061035156,396.8500061035156,397.0899963378906,396.39849853515625,396.6199951171875,151193
2026-06-09 15:04:00-04:00,397.0799865722656,397.0799865722656,397.5799865722656,396.8122863769531,396.8399963378906,175080
2026-06-09 15:06:00-04:00,396.92999267578125,396.92999267578125,397.2298889160156,396.6300048828125,397.0299987792969,142071
2026-06-09 15:08:00-04:00,396.6700134277344,396.6700134277344,397.260009765625,396.6300048828125,396.9649963378906,139642
2026-06-09 15:10:00-04:00,396.17999267578125,396.17999267578125,396.7200012207031,395.9800109863281,396.6499938964844,140311
2026-06-09 15:12:00-04:00,396.1499938964844,396.1499938964844,396.6199951171875,396.05999755859375,396.17999267578125,126842
2026-06-09 15:14:00-04:00,395.10089111328125,395.10089111328125,396.20001220703125,395.0249938964844,396.19989013671875,281522
2026-06-09 15:16:00-04:00,395.1709899902344,395.1709899902344,395.4100036621094,394.4100036621094,395.1780090332031,236936
2026-06-09 15:18:00-04:00,395.2049865722656,395.2049865722656,395.7900085449219,394.9849853515625,395.18499755859375,157352
2026-06-09 15:20:00-04:00,395.3949890136719,395.3949890136719,395.75,394.6000061035156,395.1499938964844,181952
2026-06-09 15:22:00-04:00,394.81500244140625,394.81500244140625,395.5,394.5899963378906,395.38909912109375,156530
2026-06-09 15:24:00-04:00,395.0400085449219,395.0400085449219,395.3999938964844,394.66009521484375,394.81500244140625,122188
2026-06-09 15:26:00-04:00,395.55999755859375,395.55999755859375,395.739990234375,394.8399963378906,395.0299987792969,140149
2026-06-09 15:28:00-04:00,395.82000732421875,395.82000732421875,396.3800048828125,395.5199890136719,395.6099853515625,208898
2026-06-09 15:30:00-04:00,395.8900146484375,395.8900146484375,396.11981201171875,395.260009765625,395.8299865722656,166378
2026-06-09 15:32:00-04:00,395.67498779296875,395.67498779296875,396.0398864746094,395.2099914550781,395.875,119163
2026-06-09 15:34:00-04:00,395.7099914550781,395.7099914550781,396.0799865722656,395.260009765625,395.67498779296875,142681
2026-06-09 15:36:00-04:00,395.8550109863281,395.8550109863281,395.8999938964844,395.4750061035156,395.7300109863281,108731
2026-06-09 15:38:00-04:00,395.05999755859375,395.05999755859375,395.8999938964844,394.9800109863281,395.8999938964844,131064
2026-06-09 15:40:00-04:00,395.0299987792969,395.0299987792969,395.1600036621094,394.16241455078125,395.1000061035156,231262
2026-06-09 15:42:00-04:00,395.4599914550781,395.4599914550781,395.95001220703125,394.8699951171875,395.04998779296875,178726
2026-06-09 15:44:00-04:00,395.6300048828125,395.6300048828125,395.7298889160156,395.010009765625,395.4549865722656,146503
2026-06-09 15:46:00-04:00,394.29998779296875,394.29998779296875,395.6199951171875,394.260009765625,395.6099853515625,207590
2026-06-09 15:48:00-04:00,394.889892578125,394.889892578125,395.154296875,394.0799865722656,394.2699890136719,201288
2026-06-09 15:50:00-04:00,396.17010498046875,396.17010498046875,396.5,394.9700012207031,395.0199890136719,352091
2026-06-09 15:52:00-04:00,396.4750061035156,396.4750061035156,396.8999938964844,396.1700134277344,396.2250061035156,325658
2026-06-09 15:54:00-04:00,396.3546142578125,396.3546142578125,397.04998779296875,396.0,396.4649963378906,426218
2026-06-09 15:56:00-04:00,397.05999755859375,397.05999755859375,397.5,396.25,396.3699951171875,393401
2026-06-09 15:58:00-04:00,396.57000732421875,396.57000732421875,397.1000061035156,396.4800109863281,397.05999755859375,695744
2026-06-10 09:30:00-04:00,393.2250061035156,393.2250061035156,394.5,391.09100341796875,391.4100036621094,1984024
2026-06-10 09:32:00-04:00,392.0199890136719,392.0199890136719,393.6000061035156,392.0,393.29998779296875,393087
2026-06-10 09:34:00-04:00,393.1600036621094,393.1600036621094,393.2200012207031,391.32000732421875,392.0,414738
2026-06-10 09:36:00-04:00,395.9150085449219,395.9150085449219,395.95001220703125,393.1700134277344,393.2300109863281,524724
2026-06-10 09:38:00-04:00,396.1000061035156,396.1000061035156,397.0899963378906,395.7401123046875,395.92498779296875,492551
2026-06-10 09:40:00-04:00,393.8489990234375,393.8489990234375,396.2300109863281,393.5,396.1099853515625,433046
2026-06-10 09:42:00-04:00,396.2900085449219,396.2900085449219,396.32989501953125,393.70001220703125,393.8086853027344,372510
2026-06-10 09:44:00-04:00,395.9100036621094,395.9100036621094,396.3999938964844,394.6400146484375,396.2099914550781,347238
2026-06-10 09:46:00-04:00,394.3699951171875,394.3699951171875,396.0,394.0199890136719,395.9200134277344,316332
2026-06-10 09:48:00-04:00,395.6449890136719,395.6449890136719,396.0799865722656,394.32000732421875,394.3699951171875,333867
2026-06-10 09:50:00-04:00,392.3099060058594,392.3099060058594,395.70001220703125,392.1000061035156,395.6449890136719,451363
2026-06-10 09:52:00-04:00,392.2900085449219,392.2900085449219,393.7099914550781,392.0400085449219,392.1700134277344,434305
2026-06-10 09:54:00-04:00,393.47320556640625,393.47320556640625,393.7900085449219,392.2900085449219,392.3399963378906,248817
2026-06-10 09:56:00-04:00,393.5799865722656,393.5799865722656,394.30999755859375,392.57000732421875,393.5,290295
2026-06-10 09:58:00-04:00,392.010009765625,392.010009765625,393.70001220703125,391.75,393.58599853515625,321423
2026-06-10 10:00:00-04:00,391.9198913574219,391.9198913574219,392.58990478515625,390.80499267578125,392.0350036621094,398636
2026-06-10 10:02:00-04:00,392.7200012207031,392.7200012207031,393.4399108886719,391.1199951171875,391.86639404296875,286568
2026-06-10 10:04:00-04:00,390.4150085449219,390.4150085449219,392.8500061035156,390.2300109863281,392.72808837890625,374435
2026-06-10 10:06:00-04:00,390.32000732421875,390.32000732421875,390.7099914550781,389.80999755859375,390.3949890136719,423329
2026-06-10 10:08:00-04:00,390.7550048828125,390.7550048828125,391.1000061035156,389.4006042480469,390.32000732421875,411215
2026-06-10 10:10:00-04:00,390.81500244140625,390.81500244140625,391.0,390.0404968261719,390.7850036621094,227987
2026-06-10 10:12:00-04:00,391.5400085449219,391.5400085449219,392.2799987792969,390.2799987792969,390.81500244140625,459904
2026-06-10 10:14:00-04:00,388.9800109863281,388.9800109863281,391.6499938964844,388.9200134277344,391.5830993652344,481265
2026-06-10 10:16:00-04:00,390.2650146484375,390.2650146484375,390.6400146484375,388.9100036621094,388.9400939941406,287284
2026-06-10 10:18:00-04:00,390.3599853515625,390.3599853515625,390.5,389.5,390.26251220703125,207917
2026-06-10 10:20:00-04:00,390.3399963378906,390.3399963378906,391.0400085449219,389.8500061035156,390.385009765625,295028
2026-06-10 10:22:00-04:00,390.7900085449219,390.7900085449219,390.989990234375,390.1000061035156,390.3399963378906,176759
2026-06-10 10:24:00-04:00,390.6549987792969,390.6549987792969,391.9800109863281,390.5,390.7900085449219,306573
2026-06-10 10:26:00-04:00,391.7134094238281,391.7134094238281,391.7134094238281,390.54998779296875,390.6549987792969,177201
2026-06-10 10:28:00-04:00,391.0249938964844,391.0249938964844,391.7145080566406,390.3999938964844,391.6499938964844,265945
2026-06-10 10:30:00-04:00,389.239990234375,389.239990234375,391.3900146484375,389.17999267578125,390.92999267578125,332931
2026-06-10 10:32:00-04:00,390.2300109863281,390.2300109863281,390.5198974609375,388.9176940917969,389.239990234375,283868
2026-06-10 10:34:00-04:00,390.9200134277344,390.9200134277344,391.0,389.9002990722656,390.239990234375,164766
2026-06-10 10:36:00-04:00,389.6000061035156,389.6000061035156,391.05999755859375,389.45001220703125,390.8500061035156,269309
2026-06-10 10:38:00-04:00,389.9150085449219,389.9150085449219,390.2099914550781,389.1300048828125,389.6700134277344,244337
2026-06-10 10:40:00-04:00,389.6199951171875,389.6199951171875,390.0350036621094,389.3699951171875,389.8599853515625,180237
2026-06-10 10:42:00-04:00,387.8399963378906,387.8399963378906,389.7900085449219,387.79998779296875,389.739990234375,506049
2026-06-10 10:44:00-04:00,386.95001220703125,386.95001220703125,388.0,386.4700012207031,387.8399963378906,442555
2026-06-10 10:46:00-04:00,387.4200134277344,387.4200134277344,388.2799987792969,386.8299865722656,386.9599914550781,344638
2026-06-10 10:48:00-04:00,386.89990234375,386.89990234375,387.43499755859375,386.0,387.4200134277344,355073
2026-06-10 10:50:00-04:00,386.7449951171875,386.7449951171875,387.2699890136719,386.2799987792969,386.7518005371094,278682
2026-06-10 10:52:00-04:00,386.7799987792969,386.7799987792969,387.32989501953125,386.239990234375,386.7121887207031,227013
2026-06-10 10:54:00-04:00,385.6199035644531,385.6199035644531,387.2799987792969,385.6099853515625,386.78009033203125,292786
2026-06-10 10:56:00-04:00,385.010009765625,385.010009765625,385.93670654296875,384.875,385.6099853515625,426401
2026-06-10 10:58:00-04:00,385.3599853515625,385.3599853515625,385.7099914550781,384.75,385.0,309745
2026-06-10 11:00:00-04:00,386.6000061035156,386.6000061035156,386.7099914550781,384.7240905761719,385.3900146484375,329578
2026-06-10 11:02:00-04:00,385.95001220703125,385.95001220703125,386.625,385.7503967285156,386.6000061035156,209001
2026-06-10 11:04:00-04:00,385.2900085449219,385.2900085449219,386.0799865722656,385.1000061035156,385.8900146484375,164516
2026-06-10 11:06:00-04:00,385.04998779296875,385.04998779296875,385.54998779296875,384.8900146484375,385.2850036621094,240275
2026-06-10 11:08:00-04:00,384.6199951171875,384.6199951171875,385.2099914550781,384.5799865722656,385.0,229784
2026-06-10 11:10:00-04:00,384.19000244140625,384.19000244140625,385.0,384.1099853515625,384.6549987792969,271382
2026-06-10 11:12:00-04:00,384.9750061035156,384.9750061035156,385.3843078613281,383.9100036621094,384.1300048828125,302344
2026-06-10 11:14:00-04:00,383.7300109863281,383.7300109863281,385.1499938964844,383.45001220703125,384.9750061035156,293240
2026-06-10 11:16:00-04:00,384.04998779296875,384.04998779296875,384.6000061035156,383.6600036621094,383.7300109863281,258448
2026-06-10 11:18:00-04:00,383.9649963378906,383.9649963378906,384.3999938964844,383.1600036621094,384.04998779296875,273601
2026-06-10 11:20:00-04:00,384.9100036621094,384.9100036621094,384.9700012207031,383.7300109863281,383.94000244140625,303592
2026-06-10 11:22:00-04:00,385.8523864746094,385.8523864746094,386.1400146484375,384.6000061035156,384.9100036621094,280791
2026-06-10 11:24:00-04:00,385.9999084472656,385.9999084472656,386.29998779296875,385.45001220703125,385.8800048828125,254267
2026-06-10 11:26:00-04:00,385.5799865722656,385.5799865722656,385.9798889160156,385.10009765625,385.94000244140625,180868
2026-06-10 11:28:00-04:00,385.1520080566406,385.1520080566406,386.07000732421875,385.1294860839844,385.5899963378906,184265
2026-06-10 11:30:00-04:00,385.7449951171875,385.7449951171875,386.3297119140625,385.06451416015625,385.1400146484375,181632
2026-06-10 11:32:00-04:00,385.0,385.0,385.7900085449219,384.95001220703125,385.7699890136719,149463
2026-06-10 11:34:00-04:00,385.5350036621094,385.5350036621094,385.989990234375,384.8901062011719,384.9800109863281,217097
2026-06-10 11:36:00-04:00,385.9949951171875,385.9949951171875,386.5799865722656,385.4700012207031,385.5299987792969,241781
2026-06-10 11:38:00-04:00,386.3299865722656,386.3299865722656,386.5788879394531,385.25,386.0,247311
2026-06-10 11:40:00-04:00,386.71990966796875,386.71990966796875,386.8489990234375,385.880615234375,386.3500061035156,219647
2026-06-10 11:42:00-04:00,386.7799987792969,386.7799987792969,386.88800048828125,386.2200012207031,386.61151123046875,178889
2026-06-10 11:44:00-04:00,387.42999267578125,387.42999267578125,387.659912109375,386.7401123046875,386.80999755859375,264961
2026-06-10 11:46:00-04:00,385.6199951171875,385.6199951171875,387.6400146484375,385.54998779296875,387.4100036621094,343435
2026-06-10 11:48:00-04:00,384.4649963378906,384.4649963378906,385.7143859863281,383.7099914550781,385.6050109863281,449500
2026-06-10 11:50:00-04:00,382.79998779296875,382.79998779296875,384.70001220703125,382.7200012207031,384.3994140625,412745
2026-06-10 11:52:00-04:00,384.6000061035156,384.6000061035156,384.69000244140625,382.7300109863281,382.79998779296875,286899
2026-06-10 11:54:00-04:00,384.6300048828125,384.6300048828125,385.8800048828125,384.44000244140625,384.510009765625,271093
2026-06-10 11:56:00-04:00,386.1650085449219,386.1650085449219,386.239990234375,384.25,384.57501220703125,208673
2026-06-10 11:58:00-04:00,386.3949890136719,386.3949890136719,386.5,385.6600036621094,386.1650085449219,171655
2026-06-10 12:00:00-04:00,385.135009765625,385.135009765625,386.7463073730469,385.1000061035156,386.45001220703125,217393
2026-06-10 12:02:00-04:00,385.4800109863281,385.4800109863281,385.5498962402344,384.8500061035156,385.0849914550781,162842
2026-06-10 12:04:00-04:00,385.5350036621094,385.5350036621094,386.1000061035156,385.2699890136719,385.510009765625,160683
2026-06-10 12:06:00-04:00,386.1050109863281,386.1050109863281,386.2799987792969,385.30999755859375,385.5400085449219,166099
2026-06-10 12:08:00-04:00,385.1449890136719,385.1449890136719,386.2398986816406,384.70001220703125,386.1050109863281,221727
2026-06-10 12:10:00-04:00,384.6700134277344,384.6700134277344,385.114990234375,384.25,385.05999755859375,160093
2026-06-10 12:12:00-04:00,384.7538146972656,384.7538146972656,385.0199890136719,384.3699951171875,384.6400146484375,182313
2026-06-10 12:14:00-04:00,384.6340026855469,384.6340026855469,384.889892578125,384.3822937011719,384.7250061035156,113717
2026-06-10 12:16:00-04:00,384.57989501953125,384.57989501953125,385.3800048828125,384.4549865722656,384.55999755859375,145057
2026-06-10 12:18:00-04:00,384.7854919433594,384.7854919433594,384.8699951171875,384.3500061035156,384.5050048828125,99143
2026-06-10 12:20:00-04:00,384.7900085449219,384.7900085449219,385.0,384.1499938964844,384.760009765625,151027
2026-06-10 12:22:00-04:00,384.57000732421875,384.57000732421875,385.07000732421875,384.489990234375,384.8500061035156,119343
2026-06-10 12:24:00-04:00,384.135009765625,384.135009765625,384.69000244140625,383.7850036621094,384.510009765625,155241
2026-06-10 12:26:00-04:00,384.4549865722656,384.4549865722656,385.0299987792969,384.0400085449219,384.0799865722656,135948
2026-06-10 12:28:00-04:00,384.55999755859375,384.55999755859375,384.7900085449219,384.1600036621094,384.5199890136719,105715
2026-06-10 12:30:00-04:00,384.3190002441406,384.3190002441406,384.56500244140625,384.04998779296875,384.4800109863281,84073
2026-06-10 12:32:00-04:00,383.760009765625,383.760009765625,384.4800109863281,383.7099914550781,384.2099914550781,121846
2026-06-10 12:34:00-04:00,384.7179870605469,384.7179870605469,385.239990234375,383.739990234375,383.75,176692
2026-06-10 12:36:00-04:00,385.80999755859375,385.80999755859375,386.05999755859375,384.5199890136719,384.75,198271
2026-06-10 12:38:00-04:00,385.3941955566406,385.3941955566406,385.9200134277344,384.8301086425781,385.760009765625,158756
2026-06-10 12:40:00-04:00,384.6600036621094,384.6600036621094,385.71990966796875,384.54998779296875,385.30999755859375,128676
2026-06-10 12:42:00-04:00,383.80999755859375,383.80999755859375,384.7099914550781,383.70001220703125,384.6300048828125,182242
2026-06-10 12:44:00-04:00,382.6050109863281,382.6050109863281,383.94500732421875,382.4200134277344,383.82501220703125,315733
2026-06-10 12:46:00-04:00,381.4999084472656,381.4999084472656,382.7098083496094,381.30999755859375,382.5799865722656,351181
2026-06-10 12:48:00-04:00,381.760009765625,381.760009765625,382.19000244140625,381.45001220703125,381.4549865722656,300002
2026-06-10 12:50:00-04:00,382.07000732421875,382.07000732421875,382.07000732421875,381.32000732421875,381.7200012207031,261481
2026-06-10 12:52:00-04:00,382.7851867675781,382.7851867675781,383.0299987792969,381.9403076171875,382.0400085449219,232996
2026-06-10 12:54:00-04:00,382.55999755859375,382.55999755859375,383.04998779296875,382.2900085449219,382.7449951171875,199539
2026-06-10 12:56:00-04:00,383.1700134277344,383.1700134277344,383.48779296875,382.5,382.5690002441406,193658
2026-06-10 12:58:00-04:00,383.489990234375,383.489990234375,383.5199890136719,382.8028869628906,383.1449890136719,124483
2026-06-10 13:00:00-04:00,383.44000244140625,383.44000244140625,384.1099853515625,383.29998779296875,383.4700012207031,143323
2026-06-10 13:02:00-04:00,384.8900146484375,384.8900146484375,384.92498779296875,383.4100036621094,383.4599914550781,207299
2026-06-10 13:04:00-04:00,384.2550048828125,384.2550048828125,385.54998779296875,384.150390625,384.85400390625,187613
2026-06-10 13:06:00-04:00,384.1700134277344,384.1700134277344,384.69000244140625,384.0,384.19000244140625,189627
2026-06-10 13:08:00-04:00,383.9800109863281,383.9800109863281,384.375,383.7099914550781,384.1400146484375,135560
2026-06-10 13:10:00-04:00,383.135009765625,383.135009765625,383.9800109863281,382.7300109863281,383.92999267578125,174473
2026-06-10 13:12:00-04:00,383.9100036621094,383.9100036621094,384.1400146484375,383.0700988769531,383.20001220703125,112947
2026-06-10 13:14:00-04:00,383.80010986328125,383.80010986328125,384.06988525390625,383.57000732421875,384.0,87933
2026-06-10 13:16:00-04:00,383.75,383.75,384.19000244140625,383.610107421875,383.8299865722656,92532
2026-06-10 13:18:00-04:00,383.7695007324219,383.7695007324219,383.9726867675781,383.3900146484375,383.7699890136719,114059
2026-06-10 13:20:00-04:00,383.5950012207031,383.5950012207031,383.88909912109375,383.4949951171875,383.7200012207031,99191
2026-06-10 13:22:00-04:00,383.739990234375,383.739990234375,383.80999755859375,383.3999938964844,383.5899963378906,111952
2026-06-10 13:24:00-04:00,383.95001220703125,383.95001220703125,384.3799133300781,383.6499938964844,383.7149963378906,142304
2026-06-10 13:26:00-04:00,383.75,383.75,383.989990234375,383.30828857421875,383.8999938964844,104029
2026-06-10 13:28:00-04:00,384.0150146484375,384.0150146484375,384.1199951171875,383.70001220703125,383.7799987792969,90202
2026-06-10 13:30:00-04:00,383.364990234375,383.364990234375,384.1199951171875,383.15008544921875,384.05999755859375,109336
2026-06-10 13:32:00-04:00,383.7900085449219,383.7900085449219,383.9200134277344,383.2300109863281,383.3999938964844,96253
2026-06-10 13:34:00-04:00,383.4831848144531,383.4831848144531,384.1499938964844,383.45001220703125,383.9100036621094,92788
2026-06-10 13:36:00-04:00,383.4700012207031,383.4700012207031,383.67498779296875,383.05010986328125,383.510009765625,93847
2026-06-10 13:38:00-04:00,382.7900085449219,382.7900085449219,383.44000244140625,382.75,383.4200134277344,107716
2026-06-10 13:40:00-04:00,382.6300048828125,382.6300048828125,383.3900146484375,382.6099853515625,382.82000732421875,128610
2026-06-10 13:42:00-04:00,382.47540283203125,382.47540283203125,382.93780517578125,382.4700927734375,382.6499938964844,102538
2026-06-10 13:44:00-04:00,382.739990234375,382.739990234375,382.8399963378906,382.1400146484375,382.489990234375,158919
2026-06-10 13:46:00-04:00,384.2149963378906,384.2149963378906,384.32989501953125,382.7799987792969,382.7799987792969,249595
2026-06-10 13:48:00-04:00,385.0249938964844,385.0249938964844,385.19000244140625,383.95001220703125,384.2149963378906,234105
2026-06-10 13:50:00-04:00,384.5450134277344,384.5450134277344,385.1400146484375,384.07000732421875,385.0199890136719,184258
2026-06-10 13:52:00-04:00,384.260009765625,384.260009765625,384.55499267578125,383.75,384.55499267578125,132295
2026-06-10 13:54:00-04:00,384.8299865722656,384.8299865722656,385.0899963378906,384.239990234375,384.39990234375,133581
2026-06-10 13:56:00-04:00,384.5799865722656,384.5799865722656,385.17999267578125,384.5,384.80999755859375,118724
2026-06-10 13:58:00-04:00,384.885009765625,384.885009765625,384.9800109863281,384.5199890136719,384.5400085449219,95888
2026-06-10 14:00:00-04:00,384.7550048828125,384.7550048828125,385.4800109863281,384.44000244140625,384.9200134277344,157447
2026-06-10 14:02:00-04:00,385.4549865722656,385.4549865722656,385.54998779296875,384.69000244140625,384.7200012207031,138519
2026-06-10 14:04:00-04:00,385.5,385.5,385.6300048828125,385.1099853515625,385.4700012207031,165068
2026-06-10 14:06:00-04:00,384.6099853515625,384.6099853515625,385.639892578125,384.510009765625,385.5,124697
2026-06-10 14:08:00-04:00,384.5350036621094,384.5350036621094,385.1400146484375,384.44000244140625,384.57000732421875,87119
2026-06-10 14:10:00-04:00,384.70001220703125,384.70001220703125,384.9200134277344,384.4800109863281,384.5400085449219,101753
2026-06-10 14:12:00-04:00,384.6499938964844,384.6499938964844,385.1499938964844,384.510009765625,384.69000244140625,132757
2026-06-10 14:14:00-04:00,384.94500732421875,384.94500732421875,385.1993103027344,384.55999755859375,384.6700134277344,70414
2026-06-10 14:16:00-04:00,384.0,384.0,385.1907958984375,383.9501037597656,384.9700012207031,129312
2026-06-10 14:18:00-04:00,383.54998779296875,383.54998779296875,384.1499938964844,383.3817138671875,383.9599914550781,145104
2026-06-10 14:20:00-04:00,383.75,383.75,384.0255126953125,383.5,383.6050109863281,116974
2026-06-10 14:22:00-04:00,383.8900146484375,383.8900146484375,383.9100036621094,383.4837951660156,383.739990234375,102704
2026-06-10 14:24:00-04:00,383.7049865722656,383.7049865722656,384.19989013671875,383.55999755859375,383.8599853515625,138503
2026-06-10 14:26:00-04:00,383.8900146484375,383.8900146484375,383.9700012207031,383.55999755859375,383.6700134277344,64007
2026-06-10 14:28:00-04:00,383.8800964355469,383.8800964355469,384.2300109863281,383.7699890136719,383.8699951171875,96428
2026-06-10 14:30:00-04:00,383.625,383.625,384.1199951171875,383.5899963378906,383.8900146484375,111346
2026-06-10 14:32:00-04:00,383.6300048828125,383.6300048828125,383.9200134277344,383.510009765625,383.625,99674
2026-06-10 14:34:00-04:00,383.69989013671875,383.69989013671875,383.79998779296875,383.1700134277344,383.57000732421875,126168
2026-06-10 14:36:00-04:00,383.0299987792969,383.0299987792969,383.95001220703125,383.0199890136719,383.6600036621094,120584
2026-06-10 14:38:00-04:00,383.06500244140625,383.06500244140625,383.29681396484375,382.8100891113281,383.0450134277344,132753
2026-06-10 14:40:00-04:00,382.98291015625,382.98291015625,383.45001220703125,382.96600341796875,383.0899963378906,105705
2026-06-10 14:42:00-04:00,383.1499938964844,383.1499938964844,383.2900085449219,382.75,383.0,99152
2026-06-10 14:44:00-04:00,383.0799865722656,383.0799865722656,383.32989501953125,382.92010498046875,383.1499938964844,91428
2026-06-10 14:46:00-04:00,382.82000732421875,382.82000732421875,383.1700134277344,382.75,383.0199890136719,90254
2026-06-10 14:48:00-04:00,382.8900146484375,382.8900146484375,383.2699890136719,382.8299865722656,382.8699951171875,92212
2026-06-10 14:50:00-04:00,381.9906921386719,381.9906921386719,382.8999938964844,381.8599853515625,382.8999938964844,247800
2026-06-10 14:52:00-04:00,382.17999267578125,382.17999267578125,382.42498779296875,381.8800048828125,382.05999755859375,117676
2026-06-10 14:54:00-04:00,381.7168884277344,381.7168884277344,382.23260498046875,381.6000061035156,382.20001220703125,158692
2026-06-10 14:56:00-04:00,381.8299865722656,381.8299865722656,382.1098937988281,381.6300048828125,381.7485046386719,225600
2026-06-10 14:58:00-04:00,381.9834899902344,381.9834899902344,382.3299865722656,381.7699890136719,381.80499267578125,140423
2026-06-10 15:00:00-04:00,382.0299987792969,382.0299987792969,382.19000244140625,381.75,381.9750061035156,107063
2026-06-10 15:02:00-04:00,382.68499755859375,382.68499755859375,382.7799987792969,381.7799987792969,382.0,151764
2026-06-10 15:04:00-04:00,381.9649963378906,381.9649963378906,382.6899108886719,381.7799987792969,382.68499755859375,140989
2026-06-10 15:06:00-04:00,382.7699890136719,382.7699890136719,382.864990234375,381.8900146484375,381.9700012207031,154443
2026-06-10 15:08:00-04:00,382.4800109863281,382.4800109863281,382.8900146484375,382.2699890136719,382.7799987792969,104693
2026-06-10 15:10:00-04:00,381.6000061035156,381.6000061035156,382.6299133300781,381.5199890136719,382.4750061035156,170174
2026-06-10 15:12:00-04:00,381.4100036621094,381.4100036621094,381.7699890136719,381.1600036621094,381.5899963378906,232901
2026-06-10 15:14:00-04:00,381.168212890625,381.168212890625,381.5599060058594,381.1000061035156,381.4100036621094,145671
2026-06-10 15:16:00-04:00,380.9537048339844,380.9537048339844,381.4800109863281,380.9100036621094,381.19500732421875,243621
2026-06-10 15:18:00-04:00,380.5249938964844,380.5249938964844,381.0857849121094,380.4700012207031,380.8999938964844,210238
2026-06-10 15:20:00-04:00,380.56500244140625,380.56500244140625,380.7799987792969,380.19000244140625,380.4901123046875,222483
2026-06-10 15:22:00-04:00,380.67999267578125,380.67999267578125,380.8399963378906,380.4870910644531,380.56500244140625,154246
2026-06-10 15:24:00-04:00,380.4800109863281,380.4800109863281,380.8900146484375,380.42999267578125,380.69500732421875,164845
2026-06-10 15:26:00-04:00,380.42999267578125,380.42999267578125,380.67999267578125,380.1499938964844,380.4700012207031,198288
2026-06-10 15:28:00-04:00,381.05999755859375,381.05999755859375,381.2900085449219,380.30999755859375,380.42999267578125,192345
2026-06-10 15:30:00-04:00,381.5150146484375,381.5150146484375,381.8500061035156,380.7300109863281,381.010009765625,226487
2026-06-10 15:32:00-04:00,381.4049987792969,381.4049987792969,381.7699890136719,381.1600036621094,381.5150146484375,167950
2026-06-10 15:34:00-04:00,381.6900939941406,381.6900939941406,381.8699951171875,381.260009765625,381.4049987792969,223971
2026-06-10 15:36:00-04:00,382.3450012207031,382.3450012207031,382.4200134277344,381.6400146484375,381.69000244140625,177715
2026-06-10 15:38:00-04:00,382.56500244140625,382.56500244140625,382.8544921875,382.1499938964844,382.3550109863281,204875
2026-06-10 15:40:00-04:00,382.6499938964844,382.6499938964844,382.8399963378906,382.0199890136719,382.5799865722656,217867
2026-06-10 15:42:00-04:00,383.0400085449219,383.0400085449219,383.05999755859375,382.2900085449219,382.6400146484375,179255
2026-06-10 15:44:00-04:00,382.3900146484375,382.3900146484375,383.0299987792969,382.3100891113281,383.0,154397
2026-06-10 15:46:00-04:00,382.1199951171875,382.1199951171875,382.6289978027344,381.9800109863281,382.3900146484375,237498
2026-06-10 15:48:00-04:00,382.17999267578125,382.17999267578125,382.2398986816406,381.6400146484375,382.114990234375,184392
2026-06-10 15:50:00-04:00,382.6199951171875,382.6199951171875,383.3500061035156,381.54998779296875,382.1499938964844,382224
2026-06-10 15:52:00-04:00,382.4501037597656,382.4501037597656,382.8800048828125,382.2200927734375,382.6499938964844,251646
2026-06-10 15:54:00-04:00,381.989990234375,381.989990234375,382.8500061035156,381.8299865722656,382.4700012207031,300004
2026-06-10 15:56:00-04:00,382.1000061035156,382.1000061035156,382.3999938964844,381.8299865722656,381.95001220703125,289712
2026-06-10 15:58:00-04:00,381.6199951171875,381.6199951171875,382.4700012207031,381.3999938964844,382.1499938964844,826361
2026-06-11 09:30:00-04:00,382.5700988769531,382.5700988769531,388.3900146484375,382.29998779296875,388.25,2481771
2026-06-11 09:32:00-04:00,383.20001220703125,383.20001220703125,384.4949951171875,382.1000061035156,382.7699890136719,527161
2026-06-11 09:34:00-04:00,380.9800109863281,380.9800109863281,383.4200134277344,380.8052062988281,383.25,518201
2026-06-11 09:36:00-04:00,382.1545104980469,382.1545104980469,382.37200927734375,380.6675109863281,381.05999755859375,350464
2026-06-11 09:38:00-04:00,382.3299865722656,382.3299865722656,382.44000244140625,380.9200134277344,382.17999267578125,284582
2026-06-11 09:40:00-04:00,381.3599853515625,381.3599853515625,382.3999938964844,380.6700134277344,382.2900085449219,270126
2026-06-11 09:42:00-04:00,382.8949890136719,382.8949890136719,382.9621887207031,381.1600036621094,381.42999267578125,305350
2026-06-11 09:44:00-04:00,384.2749938964844,384.2749938964844,384.70001220703125,381.8800048828125,382.94000244140625,431043
2026-06-11 09:46:00-04:00,384.9800109863281,384.9800109863281,385.1099853515625,383.7099914550781,384.34991455078125,393355
2026-06-11 09:48:00-04:00,384.05499267578125,384.05499267578125,384.989990234375,383.3999938964844,384.9800109863281,246433
2026-06-11 09:50:00-04:00,386.0450134277344,386.0450134277344,386.2998962402344,383.92999267578125,384.0299987792969,436006
2026-06-11 09:52:00-04:00,387.42999267578125,387.42999267578125,387.8500061035156,385.6499938964844,385.9750061035156,344261
2026-06-11 09:54:00-04:00,388.239990234375,388.239990234375,388.32000732421875,386.239990234375,387.3900146484375,395537
2026-06-11 09:56:00-04:00,386.80999755859375,386.80999755859375,389.0,386.74169921875,388.1203918457031,368995
2026-06-11 09:58:00-04:00,388.2799987792969,388.2799987792969,388.489990234375,386.80999755859375,386.8299865722656,304518
2026-06-11 10:00:00-04:00,390.32000732421875,390.32000732421875,390.32000732421875,387.9200134277344,388.3399963378906,472957
2026-06-11 10:02:00-04:00,388.7749938964844,388.7749938964844,390.32989501953125,388.17010498046875,390.2699890136719,375095
2026-06-11 10:04:00-04:00,387.7149963378906,387.7149963378906,388.9399108886719,387.28009033203125,388.7699890136719,310941
2026-06-11 10:06:00-04:00,389.2300109863281,389.2300109863281,389.25,387.4800109863281,387.7192077636719,287408
2026-06-11 10:08:00-04:00,388.19989013671875,388.19989013671875,389.2699890136719,387.7099914550781,389.1600036621094,236322
2026-06-11 10:10:00-04:00,387.989990234375,387.989990234375,388.5400085449219,386.79998779296875,388.1300048828125,287128
2026-06-11 10:12:00-04:00,387.20989990234375,387.20989990234375,388.489990234375,387.0600891113281,387.9150085449219,259663
2026-06-11 10:14:00-04:00,386.9049987792969,386.9049987792969,387.94000244140625,386.8399963378906,387.1304931640625,201610
2026-06-11 10:16:00-04:00,386.94000244140625,386.94000244140625,387.79998779296875,386.0299987792969,386.8599853515625,308850
2026-06-11 10:18:00-04:00,385.57000732421875,385.57000732421875,386.94000244140625,384.90008544921875,386.94000244140625,312424
2026-06-11 10:20:00-04:00,386.6400146484375,386.6400146484375,387.1600036621094,385.2799987792969,385.57000732421875,221276
2026-06-11 10:22:00-04:00,388.8299865722656,388.8299865722656,389.1199951171875,386.5101013183594,386.739990234375,283953
2026-06-11 10:24:00-04:00,388.07000732421875,388.07000732421875,389.0386962890625,387.5801086425781,388.8299865722656,243695
2026-06-11 10:26:00-04:00,387.5150146484375,387.5150146484375,388.139892578125,387.05010986328125,388.0751037597656,140177
2026-06-11 10:28:00-04:00,388.6700134277344,388.6700134277344,388.8500061035156,386.90008544921875,387.4100036621094,215090
2026-06-11 10:30:00-04:00,387.5050048828125,387.5050048828125,388.95001220703125,387.26458740234375,388.6700134277344,217965
2026-06-11 10:32:00-04:00,386.625,386.625,387.80499267578125,386.5,387.4599914550781,211169
2026-06-11 10:34:00-04:00,387.5350036621094,387.5350036621094,387.6400146484375,386.42999267578125,386.77630615234375,143233
2026-06-11 10:36:00-04:00,386.7099914550781,386.7099914550781,388.4798889160156,386.7099914550781,387.5350036621094,186186
2026-06-11 10:38:00-04:00,387.5950012207031,387.5950012207031,388.15899658203125,386.66009521484375,386.7799987792969,132187
2026-06-11 10:40:00-04:00,387.6199951171875,387.6199951171875,388.04949951171875,387.260009765625,387.55999755859375,105078
2026-06-11 10:42:00-04:00,387.2950134277344,387.2950134277344,388.1499938964844,387.1199951171875,387.69500732421875,142119
2026-06-11 10:44:00-04:00,386.7749938964844,386.7749938964844,387.4100036621094,386.0299987792969,387.2950134277344,185759
2026-06-11 10:46:00-04:00,386.4549865722656,386.4549865722656,387.34991455078125,386.40008544921875,386.7799987792969,141914
2026-06-11 10:48:00-04:00,385.9049987792969,385.9049987792969,386.889892578125,385.65008544921875,386.5299987792969,163250
2026-06-11 10:50:00-04:00,386.58990478515625,386.58990478515625,386.6400146484375,385.4252014160156,385.9049987792969,175637
2026-06-11 10:52:00-04:00,385.7699890136719,385.7699890136719,386.5799865722656,385.6134033203125,386.4400939941406,128272
2026-06-11 10:54:00-04:00,384.7749938964844,384.7749938964844,385.92279052734375,384.70001220703125,385.739990234375,179429
2026-06-11 10:56:00-04:00,385.04998779296875,385.04998779296875,385.17999267578125,384.20001220703125,384.7200927734375,258892
2026-06-11 10:58:00-04:00,384.739990234375,384.739990234375,385.3900146484375,383.70001220703125,384.960205078125,230788
2026-06-11 11:00:00-04:00,384.19000244140625,384.19000244140625,384.95001220703125,383.57000732421875,384.7300109863281,195583
2026-06-11 11:02:00-04:00,385.0950012207031,385.0950012207031,385.3900146484375,384.0400085449219,384.0899963378906,212280
2026-06-11 11:04:00-04:00,384.864990234375,384.864990234375,385.29998779296875,384.75,385.0899963378906,122113
2026-06-11 11:06:00-04:00,386.29998779296875,386.29998779296875,386.3599853515625,384.6400146484375,385.0,224485
2026-06-11 11:08:00-04:00,385.8450012207031,385.8450012207031,386.739990234375,385.6499938964844,386.2200012207031,199299
2026-06-11 11:10:00-04:00,385.4100036621094,385.4100036621094,386.1499938964844,385.29998779296875,385.79998779296875,172708
2026-06-11 11:12:00-04:00,386.0101013183594,386.0101013183594,386.260009765625,385.3900146484375,385.4599914550781,142402
2026-06-11 11:14:00-04:00,386.4599914550781,386.4599914550781,386.6000061035156,385.55999755859375,386.0799865722656,115881
2026-06-11 11:16:00-04:00,385.79998779296875,385.79998779296875,386.5,385.6700134277344,386.5,90427
2026-06-11 11:18:00-04:00,385.75,385.75,386.09991455078125,384.7900085449219,385.7850036621094,156947
2026-06-11 11:20:00-04:00,386.89990234375,386.89990234375,387.19000244140625,385.6000061035156,385.7449951171875,181699
2026-06-11 11:22:00-04:00,386.69000244140625,386.69000244140625,387.2900085449219,386.2200012207031,386.81500244140625,153028
2026-06-11 11:24:00-04:00,386.70001220703125,386.70001220703125,387.07000732421875,386.3599853515625,386.69000244140625,94750
2026-06-11 11:26:00-04:00,386.31500244140625,386.31500244140625,386.79998779296875,386.0199890136719,386.69500732421875,87360
2026-06-11 11:28:00-04:00,385.6499938964844,385.6499938964844,386.4800109863281,385.25,386.30499267578125,150376
2026-06-11 11:30:00-04:00,385.69000244140625,385.69000244140625,386.19500732421875,385.3699951171875,385.67999267578125,111082
2026-06-11 11:32:00-04:00,385.5000915527344,385.5000915527344,386.2550048828125,385.42999267578125,385.7250061035156,116349
2026-06-11 11:34:00-04:00,385.8299865722656,385.8299865722656,385.8900146484375,385.2200012207031,385.489990234375,118401
2026-06-11 11:36:00-04:00,386.3949890136719,386.3949890136719,386.5234069824219,385.5849914550781,385.75,111777
2026-06-11 11:38:00-04:00,385.5050048828125,385.5050048828125,386.45001220703125,385.4200134277344,386.3999938964844,123305
2026-06-11 11:40:00-04:00,386.1000061035156,386.1000061035156,386.70001220703125,385.3999938964844,385.5180969238281,123145
2026-06-11 11:42:00-04:00,385.4100036621094,385.4100036621094,386.239990234375,385.3299865722656,386.0400085449219,95364
2026-06-11 11:44:00-04:00,385.18499755859375,385.18499755859375,385.58990478515625,384.9700012207031,385.4100036621094,149388
2026-06-11 11:46:00-04:00,386.3999938964844,386.3999938964844,386.5,385.0201110839844,385.1650085449219,149185
2026-06-11 11:48:00-04:00,385.9794921875,385.9794921875,386.375,385.57000732421875,386.375,73322
2026-06-11 11:50:00-04:00,385.7749938964844,385.7749938964844,386.159912109375,385.6199951171875,385.9800109863281,60008
2026-06-11 11:52:00-04:00,385.5249938964844,385.5249938964844,386.05999755859375,385.3609924316406,385.7749938964844,77510
2026-06-11 11:54:00-04:00,386.0799865722656,386.0799865722656,386.14239501953125,385.4400939941406,385.4800109863281,78294
2026-06-11 11:56:00-04:00,386.6050109863281,386.6050109863281,386.7699890136719,385.7200012207031,386.0799865722656,148155
2026-06-11 11:58:00-04:00,386.31500244140625,386.31500244140625,386.9389953613281,386.17999267578125,386.6050109863281,145212
2026-06-11 12:00:00-04:00,386.4549865722656,386.4549865722656,387.3999938964844,386.2900085449219,386.3299865722656,208129
2026-06-11 12:02:00-04:00,386.8399963378906,386.8399963378906,387.1698913574219,386.4512023925781,386.4549865722656,95274
2026-06-11 12:04:00-04:00,386.80499267578125,386.80499267578125,386.989990234375,386.1499938964844,386.80999755859375,98798
2026-06-11 12:06:00-04:00,386.8699951171875,386.8699951171875,387.2998962402344,386.4577941894531,386.8599853515625,111792
2026-06-11 12:08:00-04:00,386.6625061035156,386.6625061035156,386.90869140625,386.4100036621094,386.8699951171875,70284
2026-06-11 12:10:00-04:00,387.6000061035156,387.6000061035156,387.6099853515625,386.5249938964844,386.7799987792969,110660
2026-06-11 12:12:00-04:00,387.44549560546875,387.44549560546875,387.8598937988281,387.25140380859375,387.5899963378906,138615
2026-06-11 12:14:00-04:00,387.57000732421875,387.57000732421875,388.0,387.19000244140625,387.4100036621094,165008
2026-06-11 12:16:00-04:00,387.3550109863281,387.3550109863281,387.70001220703125,387.0400085449219,387.5050048828125,103374
2026-06-11 12:18:00-04:00,386.93499755859375,386.93499755859375,387.41900634765625,386.75,387.3550109863281,66062
2026-06-11 12:20:00-04:00,386.3450012207031,386.3450012207031,387.32000732421875,385.79998779296875,387.0,146352
2026-06-11 12:22:00-04:00,385.8999938964844,385.8999938964844,386.5,385.760009765625,386.3699951171875,117192
2026-06-11 12:24:00-04:00,385.20001220703125,385.20001220703125,385.8949890136719,385.1499938964844,385.8399963378906,173115
2026-06-11 12:26:00-04:00,385.1549987792969,385.1549987792969,385.7099914550781,384.92999267578125,385.1700134277344,147946
2026-06-11 12:28:00-04:00,385.2200012207031,385.2200012207031,385.6600036621094,385.1000061035156,385.1600036621094,130171
2026-06-11 12:30:00-04:00,385.20001220703125,385.20001220703125,385.5281066894531,385.0625,385.260009765625,77081
2026-06-11 12:32:00-04:00,386.2699890136719,386.2699890136719,386.2699890136719,384.7900085449219,385.1600036621094,167442
2026-06-11 12:34:00-04:00,386.7250061035156,386.7250061035156,387.29998779296875,386.16009521484375,386.16009521484375,156740
2026-06-11 12:36:00-04:00,386.8800048828125,386.8800048828125,387.32000732421875,386.5199890136719,386.7799987792969,128310
2026-06-11 12:38:00-04:00,386.06500244140625,386.06500244140625,386.875,385.8800048828125,386.8500061035156,599110
2026-06-11 12:40:00-04:00,385.59991455078125,385.59991455078125,386.34710693359375,385.4100036621094,386.1105041503906,94597
2026-06-11 12:42:00-04:00,385.75,385.75,385.8299865722656,385.44000244140625,385.54998779296875,59804
2026-06-11 12:44:00-04:00,385.7699890136719,385.7699890136719,386.20001220703125,385.5299987792969,385.7449951171875,100068
2026-06-11 12:46:00-04:00,385.57501220703125,385.57501220703125,385.94940185546875,385.5101013183594,385.7900085449219,65051
2026-06-11 12:48:00-04:00,385.8099060058594,385.8099060058594,385.8099060058594,385.45001220703125,385.57501220703125,57090
2026-06-11 12:50:00-04:00,385.1499938964844,385.1499938964844,385.8699951171875,385.1499938964844,385.7090148925781,79643
2026-06-11 12:52:00-04:00,385.1390075683594,385.1390075683594,385.4200134277344,384.8500061035156,385.1499938964844,94031
2026-06-11 12:54:00-04:00,384.57720947265625,384.57720947265625,385.29998779296875,384.510009765625,385.0799865722656,89541
2026-06-11 12:56:00-04:00,384.92498779296875,384.92498779296875,385.0899963378906,384.6600036621094,384.6600036621094,89724
2026-06-11 12:58:00-04:00,384.44000244140625,384.44000244140625,384.92999267578125,384.3699951171875,384.8900146484375,89740
2026-06-11 13:00:00-04:00,384.7300109863281,384.7300109863281,385.1199951171875,384.3599853515625,384.5,125201
2026-06-11 13:02:00-04:00,384.2099914550781,384.2099914550781,384.9800109863281,384.07000732421875,384.7099914550781,618256
2026-06-11 13:04:00-04:00,384.8599853515625,384.8599853515625,384.94000244140625,384.1700134277344,384.2200012207031,90106
2026-06-11 13:06:00-04:00,385.6549987792969,385.6549987792969,385.7200012207031,384.7799987792969,384.8550109863281,108340
2026-06-11 13:08:00-04:00,385.8500061035156,385.8500061035156,385.8699951171875,385.2200012207031,385.6600036621094,86131
2026-06-11 13:10:00-04:00,385.6000061035156,385.6000061035156,386.30999755859375,385.5299987792969,385.8999938964844,105294
2026-06-11 13:12:00-04:00,384.7726135253906,384.7726135253906,385.75,384.6600036621094,385.56500244140625,98324
2026-06-11 13:14:00-04:00,384.635009765625,384.635009765625,385.1400146484375,384.5400085449219,384.80999755859375,70218
2026-06-11 13:16:00-04:00,383.9963073730469,383.9963073730469,384.9800109863281,383.1000061035156,384.69000244140625,234806
2026-06-11 13:18:00-04:00,384.0492858886719,384.0492858886719,384.2499084472656,383.54998779296875,383.9100036621094,99939
2026-06-11 13:20:00-04:00,384.2850036621094,384.2850036621094,384.32989501953125,383.6737060546875,384.04998779296875,92566
2026-06-11 13:22:00-04:00,384.3500061035156,384.3500061035156,384.4599914550781,384.0400085449219,384.2900085449219,69278
2026-06-11 13:24:00-04:00,385.07501220703125,385.07501220703125,385.1099853515625,384.1700134277344,384.3599853515625,95899
2026-06-11 13:26:00-04:00,385.5,385.5,385.5498962402344,384.9599914550781,385.1199951171875,91031
2026-06-11 13:28:00-04:00,389.9200134277344,389.9200134277344,390.010009765625,385.5,385.5,497034
2026-06-11 13:30:00-04:00,391.3900146484375,391.3900146484375,392.71990966796875,389.9800109863281,389.9800109863281,507886
2026-06-11 13:32:00-04:00,392.840087890625,392.840087890625,393.1099853515625,390.9100036621094,391.3949890136719,340635
2026-06-11 13:34:00-04:00,392.4949951171875,392.4949951171875,393.139892578125,391.5,392.8599853515625,258979
2026-06-11 13:36:00-04:00,392.2950134277344,392.2950134277344,392.7550048828125,391.489990234375,392.55999755859375,185916
2026-06-11 13:38:00-04:00,392.1499938964844,392.1499938964844,392.37530517578125,391.6099853515625,392.2950134277344,148772
2026-06-11 13:40:00-04:00,392.5799865722656,392.5799865722656,392.9700012207031,391.79998779296875,392.1050109863281,177956
2026-06-11 13:42:00-04:00,393.75,393.75,393.75,392.61920166015625,392.69000244140625,249099
2026-06-11 13:44:00-04:00,393.7333984375,393.7333984375,394.4700012207031,393.20001220703125,393.7349853515625,281937
2026-06-11 13:46:00-04:00,393.2699890136719,393.2699890136719,393.8299865722656,392.8299865722656,393.75,172055
2026-06-11 13:48:00-04:00,393.4599914550781,393.4599914550781,393.8299865722656,393.1401062011719,393.3099060058594,124503
2026-06-11 13:50:00-04:00,392.9849853515625,392.9849853515625,393.4549865722656,392.29998779296875,393.4549865722656,226877
2026-06-11 13:52:00-04:00,392.70001220703125,392.70001220703125,393.7300109863281,392.45001220703125,392.9750061035156,167463
2026-06-11 13:54:00-04:00,392.7049865722656,392.7049865722656,392.9800109863281,392.110107421875,392.70001220703125,141383
2026-06-11 13:56:00-04:00,392.7300109863281,392.7300109863281,392.7799987792969,391.8800048828125,392.7106018066406,152958
2026-06-11 13:58:00-04:00,393.15008544921875,393.15008544921875,393.3699951171875,392.4800109863281,392.6099853515625,180206
2026-06-11 14:00:00-04:00,392.5101013183594,392.5101013183594,393.7300109863281,392.4599914550781,393.2099914550781,173697
2026-06-11 14:02:00-04:00,390.54998779296875,390.54998779296875,392.83990478515625,390.5400085449219,392.4891052246094,235015
2026-06-11 14:04:00-04:00,390.2550048828125,390.2550048828125,391.0,390.17999267578125,390.614990234375,201933
2026-06-11 14:06:00-04:00,391.30999755859375,391.30999755859375,391.3800048828125,390.2200012207031,390.2550048828125,139000
2026-06-11 14:08:00-04:00,391.18701171875,391.18701171875,391.4700012207031,390.67010498046875,391.25,102315
2026-06-11 14:10:00-04:00,391.6000061035156,391.6000061035156,391.7699890136719,390.9100036621094,391.1000061035156,90674
2026-06-11 14:12:00-04:00,391.8800048828125,391.8800048828125,392.20001220703125,391.30999755859375,391.6400146484375,132803
2026-06-11 14:14:00-04:00,392.9599914550781,392.9599914550781,393.0368957519531,391.79998779296875,391.94000244140625,158587
2026-06-11 14:16:00-04:00,393.0450134277344,393.0450134277344,393.3500061035156,392.79998779296875,392.9960021972656,131109
2026-06-11 14:18:00-04:00,393.3999938964844,393.3999938964844,393.5357971191406,392.69000244140625,393.0350036621094,148670
2026-06-11 14:20:00-04:00,392.4939880371094,392.4939880371094,393.4198913574219,392.3699951171875,393.364990234375,131573
2026-06-11 14:22:00-04:00,392.0763854980469,392.0763854980469,392.6099853515625,391.5364990234375,392.5050048828125,173187
2026-06-11 14:24:00-04:00,392.5600891113281,392.5600891113281,392.69000244140625,392.0600891113281,392.1300964355469,96773
2026-06-11 14:26:00-04:00,392.5299987792969,392.5299987792969,392.7900085449219,392.0801086425781,392.625,74301
2026-06-11 14:28:00-04:00,392.3599853515625,392.3599853515625,392.6499938964844,391.8700866699219,392.5350036621094,82871
2026-06-11 14:30:00-04:00,392.8900146484375,392.8900146484375,393.0899963378906,392.07000732421875,392.32501220703125,107510
2026-06-11 14:32:00-04:00,392.56500244140625,392.56500244140625,392.89599609375,392.1300048828125,392.8949890136719,77054
2026-06-11 14:34:00-04:00,392.22869873046875,392.22869873046875,392.7099914550781,392.0,392.6199951171875,75038
2026-06-11 14:36:00-04:00,392.5350036621094,392.5350036621094,392.7900085449219,392.1199951171875,392.25,107215
2026-06-11 14:38:00-04:00,392.0899963378906,392.0899963378906,392.57000732421875,391.9700012207031,392.54998779296875,76514
2026-06-11 14:40:00-04:00,392.3349914550781,392.3349914550781,392.5799865722656,392.0400085449219,392.1400146484375,78311
2026-06-11 14:42:00-04:00,392.80999755859375,392.80999755859375,392.9599914550781,392.2601013183594,392.3351135253906,99987
2026-06-11 14:44:00-04:00,393.0249938964844,393.0249938964844,393.2099914550781,392.5,392.7799987792969,135227
2026-06-11 14:46:00-04:00,393.25,393.25,394.2200012207031,392.85009765625,393.0,171488
2026-06-11 14:48:00-04:00,393.4849853515625,393.4849853515625,393.739990234375,393.04010009765625,393.2200012207031,109619
2026-06-11 14:50:00-04:00,393.3299865722656,393.3299865722656,394.0,393.17999267578125,393.5,157870
2026-06-11 14:52:00-04:00,393.25,393.25,393.5245056152344,393.07000732421875,393.3999938964844,72492
2026-06-11 14:54:00-04:00,392.9150085449219,392.9150085449219,393.5,392.8999938964844,393.2550048828125,109349
2026-06-11 14:56:00-04:00,393.3266906738281,393.3266906738281,393.5299987792969,392.8599853515625,392.8999938964844,123688
2026-06-11 14:58:00-04:00,393.3599853515625,393.3599853515625,393.6300048828125,393.04998779296875,393.4200134277344,96378
2026-06-11 15:00:00-04:00,393.9049987792969,393.9049987792969,394.0199890136719,393.04010009765625,393.3599853515625,135638
2026-06-11 15:02:00-04:00,393.45001220703125,393.45001220703125,393.95001220703125,393.25,393.8999938964844,96882
2026-06-11 15:04:00-04:00,393.260009765625,393.260009765625,394.0199890136719,393.25201416015625,393.3999938964844,108972
2026-06-11 15:06:00-04:00,393.2200012207031,393.2200012207031,393.4100036621094,392.6300048828125,393.2799987792969,140145
2026-06-11 15:08:00-04:00,393.77508544921875,393.77508544921875,393.8299865722656,393.1300048828125,393.2247009277344,103159
2026-06-11 15:10:00-04:00,394.20001220703125,394.20001220703125,394.2900085449219,393.5700988769531,393.7300109863281,138274
2026-06-11 15:12:00-04:00,395.0,395.0,395.29998779296875,394.05999755859375,394.1199951171875,370868
2026-06-11 15:14:00-04:00,395.75,395.75,395.94000244140625,394.9849853515625,395.0299987792969,262553
2026-06-11 15:16:00-04:00,395.3500061035156,395.3500061035156,395.9100036621094,395.090087890625,395.7850036621094,286302
2026-06-11 15:18:00-04:00,395.5,395.5,395.6722106933594,394.6900939941406,395.3562927246094,183327
2026-06-11 15:20:00-04:00,396.7300109863281,396.7300109863281,396.7799987792969,395.5,395.55999755859375,285250
2026-06-11 15:22:00-04:00,395.9649963378906,395.9649963378906,396.8699951171875,395.7604064941406,396.77789306640625,266282
2026-06-11 15:24:00-04:00,395.9100036621094,395.9100036621094,396.2799987792969,395.69000244140625,395.9700012207031,183633
2026-06-11 15:26:00-04:00,395.885009765625,395.885009765625,396.3699035644531,395.7900085449219,395.9100036621094,125943
2026-06-11 15:28:00-04:00,396.1000061035156,396.1000061035156,396.3399963378906,395.810791015625,395.885009765625,175818
2026-06-11 15:30:00-04:00,397.92498779296875,397.92498779296875,398.2900085449219,396.0950012207031,396.1000061035156,470689
2026-06-11 15:32:00-04:00,399.0085144042969,399.0085144042969,399.0400085449219,397.8299865722656,397.8901062011719,367057
2026-06-11 15:34:00-04:00,398.82501220703125,398.82501220703125,399.2200012207031,398.5799865722656,398.92999267578125,348420
2026-06-11 15:36:00-04:00,399.2601013183594,399.2601013183594,399.5,398.75,398.8599853515625,251687
2026-06-11 15:38:00-04:00,398.2698974609375,398.2698974609375,399.3299865722656,398.0,399.2699890136719,232223
2026-06-11 15:40:00-04:00,398.8500061035156,398.8500061035156,399.1419982910156,398.0600891113281,398.2149963378906,223262
2026-06-11 15:42:00-04:00,398.4849853515625,398.4849853515625,398.95001220703125,398.2200927734375,398.739990234375,179819
2026-06-11 15:44:00-04:00,398.5950012207031,398.5950012207031,398.67999267578125,398.04998779296875,398.5,215438
2026-06-11 15:46:00-04:00,397.94000244140625,397.94000244140625,398.6792907714844,397.82000732421875,398.5799865722656,184905
2026-06-11 15:48:00-04:00,397.5950012207031,397.5950012207031,398.2099914550781,397.55999755859375,397.92999267578125,160244
2026-06-11 15:50:00-04:00,397.0299987792969,397.0299987792969,397.7200012207031,396.3699951171875,397.6549987792969,310365
2026-06-11 15:52:00-04:00,399.4049987792969,399.4049987792969,399.5400085449219,396.8399963378906,397.0,403081
2026-06-11 15:54:00-04:00,398.3599853515625,398.3599853515625,399.5400085449219,398.07000732421875,399.3500061035156,498356
2026-06-11 15:56:00-04:00,399.3450012207031,399.3450012207031,399.3999938964844,398.17999267578125,398.32000732421875,500930
2026-06-11 15:58:00-04:00,399.0,399.0,399.45001220703125,398.760009765625,399.3299865722656,1063992
2026-06-12 09:30:00-04:00,397.5,397.5,400.79998779296875,396.5799865722656,399.4599914550781,2627718
2026-06-12 09:32:00-04:00,398.16949462890625,398.16949462890625,403.4100036621094,396.67999267578125,397.2909851074219,795066
2026-06-12 09:34:00-04:00,401.6499938964844,401.6499938964844,401.9800109863281,397.5799865722656,398.01611328125,634711
2026-06-12 09:36:00-04:00,401.5899963378906,401.5899963378906,404.29998779296875,401.04998779296875,401.6499938964844,680189
2026-06-12 09:38:00-04:00,403.0899963378906,403.0899963378906,403.49969482421875,399.82000732421875,401.6300048828125,826102
2026-06-12 09:40:00-04:00,398.95001220703125,398.95001220703125,403.8500061035156,398.95001220703125,403.0776062011719,741413
2026-06-12 09:42:00-04:00,397.6449890136719,397.6449890136719,399.0899963378906,397.1700134277344,398.95001220703125,608710
2026-06-12 09:44:00-04:00,395.1400146484375,395.1400146484375,397.95001220703125,395.0400085449219,397.5199890136719,588267
2026-06-12 09:46:00-04:00,396.1650085449219,396.1650085449219,397.3500061035156,394.7900085449219,395.2300109863281,639094
2026-06-12 09:48:00-04:00,396.8905944824219,396.8905944824219,397.17498779296875,395.8699951171875,396.2200012207031,364606
2026-06-12 09:50:00-04:00,397.239990234375,397.239990234375,397.7900085449219,396.610107421875,396.80499267578125,317505
2026-06-12 09:52:00-04:00,397.4700012207031,397.4700012207031,398.07000732421875,396.8299865722656,397.239990234375,191519
2026-06-12 09:54:00-04:00,396.8450012207031,396.8450012207031,397.70001220703125,396.4800109863281,397.4700012207031,250486
2026-06-12 09:56:00-04:00,396.010009765625,396.010009765625,397.4798889160156,395.8299865722656,396.8500061035156,207752
2026-06-12 09:58:00-04:00,394.54998779296875,394.54998779296875,396.7898864746094,394.3900146484375,396.010009765625,439157
2026-06-12 10:00:00-04:00,395.29998779296875,395.29998779296875,396.70001220703125,394.3503112792969,394.6400146484375,457478
2026-06-12 10:02:00-04:00,396.2250061035156,396.2250061035156,396.3500061035156,394.6300048828125,395.260009765625,259582
2026-06-12 10:04:00-04:00,394.8100891113281,394.8100891113281,396.6799011230469,394.590087890625,396.25,311603
2026-06-12 10:06:00-04:00,396.25,396.25,397.1499938964844,394.83319091796875,394.9150085449219,388647
2026-06-12 10:08:00-04:00,396.1199951171875,396.1199951171875,396.3799133300781,394.9400939941406,396.1700134277344,294328
2026-06-12 10:10:00-04:00,396.3949890136719,396.3949890136719,397.0,395.54998779296875,396.1099853515625,297517
2026-06-12 10:12:00-04:00,397.2250061035156,397.2250061035156,397.7300109863281,396.0201110839844,396.3999938964844,335692
2026-06-12 10:14:00-04:00,397.3800048828125,397.3800048828125,397.6199951171875,396.70001220703125,397.17999267578125,220035
2026-06-12 10:16:00-04:00,397.3349914550781,397.3349914550781,397.7099914550781,396.8299865722656,397.42510986328125,182709
2026-06-12 10:18:00-04:00,397.7250061035156,397.7250061035156,398.19000244140625,397.1199951171875,397.3999938964844,218875
2026-06-12 10:20:00-04:00,396.3599853515625,396.3599853515625,398.7900085449219,396.3599853515625,397.7300109863281,305940
2026-06-12 10:22:00-04:00,395.6600036621094,395.6600036621094,396.7074890136719,394.20001220703125,396.3320007324219,450114
2026-06-12 10:24:00-04:00,396.5849914550781,396.5849914550781,397.0400085449219,395.35009765625,395.6600036621094,278591
2026-06-12 10:26:00-04:00,396.45001220703125,396.45001220703125,396.94989013671875,395.3500061035156,396.6700134277344,181832
2026-06-12 10:28:00-04:00,396.010009765625,396.010009765625,396.57000732421875,395.79998779296875,396.44000244140625,126866
2026-06-12 10:30:00-04:00,396.1600036621094,396.1600036621094,396.6000061035156,395.9100036621094,396.0299987792969,163273
2026-06-12 10:32:00-04:00,394.8900146484375,394.8900146484375,396.2049865722656,394.5400085449219,396.2049865722656,270940
2026-06-12 10:34:00-04:00,396.74371337890625,396.74371337890625,396.95001220703125,394.2300109863281,394.82000732421875,360362
2026-06-12 10:36:00-04:00,396.25,396.25,397.95001220703125,396.010009765625,396.7300109863281,427880
2026-06-12 10:38:00-04:00,397.0950012207031,397.0950012207031,397.20001220703125,396.0700988769531,396.239990234375,157143
2026-06-12 10:40:00-04:00,395.9825134277344,395.9825134277344,397.25,395.8999938964844,397.0799865722656,211320
2026-06-12 10:42:00-04:00,393.68499755859375,393.68499755859375,396.2398986816406,393.5101013183594,395.92999267578125,444251
2026-06-12 10:44:00-04:00,394.21990966796875,394.21990966796875,394.5799865722656,393.3900146484375,393.68499755859375,381757
2026-06-12 10:46:00-04:00,392.5050048828125,392.5050048828125,394.5198974609375,391.89691162109375,394.0849914550781,424852
2026-06-12 10:48:00-04:00,392.739990234375,392.739990234375,393.0989990234375,392.25,392.5050048828125,243570
2026-06-12 10:50:00-04:00,392.5450134277344,392.5450134277344,393.82000732421875,392.3569030761719,392.5820007324219,236983
2026-06-12 10:52:00-04:00,395.260009765625,395.260009765625,395.79998779296875,392.4800109863281,392.4800109863281,539742
2026-06-12 10:54:00-04:00,396.80999755859375,396.80999755859375,397.75,396.18719482421875,396.29998779296875,625271
2026-06-12 10:56:00-04:00,397.4800109863281,397.4800109863281,397.989990234375,396.6600036621094,397.80999755859375,142495
2026-06-12 10:58:00-04:00,397.2701110839844,397.2701110839844,397.4999084472656,396.760009765625,397.3900146484375,139940
2026-06-12 11:00:00-04:00,398.1300048828125,398.1300048828125,398.69000244140625,396.8599853515625,397.4100036621094,324034
2026-06-12 11:02:00-04:00,397.29998779296875,397.29998779296875,398.3500061035156,397.17999267578125,398.1300048828125,294563
2026-06-12 11:04:00-04:00,396.7099914550781,396.7099914550781,396.9150085449219,396.0162048339844,396.5,182269
2026-06-12 11:06:00-04:00,397.2200012207031,397.2200012207031,397.4700012207031,396.5299987792969,396.7049865722656,156939
2026-06-12 11:08:00-04:00,396.9150085449219,396.9150085449219,397.4200134277344,396.5517883300781,397.1400146484375,118203
2026-06-12 11:10:00-04:00,397.3796081542969,397.3796081542969,397.659912109375,396.8299865722656,396.8999938964844,130553
2026-06-12 11:12:00-04:00,397.5299072265625,397.5299072265625,397.659912109375,396.79998779296875,397.3949890136719,126258
2026-06-12 11:14:00-04:00,397.0050048828125,397.0050048828125,397.8599853515625,396.94000244140625,397.5199890136719,139531
2026-06-12 11:16:00-04:00,398.0299987792969,398.0299987792969,398.2666931152344,396.70001220703125,397.08990478515625,162994
2026-06-12 11:18:00-04:00,398.2950134277344,398.2950134277344,398.30999755859375,397.2900085449219,398.010498046875,156750
2026-06-12 11:20:00-04:00,398.5367126464844,398.5367126464844,398.7398986816406,397.66009521484375,398.32000732421875,220047
2026-06-12 11:22:00-04:00,398.67498779296875,398.67498779296875,398.75,398.260009765625,398.4743957519531,128112
2026-06-12 11:24:00-04:00,399.760009765625,399.760009765625,399.8599853515625,398.5907897949219,398.6400146484375,280366
2026-06-12 11:26:00-04:00,399.760009765625,399.760009765625,400.2799987792969,399.6600036621094,399.75201416015625,299968
2026-06-12 11:28:00-04:00,399.86749267578125,399.86749267578125,400.1000061035156,399.45001220703125,399.7742004394531,155485
2026-06-12 11:30:00-04:00,398.909912109375,398.909912109375,399.8999938964844,398.69000244140625,399.8999938964844,245329
2026-06-12 11:32:00-04:00,398.4200134277344,398.4200134277344,399.0660095214844,398.2601013183594,398.8550109863281,247769
2026-06-12 11:34:00-04:00,399.2699890136719,399.2699890136719,399.5,398.010009765625,398.4200134277344,243776
2026-06-12 11:36:00-04:00,398.1499938964844,398.1499938964844,399.4798889160156,397.95001220703125,399.3599853515625,197778
2026-06-12 11:38:00-04:00,397.0299987792969,397.0299987792969,398.3536071777344,396.5,398.1499938964844,270724
2026-06-12 11:40:00-04:00,395.7349853515625,395.7349853515625,397.3599853515625,395.3999938964844,397.0350036621094,375037
2026-06-12 11:42:00-04:00,394.8900146484375,394.8900146484375,395.9256896972656,394.3999938964844,395.7550048828125,273231
2026-06-12 11:44:00-04:00,394.5199890136719,394.5199890136719,394.989990234375,393.7099914550781,394.8900146484375,374180
2026-06-12 11:46:00-04:00,393.1835021972656,393.1835021972656,395.05999755859375,393.1600036621094,394.4601135253906,267662
2026-06-12 11:48:00-04:00,390.8450012207031,390.8450012207031,394.6299133300781,390.78009033203125,393.239990234375,450095
2026-06-12 11:50:00-04:00,391.2099914550781,391.2099914550781,394.6299133300781,390.4200134277344,390.760009765625,474111
2026-06-12 11:52:00-04:00,390.9150085449219,390.9150085449219,394.6099853515625,390.85009765625,391.2749938964844,361404
2026-06-12 11:54:00-04:00,390.7300109863281,390.7300109863281,391.37640380859375,390.3299865722656,390.9150085449219,338895
2026-06-12 11:56:00-04:00,389.6549987792969,389.6549987792969,391.0498962402344,389.6000061035156,390.7799987792969,479598
2026-06-12 11:58:00-04:00,389.30499267578125,389.30499267578125,390.29998779296875,388.5975036621094,389.6449890136719,437673
2026-06-12 12:00:00-04:00,389.7099914550781,389.7099914550781,394.6099853515625,388.6400146484375,389.30499267578125,381970
2026-06-12 12:02:00-04:00,388.0799865722656,388.0799865722656,389.92999267578125,387.55999755859375,389.7799987792969,470234
2026-06-12 12:04:00-04:00,387.8599853515625,387.8599853515625,388.75,387.7012939453125,388.0,268844
2026-06-12 12:06:00-04:00,387.6690979003906,387.6690979003906,388.5899963378906,387.6200866699219,387.8900146484375,296219
2026-06-12 12:08:00-04:00,387.3900146484375,387.3900146484375,388.1600036621094,387.2200012207031,387.6499938964844,273797
2026-06-12 12:10:00-04:00,387.8399963378906,387.8399963378906,388.1199951171875,386.760009765625,387.3500061035156,393795
2026-06-12 12:12:00-04:00,389.75,389.75,394.6099853515625,387.4599914550781,387.8900146484375,583722
2026-06-12 12:14:00-04:00,389.9200134277344,389.9200134277344,390.25,388.82000732421875,389.6499938964844,426438
2026-06-12 12:16:00-04:00,389.4800109863281,389.4800109863281,390.44000244140625,389.3399963378906,389.94000244140625,310095
2026-06-12 12:18:00-04:00,390.5950012207031,390.5950012207031,390.67999267578125,389.4200134277344,389.57000732421875,258258
2026-06-12 12:20:00-04:00,391.010009765625,391.010009765625,391.1300048828125,389.78009033203125,390.6199951171875,309721
2026-06-12 12:22:00-04:00,392.59759521484375,392.59759521484375,392.8599853515625,390.79998779296875,391.05999755859375,403521
2026-06-12 12:24:00-04:00,393.58990478515625,393.58990478515625,393.6199951171875,392.4700927734375,392.626708984375,334320
2026-06-12 12:26:00-04:00,395.1400146484375,395.1400146484375,395.2799987792969,393.57000732421875,393.6300048828125,451874
2026-06-12 12:28:00-04:00,394.9601135253906,394.9601135253906,396.3799133300781,394.5,395.1000061035156,536692
2026-06-12 12:30:00-04:00,395.6400146484375,395.6400146484375,396.07000732421875,394.6199951171875,395.0400085449219,280097
2026-06-12 12:32:00-04:00,395.21630859375,395.21630859375,396.0,395.0965881347656,395.6400146484375,201147
2026-06-12 12:34:00-04:00,395.1199951171875,395.1199951171875,396.489990234375,394.510009765625,395.2149963378906,311508
2026-06-12 12:36:00-04:00,396.2049865722656,396.2049865722656,396.42999267578125,395.1000061035156,395.2200012207031,185112
2026-06-12 12:38:00-04:00,396.1199951171875,396.1199951171875,396.29998779296875,395.6199951171875,396.260009765625,165933
2026-06-12 12:40:00-04:00,396.6502990722656,396.6502990722656,397.3599853515625,395.8804931640625,396.04998779296875,436958
2026-06-12 12:42:00-04:00,396.29681396484375,396.29681396484375,396.7699890136719,395.4599914550781,396.7099914550781,231855
2026-06-12 12:44:00-04:00,396.3349914550781,396.3349914550781,396.8699951171875,395.80999755859375,396.2099914550781,149787
2026-06-12 12:46:00-04:00,397.44000244140625,397.44000244140625,397.7598876953125,396.2349853515625,396.3299865722656,241669
2026-06-12 12:48:00-04:00,398.40838623046875,398.40838623046875,398.55999755859375,397.05999755859375,397.44000244140625,332814
2026-06-12 12:50:00-04:00,398.5199890136719,398.5199890136719,399.2300109863281,398.2799987792969,398.3500061035156,339951
2026-06-12 12:52:00-04:00,398.68499755859375,398.68499755859375,398.8800048828125,398.0,398.5199890136719,190509
2026-06-12 12:54:00-04:00,397.8699951171875,397.8699951171875,398.760009765625,397.6000061035156,398.6199951171875,204078
2026-06-12 12:56:00-04:00,398.69500732421875,398.69500732421875,398.8598937988281,397.3500061035156,397.9197998046875,215612
2026-06-12 12:58:00-04:00,399.1549987792969,399.1549987792969,399.29998779296875,398.20001220703125,398.69500732421875,273362
2026-06-12 13:00:00-04:00,399.7601013183594,399.7601013183594,399.8800048828125,398.8900146484375,399.15020751953125,320188
2026-06-12 13:02:00-04:00,400.1600036621094,400.1600036621094,400.5,399.43011474609375,399.760009765625,433341
2026-06-12 13:04:00-04:00,400.8699951171875,400.8699951171875,401.239990234375,399.90570068359375,400.20001220703125,366364
2026-06-12 13:06:00-04:00,402.625,402.625,402.6499938964844,400.82000732421875,400.8399963378906,430666
2026-06-12 13:08:00-04:00,404.1000061035156,404.1000061035156,405.239990234375,402.5299987792969,402.625,966800
2026-06-12 13:10:00-04:00,401.1400146484375,401.1400146484375,404.260009765625,401.0,404.0509948730469,513607
2026-06-12 13:12:00-04:00,400.80999755859375,400.80999755859375,401.8299865722656,400.70001220703125,401.1400146484375,305768
2026-06-12 13:14:00-04:00,400.18499755859375,400.18499755859375,400.92999267578125,399.6499938964844,400.70001220703125,384001
2026-06-12 13:16:00-04:00,400.9049987792969,400.9049987792969,401.1499938964844,400.0700988769531,400.19000244140625,218384
2026-06-12 13:18:00-04:00,400.5299987792969,400.5299987792969,401.0,400.44000244140625,400.94000244140625,182328
2026-06-12 13:20:00-04:00,399.2099914550781,399.2099914550781,400.6400146484375,398.7699890136719,400.5799865722656,438114
2026-06-12 13:22:00-04:00,400.0813903808594,400.0813903808594,400.20001220703125,399.2300109863281,399.29998779296875,257970
2026-06-12 13:24:00-04:00,401.5849914550781,401.5849914550781,401.6600036621094,399.9599914550781,400.0899963378906,262609
2026-06-12 13:26:00-04:00,400.91339111328125,400.91339111328125,401.7300109863281,400.8699951171875,401.5705871582031,246668
2026-06-12 13:28:00-04:00,402.0024108886719,402.0024108886719,402.2200012207031,400.84429931640625,400.9200134277344,246316
2026-06-12 13:30:00-04:00,401.7300109863281,401.7300109863281,402.3999938964844,401.2699890136719,402.0249938964844,216812
2026-06-12 13:32:00-04:00,401.2099914550781,401.2099914550781,401.9800109863281,400.6099853515625,401.70001220703125,215557
2026-06-12 13:34:00-04:00,400.7300109863281,400.7300109863281,401.4700012207031,400.6000061035156,401.1199951171875,149495
2026-06-12 13:36:00-04:00,400.8399963378906,400.8399963378906,401.2300109863281,400.3599853515625,400.75,194754
2026-06-12 13:38:00-04:00,401.7200927734375,401.7200927734375,401.94000244140625,400.1000061035156,400.92999267578125,214075
2026-06-12 13:40:00-04:00,401.17999267578125,401.17999267578125,401.8399963378906,400.5799865722656,401.739990234375,189419
2026-06-12 13:42:00-04:00,402.25,402.25,402.3399963378906,401.1300048828125,401.1650085449219,197503
2026-06-12 13:44:00-04:00,401.5199890136719,401.5199890136719,402.19000244140625,401.3900146484375,402.19000244140625,127990
2026-06-12 13:46:00-04:00,401.4100036621094,401.4100036621094,402.3500061035156,401.239990234375,401.5350036621094,173330
2026-06-12 13:48:00-04:00,402.07000732421875,402.07000732421875,402.2699890136719,401.3599853515625,401.42498779296875,140918
2026-06-12 13:50:00-04:00,401.94049072265625,401.94049072265625,402.2099914550781,401.54998779296875,402.0299987792969,114625
2026-06-12 13:52:00-04:00,401.9100036621094,401.9100036621094,402.2300109863281,401.7099914550781,401.875,120949
2026-06-12 13:54:00-04:00,401.9649963378906,401.9649963378906,402.760009765625,401.67388916015625,401.8399963378906,176234
2026-06-12 13:56:00-04:00,402.5,402.5,402.7900085449219,401.68011474609375,401.98291015625,225569
2026-06-12 13:58:00-04:00,403.21759033203125,403.21759033203125,403.45001220703125,402.24029541015625,402.45721435546875,218918
2026-06-12 14:00:00-04:00,403.1449890136719,403.1449890136719,403.2900085449219,402.0201110839844,403.2099914550781,221800
2026-06-12 14:02:00-04:00,402.75,402.75,403.1953125,402.6099853515625,403.17999267578125,138783
2026-06-12 14:04:00-04:00,401.9049987792969,401.9049987792969,403.1600036621094,401.7200012207031,402.7001037597656,213171
2026-06-12 14:06:00-04:00,402.1400146484375,402.1400146484375,402.6099853515625,401.5299987792969,401.9800109863281,171998
2026-06-12 14:08:00-04:00,404.0,404.0,404.1099853515625,402.1400146484375,402.18011474609375,327528
2026-06-12 14:10:00-04:00,403.6300048828125,403.6300048828125,404.04998779296875,403.1300048828125,404.0,188185
2026-06-12 14:12:00-04:00,403.9700012207031,403.9700012207031,405.0,403.5799865722656,403.68499755859375,251756
2026-06-12 14:14:00-04:00,403.9013977050781,403.9013977050781,404.20001220703125,403.20001220703125,403.9466857910156,185249
2026-06-12 14:16:00-04:00,402.010009765625,402.010009765625,403.92498779296875,401.7900085449219,403.8900146484375,218935
2026-06-12 14:18:00-04:00,402.04998779296875,402.04998779296875,402.4598083496094,401.0799865722656,402.0498046875,315815
2026-06-12 14:20:00-04:00,401.2200012207031,401.2200012207031,402.1300048828125,401.1152038574219,402.0799865722656,169537
2026-06-12 14:22:00-04:00,400.83990478515625,400.83990478515625,401.4999084472656,400.67498779296875,401.2099914550781,277130
2026-06-12 14:24:00-04:00,400.92999267578125,400.92999267578125,401.1400146484375,400.5199890136719,400.8399963378906,193035
2026-06-12 14:26:00-04:00,401.2300109863281,401.2300109863281,401.69989013671875,400.7405090332031,400.989990234375,155511
2026-06-12 14:28:00-04:00,401.25,401.25,401.6099853515625,400.8599853515625,401.1200866699219,156459
2026-06-12 14:30:00-04:00,400.94000244140625,400.94000244140625,401.3699951171875,400.6499938964844,401.2200012207031,169329
2026-06-12 14:32:00-04:00,401.54998779296875,401.54998779296875,401.8399963378906,400.6499938964844,400.9150085449219,148714
2026-06-12 14:34:00-04:00,400.8800048828125,400.8800048828125,401.6400146484375,400.79998779296875,401.4800109863281,127410
2026-06-12 14:36:00-04:00,401.0050048828125,401.0050048828125,401.2099914550781,400.7799987792969,400.92999267578125,78477
2026-06-12 14:38:00-04:00,401.2749938964844,401.2749938964844,401.3500061035156,400.92999267578125,401.0050048828125,67346
2026-06-12 14:40:00-04:00,402.42999267578125,402.42999267578125,402.5,401.2587890625,401.32000732421875,180576
2026-06-12 14:42:00-04:00,401.7850036621094,401.7850036621094,402.6099853515625,401.739990234375,402.42498779296875,150803
2026-06-12 14:44:00-04:00,401.1099853515625,401.1099853515625,402.0899963378906,401.0801086425781,401.80999755859375,169659
2026-06-12 14:46:00-04:00,401.1400146484375,401.1400146484375,401.5,400.9800109863281,401.19500732421875,124323
2026-06-12 14:48:00-04:00,400.7200012207031,400.7200012207031,401.5299987792969,400.6200866699219,401.1400146484375,102408
2026-06-12 14:50:00-04:00,400.55999755859375,400.55999755859375,401.2699890136719,400.0899963378906,400.6650085449219,233722
2026-06-12 14:52:00-04:00,400.739990234375,400.739990234375,400.9750061035156,400.44000244140625,400.5303955078125,100095
2026-06-12 14:54:00-04:00,400.7699890136719,400.7699890136719,401.1098937988281,400.4100036621094,400.739990234375,127895
2026-06-12 14:56:00-04:00,399.989990234375,399.989990234375,400.8299865722656,399.8599853515625,400.82000732421875,177798
2026-06-12 14:58:00-04:00,401.3263854980469,401.3263854980469,401.7937927246094,399.9800109863281,399.9800109863281,233208
2026-06-12 15:00:00-04:00,402.0400085449219,402.0400085449219,402.1700134277344,401.20001220703125,401.31689453125,153511
2026-06-12 15:02:00-04:00,402.93499755859375,402.93499755859375,403.0199890136719,401.9200134277344,402.0400085449219,257680
2026-06-12 15:04:00-04:00,402.8999938964844,402.8999938964844,403.1799011230469,402.6000061035156,402.95989990234375,156352
2026-06-12 15:06:00-04:00,402.9800109863281,402.9800109863281,403.239990234375,402.6199951171875,402.8699951171875,156526
2026-06-12 15:08:00-04:00,403.1050109863281,403.1050109863281,403.2099914550781,402.7099914550781,402.9800109863281,139531
2026-06-12 15:10:00-04:00,402.7850036621094,402.7850036621094,403.1300048828125,402.4599914550781,403.0400085449219,142677
2026-06-12 15:12:00-04:00,402.8949890136719,402.8949890136719,403.05999755859375,402.6700134277344,402.7850036621094,110568
2026-06-12 15:14:00-04:00,402.57000732421875,402.57000732421875,403.0,402.4700012207031,402.92999267578125,180347
2026-06-12 15:16:00-04:00,401.70001220703125,401.70001220703125,402.69000244140625,401.5101013183594,402.625,309325
2026-06-12 15:18:00-04:00,403.0,403.0,403.07989501953125,401.6300048828125,401.6300048828125,292440
2026-06-12 15:20:00-04:00,402.1600036621094,402.1600036621094,403.0,401.5299987792969,402.89691162109375,216560
2026-06-12 15:22:00-04:00,402.1099853515625,402.1099853515625,402.2099914550781,401.80999755859375,402.19000244140625,100885
2026-06-12 15:24:00-04:00,403.2550048828125,403.2550048828125,403.260009765625,401.4599914550781,402.1025085449219,245692
2026-06-12 15:26:00-04:00,403.2799987792969,403.2799987792969,403.4800109863281,402.8599853515625,403.1600036621094,195939
2026-06-12 15:28:00-04:00,403.1000061035156,403.1000061035156,403.72869873046875,402.9100036621094,403.2900085449219,218616
2026-06-12 15:30:00-04:00,402.05999755859375,402.05999755859375,403.4200134277344,402.0,403.05999755859375,751576
2026-06-12 15:32:00-04:00,401.79998779296875,401.79998779296875,402.7698974609375,401.6600036621094,402.0,224554
2026-06-12 15:34:00-04:00,402.17999267578125,402.17999267578125,402.42999267578125,401.67999267578125,401.80999755859375,158717
2026-06-12 15:36:00-04:00,402.6300048828125,402.6300048828125,403.79998779296875,402.2099914550781,402.2099914550781,274184
2026-06-12 15:38:00-04:00,402.4599914550781,402.4599914550781,402.79998779296875,402.1900939941406,402.6099853515625,142524
2026-06-12 15:40:00-04:00,403.55999755859375,403.55999755859375,403.7699890136719,402.25,402.4599914550781,186152
2026-06-12 15:42:00-04:00,404.2900085449219,404.2900085449219,404.3900146484375,403.3999938964844,403.5899963378906,263676
2026-06-12 15:44:00-04:00,403.55999755859375,403.55999755859375,404.3699951171875,403.3299865722656,404.30999755859375,239983
2026-06-12 15:46:00-04:00,402.8399963378906,402.8399963378906,403.6400146484375,402.3999938964844,403.5599060058594,232931
2026-06-12 15:48:00-04:00,403.1549987792969,403.1549987792969,403.8900146484375,402.760009765625,402.760009765625,813830
2026-06-12 15:50:00-04:00,403.4798889160156,403.4798889160156,403.4798889160156,402.29998779296875,403.17999267578125,293147
2026-06-12 15:52:00-04:00,403.8800048828125,403.8800048828125,403.94000244140625,403.25,403.4649963378906,261576
2026-06-12 15:54:00-04:00,405.3299865722656,405.3299865722656,405.5299987792969,403.739990234375,403.9200134277344,643657
2026-06-12 15:56:00-04:00,405.18011474609375,405.18011474609375,405.70001220703125,405.1300048828125,405.3500061035156,547243
2026-06-12 15:58:00-04:00,406.44500732421875,406.44500732421875,406.67999267578125,405.19000244140625,405.2099914550781,1147893
2026-06-15 09:30:00-04:00,412.8500061035156,412.8500061035156,414.44000244140625,409.79998779296875,412.0799865722656,2586956
2026-06-15 09:32:00-04:00,414.57000732421875,414.57000732421875,415.0,412.0,412.6300048828125,629122
2026-06-15 09:34:00-04:00,413.4750061035156,413.4750061035156,416.0,413.2099914550781,414.54998779296875,581277
2026-06-15 09:36:00-04:00,410.93011474609375,410.93011474609375,414.3999938964844,410.6099853515625,413.4599914550781,466845
2026-06-15 09:38:00-04:00,408.8500061035156,408.8500061035156,411.5,408.70001220703125,410.92999267578125,524088
2026-06-15 09:40:00-04:00,409.3919982910156,409.3919982910156,409.8599853515625,407.8800048828125,408.79998779296875,572066
2026-06-15 09:42:00-04:00,411.4599914550781,411.4599914550781,411.8900146484375,408.8800048828125,409.32000732421875,435884
2026-06-15 09:44:00-04:00,413.4599914550781,413.4599914550781,414.25,411.29998779296875,411.3500061035156,461947
2026-06-15 09:46:00-04:00,413.5849914550781,413.5849914550781,414.2200012207031,413.090087890625,413.5,409755
2026-06-15 09:48:00-04:00,413.6300048828125,413.6300048828125,414.1127014160156,412.70001220703125,413.44000244140625,313509
2026-06-15 09:50:00-04:00,413.29998779296875,413.29998779296875,413.7900085449219,413.010009765625,413.6300048828125,250523
2026-06-15 09:52:00-04:00,413.4700012207031,413.4700012207031,413.7699890136719,412.9200134277344,413.2799987792969,213267
2026-06-15 09:54:00-04:00,413.7300109863281,413.7300109863281,413.9800109863281,411.8699951171875,413.4960021972656,442735
2026-06-15 09:56:00-04:00,412.17999267578125,412.17999267578125,413.9898986816406,411.760009765625,413.8598937988281,275806
2026-06-15 09:58:00-04:00,411.2049865722656,411.2049865722656,412.54998779296875,410.8900146484375,412.1300048828125,326322
2026-06-15 10:00:00-04:00,412.7998962402344,412.7998962402344,412.82989501953125,410.7601013183594,411.17498779296875,265430
2026-06-15 10:02:00-04:00,411.7749938964844,411.7749938964844,413.05999755859375,411.3399963378906,412.7900085449219,241033
2026-06-15 10:04:00-04:00,411.3450012207031,411.3450012207031,411.94000244140625,410.8100891113281,411.67999267578125,182052
2026-06-15 10:06:00-04:00,410.79998779296875,410.79998779296875,411.739990234375,409.7900085449219,411.3999938964844,327919
2026-06-15 10:08:00-04:00,410.8500061035156,410.8500061035156,411.07000732421875,409.8999938964844,410.7850036621094,271285
2026-06-15 10:10:00-04:00,411.6700134277344,411.6700134277344,412.1000061035156,410.7200012207031,410.8999938964844,303495
2026-06-15 10:12:00-04:00,411.17999267578125,411.17999267578125,412.2699890136719,411.0,411.6400146484375,189515
2026-06-15 10:14:00-04:00,411.364990234375,411.364990234375,411.8399963378906,410.2701110839844,411.19000244140625,210481
2026-06-15 10:16:00-04:00,411.510009765625,411.510009765625,411.79998779296875,411.10009765625,411.3699951171875,154235
2026-06-15 10:18:00-04:00,411.1499938964844,411.1499938964844,411.7049865722656,411.1300048828125,411.55999755859375,130681
2026-06-15 10:20:00-04:00,411.15179443359375,411.15179443359375,411.760009765625,410.40008544921875,411.1199951171875,229627
2026-06-15 10:22:00-04:00,411.8550109863281,411.8550109863281,411.8999938964844,410.7301025390625,411.1625061035156,164400
2026-06-15 10:24:00-04:00,410.92999267578125,410.92999267578125,411.9299011230469,410.79998779296875,411.80999755859375,154721
2026-06-15 10:26:00-04:00,411.1499938964844,411.1499938964844,411.6000061035156,410.82000732421875,410.82000732421875,152086
2026-06-15 10:28:00-04:00,411.3799133300781,411.3799133300781,412.0,411.0,411.125,191575
2026-06-15 10:30:00-04:00,411.2200012207031,411.2200012207031,412.0899963378906,410.9849853515625,411.4649963378906,202168
2026-06-15 10:32:00-04:00,409.57000732421875,409.57000732421875,411.510009765625,409.30999755859375,411.27508544921875,368047
2026-06-15 10:34:00-04:00,409.7900085449219,409.7900085449219,410.3500061035156,409.3900146484375,409.5751037597656,235029
2026-06-15 10:36:00-04:00,409.1900939941406,409.1900939941406,409.9599914550781,409.0799865722656,409.7685852050781,183667
2026-06-15 10:38:00-04:00,409.8399963378906,409.8399963378906,409.8999938964844,409.10009765625,409.29998779296875,168201
2026-06-15 10:40:00-04:00,408.4049987792969,408.4049987792969,409.8900146484375,408.29998779296875,409.8399963378906,271724
2026-06-15 10:42:00-04:00,408.55999755859375,408.55999755859375,408.7698974609375,408.0799865722656,408.4049987792969,259206
2026-06-15 10:44:00-04:00,409.0,409.0,409.5150146484375,408.4042053222656,408.55999755859375,219071
2026-06-15 10:46:00-04:00,409.2900085449219,409.2900085449219,409.739990234375,408.5002136230469,409.02069091796875,208396
2026-06-15 10:48:00-04:00,408.8998107910156,408.8998107910156,409.5,408.79998779296875,409.3699035644531,144097
2026-06-15 10:50:00-04:00,410.05999755859375,410.05999755859375,410.1000061035156,408.7820129394531,408.94500732421875,194296
2026-06-15 10:52:00-04:00,409.8349914550781,409.8349914550781,410.19000244140625,409.07000732421875,410.1000061035156,175045
2026-06-15 10:54:00-04:00,409.4800109863281,409.4800109863281,410.17999267578125,409.28009033203125,409.81549072265625,190573
2026-06-15 10:56:00-04:00,411.0400085449219,411.0400085449219,411.29840087890625,409.4800109863281,409.4800109863281,275740
2026-06-15 10:58:00-04:00,410.4549865722656,410.4549865722656,411.25,410.3900146484375,411.0350036621094,187278
2026-06-15 11:00:00-04:00,408.9800109863281,408.9800109863281,410.7300109863281,408.82000732421875,410.42999267578125,219761
2026-06-15 11:02:00-04:00,408.18499755859375,408.18499755859375,409.3699035644531,408.1400146484375,408.9649963378906,243911
2026-06-15 11:04:00-04:00,407.6600036621094,407.6600036621094,408.42999267578125,407.1000061035156,408.2300109863281,324535
2026-06-15 11:06:00-04:00,407.53009033203125,407.53009033203125,407.9800109863281,407.2099914550781,407.70001220703125,252299
2026-06-15 11:08:00-04:00,407.8599853515625,407.8599853515625,407.8699951171875,407.29998779296875,407.6199951171875,176542
2026-06-15 11:10:00-04:00,408.5150146484375,408.5150146484375,409.2900085449219,407.75,407.8900146484375,363982
2026-06-15 11:12:00-04:00,407.9049987792969,407.9049987792969,408.54998779296875,407.70001220703125,408.47119140625,223467
2026-06-15 11:14:00-04:00,407.7349853515625,407.7349853515625,408.3800048828125,407.5801086425781,407.864990234375,166095
2026-06-15 11:16:00-04:00,408.6099853515625,408.6099853515625,408.760009765625,407.5000915527344,407.7349853515625,213450
2026-06-15 11:18:00-04:00,409.4122009277344,409.4122009277344,409.5198974609375,408.57000732421875,408.5700988769531,223584
2026-06-15 11:20:00-04:00,409.8699951171875,409.8699951171875,410.44000244140625,409.2300109863281,409.4100036621094,325944
2026-06-15 11:22:00-04:00,410.5199890136719,410.5199890136719,410.57000732421875,409.8204040527344,409.8599853515625,185080
2026-06-15 11:24:00-04:00,409.80999755859375,409.80999755859375,410.989990234375,409.4200134277344,410.5199890136719,292472
2026-06-15 11:26:00-04:00,409.7349853515625,409.7349853515625,410.1098937988281,409.55010986328125,409.8500061035156,157515
2026-06-15 11:28:00-04:00,409.80999755859375,409.80999755859375,410.135009765625,409.5199890136719,409.7099914550781,117000
2026-06-15 11:30:00-04:00,410.7200012207031,410.7200012207031,410.84991455078125,409.67999267578125,409.8550109863281,162733
2026-06-15 11:32:00-04:00,409.80999755859375,409.80999755859375,411.2799987792969,409.510009765625,410.7449951171875,352109
2026-06-15 11:34:00-04:00,409.8900146484375,409.8900146484375,410.3385009765625,409.54010009765625,409.7799987792969,146712
2026-06-15 11:36:00-04:00,410.0,410.0,410.1700134277344,409.5199890136719,409.8900146484375,129821
2026-06-15 11:38:00-04:00,410.3599853515625,410.3599853515625,410.6000061035156,410.05499267578125,410.05499267578125,151839
2026-06-15 11:40:00-04:00,410.260009765625,410.260009765625,410.5350036621094,409.9700012207031,410.3699951171875,115243
2026-06-15 11:42:00-04:00,410.54010009765625,410.54010009765625,410.95989990234375,410.010009765625,410.19000244140625,213657
2026-06-15 11:44:00-04:00,408.8599853515625,408.8599853515625,410.6400146484375,408.7300109863281,410.5899963378906,206814
2026-06-15 11:46:00-04:00,409.55999755859375,409.55999755859375,409.57000732421875,408.2850036621094,408.8599853515625,216450
2026-06-15 11:48:00-04:00,409.7850036621094,409.7850036621094,409.9800109863281,409.1400146484375,409.55999755859375,219078
2026-06-15 11:50:00-04:00,409.5299987792969,409.5299987792969,409.9200134277344,409.3900146484375,409.7200012207031,145630
2026-06-15 11:52:00-04:00,409.36151123046875,409.36151123046875,409.5849914550781,409.17999267578125,409.54998779296875,108654
2026-06-15 11:54:00-04:00,409.80999755859375,409.80999755859375,410.260009765625,409.0199890136719,409.4049987792969,186139
2026-06-15 11:56:00-04:00,409.5299987792969,409.5299987792969,410.32000732421875,409.44000244140625,409.875,153785
2026-06-15 11:58:00-04:00,408.8699951171875,408.8699951171875,409.65509033203125,408.75,409.56500244140625,191732
2026-06-15 12:00:00-04:00,408.94000244140625,408.94000244140625,409.1099853515625,408.3800048828125,408.9200134277344,247623
2026-06-15 12:02:00-04:00,409.3900146484375,409.3900146484375,409.4100036621094,408.3299865722656,408.94000244140625,179816
2026-06-15 12:04:00-04:00,408.75,408.75,409.8500061035156,408.6000061035156,409.3900146484375,209225
2026-06-15 12:06:00-04:00,409.4100036621094,409.4100036621094,409.7900085449219,408.7550048828125,408.82989501953125,161626
2026-06-15 12:08:00-04:00,408.7200012207031,408.7200012207031,409.4700012207031,408.6200866699219,409.4159851074219,95325
2026-06-15 12:10:00-04:00,409.6700134277344,409.6700134277344,409.739990234375,408.739990234375,408.75,154151
2026-06-15 12:12:00-04:00,409.55999755859375,409.55999755859375,410.239990234375,409.510009765625,409.6700134277344,178519
2026-06-15 12:14:00-04:00,409.7550048828125,409.7550048828125,410.29998779296875,409.4515075683594,409.5,160714
2026-06-15 12:16:00-04:00,410.4100036621094,410.4100036621094,410.8299865722656,409.42999267578125,409.739990234375,201423
2026-06-15 12:18:00-04:00,410.239990234375,410.239990234375,410.75,410.0,410.4599914550781,152701
2026-06-15 12:20:00-04:00,410.3699951171875,410.3699951171875,410.5,409.80999755859375,410.25,189339
2026-06-15 12:22:00-04:00,411.42498779296875,411.42498779296875,411.57000732421875,410.260009765625,410.375,285938
2026-06-15 12:24:00-04:00,410.9726867675781,410.9726867675781,411.47589111328125,410.78009033203125,411.45001220703125,151410
2026-06-15 12:26:00-04:00,411.3500061035156,411.3500061035156,411.3999938964844,410.75,410.9849853515625,153668
2026-06-15 12:28:00-04:00,411.3800048828125,411.3800048828125,411.6400146484375,411.05999755859375,411.3450012207031,169503
2026-06-15 12:30:00-04:00,411.7749938964844,411.7749938964844,411.8599853515625,411.2099914550781,411.4100036621094,174230
2026-06-15 12:32:00-04:00,411.4949951171875,411.4949951171875,412.2099914550781,411.29998779296875,411.7699890136719,291197
2026-06-15 12:34:00-04:00,411.4700012207031,411.4700012207031,411.69000244140625,410.9100036621094,411.489990234375,184030
2026-06-15 12:36:00-04:00,411.0198974609375,411.0198974609375,411.7200012207031,410.90008544921875,411.45001220703125,155970
2026-06-15 12:38:00-04:00,410.2149963378906,410.2149963378906,411.0533142089844,410.1499938964844,410.9800109863281,151126
2026-06-15 12:40:00-04:00,409.9150085449219,409.9150085449219,410.489990234375,409.739990234375,410.17999267578125,141774
2026-06-15 12:42:00-04:00,410.1400146484375,410.1400146484375,410.57000732421875,409.8699951171875,409.8699951171875,139954
2026-06-15 12:44:00-04:00,409.4800109863281,409.4800109863281,410.2900085449219,409.4403076171875,410.20001220703125,128121
2026-06-15 12:46:00-04:00,408.70001220703125,408.70001220703125,409.5198974609375,408.6400146484375,409.4700012207031,244061
2026-06-15 12:48:00-04:00,408.6449890136719,408.6449890136719,408.8599853515625,408.45001220703125,408.69500732421875,174617
2026-06-15 12:50:00-04:00,409.2850036621094,409.2850036621094,409.3699951171875,408.2900085449219,408.7398986816406,224317
2026-06-15 12:52:00-04:00,408.32501220703125,408.32501220703125,409.3999938964844,408.2900085449219,409.2850036621094,160179
2026-06-15 12:54:00-04:00,408.55999755859375,408.55999755859375,408.75,408.0799865722656,408.30010986328125,159971
2026-06-15 12:56:00-04:00,408.5400085449219,408.5400085449219,408.79998779296875,408.2601013183594,408.510009765625,152676
2026-06-15 12:58:00-04:00,408.8500061035156,408.8500061035156,408.92999267578125,408.472412109375,408.5892028808594,118482
2026-06-15 13:00:00-04:00,409.2650146484375,409.2650146484375,409.42999267578125,408.7300109863281,408.81170654296875,178113
2026-06-15 13:02:00-04:00,409.6099853515625,409.6099853515625,409.95001220703125,408.9989929199219,409.2405090332031,177653
2026-06-15 13:04:00-04:00,409.86151123046875,409.86151123046875,410.0950012207031,409.489990234375,409.57000732421875,125017
2026-06-15 13:06:00-04:00,409.95001220703125,409.95001220703125,410.2900085449219,409.4599914550781,409.8605041503906,179743
2026-06-15 13:08:00-04:00,409.1700134277344,409.1700134277344,410.14990234375,409.010009765625,410.0,146928
2026-06-15 13:10:00-04:00,409.2550048828125,409.2550048828125,409.6000061035156,409.0613098144531,409.2049865722656,86984
2026-06-15 13:12:00-04:00,409.7699890136719,409.7699890136719,409.8599853515625,409.2950134277344,409.29998779296875,86178
2026-06-15 13:14:00-04:00,409.9700012207031,409.9700012207031,410.17999267578125,409.55999755859375,409.7513122558594,126648
2026-06-15 13:16:00-04:00,410.125,410.125,410.3500061035156,409.8599853515625,409.9100036621094,127860
2026-06-15 13:18:00-04:00,410.4800109863281,410.4800109863281,410.6400146484375,410.0,410.1068115234375,113003
2026-06-15 13:20:00-04:00,410.0350036621094,410.0350036621094,410.57000732421875,409.8999938964844,410.4700012207031,92942
2026-06-15 13:22:00-04:00,409.2300109863281,409.2300109863281,410.05999755859375,408.90008544921875,410.0350036621094,140555
2026-06-15 13:24:00-04:00,409.67999267578125,409.67999267578125,409.80999755859375,409.2001037597656,409.2650146484375,124929
2026-06-15 13:26:00-04:00,409.7099914550781,409.7099914550781,409.80999755859375,409.510009765625,409.6549987792969,60570
2026-06-15 13:28:00-04:00,409.44000244140625,409.44000244140625,409.79998779296875,409.2301025390625,409.6300964355469,83012
2026-06-15 13:30:00-04:00,410.67999267578125,410.67999267578125,411.0,409.44000244140625,409.4700927734375,236456
2026-06-15 13:32:00-04:00,410.5350036621094,410.5350036621094,410.84991455078125,410.29681396484375,410.6499938964844,122154
2026-06-15 13:34:00-04:00,411.0350036621094,411.0350036621094,411.3500061035156,410.42999267578125,410.5799865722656,263571
2026-06-15 13:36:00-04:00,411.510009765625,411.510009765625,411.7699890136719,410.9100036621094,411.05999755859375,200974
2026-06-15 13:38:00-04:00,410.92999267578125,410.92999267578125,411.55999755859375,410.80999755859375,411.5199890136719,122185
2026-06-15 13:40:00-04:00,411.135009765625,411.135009765625,411.2099914550781,410.7449951171875,410.956787109375,114823
2026-06-15 13:42:00-04:00,411.57501220703125,411.57501220703125,411.6799011230469,410.79998779296875,411.0801086425781,132861
2026-06-15 13:44:00-04:00,411.239990234375,411.239990234375,411.6099853515625,411.010009765625,411.5600891113281,116174
2026-06-15 13:46:00-04:00,411.04998779296875,411.04998779296875,411.6499938964844,410.85009765625,411.1914978027344,108305
2026-06-15 13:48:00-04:00,411.7799987792969,411.7799987792969,411.8800048828125,410.7799987792969,411.0899963378906,176856
2026-06-15 13:50:00-04:00,411.5403137207031,411.5403137207031,411.92999267578125,411.42999267578125,411.8299865722656,132776
2026-06-15 13:52:00-04:00,411.3500061035156,411.3500061035156,411.7591857910156,411.2699890136719,411.55499267578125,141913
2026-06-15 13:54:00-04:00,411.44000244140625,411.44000244140625,411.6199035644531,411.2300109863281,411.3800048828125,111162
2026-06-15 13:56:00-04:00,411.0,411.0,411.5299987792969,410.90008544921875,411.5299987792969,122506
2026-06-15 13:58:00-04:00,411.21990966796875,411.21990966796875,411.3999938964844,410.94000244140625,411.0350036621094,102679
2026-06-15 14:00:00-04:00,411.0199890136719,411.0199890136719,411.3299865722656,410.8500061035156,411.21990966796875,104135
2026-06-15 14:02:00-04:00,410.94000244140625,410.94000244140625,411.2900085449219,410.7699890136719,411.0,158327
2026-06-15 14:04:00-04:00,410.3900146484375,410.3900146484375,410.9999084472656,410.1199951171875,410.94000244140625,180877
2026-06-15 14:06:00-04:00,410.4751892089844,410.4751892089844,410.8900146484375,410.19000244140625,410.3999938964844,110344
2026-06-15 14:08:00-04:00,410.2699890136719,410.2699890136719,410.6098937988281,410.0801086425781,410.43109130859375,124343
2026-06-15 14:10:00-04:00,410.5,410.5,410.8599853515625,410.010009765625,410.260009765625,112901
2026-06-15 14:12:00-04:00,411.0,411.0,411.0,410.4200134277344,410.4800109863281,157616
2026-06-15 14:14:00-04:00,411.2200012207031,411.2200012207031,411.3800048828125,410.7099914550781,411.0,135048
2026-06-15 14:16:00-04:00,410.79998779296875,410.79998779296875,411.3059997558594,410.7300109863281,411.1600036621094,98753
2026-06-15 14:18:00-04:00,410.3599853515625,410.3599853515625,410.8999938964844,410.0400085449219,410.81500244140625,161342
2026-06-15 14:20:00-04:00,410.1000061035156,410.1000061035156,410.4800109863281,409.8399963378906,410.3699951171875,110124
2026-06-15 14:22:00-04:00,410.7528991699219,410.7528991699219,410.82000732421875,410.04998779296875,410.1199951171875,162190
2026-06-15 14:24:00-04:00,410.6199951171875,410.6199951171875,411.0899963378906,410.5201110839844,410.7799987792969,151703
2026-06-15 14:26:00-04:00,410.7099914550781,410.7099914550781,410.92999267578125,410.5205078125,410.5400085449219,115303
2026-06-15 14:28:00-04:00,410.0299987792969,410.0299987792969,410.7300109863281,410.0299987792969,410.6300048828125,86777
2026-06-15 14:30:00-04:00,410.4949951171875,410.4949951171875,410.6000061035156,409.80999755859375,410.0799865722656,144629
2026-06-15 14:32:00-04:00,410.260009765625,410.260009765625,411.1600036621094,410.20001220703125,410.6000061035156,152365
2026-06-15 14:34:00-04:00,410.2601013183594,410.2601013183594,410.510009765625,410.0018005371094,410.22589111328125,127830
2026-06-15 14:36:00-04:00,410.2799987792969,410.2799987792969,410.6300048828125,410.20001220703125,410.3468017578125,90541
2026-06-15 14:38:00-04:00,410.3599853515625,410.3599853515625,410.6199951171875,410.1600036621094,410.2340087890625,82851
2026-06-15 14:40:00-04:00,410.0,410.0,410.4299011230469,409.95001220703125,410.3299865722656,80402
2026-06-15 14:42:00-04:00,410.20001220703125,410.20001220703125,410.2799987792969,409.6499938964844,410.0400085449219,164042
2026-06-15 14:44:00-04:00,409.9949951171875,409.9949951171875,410.25,409.75,410.20001220703125,112782
2026-06-15 14:46:00-04:00,409.9700012207031,409.9700012207031,410.05999755859375,409.4200134277344,409.8800964355469,112967
2026-06-15 14:48:00-04:00,409.8799133300781,409.8799133300781,410.0400085449219,409.69000244140625,409.9549865722656,71625
2026-06-15 14:50:00-04:00,409.8349914550781,409.8349914550781,409.8999938964844,409.7300109863281,409.8699035644531,72456
2026-06-15 14:52:00-04:00,409.6300048828125,409.6300048828125,409.9800109863281,409.5799865722656,409.8999938964844,143831
2026-06-15 14:54:00-04:00,409.67498779296875,409.67498779296875,409.9399108886719,409.5,409.60101318359375,85089
2026-06-15 14:56:00-04:00,409.82000732421875,409.82000732421875,409.82501220703125,409.53009033203125,409.68499755859375,80536
2026-06-15 14:58:00-04:00,409.5899963378906,409.5899963378906,410.05999755859375,409.5,409.7950134277344,129557
2026-06-15 15:00:00-04:00,409.8900146484375,409.8900146484375,409.94989013671875,409.5299987792969,409.62200927734375,92990
2026-06-15 15:02:00-04:00,409.8599853515625,409.8599853515625,410.24700927734375,409.7500915527344,409.9049987792969,121581
2026-06-15 15:04:00-04:00,409.82000732421875,409.82000732421875,409.8800048828125,409.3399963378906,409.8699951171875,142273
2026-06-15 15:06:00-04:00,409.69000244140625,409.69000244140625,409.8999938964844,409.4374084472656,409.80999755859375,87671
2026-06-15 15:08:00-04:00,410.0899963378906,410.0899963378906,410.2200012207031,409.6300048828125,409.69500732421875,122295
2026-06-15 15:10:00-04:00,409.9024963378906,409.9024963378906,410.1499938964844,409.8800048828125,410.1081848144531,78131
2026-06-15 15:12:00-04:00,410.2200012207031,410.2200012207031,410.33990478515625,409.80999755859375,409.8949890136719,131111
2026-06-15 15:14:00-04:00,410.4601135253906,410.4601135253906,410.6600036621094,410.0299987792969,410.2300109863281,175635
2026-06-15 15:16:00-04:00,410.3900146484375,410.3900146484375,410.6600036621094,410.2099914550781,410.4599914550781,114365
2026-06-15 15:18:00-04:00,410.2349853515625,410.2349853515625,410.3900146484375,409.94000244140625,410.36199951171875,95640
2026-06-15 15:20:00-04:00,409.7200012207031,409.7200012207031,410.29998779296875,409.5,410.2644958496094,123999
2026-06-15 15:22:00-04:00,409.80999755859375,409.80999755859375,409.9519958496094,409.5799865722656,409.7149963378906,111704
2026-06-15 15:24:00-04:00,409.80499267578125,409.80499267578125,409.8912048339844,409.20001220703125,409.802490234375,152946
2026-06-15 15:26:00-04:00,409.8399963378906,409.8399963378906,410.25,409.80029296875,409.8699951171875,116817
2026-06-15 15:28:00-04:00,409.6700134277344,409.6700134277344,409.95001220703125,409.6099853515625,409.8301086425781,77400
2026-06-15 15:30:00-04:00,409.864990234375,409.864990234375,410.0,409.44000244140625,409.6700134277344,154678
2026-06-15 15:32:00-04:00,410.2950134277344,410.2950134277344,410.32000732421875,409.82000732421875,409.875,154133
2026-06-15 15:34:00-04:00,409.760009765625,409.760009765625,410.4100036621094,409.6700134277344,410.30999755859375,138188
2026-06-15 15:36:00-04:00,409.1000061035156,409.1000061035156,409.81988525390625,408.70001220703125,409.81988525390625,202039
2026-06-15 15:38:00-04:00,409.05999755859375,409.05999755859375,409.4800109863281,408.94000244140625,409.07000732421875,148018
2026-06-15 15:40:00-04:00,409.1300048828125,409.1300048828125,409.2799072265625,408.95001220703125,409.0400085449219,150735
2026-06-15 15:42:00-04:00,408.94989013671875,408.94989013671875,409.2799987792969,408.8399963378906,409.1200866699219,105362
2026-06-15 15:44:00-04:00,408.56219482421875,408.56219482421875,409.05999755859375,408.5199890136719,408.94000244140625,128484
2026-06-15 15:46:00-04:00,409.17999267578125,409.17999267578125,409.25,408.3999938964844,408.5400085449219,210758
2026-06-15 15:48:00-04:00,409.05999755859375,409.05999755859375,409.32000732421875,409.0400085449219,409.1300048828125,179712
2026-06-15 15:50:00-04:00,407.9800109863281,407.9800109863281,409.0799865722656,407.8599853515625,409.0400085449219,361440
2026-06-15 15:52:00-04:00,409.07000732421875,409.07000732421875,409.2200012207031,407.9100036621094,407.989990234375,273002
2026-06-15 15:54:00-04:00,409.9100036621094,409.9100036621094,410.4100036621094,408.8900146484375,409.0249938964844,479246
2026-06-15 15:56:00-04:00,410.42999267578125,410.42999267578125,410.6099853515625,409.860107421875,409.8949890136719,530152
2026-06-15 15:58:00-04:00,411.2200012207031,411.2200012207031,411.2300109863281,410.0400085449219,410.42999267578125,1044384
2026-06-16 09:30:00-04:00,403.6700134277344,403.6700134277344,404.44000244140625,400.5400085449219,404.1099853515625,2450456
2026-06-16 09:32:00-04:00,401.0498962402344,401.0498962402344,403.9700012207031,400.7300109863281,403.6700134277344,397387
2026-06-16 09:34:00-04:00,402.8299865722656,402.8299865722656,402.8500061035156,400.7200012207031,401.0199890136719,505414
2026-06-16 09:36:00-04:00,402.4949951171875,402.4949951171875,403.5,401.8599853515625,402.82501220703125,445407
2026-06-16 09:38:00-04:00,404.42498779296875,404.42498779296875,404.6400146484375,401.7099914550781,402.4849853515625,434869
2026-06-16 09:40:00-04:00,407.4801025390625,407.4801025390625,407.8009948730469,403.82000732421875,404.42498779296875,615149
2026-06-16 09:42:00-04:00,407.143798828125,407.143798828125,407.9700012207031,406.6099853515625,407.5899963378906,422101
2026-06-16 09:44:00-04:00,408.389892578125,408.389892578125,408.94989013671875,406.8399963378906,407.1600036621094,476298
2026-06-16 09:46:00-04:00,407.8833923339844,407.8833923339844,408.3900146484375,407.3999938964844,408.30499267578125,231285
2026-06-16 09:48:00-04:00,409.05999755859375,409.05999755859375,409.1499938964844,407.4700012207031,407.8550109863281,361444
2026-06-16 09:50:00-04:00,411.0050048828125,411.0050048828125,411.45001220703125,409.1029968261719,409.1199951171875,577618
2026-06-16 09:52:00-04:00,410.9100036621094,410.9100036621094,411.1899108886719,409.989990234375,411.0249938964844,383797
2026-06-16 09:54:00-04:00,410.739990234375,410.739990234375,411.6000061035156,409.6300048828125,410.8599853515625,400881
2026-06-16 09:56:00-04:00,410.5899963378906,410.5899963378906,411.1199951171875,409.760009765625,410.739990234375,342913
2026-06-16 09:58:00-04:00,409.7699890136719,409.7699890136719,412.4200134277344,409.6199951171875,410.68231201171875,531379
2026-06-16 10:00:00-04:00,408.510009765625,408.510009765625,410.3900146484375,408.3500061035156,409.80999755859375,461071
2026-06-16 10:02:00-04:00,407.82501220703125,407.82501220703125,408.8699951171875,407.6199951171875,408.43011474609375,332499
2026-06-16 10:04:00-04:00,407.9200134277344,407.9200134277344,408.5899963378906,407.3699951171875,407.8699035644531,259571
2026-06-16 10:06:00-04:00,407.30999755859375,407.30999755859375,407.96990966796875,407.1109924316406,407.8699951171875,210557
2026-06-16 10:08:00-04:00,407.1050109863281,407.1050109863281,407.5198974609375,406.70001220703125,407.3900146484375,226749
2026-06-16 10:10:00-04:00,407.239990234375,407.239990234375,407.614990234375,406.3900146484375,407.1050109863281,326440
2026-06-16 10:12:00-04:00,405.9601135253906,405.9601135253906,407.4299011230469,405.8800048828125,407.2749938964844,211260
2026-06-16 10:14:00-04:00,406.1400146484375,406.1400146484375,406.7398986816406,405.3599853515625,405.9601135253906,342209
2026-06-16 10:16:00-04:00,405.94000244140625,405.94000244140625,406.5799865722656,405.70001220703125,406.2250061035156,183729
2026-06-16 10:18:00-04:00,404.9700927734375,404.9700927734375,406.17999267578125,404.79998779296875,405.9700012207031,282154
2026-06-16 10:20:00-04:00,404.7500915527344,404.7500915527344,405.4599914550781,404.67999267578125,404.9599914550781,292426
2026-06-16 10:22:00-04:00,403.3999938964844,403.3999938964844,404.9100036621094,403.3699951171875,404.8299865722656,331413
2026-06-16 10:24:00-04:00,403.80499267578125,403.80499267578125,404.0,403.1499938964844,403.3700866699219,344879
2026-06-16 10:26:00-04:00,402.260009765625,402.260009765625,403.9700012207031,402.1000061035156,403.6499938964844,307143
2026-06-16 10:28:00-04:00,403.0,403.0,403.2900085449219,402.1199951171875,402.2550048828125,238977
2026-06-16 10:30:00-04:00,402.07501220703125,402.07501220703125,403.0400085449219,402.0,402.9750061035156,245346
2026-06-16 10:32:00-04:00,401.8949890136719,401.8949890136719,402.3500061035156,401.3800964355469,402.07501220703125,310695
2026-06-16 10:34:00-04:00,402.0199890136719,402.0199890136719,402.17999267578125,401.2099914550781,401.7099914550781,282681
2026-06-16 10:36:00-04:00,402.3800048828125,402.3800048828125,402.5299987792969,401.75030517578125,402.0400085449219,243113
2026-06-16 10:38:00-04:00,402.8949890136719,402.8949890136719,403.1400146484375,402.2699890136719,402.3999938964844,227227
2026-06-16 10:40:00-04:00,404.5899963378906,404.5899963378906,404.6400146484375,402.5379943847656,402.8900146484375,295859
2026-06-16 10:42:00-04:00,404.8301086425781,404.8301086425781,405.6499938964844,404.25,404.6199951171875,382528
2026-06-16 10:44:00-04:00,405.2550048828125,405.2550048828125,405.3598937988281,404.7200927734375,404.7401123046875,190479
2026-06-16 10:46:00-04:00,405.7900085449219,405.7900085449219,406.1000061035156,405.2300109863281,405.2650146484375,290190
2026-06-16 10:48:00-04:00,406.3349914550781,406.3349914550781,406.58990478515625,405.7401123046875,405.79998779296875,233436
2026-06-16 10:50:00-04:00,407.6600036621094,407.6600036621094,407.9097900390625,406.2601013183594,406.2799987792969,325468
2026-06-16 10:52:00-04:00,407.1099853515625,407.1099853515625,408.20001220703125,406.8299865722656,407.57470703125,364125
2026-06-16 10:54:00-04:00,406.0799865722656,406.0799865722656,407.2200012207031,405.94000244140625,407.10009765625,346303
2026-06-16 10:56:00-04:00,406.8550109863281,406.8550109863281,407.3500061035156,406.0,406.0450134277344,251289
2026-06-16 10:58:00-04:00,406.82501220703125,406.82501220703125,407.0400085449219,405.6600036621094,406.8403015136719,231184
2026-06-16 11:00:00-04:00,408.8999938964844,408.8999938964844,409.1000061035156,406.739990234375,406.875,322567
2026-06-16 11:02:00-04:00,410.1177978515625,410.1177978515625,410.45001220703125,408.7300109863281,408.80999755859375,471063
2026-06-16 11:04:00-04:00,410.6499938964844,410.6499938964844,410.8399963378906,409.69000244140625,410.1449890136719,310665
2026-06-16 11:06:00-04:00,410.32000732421875,410.32000732421875,411.7900085449219,410.04998779296875,410.6499938964844,562207
2026-06-16 11:08:00-04:00,408.9100036621094,408.9100036621094,410.3299865722656,408.6369934082031,410.29998779296875,292693
2026-06-16 11:10:00-04:00,408.24261474609375,408.24261474609375,409.1600036621094,408.07000732421875,408.9324035644531,301040
2026-06-16 11:12:00-04:00,408.4599914550781,408.4599914550781,408.8399963378906,407.8900146484375,408.2200012207031,188095
2026-06-16 11:14:00-04:00,406.6600036621094,406.6600036621094,408.489990234375,406.42999267578125,408.4100036621094,300531
2026-06-16 11:16:00-04:00,405.7699890136719,405.7699890136719,406.7300109863281,405.70001220703125,406.6600036621094,197677
2026-06-16 11:18:00-04:00,405.81500244140625,405.81500244140625,406.29998779296875,405.57000732421875,405.70001220703125,168067
2026-06-16 11:20:00-04:00,405.2394104003906,405.2394104003906,405.7898864746094,405.07000732421875,405.7898864746094,189182
2026-06-16 11:22:00-04:00,405.1499938964844,405.1499938964844,405.44989013671875,404.80999755859375,405.2749938964844,167852
2026-06-16 11:24:00-04:00,404.9516906738281,404.9516906738281,405.3800048828125,404.8399963378906,405.1099853515625,150723
2026-06-16 11:26:00-04:00,405.0249938964844,405.0249938964844,405.2799987792969,404.5,404.9200134277344,223570
2026-06-16 11:28:00-04:00,405.19000244140625,405.19000244140625,405.45001220703125,404.6600036621094,405.0249938964844,156463
2026-06-16 11:30:00-04:00,405.55999755859375,405.55999755859375,405.95001220703125,405.1400146484375,405.19000244140625,174024
2026-06-16 11:32:00-04:00,406.3800048828125,406.3800048828125,406.44000244140625,405.32000732421875,405.54998779296875,206874
2026-06-16 11:34:00-04:00,407.2449951171875,407.2449951171875,407.25,406.0899963378906,406.4200134277344,244631
2026-06-16 11:36:00-04:00,406.4005126953125,406.4005126953125,407.29998779296875,406.2699890136719,407.22589111328125,185074
2026-06-16 11:38:00-04:00,405.8999938964844,405.8999938964844,406.5899963378906,405.3500061035156,406.3349914550781,154354
2026-06-16 11:40:00-04:00,406.25,406.25,406.9999084472656,405.7799987792969,405.8999938964844,166836
2026-06-16 11:42:00-04:00,405.610107421875,405.610107421875,406.2434997558594,405.44000244140625,406.2434997558594,126843
2026-06-16 11:44:00-04:00,405.67498779296875,405.67498779296875,406.3399963378906,405.5199890136719,405.7799987792969,123040
2026-06-16 11:46:00-04:00,405.3599853515625,405.3599853515625,405.6968078613281,404.8110046386719,405.5799865722656,206290
2026-06-16 11:48:00-04:00,405.19000244140625,405.19000244140625,405.6600036621094,404.8800048828125,405.4100036621094,116909
2026-06-16 11:50:00-04:00,405.7900085449219,405.7900085449219,405.8900146484375,404.90008544921875,405.0799865722656,138478
2026-06-16 11:52:00-04:00,406.841796875,406.841796875,407.0799865722656,405.70001220703125,405.79010009765625,160212
2026-06-16 11:54:00-04:00,406.67498779296875,406.67498779296875,407.29998779296875,406.6199951171875,406.885009765625,130114
2026-06-16 11:56:00-04:00,407.2699890136719,407.2699890136719,407.3699951171875,406.5,406.7300109863281,171745
2026-06-16 11:58:00-04:00,405.9549865722656,405.9549865722656,407.239990234375,405.54998779296875,407.1715087890625,148004
2026-06-16 12:00:00-04:00,406.8999938964844,406.8999938964844,407.1000061035156,405.87701416015625,405.9100036621094,104671
2026-06-16 12:02:00-04:00,407.42498779296875,407.42498779296875,407.44000244140625,406.8500061035156,406.9049987792969,93042
2026-06-16 12:04:00-04:00,406.6700134277344,406.6700134277344,407.3999938964844,406.4100036621094,407.3999938964844,150831
2026-06-16 12:06:00-04:00,406.79998779296875,406.79998779296875,407.0,406.5,406.6700134277344,95225
2026-06-16 12:08:00-04:00,406.7101135253906,406.7101135253906,406.8699951171875,406.29998779296875,406.7300109863281,117442
2026-06-16 12:10:00-04:00,406.9649963378906,406.9649963378906,407.07000732421875,406.67999267578125,406.8096923828125,68865
2026-06-16 12:12:00-04:00,406.7250061035156,406.7250061035156,407.1000061035156,406.5799865722656,406.9599914550781,78578
2026-06-16 12:14:00-04:00,407.0450134277344,407.0450134277344,407.19000244140625,406.5899963378906,406.7250061035156,85995
2026-06-16 12:16:00-04:00,405.67999267578125,405.67999267578125,407.1700134277344,405.55999755859375,406.9801025390625,143685
2026-06-16 12:18:00-04:00,406.5101013183594,406.5101013183594,406.59979248046875,405.54998779296875,405.7200012207031,90642
2026-06-16 12:20:00-04:00,407.3399963378906,407.3399963378906,407.4798889160156,406.29998779296875,406.6000061035156,141512
2026-06-16 12:22:00-04:00,406.0299987792969,406.0299987792969,407.5,405.7500915527344,407.29998779296875,176053
2026-06-16 12:24:00-04:00,405.25,405.25,406.0299987792969,405.1000061035156,405.9700012207031,133373
2026-06-16 12:26:00-04:00,405.05499267578125,405.05499267578125,405.4064025878906,404.79998779296875,405.2550048828125,112366
2026-06-16 12:28:00-04:00,405.239990234375,405.239990234375,405.4399108886719,404.8500061035156,405.0299987792969,100892
2026-06-16 12:30:00-04:00,404.04998779296875,404.04998779296875,405.2200012207031,403.8500061035156,405.1499938964844,284521
2026-06-16 12:32:00-04:00,403.9800109863281,403.9800109863281,404.26519775390625,403.5400085449219,404.0320129394531,132680
2026-06-16 12:34:00-04:00,404.31500244140625,404.31500244140625,404.4898986816406,403.8500061035156,404.0199890136719,104688
2026-06-16 12:36:00-04:00,404.1799011230469,404.1799011230469,404.3599853515625,403.85009765625,404.3599853515625,81111
2026-06-16 12:38:00-04:00,404.30999755859375,404.30999755859375,404.3500061035156,403.9800109863281,404.114990234375,66361
2026-06-16 12:40:00-04:00,404.45001220703125,404.45001220703125,404.6199951171875,403.92181396484375,404.2850036621094,97642
2026-06-16 12:42:00-04:00,404.8349914550781,404.8349914550781,404.9696044921875,404.37359619140625,404.5198974609375,103541
2026-06-16 12:44:00-04:00,404.32501220703125,404.32501220703125,404.8399963378906,404.0600891113281,404.8349914550781,118944
2026-06-16 12:46:00-04:00,404.9200134277344,404.9200134277344,405.17999267578125,404.3699951171875,404.3699951171875,126538
2026-06-16 12:48:00-04:00,404.6000061035156,404.6000061035156,405.0299987792969,404.510009765625,404.92999267578125,76976
2026-06-16 12:50:00-04:00,404.75,404.75,405.2499084472656,404.6000061035156,404.6499938964844,120925
2026-06-16 12:52:00-04:00,404.1400146484375,404.1400146484375,404.7699890136719,404.05999755859375,404.75,96939
2026-06-16 12:54:00-04:00,403.90380859375,403.90380859375,404.2799987792969,403.79998779296875,404.1400146484375,109851
2026-06-16 12:56:00-04:00,404.11810302734375,404.11810302734375,404.239990234375,403.7699890136719,403.8900146484375,121892
2026-06-16 12:58:00-04:00,405.1099853515625,405.1099853515625,405.1499938964844,404.1192932128906,404.1400146484375,75372
2026-06-16 13:00:00-04:00,404.8800048828125,404.8800048828125,405.2499084472656,404.78009033203125,405.1099853515625,75398
2026-06-16 13:02:00-04:00,404.6300048828125,404.6300048828125,404.95001220703125,404.0400085449219,404.8800048828125,112129
2026-06-16 13:04:00-04:00,404.57000732421875,404.57000732421875,405.0,404.25,404.57000732421875,105575
2026-06-16 13:06:00-04:00,404.7900085449219,404.7900085449219,404.8399963378906,404.3500061035156,404.57501220703125,58373
2026-06-16 13:08:00-04:00,404.7200012207031,404.7200012207031,404.9200134277344,404.2099914550781,404.8399963378906,82124
2026-06-16 13:10:00-04:00,405.1499938964844,405.1499938964844,405.4898986816406,404.67010498046875,404.7349853515625,142637
2026-06-16 13:12:00-04:00,405.2200012207031,405.2200012207031,405.4179992675781,404.8500061035156,405.1400146484375,76264
2026-06-16 13:14:00-04:00,404.7900085449219,404.7900085449219,405.34991455078125,404.67010498046875,405.25,79533
2026-06-16 13:16:00-04:00,405.32000732421875,405.32000732421875,405.32000732421875,404.7200012207031,404.7699890136719,75708
2026-06-16 13:18:00-04:00,404.6600036621094,404.6600036621094,405.2850036621094,404.54998779296875,405.2850036621094,69223
2026-06-16 13:20:00-04:00,404.3450012207031,404.3450012207031,404.7200012207031,404.32000732421875,404.6600036621094,89964
2026-06-16 13:22:00-04:00,404.54998779296875,404.54998779296875,404.6983947753906,403.90008544921875,404.3599853515625,100147
2026-06-16 13:24:00-04:00,404.4247131347656,404.4247131347656,404.6899108886719,404.30010986328125,404.5436096191406,56843
2026-06-16 13:26:00-04:00,404.67999267578125,404.67999267578125,404.69000244140625,404.4700012207031,404.4700012207031,43968
2026-06-16 13:28:00-04:00,404.6499938964844,404.6499938964844,405.0,404.5101013183594,404.6549987792969,69049
2026-06-16 13:30:00-04:00,404.95001220703125,404.95001220703125,404.95001220703125,404.42999267578125,404.635009765625,66258
2026-06-16 13:32:00-04:00,404.739990234375,404.739990234375,405.09991455078125,404.54998779296875,404.95001220703125,78760
2026-06-16 13:34:00-04:00,404.1199035644531,404.1199035644531,404.8800048828125,403.8900146484375,404.739990234375,109826
2026-06-16 13:36:00-04:00,403.3299865722656,403.3299865722656,404.1000061035156,403.2799987792969,404.07000732421875,167210
2026-06-16 13:38:00-04:00,403.4949951171875,403.4949951171875,403.6300048828125,403.05499267578125,403.3299865722656,129479
2026-06-16 13:40:00-04:00,403.7200012207031,403.7200012207031,403.8999938964844,403.3399963378906,403.5592956542969,100511
2026-06-16 13:42:00-04:00,404.7749938964844,404.7749938964844,404.7900085449219,403.739990234375,403.7699890136719,132891
2026-06-16 13:44:00-04:00,404.9949951171875,404.9949951171875,405.2900085449219,404.6318054199219,404.7749938964844,150364
2026-06-16 13:46:00-04:00,404.7615051269531,404.7615051269531,405.0199890136719,404.54998779296875,404.92999267578125,70996
2026-06-16 13:48:00-04:00,405.31500244140625,405.31500244140625,405.3500061035156,404.7001037597656,404.8349914550781,80232
2026-06-16 13:50:00-04:00,405.2200012207031,405.2200012207031,405.57000732421875,405.03009033203125,405.3478088378906,114603
2026-06-16 13:52:00-04:00,405.3500061035156,405.3500061035156,405.44000244140625,405.04998779296875,405.239990234375,76370
2026-06-16 13:54:00-04:00,404.95001220703125,404.95001220703125,405.4700012207031,404.79998779296875,405.3140869140625,85520
2026-06-16 13:56:00-04:00,405.1199951171875,405.1199951171875,405.1799011230469,404.7950134277344,404.8900146484375,58307
2026-06-16 13:58:00-04:00,404.8999938964844,404.8999938964844,405.2200012207031,404.760009765625,405.0899963378906,51717
2026-06-16 14:00:00-04:00,405.1289978027344,405.1289978027344,405.1300048828125,404.7200012207031,404.8999938964844,58972
2026-06-16 14:02:00-04:00,405.06500244140625,405.06500244140625,405.44000244140625,405.010009765625,405.1300048828125,77921
2026-06-16 14:04:00-04:00,405.05999755859375,405.05999755859375,405.29998779296875,404.9700012207031,405.0636901855469,71548
2026-06-16 14:06:00-04:00,405.0851135253906,405.0851135253906,405.2099914550781,404.8299865722656,405.1099853515625,51046
2026-06-16 14:08:00-04:00,405.2699890136719,405.2699890136719,405.32000732421875,404.9695129394531,405.1099853515625,39533
2026-06-16 14:10:00-04:00,405.29998779296875,405.29998779296875,405.4289855957031,405.17999267578125,405.2699890136719,48048
2026-06-16 14:12:00-04:00,405.2300109863281,405.2300109863281,405.4100036621094,405.1719055175781,405.2850036621094,37379
2026-06-16 14:14:00-04:00,404.92999267578125,404.92999267578125,405.3800048828125,404.8599853515625,405.2300109863281,49851
2026-06-16 14:16:00-04:00,405.54998779296875,405.54998779296875,405.6499938964844,404.8399963378906,404.94500732421875,111835
2026-06-16 14:18:00-04:00,405.6000061035156,405.6000061035156,405.880615234375,405.54998779296875,405.54998779296875,84748
2026-06-16 14:20:00-04:00,405.61151123046875,405.61151123046875,405.7499084472656,405.32000732421875,405.55999755859375,64341
2026-06-16 14:22:00-04:00,405.3800048828125,405.3800048828125,405.7799987792969,405.3299865722656,405.635009765625,66394
2026-06-16 14:24:00-04:00,405.57000732421875,405.57000732421875,405.659912109375,405.3385925292969,405.3385925292969,64076
2026-06-16 14:26:00-04:00,405.5685119628906,405.5685119628906,405.7107849121094,405.3299865722656,405.54998779296875,59237
2026-06-16 14:28:00-04:00,405.6000061035156,405.6000061035156,405.72021484375,405.2200927734375,405.57000732421875,71719
2026-06-16 14:30:00-04:00,405.8999938964844,405.8999938964844,405.9700012207031,405.2699890136719,405.6122131347656,79782
2026-06-16 14:32:00-04:00,405.4849853515625,405.4849853515625,405.8900146484375,405.29998779296875,405.8699951171875,58251
2026-06-16 14:34:00-04:00,405.0299987792969,405.0299987792969,405.5400085449219,404.8599853515625,405.4849853515625,67751
2026-06-16 14:36:00-04:00,405.114990234375,405.114990234375,405.2200012207031,404.9100036621094,405.0350036621094,65319
2026-06-16 14:38:00-04:00,405.2417907714844,405.2417907714844,405.45001220703125,405.0201110839844,405.0799865722656,63944
2026-06-16 14:40:00-04:00,405.1899108886719,405.1899108886719,405.4299011230469,405.0610046386719,405.2950134277344,45789
2026-06-16 14:42:00-04:00,405.1000061035156,405.1000061035156,405.29998779296875,404.8900146484375,405.1000061035156,58441
2026-06-16 14:44:00-04:00,404.8500061035156,404.8500061035156,405.169189453125,404.8399963378906,405.07000732421875,43965
2026-06-16 14:46:00-04:00,405.07000732421875,405.07000732421875,405.17999267578125,404.80999755859375,404.875,61111
2026-06-16 14:48:00-04:00,404.6400146484375,404.6400146484375,405.1700134277344,404.54998779296875,405.0799865722656,77013
2026-06-16 14:50:00-04:00,404.7049865722656,404.7049865722656,404.8900146484375,404.5199890136719,404.6000061035156,56364
2026-06-16 14:52:00-04:00,404.533203125,404.533203125,404.69000244140625,404.3800048828125,404.67999267578125,97077
2026-06-16 14:54:00-04:00,404.8699951171875,404.8699951171875,404.96990966796875,404.4800109863281,404.57000732421875,63710
2026-06-16 14:56:00-04:00,405.0874938964844,405.0874938964844,405.3999938964844,404.8399963378906,404.8699951171875,89632
2026-06-16 14:58:00-04:00,405.114990234375,405.114990234375,405.1799011230469,404.8599853515625,405.0,82050
2026-06-16 15:00:00-04:00,405.19500732421875,405.19500732421875,405.2900085449219,404.75,405.1004943847656,84654
2026-06-16 15:02:00-04:00,405.0899963378906,405.0899963378906,405.2200012207031,404.7713928222656,405.2200012207031,52622
2026-06-16 15:04:00-04:00,404.8550109863281,404.8550109863281,405.54998779296875,404.80999755859375,405.0899963378906,90758
2026-06-16 15:06:00-04:00,405.6099853515625,405.6099853515625,405.6499938964844,404.82000732421875,404.8699951171875,77399
2026-06-16 15:08:00-04:00,405.6549987792969,405.6549987792969,405.9299011230469,405.3500061035156,405.6050109863281,96226
2026-06-16 15:10:00-04:00,405.32501220703125,405.32501220703125,405.87750244140625,405.2099914550781,405.68499755859375,113102
2026-06-16 15:12:00-04:00,404.9399108886719,404.9399108886719,405.32501220703125,404.6199951171875,405.32501220703125,102660
2026-06-16 15:14:00-04:00,404.70001220703125,404.70001220703125,405.5,404.6600036621094,404.8299865722656,134097
2026-06-16 15:16:00-04:00,405.2550048828125,405.2550048828125,405.2898864746094,404.3299865722656,404.70001220703125,139824
2026-06-16 15:18:00-04:00,405.5799865722656,405.5799865722656,405.6600036621094,404.9800109863281,405.2550048828125,108939
2026-06-16 15:20:00-04:00,405.9713134765625,405.9713134765625,406.3930969238281,405.55999755859375,405.6050109863281,175244
2026-06-16 15:22:00-04:00,406.3599853515625,406.3599853515625,406.45989990234375,405.8016052246094,405.9700012207031,190281
2026-06-16 15:24:00-04:00,406.5203857421875,406.5203857421875,406.70001220703125,406.2799987792969,406.4049987792969,123157
2026-06-16 15:26:00-04:00,406.5849914550781,406.5849914550781,406.67999267578125,406.3599853515625,406.6000061035156,82795
2026-06-16 15:28:00-04:00,407.04998779296875,407.04998779296875,407.1000061035156,406.3550109863281,406.55999755859375,157266
2026-06-16 15:30:00-04:00,406.5,406.5,407.2900085449219,406.4100036621094,407.05999755859375,155903
2026-06-16 15:32:00-04:00,406.8699951171875,406.8699951171875,406.8999938964844,406.4100036621094,406.5899963378906,101860
2026-06-16 15:34:00-04:00,406.5249938964844,406.5249938964844,406.92999267578125,406.3999938964844,406.8182067871094,102269
2026-06-16 15:36:00-04:00,406.2200012207031,406.2200012207031,406.4801025390625,406.0,406.4801025390625,110137
2026-06-16 15:38:00-04:00,405.9649963378906,405.9649963378906,406.2200012207031,405.55999755859375,406.2200012207031,95753
2026-06-16 15:40:00-04:00,406.2550048828125,406.2550048828125,406.3999938964844,405.7900085449219,405.8699951171875,117802
2026-06-16 15:42:00-04:00,406.260009765625,406.260009765625,406.54998779296875,406.04998779296875,406.2200012207031,93874
2026-06-16 15:44:00-04:00,406.3550109863281,406.3550109863281,406.7300109863281,406.1438903808594,406.2449951171875,91667
2026-06-16 15:46:00-04:00,406.4599914550781,406.4599914550781,406.5799865722656,406.239990234375,406.3800048828125,106034
2026-06-16 15:48:00-04:00,406.45001220703125,406.45001220703125,406.6400146484375,406.239990234375,406.5,121592
2026-06-16 15:50:00-04:00,406.06500244140625,406.06500244140625,406.8599853515625,405.8500061035156,406.4800109863281,202512
2026-06-16 15:52:00-04:00,404.81988525390625,404.81988525390625,406.1199951171875,404.7799987792969,406.1199951171875,284594
2026-06-16 15:54:00-04:00,404.54998779296875,404.54998779296875,405.20001220703125,403.7200012207031,404.82000732421875,387462
2026-06-16 15:56:00-04:00,404.2799987792969,404.2799987792969,405.0,403.8900146484375,404.5400085449219,368694
2026-06-16 15:58:00-04:00,404.6700134277344,404.6700134277344,404.8800048828125,404.239990234375,404.30999755859375,836341
2026-06-17 09:30:00-04:00,402.7300109863281,402.7300109863281,403.5400085449219,400.3500061035156,401.5299987792969,1508994
2026-06-17 09:32:00-04:00,399.8800048828125,399.8800048828125,402.9299011230469,399.510009765625,402.7799987792969,453919
2026-06-17 09:34:00-04:00,401.9849853515625,401.9849853515625,402.04998779296875,399.4200134277344,399.7650146484375,386125
2026-06-17 09:36:00-04:00,403.20001220703125,403.20001220703125,403.2699890136719,401.6700134277344,401.9849853515625,350382
2026-06-17 09:38:00-04:00,402.7489013671875,402.7489013671875,403.3999938964844,401.8804931640625,403.1612854003906,346959
2026-06-17 09:40:00-04:00,402.0,402.0,402.9700012207031,401.55999755859375,402.7250061035156,221362
2026-06-17 09:42:00-04:00,401.67999267578125,401.67999267578125,402.3699951171875,400.54998779296875,401.9700012207031,274153
2026-06-17 09:44:00-04:00,401.6650085449219,401.6650085449219,402.79998779296875,401.32470703125,401.67999267578125,256094
2026-06-17 09:46:00-04:00,401.8900146484375,401.8900146484375,402.6794128417969,401.3999938964844,401.6000061035156,163034
2026-06-17 09:48:00-04:00,401.7699890136719,401.7699890136719,402.42999267578125,401.54998779296875,402.0799865722656,199613
2026-06-17 09:50:00-04:00,401.2900085449219,401.2900085449219,402.20001220703125,400.9100036621094,401.7650146484375,227014
2026-06-17 09:52:00-04:00,401.2749938964844,401.2749938964844,401.56988525390625,400.7699890136719,401.3500061035156,217891
2026-06-17 09:54:00-04:00,400.8800048828125,400.8800048828125,401.489990234375,400.7099914550781,401.2449951171875,151660
2026-06-17 09:56:00-04:00,398.59991455078125,398.59991455078125,401.0299072265625,398.30010986328125,400.93499755859375,454459
2026-06-17 09:58:00-04:00,398.5450134277344,398.5450134277344,399.82989501953125,398.45001220703125,398.55499267578125,388091
2026-06-17 10:00:00-04:00,398.95001220703125,398.95001220703125,399.1199951171875,398.1499938964844,398.55999755859375,282918
2026-06-17 10:02:00-04:00,398.95001220703125,398.95001220703125,399.1000061035156,398.4200134277344,398.989990234375,165310
2026-06-17 10:04:00-04:00,398.14990234375,398.14990234375,399.05999755859375,397.8399963378906,398.9700012207031,261032
2026-06-17 10:06:00-04:00,398.8500061035156,398.8500061035156,399.0,397.91009521484375,398.1300048828125,253807
2026-06-17 10:08:00-04:00,398.7099914550781,398.7099914550781,398.92498779296875,398.110107421875,398.8638916015625,175956
2026-06-17 10:10:00-04:00,399.5799865722656,399.5799865722656,399.5799865722656,398.5199890136719,398.70001220703125,240853
2026-06-17 10:12:00-04:00,400.55999755859375,400.55999755859375,400.7099914550781,399.3399963378906,399.53009033203125,291166
2026-06-17 10:14:00-04:00,401.489990234375,401.489990234375,401.6400146484375,400.3599853515625,400.510009765625,233604
2026-06-17 10:16:00-04:00,400.5249938964844,400.5249938964844,401.75,400.4100036621094,401.489990234375,225123
2026-06-17 10:18:00-04:00,400.125,400.125,400.57000732421875,399.8599853515625,400.489990234375,187924
2026-06-17 10:20:00-04:00,401.0199890136719,401.0199890136719,401.3999938964844,400.0,400.17999267578125,260913
2026-06-17 10:22:00-04:00,401.6000061035156,401.6000061035156,401.6883850097656,400.8301086425781,400.989990234375,198105
2026-06-17 10:24:00-04:00,402.3783874511719,402.3783874511719,402.4700012207031,401.4599914550781,401.6400146484375,248849
2026-06-17 10:26:00-04:00,402.1549987792969,402.1549987792969,402.9599914550781,401.66009521484375,402.43499755859375,238988
2026-06-17 10:28:00-04:00,401.67999267578125,401.67999267578125,402.4599914550781,401.4100036621094,402.1300048828125,175604
2026-06-17 10:30:00-04:00,400.69000244140625,400.69000244140625,401.8900146484375,400.44000244140625,401.7099914550781,231906
2026-06-17 10:32:00-04:00,400.95001220703125,400.95001220703125,400.9989929199219,400.1199951171875,400.7489929199219,168291
2026-06-17 10:34:00-04:00,400.2650146484375,400.2650146484375,401.4800109863281,400.17498779296875,400.8700866699219,223422
2026-06-17 10:36:00-04:00,399.69000244140625,399.69000244140625,400.32000732421875,399.20001220703125,400.260009765625,219420
2026-06-17 10:38:00-04:00,399.69500732421875,399.69500732421875,399.95001220703125,399.30999755859375,399.6950988769531,141554
2026-06-17 10:40:00-04:00,399.8008117675781,399.8008117675781,400.1199951171875,399.3230895996094,399.75,201237
2026-06-17 10:42:00-04:00,399.5299987792969,399.5299987792969,400.2200012207031,399.4599914550781,399.82000732421875,145693
2026-06-17 10:44:00-04:00,399.6400146484375,399.6400146484375,400.0,398.8599853515625,399.6188049316406,191692
2026-06-17 10:46:00-04:00,398.375,398.375,400.04998779296875,397.6600036621094,399.6401062011719,567456
2026-06-17 10:48:00-04:00,398.67498779296875,398.67498779296875,399.06500244140625,398.25,398.4599914550781,242126
2026-06-17 10:50:00-04:00,398.3772888183594,398.3772888183594,399.29998779296875,398.20001220703125,398.7099914550781,254042
2026-06-17 10:52:00-04:00,398.2250061035156,398.2250061035156,398.44989013671875,397.6600036621094,398.3763122558594,229790
2026-06-17 10:54:00-04:00,398.9750061035156,398.9750061035156,399.5799865722656,398.1700134277344,398.2250061035156,262191
2026-06-17 10:56:00-04:00,399.12109375,399.12109375,399.54998779296875,398.70001220703125,399.0,127585
2026-06-17 10:58:00-04:00,399.5899963378906,399.5899963378906,399.9399108886719,398.8999938964844,399.1307067871094,158475
2026-06-17 11:00:00-04:00,399.5899963378906,399.5899963378906,399.9700012207031,399.1400146484375,399.6300048828125,133811
2026-06-17 11:02:00-04:00,399.3949890136719,399.3949890136719,399.8599853515625,399.340087890625,399.625,115552
2026-06-17 11:04:00-04:00,398.7650146484375,398.7650146484375,399.3999938964844,398.5299987792969,399.3949890136719,163372
2026-06-17 11:06:00-04:00,398.5899963378906,398.5899963378906,399.54998779296875,398.5299987792969,398.7825012207031,127592
2026-06-17 11:08:00-04:00,397.82000732421875,397.82000732421875,398.8299865722656,397.760009765625,398.55010986328125,256137
2026-06-17 11:10:00-04:00,398.30999755859375,398.30999755859375,398.7099914550781,397.82000732421875,397.82000732421875,243998
2026-06-17 11:12:00-04:00,397.9100036621094,397.9100036621094,398.5299987792969,397.6000061035156,398.3599853515625,150540
2026-06-17 11:14:00-04:00,398.2200012207031,398.2200012207031,398.32989501953125,397.7300109863281,397.94989013671875,109220
2026-06-17 11:16:00-04:00,397.8299865722656,397.8299865722656,398.3999938964844,397.739990234375,398.2099914550781,119466
2026-06-17 11:18:00-04:00,398.1499938964844,398.1499938964844,398.2950134277344,397.760009765625,397.7799987792969,120848
2026-06-17 11:20:00-04:00,398.44989013671875,398.44989013671875,398.5398864746094,397.95001220703125,398.1499938964844,180556
2026-06-17 11:22:00-04:00,398.1099853515625,398.1099853515625,398.6199951171875,398.0899963378906,398.45989990234375,130069
2026-06-17 11:24:00-04:00,398.4800109863281,398.4800109863281,398.6499938964844,398.05499267578125,398.0696105957031,155758
2026-06-17 11:26:00-04:00,398.4599914550781,398.4599914550781,398.7799987792969,398.08819580078125,398.45001220703125,151405
2026-06-17 11:28:00-04:00,398.67498779296875,398.67498779296875,398.8598937988281,398.4100036621094,398.4949951171875,113076
2026-06-17 11:30:00-04:00,398.6700134277344,398.6700134277344,398.9599914550781,398.6099853515625,398.72869873046875,104740
2026-06-17 11:32:00-04:00,399.3099060058594,399.3099060058594,399.31988525390625,398.45001220703125,398.7200012207031,126451
2026-06-17 11:34:00-04:00,399.2001037597656,399.2001037597656,399.7489929199219,399.1600036621094,399.25,154182
2026-06-17 11:36:00-04:00,399.760009765625,399.760009765625,399.8500061035156,398.9800109863281,399.20001220703125,117396
2026-06-17 11:38:00-04:00,399.55499267578125,399.55499267578125,400.0,399.4700927734375,399.7598876953125,122223
2026-06-17 11:40:00-04:00,399.3599853515625,399.3599853515625,399.6319885253906,398.7200012207031,399.54998779296875,126802
2026-06-17 11:42:00-04:00,400.4150085449219,400.4150085449219,400.6400146484375,399.2550048828125,399.30999755859375,194024
2026-06-17 11:44:00-04:00,400.06500244140625,400.06500244140625,400.61810302734375,399.9800109863281,400.3999938964844,136088
2026-06-17 11:46:00-04:00,399.93499755859375,399.93499755859375,400.1698913574219,399.69000244140625,400.05999755859375,114074
2026-06-17 11:48:00-04:00,399.5899963378906,399.5899963378906,400.3900146484375,399.5700988769531,399.9100036621094,102742
2026-06-17 11:50:00-04:00,399.7300109863281,399.7300109863281,400.0,399.510009765625,399.614990234375,106928
2026-06-17 11:52:00-04:00,399.5400085449219,399.5400085449219,399.9100036621094,399.1400146484375,399.7200012207031,102498
2026-06-17 11:54:00-04:00,400.239990234375,400.239990234375,400.2900085449219,399.5450134277344,399.57000732421875,113898
2026-06-17 11:56:00-04:00,400.6700134277344,400.6700134277344,400.82000732421875,400.010009765625,400.239990234375,175171
2026-06-17 11:58:00-04:00,400.9800109863281,400.9800109863281,401.32000732421875,400.6600036621094,400.7300109863281,165849
2026-06-17 12:00:00-04:00,400.9800109863281,400.9800109863281,401.3999938964844,400.94000244140625,400.989990234375,146129
2026-06-17 12:02:00-04:00,401.6600036621094,401.6600036621094,401.6994934082031,400.8299865722656,401.0150146484375,197861
2026-06-17 12:04:00-04:00,401.3949890136719,401.3949890136719,401.7900085449219,401.05010986328125,401.6499938964844,148195
2026-06-17 12:06:00-04:00,401.57501220703125,401.57501220703125,401.96990966796875,401.3399963378906,401.3949890136719,151938
2026-06-17 12:08:00-04:00,401.8550109863281,401.8550109863281,401.989990234375,401.20001220703125,401.57501220703125,128394
2026-06-17 12:10:00-04:00,402.3599853515625,402.3599853515625,402.37451171875,401.7359924316406,401.8550109863281,152760
2026-06-17 12:12:00-04:00,403.0679931640625,403.0679931640625,403.29998779296875,402.2301025390625,402.2900085449219,252030
2026-06-17 12:14:00-04:00,402.8450012207031,402.8450012207031,403.17999267578125,402.739990234375,403.0450134277344,165536
2026-06-17 12:16:00-04:00,402.8200988769531,402.8200988769531,403.1499938964844,402.360107421875,402.8399963378906,179547
2026-06-17 12:18:00-04:00,402.70001220703125,402.70001220703125,403.0799865722656,402.4599914550781,402.8299865722656,150967
2026-06-17 12:20:00-04:00,404.1600036621094,404.1600036621094,404.1698913574219,402.5450134277344,402.69000244140625,233538
2026-06-17 12:22:00-04:00,404.55999755859375,404.55999755859375,404.6000061035156,404.1059875488281,404.1059875488281,254921
2026-06-17 12:24:00-04:00,404.4700012207031,404.4700012207031,405.0899963378906,404.2300109863281,404.56500244140625,323704
2026-06-17 12:26:00-04:00,404.864990234375,404.864990234375,404.95941162109375,404.1700134277344,404.4599914550781,211610
2026-06-17 12:28:00-04:00,404.6300048828125,404.6300048828125,404.9800109863281,404.1300048828125,404.8500061035156,272871
2026-06-17 12:30:00-04:00,404.0799865722656,404.0799865722656,404.8699951171875,404.0799865722656,404.6300048828125,178857
2026-06-17 12:32:00-04:00,404.25,404.25,404.9700012207031,404.0299987792969,404.125,220844
2026-06-17 12:34:00-04:00,404.0849914550781,404.0849914550781,404.6600036621094,403.6946105957031,404.2749938964844,226474
2026-06-17 12:36:00-04:00,403.614990234375,403.614990234375,404.4599914550781,403.54998779296875,404.0400085449219,194982
2026-06-17 12:38:00-04:00,403.9200134277344,403.9200134277344,404.33990478515625,403.5199890136719,403.6499938964844,127469
2026-06-17 12:40:00-04:00,403.5249938964844,403.5249938964844,403.9800109863281,403.3299865722656,403.92999267578125,137663
2026-06-17 12:42:00-04:00,403.5,403.5,403.7799987792969,403.3599853515625,403.54998779296875,85246
2026-06-17 12:44:00-04:00,403.2900085449219,403.2900085449219,403.6199035644531,403.19000244140625,403.4700012207031,85966
2026-06-17 12:46:00-04:00,403.19000244140625,403.19000244140625,403.3999938964844,402.79998779296875,403.2900085449219,192924
2026-06-17 12:48:00-04:00,402.79998779296875,402.79998779296875,403.2898864746094,402.57000732421875,403.20001220703125,125650
2026-06-17 12:50:00-04:00,403.19500732421875,403.19500732421875,403.239990234375,402.5849914550781,402.7699890136719,100530
2026-06-17 12:52:00-04:00,403.05999755859375,403.05999755859375,403.70989990234375,402.92999267578125,403.239990234375,153554
2026-06-17 12:54:00-04:00,404.06500244140625,404.06500244140625,404.1000061035156,402.85009765625,403.0299987792969,151794
2026-06-17 12:56:00-04:00,403.5400085449219,403.5400085449219,404.3999938964844,403.5199890136719,404.0700988769531,133625
2026-06-17 12:58:00-04:00,403.79010009765625,403.79010009765625,403.9599914550781,403.5400085449219,403.57501220703125,73609
2026-06-17 13:00:00-04:00,403.8399963378906,403.8399963378906,403.94000244140625,403.6300964355469,403.8299865722656,71444
2026-06-17 13:02:00-04:00,403.4750061035156,403.4750061035156,403.92498779296875,403.3599853515625,403.8450012207031,81053
2026-06-17 13:04:00-04:00,403.8299865722656,403.8299865722656,403.92999267578125,403.1839904785156,403.4700012207031,90570
2026-06-17 13:06:00-04:00,403.8550109863281,403.8550109863281,404.2785949707031,403.6300048828125,403.80499267578125,172638
2026-06-17 13:08:00-04:00,403.5400085449219,403.5400085449219,403.8799133300781,402.8900146484375,403.79998779296875,181938
2026-06-17 13:10:00-04:00,403.69000244140625,403.69000244140625,404.1700134277344,403.6200866699219,403.6400146484375,148389
2026-06-17 13:12:00-04:00,403.6400146484375,403.6400146484375,403.8999938964844,403.5199890136719,403.69000244140625,74055
2026-06-17 13:14:00-04:00,403.20001220703125,403.20001220703125,403.7799987792969,402.9599914550781,403.6449890136719,139024
2026-06-17 13:16:00-04:00,403.7300109863281,403.7300109863281,403.7799987792969,403.010009765625,403.25,80730
2026-06-17 13:18:00-04:00,403.5899963378906,403.5899963378906,404.1199951171875,403.42999267578125,403.7699890136719,129144
2026-06-17 13:20:00-04:00,404.2349853515625,404.2349853515625,404.2699890136719,403.489990234375,403.5899963378906,153033
2026-06-17 13:22:00-04:00,403.6050109863281,403.6050109863281,404.2499084472656,403.57000732421875,404.2250061035156,74232
2026-06-17 13:24:00-04:00,404.07000732421875,404.07000732421875,404.2099914550781,403.55999755859375,403.6000061035156,74833
2026-06-17 13:26:00-04:00,404.5050048828125,404.5050048828125,405.8900146484375,404.0799865722656,404.0950012207031,302197
2026-06-17 13:28:00-04:00,404.239990234375,404.239990234375,404.6000061035156,404.2101135253906,404.5050048828125,105859
2026-06-17 13:30:00-04:00,404.29998779296875,404.29998779296875,404.7799987792969,404.125,404.260009765625,116864
2026-06-17 13:32:00-04:00,404.2095031738281,404.2095031738281,404.3500061035156,403.7300109863281,404.260009765625,183202
2026-06-17 13:34:00-04:00,403.9100036621094,403.9100036621094,404.2300109863281,403.54998779296875,404.2300109863281,73776
2026-06-17 13:36:00-04:00,403.860107421875,403.860107421875,404.2699890136719,403.82000732421875,403.8599853515625,68583
2026-06-17 13:38:00-04:00,404.17999267578125,404.17999267578125,404.2799987792969,403.8299865722656,403.9519958496094,50449
2026-06-17 13:40:00-04:00,404.1700134277344,404.1700134277344,404.3299865722656,404.0000915527344,404.17999267578125,74613
2026-06-17 13:42:00-04:00,404.2300109863281,404.2300109863281,404.5,404.1000061035156,404.17498779296875,80624
2026-06-17 13:44:00-04:00,404.20001220703125,404.20001220703125,404.375,404.090087890625,404.2049865722656,59767
2026-06-17 13:46:00-04:00,403.8299865722656,403.8299865722656,404.3599853515625,403.7601013183594,404.20001220703125,78662
2026-06-17 13:48:00-04:00,403.8100891113281,403.8100891113281,403.9713134765625,403.69000244140625,403.8399963378906,57698
2026-06-17 13:50:00-04:00,404.4100036621094,404.4100036621094,404.45001220703125,403.7601013183594,403.8699951171875,76082
2026-06-17 13:52:00-04:00,404.7601013183594,404.7601013183594,404.7799987792969,404.29998779296875,404.4159851074219,84689
2026-06-17 13:54:00-04:00,404.1000061035156,404.1000061035156,404.7922058105469,404.0799865722656,404.739990234375,81723
2026-06-17 13:56:00-04:00,404.3431091308594,404.3431091308594,404.55999755859375,404.0199890136719,404.1600036621094,67482
2026-06-17 13:58:00-04:00,405.1700134277344,405.1700134277344,405.79998779296875,404.32000732421875,404.3599853515625,122514
2026-06-17 14:00:00-04:00,402.510009765625,402.510009765625,404.94000244140625,401.6400146484375,404.8800048828125,376541
2026-06-17 14:02:00-04:00,401.3500061035156,401.3500061035156,402.8399963378906,401.0,402.552001953125,248334
2026-06-17 14:04:00-04:00,398.6000061035156,398.6000061035156,401.44000244140625,398.3999938964844,401.3699951171875,395789
2026-06-17 14:06:00-04:00,399.864990234375,399.864990234375,400.4200134277344,398.5,398.5010070800781,322485
2026-06-17 14:08:00-04:00,401.5400085449219,401.5400085449219,401.79998779296875,399.8599853515625,399.8599853515625,235292
2026-06-17 14:10:00-04:00,402.20989990234375,402.20989990234375,402.3799133300781,401.3100891113281,401.5400085449219,239632
2026-06-17 14:12:00-04:00,402.0,402.0,402.8399963378906,401.9100036621094,402.19989013671875,212549
2026-06-17 14:14:00-04:00,402.9800109863281,402.9800109863281,403.1099853515625,401.70001220703125,402.0299987792969,205333
2026-06-17 14:16:00-04:00,403.0400085449219,403.0400085449219,403.19989013671875,402.6000061035156,402.94000244140625,121689
2026-06-17 14:18:00-04:00,402.9599914550781,402.9599914550781,403.2900085449219,402.8500061035156,403.0400085449219,107594
2026-06-17 14:20:00-04:00,402.79998779296875,402.79998779296875,403.1000061035156,402.1499938964844,402.9800109863281,162166
2026-06-17 14:22:00-04:00,402.29998779296875,402.29998779296875,402.8900146484375,402.239990234375,402.8299865722656,74798
2026-06-17 14:24:00-04:00,400.95001220703125,400.95001220703125,402.29998779296875,400.6700134277344,402.260009765625,163260
2026-06-17 14:26:00-04:00,400.239990234375,400.239990234375,401.3900146484375,400.0,401.0,160958
2026-06-17 14:28:00-04:00,401.2301025390625,401.2301025390625,401.55999755859375,400.20001220703125,400.2449951171875,201439
2026-06-17 14:30:00-04:00,402.3599853515625,402.3599853515625,402.4189147949219,400.7300109863281,401.34051513671875,184483
2026-06-17 14:32:00-04:00,400.5199890136719,400.5199890136719,402.6000061035156,400.260009765625,402.32501220703125,249886
2026-06-17 14:34:00-04:00,401.0,401.0,401.3699951171875,400.1600036621094,400.45001220703125,141650
2026-06-17 14:36:00-04:00,401.69000244140625,401.69000244140625,402.239990234375,400.95001220703125,401.04998779296875,171189
2026-06-17 14:38:00-04:00,402.6000061035156,402.6000061035156,403.1199951171875,401.6600036621094,401.7300109863281,226720
2026-06-17 14:40:00-04:00,402.635009765625,402.635009765625,403.1000061035156,402.25,402.7300109863281,132743
2026-06-17 14:42:00-04:00,403.6499938964844,403.6499938964844,403.8500061035156,402.3999938964844,402.6099853515625,144552
2026-06-17 14:44:00-04:00,403.30999755859375,403.30999755859375,404.2449951171875,403.17999267578125,403.5950012207031,200939
2026-06-17 14:46:00-04:00,403.7650146484375,403.7650146484375,403.8399963378906,402.8399963378906,403.30999755859375,126375
2026-06-17 14:48:00-04:00,403.04998779296875,403.04998779296875,403.7200012207031,402.9599914550781,403.7200012207031,105226
2026-06-17 14:50:00-04:00,402.8139953613281,402.8139953613281,403.2099914550781,402.57000732421875,403.0450134277344,124268
2026-06-17 14:52:00-04:00,402.8699951171875,402.8699951171875,403.4800109863281,402.67498779296875,402.864990234375,108010
2026-06-17 14:54:00-04:00,401.8699951171875,401.8699951171875,403.1300048828125,401.7200012207031,402.8399963378906,158867
2026-06-17 14:56:00-04:00,400.84698486328125,400.84698486328125,401.9800109863281,400.54010009765625,401.864990234375,193395
2026-06-17 14:58:00-04:00,400.6199951171875,400.6199951171875,401.0299072265625,399.8900146484375,400.80999755859375,216428
2026-06-17 15:00:00-04:00,400.82000732421875,400.82000732421875,401.5799865722656,400.55950927734375,400.6400146484375,184685
2026-06-17 15:02:00-04:00,400.8399963378906,400.8399963378906,401.489990234375,400.1400146484375,400.7980041503906,196099
2026-06-17 15:04:00-04:00,400.80999755859375,400.80999755859375,401.2300109863281,400.4501037597656,400.95001220703125,121698
2026-06-17 15:06:00-04:00,400.43499755859375,400.43499755859375,401.3800048828125,400.3999938964844,400.80499267578125,140722
2026-06-17 15:08:00-04:00,400.2300109863281,400.2300109863281,400.96820068359375,399.80999755859375,400.3999938964844,155674
2026-06-17 15:10:00-04:00,399.19000244140625,399.19000244140625,400.3999938964844,399.010009765625,400.2300109863281,186558
2026-06-17 15:12:00-04:00,401.2049865722656,401.2049865722656,401.2799987792969,399.0199890136719,399.1099853515625,216039
2026-06-17 15:14:00-04:00,400.9150085449219,400.9150085449219,401.260009765625,400.6199951171875,401.260009765625,123414
2026-06-17 15:16:00-04:00,400.239990234375,400.239990234375,401.04998779296875,400.20001220703125,400.7701110839844,109732
2026-06-17 15:18:00-04:00,399.59991455078125,399.59991455078125,400.32940673828125,399.510009765625,400.25,161176
2026-06-17 15:20:00-04:00,398.1300048828125,398.1300048828125,399.54998779296875,397.70001220703125,399.54998779296875,282838
2026-06-17 15:22:00-04:00,398.1300048828125,398.1300048828125,398.9898986816406,397.8999938964844,398.2900085449219,227741
2026-06-17 15:24:00-04:00,398.3699951171875,398.3699951171875,398.5,397.4200134277344,398.04998779296875,261866
2026-06-17 15:26:00-04:00,398.010009765625,398.010009765625,398.7799072265625,397.79998779296875,398.3699951171875,167038
2026-06-17 15:28:00-04:00,397.77569580078125,397.77569580078125,398.2300109863281,397.4599914550781,397.94000244140625,168757
2026-06-17 15:30:00-04:00,397.5849914550781,397.5849914550781,398.489501953125,397.20001220703125,397.7300109863281,201673
2026-06-17 15:32:00-04:00,396.385009765625,396.385009765625,397.5398864746094,396.3279113769531,397.4700012207031,303551
2026-06-17 15:34:00-04:00,396.1099853515625,396.1099853515625,396.6499938964844,396.0,396.385009765625,287267
2026-06-17 15:36:00-04:00,396.0450134277344,396.0450134277344,396.760009765625,395.8009948730469,396.04998779296875,205259
2026-06-17 15:38:00-04:00,394.50250244140625,394.50250244140625,396.1000061035156,394.125,395.9800109863281,407317
2026-06-17 15:40:00-04:00,394.05999755859375,394.05999755859375,394.75,393.760009765625,394.55999755859375,312617
2026-06-17 15:42:00-04:00,394.57501220703125,394.57501220703125,394.82000732421875,393.95001220703125,394.1050109863281,284369
2026-06-17 15:44:00-04:00,394.29998779296875,394.29998779296875,395.1600036621094,393.8699951171875,394.57501220703125,284989
2026-06-17 15:46:00-04:00,395.3598937988281,395.3598937988281,395.5799865722656,394.110107421875,394.3299865722656,245906
2026-06-17 15:48:00-04:00,395.54998779296875,395.54998779296875,395.9200134277344,395.260009765625,395.4100036621094,188968
2026-06-17 15:50:00-04:00,395.114990234375,395.114990234375,395.5,394.29229736328125,395.4599914550781,334691
2026-06-17 15:52:00-04:00,394.31500244140625,394.31500244140625,395.260009765625,394.20001220703125,395.0400085449219,252719
2026-06-17 15:54:00-04:00,395.7650146484375,395.7650146484375,395.7900085449219,394.2300109863281,394.3299865722656,386858
2026-06-17 15:56:00-04:00,395.510009765625,395.510009765625,396.026611328125,395.2099914550781,395.7799987792969,365328
2026-06-17 15:58:00-04:00,396.32000732421875,396.32000732421875,396.5199890136719,395.510009765625,395.5400085449219,901926
2026-06-18 09:30:00-04:00,394.8299865722656,394.8299865722656,399.0,394.3699951171875,398.0849914550781,3894100
2026-06-18 09:32:00-04:00,393.1549987792969,393.1549987792969,395.8559875488281,393.1549987792969,394.760009765625,781587
2026-06-18 09:34:00-04:00,391.92999267578125,391.92999267578125,393.6099853515625,391.37969970703125,393.15008544921875,563563
2026-06-18 09:36:00-04:00,392.6650085449219,392.6650085449219,393.0799865722656,391.44000244140625,392.0,474219
2026-06-18 09:38:00-04:00,390.614990234375,390.614990234375,392.8999938964844,389.7300109863281,392.67498779296875,746753
2026-06-18 09:40:00-04:00,389.5299072265625,389.5299072265625,391.29998779296875,389.3700866699219,390.6427001953125,427692
2026-06-18 09:42:00-04:00,388.67999267578125,388.67999267578125,390.4425964355469,388.2799987792969,389.4200134277344,445151
2026-06-18 09:44:00-04:00,389.3800048828125,389.3800048828125,389.716796875,388.0400085449219,388.7298889160156,462044
2026-06-18 09:46:00-04:00,390.0,390.0,390.54998779296875,389.32000732421875,389.3999938964844,347197
2026-06-18 09:48:00-04:00,389.07000732421875,389.07000732421875,390.09991455078125,387.82000732421875,390.0,378903
2026-06-18 09:50:00-04:00,389.0199890136719,389.0199890136719,389.17999267578125,388.3999938964844,389.07501220703125,249199
2026-06-18 09:52:00-04:00,389.70001220703125,389.70001220703125,390.39129638671875,388.3800048828125,389.0199890136719,351346
2026-06-18 09:54:00-04:00,389.2099914550781,389.2099914550781,389.8399963378906,388.489990234375,389.79998779296875,269697
2026-06-18 09:56:00-04:00,388.0299987792969,388.0299987792969,389.41009521484375,387.6499938964844,389.239990234375,345496
2026-06-18 09:58:00-04:00,388.57000732421875,388.57000732421875,388.6554870605469,386.7900085449219,388.0199890136719,546192
2026-06-18 10:00:00-04:00,389.6449890136719,389.6449890136719,389.6817932128906,387.82000732421875,388.5220031738281,326974
2026-06-18 10:02:00-04:00,389.98480224609375,389.98480224609375,390.3280029296875,389.3999938964844,389.6842956542969,305758
2026-06-18 10:04:00-04:00,390.53009033203125,390.53009033203125,390.6499938964844,389.79998779296875,390.0050048828125,257246
2026-06-18 10:06:00-04:00,390.4800109863281,390.4800109863281,391.4898986816406,390.0400085449219,390.5899963378906,267221
2026-06-18 10:08:00-04:00,391.3399963378906,391.3399963378906,392.260009765625,390.4100036621094,390.5,316624
2026-06-18 10:10:00-04:00,390.4750061035156,390.4750061035156,391.3599853515625,390.20001220703125,391.29998779296875,261244
2026-06-18 10:12:00-04:00,389.2898864746094,389.2898864746094,390.94000244140625,389.1000061035156,390.4302062988281,300693
2026-06-18 10:14:00-04:00,388.9989929199219,388.9989929199219,389.5599060058594,388.55999755859375,389.1907958984375,251599
2026-06-18 10:16:00-04:00,390.9750061035156,390.9750061035156,391.0707092285156,389.0400085449219,389.04998779296875,273918
2026-06-18 10:18:00-04:00,391.0199890136719,391.0199890136719,391.25,390.42999267578125,390.9800109863281,188538
2026-06-18 10:20:00-04:00,391.0199890136719,391.0199890136719,391.25,390.5799865722656,391.0199890136719,139463
2026-06-18 10:22:00-04:00,391.2095031738281,391.2095031738281,391.5299987792969,390.2349853515625,390.9639892578125,216251
2026-06-18 10:24:00-04:00,388.7250061035156,388.7250061035156,391.3399963378906,388.6600036621094,391.17498779296875,317354
2026-06-18 10:26:00-04:00,385.90380859375,385.90380859375,388.9198913574219,385.85009765625,388.67999267578125,685073
2026-06-18 10:28:00-04:00,386.135009765625,386.135009765625,386.70001220703125,385.42999267578125,385.9599914550781,470804
2026-06-18 10:30:00-04:00,385.94000244140625,385.94000244140625,386.1499938964844,385.1224060058594,386.1099853515625,464475
2026-06-18 10:32:00-04:00,384.9501037597656,384.9501037597656,386.1199951171875,384.70001220703125,385.92498779296875,546002
2026-06-18 10:34:00-04:00,385.2799987792969,385.2799987792969,385.8299865722656,384.96978759765625,385.0150146484375,367177
2026-06-18 10:36:00-04:00,387.0,387.0,387.1000061035156,385.2099914550781,385.2200012207031,329115
2026-06-18 10:38:00-04:00,388.06500244140625,388.06500244140625,388.17999267578125,386.8800048828125,386.94000244140625,310263
2026-06-18 10:40:00-04:00,386.9100036621094,386.9100036621094,388.20001220703125,386.8299865722656,388.1199035644531,231419
2026-06-18 10:42:00-04:00,386.864990234375,386.864990234375,387.29998779296875,386.4100036621094,386.8900146484375,214605
2026-06-18 10:44:00-04:00,386.9700012207031,386.9700012207031,387.2699890136719,386.7699890136719,386.9100036621094,168621
2026-06-18 10:46:00-04:00,387.625,387.625,387.9200134277344,386.8999938964844,387.05499267578125,162448
2026-06-18 10:48:00-04:00,388.55230712890625,388.55230712890625,388.739013671875,387.57501220703125,387.625,200299
2026-06-18 10:50:00-04:00,389.3699951171875,389.3699951171875,389.3800048828125,388.30999755859375,388.57000732421875,234575
2026-06-18 10:52:00-04:00,388.3399963378906,388.3399963378906,389.614990234375,388.0299987792969,389.3590087890625,244259
2026-06-18 10:54:00-04:00,388.2900085449219,388.2900085449219,388.889404296875,388.1499938964844,388.3595886230469,165073
2026-06-18 10:56:00-04:00,388.4549865722656,388.4549865722656,388.9800109863281,387.8999938964844,388.3059997558594,159072
2026-06-18 10:58:00-04:00,388.47930908203125,388.47930908203125,388.95989990234375,388.3699951171875,388.4649963378906,118596
2026-06-18 11:00:00-04:00,388.8013916015625,388.8013916015625,389.1300048828125,387.8900146484375,388.4599914550781,387918
2026-06-18 11:02:00-04:00,388.8399963378906,388.8399963378906,389.1199951171875,388.31048583984375,388.8799133300781,116253
2026-06-18 11:04:00-04:00,388.8800048828125,388.8800048828125,389.1099853515625,388.6817932128906,388.80999755859375,100301
2026-06-18 11:06:00-04:00,388.989990234375,388.989990234375,389.1700134277344,388.6099853515625,388.8399963378906,122821
2026-06-18 11:08:00-04:00,389.4849853515625,389.4849853515625,390.1000061035156,388.7417907714844,388.9549865722656,198870
2026-06-18 11:10:00-04:00,390.2099914550781,390.2099914550781,390.25,389.1499938964844,389.5679931640625,187422
2026-06-18 11:12:00-04:00,389.65008544921875,389.65008544921875,390.30999755859375,389.50140380859375,390.2099914550781,180528
2026-06-18 11:14:00-04:00,389.3299865722656,389.3299865722656,389.739990234375,389.0,389.6700134277344,186838
2026-06-18 11:16:00-04:00,389.625,389.625,390.1050109863281,389.2900085449219,389.364990234375,191144
2026-06-18 11:18:00-04:00,388.739990234375,388.739990234375,389.6986999511719,388.6600036621094,389.6449890136719,143046
2026-06-18 11:20:00-04:00,389.69000244140625,389.69000244140625,389.96990966796875,388.69000244140625,388.739990234375,136628
2026-06-18 11:22:00-04:00,390.0199890136719,390.0199890136719,390.1000061035156,389.3999938964844,389.610107421875,154110
2026-06-18 11:24:00-04:00,389.739990234375,389.739990234375,390.1099853515625,389.32000732421875,389.9800109863281,134679
2026-06-18 11:26:00-04:00,390.8699951171875,390.8699951171875,391.04998779296875,389.55999755859375,389.6099853515625,405932
2026-06-18 11:28:00-04:00,389.54888916015625,389.54888916015625,390.9200134277344,389.2799987792969,390.79998779296875,165450
2026-06-18 11:30:00-04:00,389.4200134277344,389.4200134277344,389.7998962402344,388.79010009765625,389.5849914550781,144816
2026-06-18 11:32:00-04:00,388.9403076171875,388.9403076171875,389.79998779296875,388.1099853515625,389.45001220703125,345087
2026-06-18 11:34:00-04:00,388.6400146484375,388.6400146484375,389.9700012207031,388.60009765625,389.0400085449219,138319
2026-06-18 11:36:00-04:00,388.7099914550781,388.7099914550781,389.1000061035156,388.30010986328125,388.67498779296875,120791
2026-06-18 11:38:00-04:00,389.06500244140625,389.06500244140625,389.20989990234375,387.79998779296875,388.75,209146
2026-06-18 11:40:00-04:00,389.0199890136719,389.0199890136719,389.7298889160156,388.67010498046875,388.9700012207031,163938
2026-06-18 11:42:00-04:00,388.6099853515625,388.6099853515625,389.14990234375,388.4400939941406,389.018310546875,105231
2026-06-18 11:44:00-04:00,388.2550048828125,388.2550048828125,388.6099853515625,387.86920166015625,388.6099853515625,116837
2026-06-18 11:46:00-04:00,388.0751037597656,388.0751037597656,388.2900085449219,387.3999938964844,388.2417907714844,155130
2026-06-18 11:48:00-04:00,388.3800048828125,388.3800048828125,388.6700134277344,387.8500061035156,388.1081848144531,159585
2026-06-18 11:50:00-04:00,388.8399963378906,388.8399963378906,389.19000244140625,388.2500915527344,388.30999755859375,130019
2026-06-18 11:52:00-04:00,390.2900085449219,390.2900085449219,390.45001220703125,388.75,388.82000732421875,1102065
2026-06-18 11:54:00-04:00,390.80938720703125,390.80938720703125,390.8500061035156,390.0,390.2749938964844,174788
2026-06-18 11:56:00-04:00,390.7300109863281,390.7300109863281,391.5,390.44000244140625,390.8005065917969,221924
2026-06-18 11:58:00-04:00,390.9507141113281,390.9507141113281,391.04998779296875,390.510986328125,390.7300109863281,124292
2026-06-18 12:00:00-04:00,390.5299987792969,390.5299987792969,391.3699035644531,390.5299987792969,390.94000244140625,177613
2026-06-18 12:02:00-04:00,391.3900146484375,391.3900146484375,391.47900390625,390.5299987792969,390.6099853515625,114354
2026-06-18 12:04:00-04:00,392.57501220703125,392.57501220703125,392.70001220703125,391.360107421875,391.4599914550781,297594
2026-06-18 12:06:00-04:00,393.0,393.0,393.239990234375,392.5299987792969,392.57501220703125,373025
2026-06-18 12:08:00-04:00,393.1300048828125,393.1300048828125,393.17999267578125,392.41351318359375,392.9981994628906,184104
2026-06-18 12:10:00-04:00,392.760009765625,392.760009765625,393.2200012207031,392.6199951171875,393.1017150878906,158367
2026-06-18 12:12:00-04:00,392.2200012207031,392.2200012207031,392.8900146484375,392.0299987792969,392.760009765625,169592
2026-06-18 12:14:00-04:00,392.0199890136719,392.0199890136719,392.2799987792969,391.5899963378906,392.25,200629
2026-06-18 12:16:00-04:00,392.3699951171875,392.3699951171875,392.489990234375,391.7650146484375,392.0450134277344,145332
2026-06-18 12:18:00-04:00,392.7200012207031,392.7200012207031,392.79998779296875,392.281005859375,392.3949890136719,134763
2026-06-18 12:20:00-04:00,392.8500061035156,392.8500061035156,392.9700927734375,392.4100036621094,392.79840087890625,120740
2026-06-18 12:22:00-04:00,393.1099853515625,393.1099853515625,393.45001220703125,392.55999755859375,392.8223876953125,202145
2026-06-18 12:24:00-04:00,393.0199890136719,393.0199890136719,393.25,392.7799987792969,393.10009765625,122779
2026-06-18 12:26:00-04:00,392.8450012207031,392.8450012207031,393.0899963378906,392.55999755859375,392.989990234375,80325
2026-06-18 12:28:00-04:00,392.20001220703125,392.20001220703125,392.8349914550781,391.9119873046875,392.79998779296875,150513
2026-06-18 12:30:00-04:00,392.1900939941406,392.1900939941406,392.3599853515625,391.92999267578125,392.1600036621094,95149
2026-06-18 12:32:00-04:00,391.95001220703125,391.95001220703125,392.3699951171875,391.69000244140625,392.2349853515625,318951
2026-06-18 12:34:00-04:00,392.4200134277344,392.4200134277344,392.5899963378906,391.8900146484375,392.05621337890625,116302
2026-06-18 12:36:00-04:00,393.0249938964844,393.0249938964844,393.2200012207031,392.2300109863281,392.4700012207031,144775
2026-06-18 12:38:00-04:00,393.2049865722656,393.2049865722656,393.25,392.6300048828125,393.0249938964844,355207
2026-06-18 12:40:00-04:00,392.70001220703125,392.70001220703125,393.2300109863281,392.614990234375,393.2049865722656,98326
2026-06-18 12:42:00-04:00,393.4700927734375,393.4700927734375,393.75,392.510009765625,392.70001220703125,328336
2026-06-18 12:44:00-04:00,393.489990234375,393.489990234375,393.7099914550781,393.04998779296875,393.55499267578125,135894
2026-06-18 12:46:00-04:00,393.1650085449219,393.1650085449219,393.56988525390625,393.1099853515625,393.5,105290
2026-06-18 12:48:00-04:00,393.31500244140625,393.31500244140625,393.4049987792969,393.05810546875,393.2200012207031,103085
2026-06-18 12:50:00-04:00,393.2200012207031,393.2200012207031,393.70001220703125,393.09100341796875,393.3299865722656,124210
2026-06-18 12:52:00-04:00,393.7900085449219,393.7900085449219,393.8500061035156,393.2200012207031,393.2423095703125,153900
2026-06-18 12:54:00-04:00,393.6499938964844,393.6499938964844,393.80999755859375,393.45001220703125,393.79510498046875,155458
2026-06-18 12:56:00-04:00,393.75,393.75,393.9800109863281,393.4681091308594,393.5899963378906,138102
2026-06-18 12:58:00-04:00,393.6401062011719,393.6401062011719,393.92999267578125,393.3699951171875,393.75,184139
2026-06-18 13:00:00-04:00,392.739990234375,392.739990234375,393.69000244140625,392.5899963378906,393.6400146484375,200274
2026-06-18 13:02:00-04:00,393.0950012207031,393.0950012207031,393.4200134277344,392.7300109863281,392.7699890136719,136098
2026-06-18 13:04:00-04:00,394.6400146484375,394.6400146484375,394.7200012207031,393.0101013183594,393.1000061035156,222331
2026-06-18 13:06:00-04:00,395.1600036621094,395.1600036621094,395.19000244140625,394.59051513671875,394.6600036621094,252041
2026-06-18 13:08:00-04:00,394.9888916015625,394.9888916015625,395.46600341796875,394.822509765625,395.16009521484375,210754
2026-06-18 13:10:00-04:00,394.6698913574219,394.6698913574219,395.08990478515625,394.29998779296875,394.9700012207031,197078
2026-06-18 13:12:00-04:00,394.1600036621094,394.1600036621094,394.79998779296875,394.0950012207031,394.6700134277344,104764
2026-06-18 13:14:00-04:00,394.3999938964844,394.3999938964844,394.5799865722656,393.9100036621094,394.1513977050781,133402
2026-06-18 13:16:00-04:00,394.45001220703125,394.45001220703125,394.7099914550781,394.2148132324219,394.3699951171875,112690
2026-06-18 13:18:00-04:00,394.75,394.75,394.8299865722656,394.2200012207031,394.4150085449219,84413
2026-06-18 13:20:00-04:00,394.8999938964844,394.8999938964844,395.0199890136719,394.55999755859375,394.7699890136719,84193
2026-06-18 13:22:00-04:00,395.06500244140625,395.06500244140625,395.25,394.68011474609375,394.82000732421875,100092
2026-06-18 13:24:00-04:00,394.94000244140625,394.94000244140625,395.239990234375,394.79998779296875,395.06500244140625,85943
2026-06-18 13:26:00-04:00,395.489990234375,395.489990234375,395.54998779296875,394.8699951171875,394.9100036621094,121354
2026-06-18 13:28:00-04:00,395.19000244140625,395.19000244140625,395.5899963378906,395.0201110839844,395.510009765625,118244
2026-06-18 13:30:00-04:00,396.19000244140625,396.19000244140625,396.2699890136719,395.1499938964844,395.20001220703125,226846
2026-06-18 13:32:00-04:00,396.364990234375,396.364990234375,396.70001220703125,395.9049987792969,396.1000061035156,404568
2026-06-18 13:34:00-04:00,397.0150146484375,397.0150146484375,397.1700134277344,396.2300109863281,396.35101318359375,120767
2026-06-18 13:36:00-04:00,396.42999267578125,396.42999267578125,397.0150146484375,396.29998779296875,396.97698974609375,174703
2026-06-18 13:38:00-04:00,396.2449951171875,396.2449951171875,396.5498962402344,396.1700134277344,396.44000244140625,131643
2026-06-18 13:40:00-04:00,396.2650146484375,396.2650146484375,396.7027893066406,396.0799865722656,396.2449951171875,121034
2026-06-18 13:42:00-04:00,396.3550109863281,396.3550109863281,396.4399108886719,395.9599914550781,396.2650146484375,110599
2026-06-18 13:44:00-04:00,396.57501220703125,396.57501220703125,396.694091796875,396.20001220703125,396.3399963378906,112282
2026-06-18 13:46:00-04:00,396.8299865722656,396.8299865722656,396.8900146484375,396.57000732421875,396.5751037597656,139252
2026-06-18 13:48:00-04:00,396.30999755859375,396.30999755859375,396.9100036621094,396.1000061035156,396.8599853515625,129181
2026-06-18 13:50:00-04:00,396.4800109863281,396.4800109863281,396.8409118652344,396.3500061035156,396.42999267578125,132043
2026-06-18 13:52:00-04:00,396.03369140625,396.03369140625,396.8699951171875,396.0,396.40008544921875,112658
2026-06-18 13:54:00-04:00,396.625,396.625,396.739990234375,395.9849853515625,396.0559997558594,133450
2026-06-18 13:56:00-04:00,395.7749938964844,395.7749938964844,396.69500732421875,395.7200012207031,396.5799865722656,270958
2026-06-18 13:58:00-04:00,395.6499938964844,395.6499938964844,396.32501220703125,395.6000061035156,395.8399963378906,246744
2026-06-18 14:00:00-04:00,394.8900146484375,394.8900146484375,395.9700012207031,394.7099914550781,395.7099914550781,206049
2026-06-18 14:02:00-04:00,395.260009765625,395.260009765625,395.489990234375,394.739990234375,394.8900146484375,148164
2026-06-18 14:04:00-04:00,395.3999938964844,395.3999938964844,396.1499938964844,395.2550048828125,395.3399963378906,209540
2026-06-18 14:06:00-04:00,395.7349853515625,395.7349853515625,395.75,395.20001220703125,395.3999938964844,622944
2026-06-18 14:08:00-04:00,395.5299987792969,395.5299987792969,396.0613098144531,395.4501037597656,395.7349853515625,100125
2026-06-18 14:10:00-04:00,395.0199890136719,395.0199890136719,396.0505065917969,394.70001220703125,395.5400085449219,212178
2026-06-18 14:12:00-04:00,395.0,395.0,395.45001220703125,394.7699890136719,395.0150146484375,335576
2026-06-18 14:14:00-04:00,395.1099853515625,395.1099853515625,395.7200012207031,394.8999938964844,395.0050048828125,100002
2026-06-18 14:16:00-04:00,394.82000732421875,394.82000732421875,395.20001220703125,394.45001220703125,395.114990234375,150668
2026-06-18 14:18:00-04:00,394.6099853515625,394.6099853515625,395.0599060058594,394.55999755859375,394.79998779296875,132205
2026-06-18 14:20:00-04:00,395.0321960449219,395.0321960449219,395.4700012207031,394.489990234375,394.6099853515625,150836
2026-06-18 14:22:00-04:00,395.1449890136719,395.1449890136719,395.19000244140625,394.8699951171875,395.06988525390625,71607
2026-06-18 14:24:00-04:00,395.0199890136719,395.0199890136719,395.3299865722656,394.91009521484375,395.17999267578125,201504
2026-06-18 14:26:00-04:00,394.93499755859375,394.93499755859375,395.04998779296875,394.7601013183594,395.0199890136719,73383
2026-06-18 14:28:00-04:00,394.19500732421875,394.19500732421875,394.8900146484375,394.17010498046875,394.8900146484375,111564
2026-06-18 14:30:00-04:00,394.6499938964844,394.6499938964844,394.92999267578125,394.0899963378906,394.19000244140625,121087
2026-06-18 14:32:00-04:00,394.739990234375,394.739990234375,394.989990234375,394.54998779296875,394.65008544921875,82858
2026-06-18 14:34:00-04:00,394.70989990234375,394.70989990234375,394.8299865722656,394.3599853515625,394.6875915527344,62093
2026-06-18 14:36:00-04:00,394.95001220703125,394.95001220703125,394.95001220703125,394.489990234375,394.7073059082031,69801
2026-06-18 14:38:00-04:00,394.6000061035156,394.6000061035156,395.20001220703125,394.510009765625,394.9150085449219,102774
2026-06-18 14:40:00-04:00,394.68499755859375,394.68499755859375,394.818115234375,394.4631042480469,394.5799865722656,68969
2026-06-18 14:42:00-04:00,394.50189208984375,394.50189208984375,394.8299865722656,394.47021484375,394.718505859375,83730
2026-06-18 14:44:00-04:00,394.68499755859375,394.68499755859375,394.739990234375,394.239990234375,394.510009765625,92176
2026-06-18 14:46:00-04:00,395.3399963378906,395.3399963378906,395.3999938964844,394.6614990234375,394.69000244140625,98195
2026-06-18 14:48:00-04:00,395.57000732421875,395.57000732421875,395.6199951171875,395.20001220703125,395.3446044921875,106771
2026-06-18 14:50:00-04:00,395.1400146484375,395.1400146484375,395.6199951171875,395.1000061035156,395.55999755859375,99776
2026-06-18 14:52:00-04:00,395.0450134277344,395.0450134277344,395.39990234375,395.0101013183594,395.135009765625,72088
2026-06-18 14:54:00-04:00,394.8500061035156,394.8500061035156,395.19000244140625,394.82000732421875,395.0425109863281,74759
2026-06-18 14:56:00-04:00,394.9779968261719,394.9779968261719,395.0599060058594,394.7900085449219,394.8299865722656,110062
2026-06-18 14:58:00-04:00,394.55999755859375,394.55999755859375,395.2250061035156,394.5,394.9599914550781,335998
2026-06-18 15:00:00-04:00,394.4800109863281,394.4800109863281,394.5640869140625,393.9200134277344,394.5450134277344,140226
2026-06-18 15:02:00-04:00,394.6400146484375,394.6400146484375,394.739990234375,394.4100036621094,394.5,99937
2026-06-18 15:04:00-04:00,394.5799865722656,394.5799865722656,394.8599853515625,394.4700012207031,394.65008544921875,104272
2026-06-18 15:06:00-04:00,394.0390930175781,394.0390930175781,394.7099914550781,393.9100036621094,394.5899963378906,142299
2026-06-18 15:08:00-04:00,394.0799865722656,394.0799865722656,394.6000061035156,393.8500061035156,394.05999755859375,94350
2026-06-18 15:10:00-04:00,393.8800048828125,393.8800048828125,394.1098937988281,393.7349853515625,394.0799865722656,198031
2026-06-18 15:12:00-04:00,394.56500244140625,394.56500244140625,394.57000732421875,393.76220703125,393.9599914550781,117070
2026-06-18 15:14:00-04:00,394.5498962402344,394.5498962402344,394.739990234375,394.260009765625,394.56500244140625,98655
2026-06-18 15:16:00-04:00,395.260009765625,395.260009765625,395.260009765625,394.5299987792969,394.60888671875,116721
2026-06-18 15:18:00-04:00,396.32501220703125,396.32501220703125,396.3299865722656,395.2699890136719,395.2900085449219,232064
2026-06-18 15:20:00-04:00,395.3399963378906,395.3399963378906,396.3398132324219,395.22509765625,396.3398132324219,177496
2026-06-18 15:22:00-04:00,395.7550048828125,395.7550048828125,395.9800109863281,395.260009765625,395.3500061035156,142155
2026-06-18 15:24:00-04:00,395.8699951171875,395.8699951171875,396.05499267578125,395.7200012207031,395.7550048828125,115423
2026-06-18 15:26:00-04:00,395.875,395.875,396.1299133300781,395.760009765625,395.8800048828125,92420
2026-06-18 15:28:00-04:00,395.8699951171875,395.8699951171875,396.0400085449219,395.44000244140625,395.8599853515625,155799
2026-06-18 15:30:00-04:00,395.71990966796875,395.71990966796875,395.9700012207031,395.6300048828125,395.93060302734375,158001
2026-06-18 15:32:00-04:00,395.6600036621094,395.6600036621094,396.1000061035156,395.60009765625,395.7200012207031,162970
2026-06-18 15:34:00-04:00,396.2349853515625,396.2349853515625,396.32000732421875,395.5,395.6300048828125,201200
2026-06-18 15:36:00-04:00,397.31500244140625,397.31500244140625,397.42999267578125,396.2001037597656,396.260009765625,308486
2026-06-18 15:38:00-04:00,398.0050048828125,398.0050048828125,398.04998779296875,397.25,397.29998779296875,315646
2026-06-18 15:40:00-04:00,397.9599914550781,397.9599914550781,398.2300109863281,397.7300109863281,398.0050048828125,297777
2026-06-18 15:42:00-04:00,398.5249938964844,398.5249938964844,398.69000244140625,397.7449951171875,397.9100036621094,322565
2026-06-18 15:44:00-04:00,398.6505126953125,398.6505126953125,398.8800048828125,398.3599853515625,398.5350036621094,296608
2026-06-18 15:46:00-04:00,399.20001220703125,399.20001220703125,399.4798889160156,398.5320129394531,398.6499938964844,638987
2026-06-18 15:48:00-04:00,399.6400146484375,399.6400146484375,399.6600036621094,399.0531005859375,399.19000244140625,287120
2026-06-18 15:50:00-04:00,398.6199951171875,398.6199951171875,399.75,398.55999755859375,399.6600036621094,430086
2026-06-18 15:52:00-04:00,400.1000061035156,400.1000061035156,400.32000732421875,398.2900085449219,398.6499938964844,576549
2026-06-18 15:54:00-04:00,401.0899963378906,401.0899963378906,402.5199890136719,399.8999938964844,400.1000061035156,767643
2026-06-18 15:56:00-04:00,401.07501220703125,401.07501220703125,401.4700012207031,400.4800109863281,401.0899963378906,629845
2026-06-18 15:58:00-04:00,400.42999267578125,400.42999267578125,401.3489990234375,400.42999267578125,401.04998779296875,1649982
2026-06-22 09:30:00-04:00,398.9549865722656,398.9549865722656,399.43499755859375,394.4700012207031,394.8500061035156,1826943
2026-06-22 09:32:00-04:00,398.6600036621094,398.6600036621094,399.5,396.9216003417969,398.92999267578125,330904
2026-06-22 09:34:00-04:00,397.3299865722656,397.3299865722656,398.8699951171875,397.04998779296875,398.82501220703125,332701
2026-06-22 09:36:00-04:00,399.7222900390625,399.7222900390625,400.0,396.54998779296875,397.32000732421875,548090
2026-06-22 09:38:00-04:00,401.67999267578125,401.67999267578125,401.8800048828125,399.5899963378906,399.69000244140625,492277
2026-06-22 09:40:00-04:00,399.4800109863281,399.4800109863281,401.9399108886719,398.9849853515625,401.7200012207031,385174
2026-06-22 09:42:00-04:00,401.7799987792969,401.7799987792969,401.84991455078125,399.45001220703125,399.4700012207031,332475
2026-06-22 09:44:00-04:00,403.18499755859375,403.18499755859375,403.2694091796875,401.7200012207031,401.7799987792969,480300
2026-06-22 09:46:00-04:00,403.3949890136719,403.3949890136719,403.5899963378906,402.67999267578125,403.1700134277344,328841
2026-06-22 09:48:00-04:00,403.20001220703125,403.20001220703125,403.8699035644531,402.1600036621094,403.44000244140625,328002
2026-06-22 09:50:00-04:00,401.9949951171875,401.9949951171875,403.3699951171875,401.4599914550781,403.1000061035156,285632
2026-06-22 09:52:00-04:00,402.29998779296875,402.29998779296875,403.7699890136719,401.9400939941406,402.0199890136719,321591
2026-06-22 09:54:00-04:00,402.239990234375,402.239990234375,402.7799987792969,401.70001220703125,402.2699890136719,241428
2026-06-22 09:56:00-04:00,404.2749938964844,404.2749938964844,404.5400085449219,402.1523132324219,402.17999267578125,358912
2026-06-22 09:58:00-04:00,406.7200012207031,406.7200012207031,406.7699890136719,404.2408142089844,404.3233947753906,519039
2026-06-22 10:00:00-04:00,408.0799865722656,408.0799865722656,409.04998779296875,406.1502990722656,406.739990234375,651753
2026-06-22 10:02:00-04:00,408.99139404296875,408.99139404296875,409.2200012207031,407.6499938964844,408.0899963378906,417491
2026-06-22 10:04:00-04:00,411.1899108886719,411.1899108886719,411.5,408.8900146484375,408.9800109863281,743568
2026-06-22 10:06:00-04:00,413.2850036621094,413.2850036621094,413.5,410.9100036621094,411.1698913574219,835881
2026-06-22 10:08:00-04:00,413.4150085449219,413.4150085449219,413.7699890136719,411.84100341796875,413.29998779296875,627155
2026-06-22 10:10:00-04:00,412.8299865722656,412.8299865722656,414.75,412.70001220703125,413.3699951171875,659900
2026-06-22 10:12:00-04:00,412.67999267578125,412.67999267578125,413.5198974609375,412.30999755859375,412.90399169921875,457874
2026-06-22 10:14:00-04:00,412.2699890136719,412.2699890136719,413.84991455078125,412.05999755859375,412.7699890136719,519740
2026-06-22 10:16:00-04:00,411.94500732421875,411.94500732421875,412.9800109863281,411.55999755859375,412.29998779296875,410280
2026-06-22 10:18:00-04:00,411.5849914550781,411.5849914550781,412.3699951171875,411.260009765625,411.94500732421875,346485
2026-06-22 10:20:00-04:00,411.7149963378906,411.7149963378906,412.45001220703125,410.79998779296875,411.6099853515625,422881
2026-06-22 10:22:00-04:00,410.114990234375,410.114990234375,412.0492858886719,409.8699951171875,411.69000244140625,414076
2026-06-22 10:24:00-04:00,410.0799865722656,410.0799865722656,410.989990234375,409.75,410.114990234375,348634
2026-06-22 10:26:00-04:00,410.05999755859375,410.05999755859375,410.54998779296875,409.510009765625,410.19000244140625,374729
2026-06-22 10:28:00-04:00,409.80499267578125,409.80499267578125,411.54998779296875,409.7699890136719,409.9700927734375,379910
2026-06-22 10:30:00-04:00,409.439208984375,409.439208984375,410.25,408.8999938964844,409.8900146484375,349710
2026-06-22 10:32:00-04:00,408.95001220703125,408.95001220703125,409.57000732421875,408.5899963378906,409.4750061035156,266224
2026-06-22 10:34:00-04:00,409.9700012207031,409.9700012207031,410.1000061035156,408.67999267578125,408.9841003417969,286700
2026-06-22 10:36:00-04:00,409.2601013183594,409.2601013183594,410.2090148925781,408.95001220703125,410.0400085449219,272915
2026-06-22 10:38:00-04:00,409.5199890136719,409.5199890136719,409.8399963378906,408.70001220703125,409.32501220703125,212572
2026-06-22 10:40:00-04:00,409.2799987792969,409.2799987792969,410.760009765625,409.0,409.58990478515625,350143
2026-06-22 10:42:00-04:00,407.5450134277344,407.5450134277344,409.2799987792969,407.20001220703125,409.2799987792969,319932
2026-06-22 10:44:00-04:00,407.9034118652344,407.9034118652344,408.44989013671875,407.04998779296875,407.5450134277344,305000
2026-06-22 10:46:00-04:00,405.66009521484375,405.66009521484375,407.8999938964844,405.5000915527344,407.8799133300781,353127
2026-06-22 10:48:00-04:00,405.3800048828125,405.3800048828125,406.1000061035156,405.2099914550781,405.7149963378906,334197
2026-06-22 10:50:00-04:00,403.779296875,403.779296875,405.79998779296875,403.70001220703125,405.2912902832031,435141
2026-06-22 10:52:00-04:00,403.4750061035156,403.4750061035156,404.2300109863281,403.1099853515625,403.7699890136719,367148
2026-06-22 10:54:00-04:00,401.8299865722656,401.8299865722656,403.6000061035156,401.610107421875,403.4849853515625,493270
2026-06-22 10:56:00-04:00,403.6499938964844,403.6499938964844,403.7099914550781,401.5799865722656,401.8800048828125,412573
2026-06-22 10:58:00-04:00,404.5450134277344,404.5450134277344,405.1600036621094,403.6099853515625,403.6099853515625,346830
2026-06-22 11:00:00-04:00,406.7099914550781,406.7099914550781,406.8500061035156,404.25,404.5950012207031,328968
2026-06-22 11:02:00-04:00,409.0,409.0,409.1000061035156,406.6099853515625,406.71990966796875,389609
2026-06-22 11:04:00-04:00,408.7900085449219,408.7900085449219,409.20989990234375,408.3500061035156,408.9599914550781,316023
2026-06-22 11:06:00-04:00,409.1000061035156,409.1000061035156,409.29998779296875,408.15008544921875,408.79998779296875,258364
2026-06-22 11:08:00-04:00,409.29998779296875,409.29998779296875,410.2998962402344,408.8200988769531,409.07000732421875,372901
2026-06-22 11:10:00-04:00,409.4200134277344,409.4200134277344,409.7900085449219,408.9100036621094,409.25,161889
2026-06-22 11:12:00-04:00,410.010009765625,410.010009765625,410.1499938964844,409.1400146484375,409.3699951171875,205231
2026-06-22 11:14:00-04:00,411.1300048828125,411.1300048828125,411.6394958496094,409.9700012207031,410.00408935546875,345632
2026-06-22 11:16:00-04:00,410.1700134277344,410.1700134277344,411.1700134277344,409.29998779296875,411.13958740234375,282694
2026-06-22 11:18:00-04:00,409.95001220703125,409.95001220703125,410.7900085449219,409.0400085449219,410.0899963378906,226389
2026-06-22 11:20:00-04:00,410.239990234375,410.239990234375,410.5799865722656,409.41009521484375,409.92999267578125,197554
2026-06-22 11:22:00-04:00,410.0050048828125,410.0050048828125,410.6700134277344,409.4200134277344,410.2099914550781,211987
2026-06-22 11:24:00-04:00,410.45001220703125,410.45001220703125,410.8399963378906,409.94000244140625,409.9800109863281,195903
2026-06-22 11:26:00-04:00,409.7300109863281,409.7300109863281,411.0299987792969,409.5201110839844,410.510009765625,233783
2026-06-22 11:28:00-04:00,409.7200012207031,409.7200012207031,410.20989990234375,409.5899963378906,409.7799987792969,139744
2026-06-22 11:30:00-04:00,409.260009765625,409.260009765625,410.0199890136719,409.1499938964844,409.7900085449219,169289
2026-06-22 11:32:00-04:00,410.760009765625,410.760009765625,410.9800109863281,409.2200012207031,409.32501220703125,226780
2026-06-22 11:34:00-04:00,409.8699951171875,409.8699951171875,410.8800048828125,409.5450134277344,410.7449951171875,155013
2026-06-22 11:36:00-04:00,409.5389099121094,409.5389099121094,410.0299987792969,409.0,409.92999267578125,158879
2026-06-22 11:38:00-04:00,409.6199951171875,409.6199951171875,409.84979248046875,409.0278015136719,409.54998779296875,112342
2026-06-22 11:40:00-04:00,409.42999267578125,409.42999267578125,410.17999267578125,409.3102111816406,409.67498779296875,155318
2026-06-22 11:42:00-04:00,410.4100036621094,410.4100036621094,410.5400085449219,409.110107421875,409.4100036621094,197391
2026-06-22 11:44:00-04:00,410.07000732421875,410.07000732421875,410.42999267578125,409.7900085449219,410.4100036621094,154465
2026-06-22 11:46:00-04:00,409.7550048828125,409.7550048828125,410.07000732421875,409.5199890136719,410.07000732421875,104711
2026-06-22 11:48:00-04:00,408.1000061035156,408.1000061035156,410.04998779296875,407.8800048828125,409.7300109863281,238615
2026-06-22 11:50:00-04:00,408.2699890136719,408.2699890136719,408.8299865722656,408.090087890625,408.090087890625,122278
2026-06-22 11:52:00-04:00,408.1400146484375,408.1400146484375,408.6000061035156,407.80999755859375,408.3023986816406,118573
2026-06-22 11:54:00-04:00,408.5899963378906,408.5899963378906,408.8598937988281,407.9700012207031,408.0899963378906,135394
2026-06-22 11:56:00-04:00,408.31500244140625,408.31500244140625,408.8742980957031,407.8399963378906,408.5799865722656,113968
2026-06-22 11:58:00-04:00,407.9198913574219,407.9198913574219,408.4800109863281,407.7300109863281,408.3699951171875,107718
2026-06-22 12:00:00-04:00,407.4798889160156,407.4798889160156,408.29998779296875,407.30999755859375,408.0,157249
2026-06-22 12:02:00-04:00,407.1300048828125,407.1300048828125,407.7300109863281,406.860107421875,407.3900146484375,162668
2026-06-22 12:04:00-04:00,407.010009765625,407.010009765625,407.4800109863281,406.82000732421875,407.2200012207031,135678
2026-06-22 12:06:00-04:00,406.67498779296875,406.67498779296875,407.239990234375,406.6164855957031,407.0050048828125,180455
2026-06-22 12:08:00-04:00,407.5849914550781,407.5849914550781,407.6499938964844,406.66009521484375,406.6650085449219,143633
2026-06-22 12:10:00-04:00,407.95001220703125,407.95001220703125,408.39801025390625,407.42999267578125,407.5950012207031,205878
2026-06-22 12:12:00-04:00,408.2117004394531,408.2117004394531,408.2900085449219,407.80999755859375,407.95001220703125,100873
2026-06-22 12:14:00-04:00,407.7699890136719,407.7699890136719,408.8599853515625,407.6199951171875,408.25,190366
2026-06-22 12:16:00-04:00,408.114990234375,408.114990234375,408.20001220703125,407.25,407.7699890136719,122640
2026-06-22 12:18:00-04:00,408.3550109863281,408.3550109863281,408.5,407.6499938964844,408.1400146484375,127731
2026-06-22 12:20:00-04:00,409.2084045410156,409.2084045410156,409.3500061035156,408.32000732421875,408.4049987792969,191367
2026-06-22 12:22:00-04:00,407.42388916015625,407.42388916015625,409.2099914550781,407.42388916015625,409.2099914550781,157371
2026-06-22 12:24:00-04:00,407.1499938964844,407.1499938964844,407.6400146484375,406.8299865722656,407.510009765625,161555
2026-06-22 12:26:00-04:00,407.0950012207031,407.0950012207031,407.2300109863281,406.2699890136719,407.1600036621094,185118
2026-06-22 12:28:00-04:00,407.1700134277344,407.1700134277344,407.4700012207031,407.0216064453125,407.1499938964844,84676
2026-06-22 12:30:00-04:00,407.5799865722656,407.5799865722656,407.5799865722656,406.6700134277344,407.17999267578125,93101
2026-06-22 12:32:00-04:00,407.3999938964844,407.3999938964844,407.57000732421875,406.94000244140625,407.5419006347656,78880
2026-06-22 12:34:00-04:00,407.2900085449219,407.2900085449219,407.5899963378906,407.1400146484375,407.32000732421875,73860
2026-06-22 12:36:00-04:00,407.4599914550781,407.4599914550781,407.6199951171875,407.2203063964844,407.2203063964844,63194
2026-06-22 12:38:00-04:00,407.7398986816406,407.7398986816406,407.94000244140625,407.3399963378906,407.44000244140625,93155
2026-06-22 12:40:00-04:00,407.43499755859375,407.43499755859375,407.7850036621094,406.80999755859375,407.69500732421875,125237
2026-06-22 12:42:00-04:00,407.19000244140625,407.19000244140625,407.65069580078125,406.8999938964844,407.4599914550781,96845
2026-06-22 12:44:00-04:00,406.7499084472656,406.7499084472656,407.375,406.6015930175781,407.2300109863281,126518
2026-06-22 12:46:00-04:00,407.2950134277344,407.2950134277344,407.4800109863281,406.54998779296875,406.6499938964844,134761
2026-06-22 12:48:00-04:00,407.510009765625,407.510009765625,407.5799865722656,406.8999938964844,407.2950134277344,92020
2026-06-22 12:50:00-04:00,408.0350036621094,408.0350036621094,408.0799865722656,407.4700012207031,407.5350036621094,123806
2026-06-22 12:52:00-04:00,408.1000061035156,408.1000061035156,408.4100036621094,407.95001220703125,408.0350036621094,86930
2026-06-22 12:54:00-04:00,407.7300109863281,407.7300109863281,408.42999267578125,407.67010498046875,408.1300048828125,102974
2026-06-22 12:56:00-04:00,407.8756103515625,407.8756103515625,408.0799865722656,407.54998779296875,407.7200012207031,90030
2026-06-22 12:58:00-04:00,408.2098083496094,408.2098083496094,408.45989990234375,407.7099914550781,407.8599853515625,113220
2026-06-22 13:00:00-04:00,408.2300109863281,408.2300109863281,408.5199890136719,407.9700012207031,408.20001220703125,80946
2026-06-22 13:02:00-04:00,408.30499267578125,408.30499267578125,408.3399963378906,407.7200012207031,408.0799865722656,68700
2026-06-22 13:04:00-04:00,407.68499755859375,407.68499755859375,408.3599853515625,407.55010986328125,408.30499267578125,72097
2026-06-22 13:06:00-04:00,407.4800109863281,407.4800109863281,407.8699951171875,407.1499938964844,407.6600036621094,107814
2026-06-22 13:08:00-04:00,407.30010986328125,407.30010986328125,407.95001220703125,407.30010986328125,407.4800109863281,56351
2026-06-22 13:10:00-04:00,407.1199951171875,407.1199951171875,407.7998962402344,407.07000732421875,407.3299865722656,67723
2026-06-22 13:12:00-04:00,406.62530517578125,406.62530517578125,407.3800048828125,406.3999938964844,407.159912109375,125872
2026-06-22 13:14:00-04:00,406.95001220703125,406.95001220703125,407.2699890136719,406.1300048828125,406.67999267578125,248864
2026-06-22 13:16:00-04:00,406.8999938964844,406.8999938964844,407.07000732421875,406.45880126953125,407.010009765625,117595
2026-06-22 13:18:00-04:00,409.07000732421875,409.07000732421875,409.1199951171875,406.95001220703125,406.95001220703125,166023
2026-06-22 13:20:00-04:00,408.58990478515625,408.58990478515625,409.58990478515625,408.3900146484375,409.07000732421875,184625
2026-06-22 13:22:00-04:00,407.6700134277344,407.6700134277344,408.6300048828125,407.6221923828125,408.54998779296875,126356
2026-06-22 13:24:00-04:00,407.2300109863281,407.2300109863281,408.08990478515625,407.1000061035156,407.6310119628906,105045
2026-06-22 13:26:00-04:00,406.9700012207031,406.9700012207031,407.4985046386719,406.9649963378906,407.20001220703125,103320
2026-06-22 13:28:00-04:00,407.04730224609375,407.04730224609375,407.46990966796875,406.79010009765625,406.989990234375,85210
2026-06-22 13:30:00-04:00,406.5415954589844,406.5415954589844,407.3399963378906,406.3999938964844,407.04998779296875,106449
2026-06-22 13:32:00-04:00,406.7049865722656,406.7049865722656,406.77801513671875,406.30999755859375,406.55841064453125,123838
2026-06-22 13:34:00-04:00,406.3299865722656,406.3299865722656,406.739990234375,406.2300109863281,406.7200012207031,150301
2026-06-22 13:36:00-04:00,406.010009765625,406.010009765625,406.39068603515625,405.8800048828125,406.3284912109375,119265
2026-06-22 13:38:00-04:00,406.0,406.0,406.05999755859375,405.55999755859375,406.010009765625,117486
2026-06-22 13:40:00-04:00,406.0899963378906,406.0899963378906,406.2300109863281,405.80999755859375,406.0,117014
2026-06-22 13:42:00-04:00,406.3399963378906,406.3399963378906,406.6499938964844,406.0899963378906,406.1029968261719,80132
2026-06-22 13:44:00-04:00,406.7143859863281,406.7143859863281,406.7499084472656,406.1199951171875,406.3710021972656,86295
2026-06-22 13:46:00-04:00,407.2900085449219,407.2900085449219,407.3999938964844,406.6199951171875,406.760009765625,103720
2026-06-22 13:48:00-04:00,407.3900146484375,407.3900146484375,407.4200134277344,406.6138916015625,407.2699890136719,128657
2026-06-22 13:50:00-04:00,407.5299987792969,407.5299987792969,407.8399963378906,407.2099914550781,407.3900146484375,149989
2026-06-22 13:52:00-04:00,408.2749938964844,408.2749938964844,408.489990234375,407.5199890136719,407.57989501953125,144247
2026-06-22 13:54:00-04:00,408.4200134277344,408.4200134277344,408.67999267578125,408.2401123046875,408.2401123046875,117393
2026-06-22 13:56:00-04:00,409.20001220703125,409.20001220703125,409.44000244140625,408.3800964355469,408.4200134277344,191931
2026-06-22 13:58:00-04:00,407.68011474609375,407.68011474609375,409.2200012207031,407.6400146484375,409.20001220703125,182544
2026-06-22 14:00:00-04:00,407.2099914550781,407.2099914550781,408.0,407.1400146484375,407.67999267578125,144236
2026-06-22 14:02:00-04:00,407.17999267578125,407.17999267578125,407.5899963378906,407.04998779296875,407.2550048828125,119766
2026-06-22 14:04:00-04:00,407.385009765625,407.385009765625,407.6000061035156,407.1400146484375,407.17498779296875,88056
2026-06-22 14:06:00-04:00,407.30999755859375,407.30999755859375,407.6400146484375,407.2843933105469,407.375,121211
2026-06-22 14:08:00-04:00,407.447998046875,407.447998046875,407.53900146484375,407.17999267578125,407.3500061035156,59262
2026-06-22 14:10:00-04:00,407.7699890136719,407.7699890136719,407.9800109863281,407.3800048828125,407.3800048828125,94016
2026-06-22 14:12:00-04:00,408.0199890136719,408.0199890136719,408.17999267578125,407.55999755859375,407.7349853515625,74687
2026-06-22 14:14:00-04:00,408.3299865722656,408.3299865722656,408.4100036621094,407.92498779296875,407.989990234375,77229
2026-06-22 14:16:00-04:00,408.1199951171875,408.1199951171875,408.4100036621094,408.0199890136719,408.3399963378906,100875
2026-06-22 14:18:00-04:00,408.0899963378906,408.0899963378906,408.32000732421875,408.0242004394531,408.1499938964844,75634
2026-06-22 14:20:00-04:00,408.0801086425781,408.0801086425781,408.45001220703125,408.05010986328125,408.1084899902344,98546
2026-06-22 14:22:00-04:00,408.17999267578125,408.17999267578125,408.3800048828125,408.0,408.114990234375,64708
2026-06-22 14:24:00-04:00,407.6050109863281,407.6050109863281,408.260009765625,407.55999755859375,408.1783142089844,71856
2026-06-22 14:26:00-04:00,407.3399963378906,407.3399963378906,407.6799011230469,407.1000061035156,407.6000061035156,94432
2026-06-22 14:28:00-04:00,407.0950012207031,407.0950012207031,407.32000732421875,406.8399963378906,407.32000732421875,74103
2026-06-22 14:30:00-04:00,407.8800048828125,407.8800048828125,407.94000244140625,407.0840148925781,407.1099853515625,110016
2026-06-22 14:32:00-04:00,407.59820556640625,407.59820556640625,408.2200012207031,407.5899963378906,407.9150085449219,104253
2026-06-22 14:34:00-04:00,407.4700012207031,407.4700012207031,407.60589599609375,407.2699890136719,407.5899963378906,74841
2026-06-22 14:36:00-04:00,407.3299865722656,407.3299865722656,407.7200012207031,407.29998779296875,407.43890380859375,55610
2026-06-22 14:38:00-04:00,407.5199890136719,407.5199890136719,407.5899963378906,407.0,407.3500061035156,70409
2026-06-22 14:40:00-04:00,407.1099853515625,407.1099853515625,407.42498779296875,407.010009765625,407.4200134277344,79520
2026-06-22 14:42:00-04:00,406.760009765625,406.760009765625,407.139892578125,406.6099853515625,407.139892578125,67776
2026-06-22 14:44:00-04:00,406.5450134277344,406.5450134277344,406.7699890136719,406.45001220703125,406.7250061035156,76767
2026-06-22 14:46:00-04:00,406.70001220703125,406.70001220703125,406.8900146484375,406.4100036621094,406.57501220703125,86182
2026-06-22 14:48:00-04:00,406.885009765625,406.885009765625,407.0,406.5199890136719,406.7099914550781,88194
2026-06-22 14:50:00-04:00,406.6748046875,406.6748046875,406.96429443359375,406.32000732421875,406.9200134277344,102261
2026-06-22 14:52:00-04:00,406.55499267578125,406.55499267578125,406.8500061035156,406.2601013183594,406.63330078125,91173
2026-06-22 14:54:00-04:00,406.06500244140625,406.06500244140625,406.5450134277344,405.9599914550781,406.5450134277344,128877
2026-06-22 14:56:00-04:00,406.03009033203125,406.03009033203125,406.2300109863281,405.79998779296875,406.06500244140625,108401
2026-06-22 14:58:00-04:00,405.864990234375,405.864990234375,406.239990234375,405.75,406.0101013183594,105341
2026-06-22 15:00:00-04:00,406.29998779296875,406.29998779296875,406.6000061035156,405.8500061035156,405.8999938964844,131908
2026-06-22 15:02:00-04:00,406.4800109863281,406.4800109863281,406.6600036621094,406.2799987792969,406.3299865722656,72375
2026-06-22 15:04:00-04:00,406.239990234375,406.239990234375,406.4800109863281,406.0101013183594,406.4800109863281,86047
2026-06-22 15:06:00-04:00,405.45001220703125,405.45001220703125,406.2049865722656,403.0205993652344,406.2049865722656,669752
2026-06-22 15:08:00-04:00,405.5899963378906,405.5899963378906,405.8599853515625,404.7300109863281,405.47930908203125,193647
2026-06-22 15:10:00-04:00,405.4549865722656,405.4549865722656,405.7998046875,404.8299865722656,405.6199951171875,175817
2026-06-22 15:12:00-04:00,405.8550109863281,405.8550109863281,406.04998779296875,405.3739929199219,405.42999267578125,141545
2026-06-22 15:14:00-04:00,406.3179931640625,406.3179931640625,406.7900085449219,405.79998779296875,405.8599853515625,204088
2026-06-22 15:16:00-04:00,407.09991455078125,407.09991455078125,407.3500061035156,406.2699890136719,406.3900146484375,176095
2026-06-22 15:18:00-04:00,406.9200134277344,406.9200134277344,407.4200134277344,406.7799987792969,407.07000732421875,143544
2026-06-22 15:20:00-04:00,406.4200134277344,406.4200134277344,407.0570068359375,406.3699951171875,406.8900146484375,92491
2026-06-22 15:22:00-04:00,406.1400146484375,406.1400146484375,406.5899963378906,406.1099853515625,406.4200134277344,115531
2026-06-22 15:24:00-04:00,406.2900085449219,406.2900085449219,406.7300109863281,406.17999267578125,406.20001220703125,117889
2026-06-22 15:26:00-04:00,406.239990234375,406.239990234375,406.54998779296875,406.1300048828125,406.32611083984375,104662
2026-06-22 15:28:00-04:00,406.1549987792969,406.1549987792969,406.3900146484375,406.0,406.23858642578125,113174
2026-06-22 15:30:00-04:00,406.7799987792969,406.7799987792969,407.0498962402344,406.1099853515625,406.1499938964844,161815
2026-06-22 15:32:00-04:00,407.0498962402344,407.0498962402344,407.1300048828125,406.5101013183594,406.7799987792969,115315
2026-06-22 15:34:00-04:00,406.7777099609375,406.7777099609375,407.1400146484375,406.760009765625,407.04998779296875,107414
2026-06-22 15:36:00-04:00,406.2550048828125,406.2550048828125,406.8699951171875,406.1883850097656,406.7950134277344,128028
2026-06-22 15:38:00-04:00,405.71099853515625,405.71099853515625,406.30999755859375,405.70001220703125,406.2300109863281,129936
2026-06-22 15:40:00-04:00,405.2149963378906,405.2149963378906,405.84991455078125,405.1300048828125,405.7200012207031,120857
2026-06-22 15:42:00-04:00,404.8800048828125,404.8800048828125,405.3800048828125,404.875,405.2550048828125,176667
2026-06-22 15:44:00-04:00,405.2749938964844,405.2749938964844,405.4556884765625,404.8399963378906,404.8949890136719,160230
2026-06-22 15:46:00-04:00,404.8599853515625,404.8599853515625,405.29998779296875,404.75,405.2850036621094,166352
2026-06-22 15:48:00-04:00,404.7850036621094,404.7850036621094,405.0199890136719,404.6000061035156,404.8450012207031,635688
2026-06-22 15:50:00-04:00,406.5799865722656,406.5799865722656,406.7300109863281,404.7900085449219,404.8299865722656,308032
2026-06-22 15:52:00-04:00,406.3399963378906,406.3399963378906,406.6000061035156,406.07000732421875,406.55499267578125,194444
2026-06-22 15:54:00-04:00,404.8399963378906,404.8399963378906,406.3399963378906,404.4599914550781,406.3399963378906,374144
2026-06-22 15:56:00-04:00,404.9800109863281,404.9800109863281,405.1400146484375,404.7099914550781,404.8399963378906,291765
2026-06-22 15:58:00-04:00,405.0400085449219,405.0400085449219,405.385009765625,404.7300109863281,404.95001220703125,674307
2026-06-23 09:30:00-04:00,392.0,392.0,392.32000732421875,388.95001220703125,389.5,2677699
2026-06-23 09:32:00-04:00,389.6000061035156,389.6000061035156,392.20001220703125,389.1099853515625,391.83551025390625,415422
2026-06-23 09:34:00-04:00,389.3399963378906,389.3399963378906,390.4898986816406,388.4735107421875,389.56500244140625,406272
2026-06-23 09:36:00-04:00,389.8550109863281,389.8550109863281,390.7915954589844,389.2799987792969,389.3699951171875,369940
2026-06-23 09:38:00-04:00,390.6700134277344,390.6700134277344,391.0899963378906,389.6099853515625,389.760009765625,277992
2026-06-23 09:40:00-04:00,389.57000732421875,389.57000732421875,391.0,389.44000244140625,390.6700134277344,464761
2026-06-23 09:42:00-04:00,389.05999755859375,389.05999755859375,390.0,388.55999755859375,389.6050109863281,339219
2026-06-23 09:44:00-04:00,389.1899108886719,389.1899108886719,389.5400085449219,387.6700134277344,389.05999755859375,469979
2026-06-23 09:46:00-04:00,388.3800048828125,388.3800048828125,389.54998779296875,387.80999755859375,389.1000061035156,275284
2026-06-23 09:48:00-04:00,388.79998779296875,388.79998779296875,390.19989013671875,388.2799987792969,388.4599914550781,365654
2026-06-23 09:50:00-04:00,388.9599914550781,388.9599914550781,389.3800048828125,388.3299865722656,388.7900085449219,280732
2026-06-23 09:52:00-04:00,388.3949890136719,388.3949890136719,389.6000061035156,388.0400085449219,388.9949951171875,309849
2026-06-23 09:54:00-04:00,388.2300109863281,388.2300109863281,389.29998779296875,387.7460021972656,388.3599853515625,434953
2026-06-23 09:56:00-04:00,389.3800048828125,389.3800048828125,389.3999938964844,386.92999267578125,388.17999267578125,407532
2026-06-23 09:58:00-04:00,389.2900085449219,389.2900085449219,389.760009765625,388.80999755859375,389.29998779296875,223861
2026-06-23 10:00:00-04:00,389.53131103515625,389.53131103515625,390.0,388.860107421875,389.389892578125,277266
2026-06-23 10:02:00-04:00,389.32000732421875,389.32000732421875,390.20001220703125,388.6499938964844,389.5,257979
2026-06-23 10:04:00-04:00,388.8999938964844,388.8999938964844,389.7250061035156,388.70001220703125,389.3299865722656,198451
2026-06-23 10:06:00-04:00,388.4599914550781,388.4599914550781,389.69000244140625,388.3399963378906,388.8599853515625,203842
2026-06-23 10:08:00-04:00,388.3699951171875,388.3699951171875,388.7099914550781,387.760009765625,388.5,327185
2026-06-23 10:10:00-04:00,387.14990234375,387.14990234375,388.7699890136719,386.3500061035156,388.3500061035156,607928
2026-06-23 10:12:00-04:00,388.2900085449219,388.2900085449219,388.5,387.010009765625,387.1260070800781,247945
2026-06-23 10:14:00-04:00,388.4949951171875,388.4949951171875,389.1698913574219,388.1400146484375,388.2950134277344,272321
2026-06-23 10:16:00-04:00,387.44500732421875,387.44500732421875,388.4670104980469,387.1401062011719,388.4200134277344,337055
2026-06-23 10:18:00-04:00,387.69000244140625,387.69000244140625,387.95989990234375,386.8500061035156,387.45001220703125,262428
2026-06-23 10:20:00-04:00,387.489990234375,387.489990234375,388.0400085449219,387.3399963378906,387.6499938964844,188981
2026-06-23 10:22:00-04:00,387.55999755859375,387.55999755859375,388.29998779296875,387.1499938964844,387.5199890136719,208588
2026-06-23 10:24:00-04:00,386.57000732421875,386.57000732421875,387.5150146484375,386.5,387.5,291359
2026-06-23 10:26:00-04:00,386.7518005371094,386.7518005371094,387.2200012207031,386.1000061035156,386.57000732421875,250812
2026-06-23 10:28:00-04:00,388.0849914550781,388.0849914550781,388.1499938964844,386.6499938964844,386.7699890136719,241992
2026-06-23 10:30:00-04:00,388.4200134277344,388.4200134277344,388.5799865722656,387.510009765625,388.07501220703125,249148
2026-06-23 10:32:00-04:00,388.56500244140625,388.56500244140625,388.760009765625,387.54998779296875,388.32000732421875,174878
2026-06-23 10:34:00-04:00,388.614990234375,388.614990234375,388.760009765625,388.010009765625,388.54998779296875,180950
2026-06-23 10:36:00-04:00,389.3699951171875,389.3699951171875,389.6400146484375,388.5801086425781,388.6050109863281,325940
2026-06-23 10:38:00-04:00,388.6600036621094,388.6600036621094,389.3900146484375,388.4599914550781,389.3599853515625,191998
2026-06-23 10:40:00-04:00,387.8599853515625,387.8599853515625,388.8399963378906,387.6000061035156,388.6099853515625,197542
2026-06-23 10:42:00-04:00,388.17999267578125,388.17999267578125,388.63079833984375,387.57000732421875,387.92498779296875,143833
2026-06-23 10:44:00-04:00,387.0249938964844,387.0249938964844,388.19500732421875,386.8599853515625,388.17999267578125,236932
2026-06-23 10:46:00-04:00,386.1300048828125,386.1300048828125,387.4620056152344,386.05999755859375,387.0400085449219,204541
2026-06-23 10:48:00-04:00,386.6700134277344,386.6700134277344,386.9984130859375,386.1000061035156,386.1000061035156,201022
2026-06-23 10:50:00-04:00,386.92999267578125,386.92999267578125,387.4800109863281,386.25,386.6650085449219,181364
2026-06-23 10:52:00-04:00,385.9991149902344,385.9991149902344,387.0,385.739990234375,387.0,333947
2026-06-23 10:54:00-04:00,385.70001220703125,385.70001220703125,386.19580078125,384.94000244140625,386.0199890136719,422740
2026-06-23 10:56:00-04:00,386.1650085449219,386.1650085449219,386.6499938964844,385.5199890136719,385.7650146484375,258924
2026-06-23 10:58:00-04:00,386.1650085449219,386.1650085449219,386.42999267578125,385.95001220703125,386.1650085449219,138062
2026-06-23 11:00:00-04:00,385.82501220703125,385.82501220703125,386.5,385.739990234375,386.2200012207031,159331
2026-06-23 11:02:00-04:00,385.67999267578125,385.67999267578125,386.1199951171875,385.510009765625,385.79998779296875,148568
2026-06-23 11:04:00-04:00,385.0119934082031,385.0119934082031,386.08990478515625,384.9700012207031,385.7099914550781,192202
2026-06-23 11:06:00-04:00,384.92999267578125,384.92999267578125,385.1600036621094,384.2799987792969,385.04998779296875,401689
2026-06-23 11:08:00-04:00,385.1903991699219,385.1903991699219,385.3299865722656,384.6499938964844,384.9700012207031,174943
2026-06-23 11:10:00-04:00,385.6400146484375,385.6400146484375,385.7900085449219,385.07000732421875,385.239990234375,169509
2026-06-23 11:12:00-04:00,385.2900085449219,385.2900085449219,385.8699951171875,385.1499938964844,385.6300048828125,188814
2026-06-23 11:14:00-04:00,385.3299865722656,385.3299865722656,385.9100036621094,385.17999267578125,385.2799987792969,124469
2026-06-23 11:16:00-04:00,384.8999938964844,384.8999938964844,385.3999938964844,384.7799987792969,385.3450012207031,167069
2026-06-23 11:18:00-04:00,385.04998779296875,385.04998779296875,385.20001220703125,384.6000061035156,384.92999267578125,179641
2026-06-23 11:20:00-04:00,384.2349853515625,384.2349853515625,385.4100036621094,384.16009521484375,385.05999755859375,236916
2026-06-23 11:22:00-04:00,383.92999267578125,383.92999267578125,384.5299072265625,383.75,384.2250061035156,357105
2026-06-23 11:24:00-04:00,383.44000244140625,383.44000244140625,384.0,383.239990234375,383.94000244140625,313894
2026-06-23 11:26:00-04:00,383.760009765625,383.760009765625,384.25,383.3599853515625,383.4700012207031,275058
2026-06-23 11:28:00-04:00,383.57501220703125,383.57501220703125,383.889892578125,383.489990234375,383.80999755859375,161865
2026-06-23 11:30:00-04:00,383.94500732421875,383.94500732421875,384.1199951171875,383.3599853515625,383.6000061035156,161046
2026-06-23 11:32:00-04:00,384.29998779296875,384.29998779296875,384.4599914550781,383.7701110839844,383.94500732421875,150864
2026-06-23 11:34:00-04:00,384.0400085449219,384.0400085449219,384.55999755859375,383.8299865722656,384.3299865722656,238814
2026-06-23 11:36:00-04:00,383.1698913574219,383.1698913574219,384.2799987792969,383.07000732421875,384.0150146484375,286267
2026-06-23 11:38:00-04:00,382.5,382.5,383.4200134277344,382.3900146484375,383.1600036621094,387635
2026-06-23 11:40:00-04:00,382.55499267578125,382.55499267578125,382.70001220703125,382.04998779296875,382.5350036621094,307548
2026-06-23 11:42:00-04:00,382.55499267578125,382.55499267578125,382.8699035644531,382.2099914550781,382.5799865722656,204890
2026-06-23 11:44:00-04:00,382.8949890136719,382.8949890136719,383.0799865722656,382.4700012207031,382.55499267578125,185281
2026-06-23 11:46:00-04:00,382.6099853515625,382.6099853515625,382.92999267578125,382.5400085449219,382.9200134277344,141837
2026-06-23 11:48:00-04:00,382.6300048828125,382.6300048828125,383.1700134277344,382.489990234375,382.614990234375,182728
2026-06-23 11:50:00-04:00,383.0700988769531,383.0700988769531,383.2799987792969,382.3999938964844,382.6400146484375,189098
2026-06-23 11:52:00-04:00,383.2850036621094,383.2850036621094,383.7900085449219,383.0400085449219,383.1300048828125,217453
2026-06-23 11:54:00-04:00,382.8590087890625,382.8590087890625,383.5,382.7099914550781,383.32000732421875,164255
2026-06-23 11:56:00-04:00,383.4100036621094,383.4100036621094,383.7898864746094,382.6499938964844,382.8699951171875,190817
2026-06-23 11:58:00-04:00,383.364990234375,383.364990234375,383.5788879394531,382.8700866699219,383.4230041503906,173569
2026-06-23 12:00:00-04:00,383.9501037597656,383.9501037597656,384.25,383.2699890136719,383.3924865722656,233382
2026-06-23 12:02:00-04:00,384.2699890136719,384.2699890136719,384.4800109863281,383.95001220703125,384.010009765625,260282
2026-06-23 12:04:00-04:00,384.7828063964844,384.7828063964844,385.0899963378906,384.2200012207031,384.2799987792969,319568
2026-06-23 12:06:00-04:00,384.781005859375,384.781005859375,385.1099853515625,384.5,384.8599853515625,192881
2026-06-23 12:08:00-04:00,384.9150085449219,384.9150085449219,385.08990478515625,384.5400085449219,384.7900085449219,210336
2026-06-23 12:10:00-04:00,384.8301086425781,384.8301086425781,385.1300048828125,384.7200012207031,384.8999938964844,132589
2026-06-23 12:12:00-04:00,385.2300109863281,385.2300109863281,385.6499938964844,384.80999755859375,384.8680114746094,181184
2026-06-23 12:14:00-04:00,385.0199890136719,385.0199890136719,385.2593994140625,384.8299865722656,385.2300109863281,208106
2026-06-23 12:16:00-04:00,384.2099914550781,384.2099914550781,385.04998779296875,384.1300964355469,385.0299987792969,175737
2026-06-23 12:18:00-04:00,384.29998779296875,384.29998779296875,384.7362060546875,384.1300048828125,384.30999755859375,151210
2026-06-23 12:20:00-04:00,384.31500244140625,384.31500244140625,384.37640380859375,383.5400085449219,384.30499267578125,164610
2026-06-23 12:22:00-04:00,384.4849853515625,384.4849853515625,384.54998779296875,383.79998779296875,384.3349914550781,144900
2026-06-23 12:24:00-04:00,384.0400085449219,384.0400085449219,384.6199951171875,383.9599914550781,384.4849853515625,94978
2026-06-23 12:26:00-04:00,383.8399963378906,383.8399963378906,384.1499938964844,383.5899963378906,384.0024108886719,107726
2026-06-23 12:28:00-04:00,383.44500732421875,383.44500732421875,383.9898986816406,383.4100036621094,383.8500061035156,112363
2026-06-23 12:30:00-04:00,383.20001220703125,383.20001220703125,383.510009765625,382.3800048828125,383.44000244140625,209229
2026-06-23 12:32:00-04:00,383.489990234375,383.489990234375,383.7300109863281,383.04998779296875,383.20001220703125,135711
2026-06-23 12:34:00-04:00,383.3349914550781,383.3349914550781,383.5799865722656,382.79998779296875,383.489990234375,667256
2026-06-23 12:36:00-04:00,383.8139953613281,383.8139953613281,383.8699951171875,383.3299865722656,383.3999938964844,112256
2026-06-23 12:38:00-04:00,383.8349914550781,383.8349914550781,383.8800048828125,383.5400085449219,383.8479919433594,111799
2026-06-23 12:40:00-04:00,384.5450134277344,384.5450134277344,384.6098937988281,383.80999755859375,383.8599853515625,168820
2026-06-23 12:42:00-04:00,384.95880126953125,384.95880126953125,384.9599914550781,384.4800109863281,384.5450134277344,149470
2026-06-23 12:44:00-04:00,385.02178955078125,385.02178955078125,385.29998779296875,384.8599853515625,384.93499755859375,227897
2026-06-23 12:46:00-04:00,385.17999267578125,385.17999267578125,385.29998779296875,384.42999267578125,385.0299987792969,217298
2026-06-23 12:48:00-04:00,384.8599853515625,384.8599853515625,385.5899963378906,384.46038818359375,385.2300109863281,178015
2026-06-23 12:50:00-04:00,384.8299865722656,384.8299865722656,384.9898986816406,384.3500061035156,384.9100036621094,170934
2026-06-23 12:52:00-04:00,384.81500244140625,384.81500244140625,385.19000244140625,384.4527893066406,384.7550048828125,117531
2026-06-23 12:54:00-04:00,384.80999755859375,384.80999755859375,385.1697082519531,384.6000061035156,384.8500061035156,116247
2026-06-23 12:56:00-04:00,384.7799987792969,384.7799987792969,384.8699035644531,384.3399963378906,384.760009765625,88043
2026-06-23 12:58:00-04:00,385.1650085449219,385.1650085449219,385.3999938964844,384.6401062011719,384.8312072753906,105672
2026-06-23 13:00:00-04:00,384.7049865722656,384.7049865722656,385.25,384.5400085449219,385.19000244140625,115272
2026-06-23 13:02:00-04:00,384.18328857421875,384.18328857421875,384.8490905761719,384.1099853515625,384.7051086425781,122807
2026-06-23 13:04:00-04:00,384.1700134277344,384.1700134277344,384.44000244140625,383.8999938964844,384.17999267578125,128212
2026-06-23 13:06:00-04:00,384.0,384.0,384.24029541015625,383.8700866699219,384.1524963378906,102444
2026-06-23 13:08:00-04:00,384.6549987792969,384.6549987792969,384.71990966796875,383.94000244140625,384.010009765625,106358
2026-06-23 13:10:00-04:00,385.5299987792969,385.5299987792969,385.69000244140625,384.53009033203125,384.6000061035156,190786
2026-06-23 13:12:00-04:00,385.0,385.0,385.5799865722656,384.80999755859375,385.5199890136719,183719
2026-06-23 13:14:00-04:00,384.9649963378906,384.9649963378906,385.05999755859375,384.5201110839844,385.0400085449219,123440
2026-06-23 13:16:00-04:00,384.5799865722656,384.5799865722656,385.2699890136719,384.5299987792969,384.9419860839844,105896
2026-06-23 13:18:00-04:00,384.8800048828125,384.8800048828125,384.8800048828125,384.435791015625,384.5849914550781,103586
2026-06-23 13:20:00-04:00,385.2300109863281,385.2300109863281,385.6000061035156,384.7206115722656,384.9100036621094,106017
2026-06-23 13:22:00-04:00,385.3330078125,385.3330078125,385.5400085449219,385.15008544921875,385.2799987792969,114120
2026-06-23 13:24:00-04:00,385.260009765625,385.260009765625,385.5,385.05010986328125,385.3598937988281,95714
2026-06-23 13:26:00-04:00,385.2200012207031,385.2200012207031,385.3699951171875,385.04998779296875,385.2900085449219,77196
2026-06-23 13:28:00-04:00,385.18499755859375,385.18499755859375,385.57000732421875,385.1199951171875,385.2099914550781,89259
2026-06-23 13:30:00-04:00,384.95001220703125,384.95001220703125,385.4100036621094,384.57501220703125,385.20001220703125,101094
2026-06-23 13:32:00-04:00,385.114990234375,385.114990234375,385.5,384.82000732421875,384.82000732421875,91895
2026-06-23 13:34:00-04:00,385.6449890136719,385.6449890136719,385.8299865722656,385.0,385.114990234375,115277
2026-06-23 13:36:00-04:00,385.3800048828125,385.3800048828125,385.69000244140625,385.30999755859375,385.6099853515625,107596
2026-06-23 13:38:00-04:00,385.05999755859375,385.05999755859375,385.5299072265625,385.05999755859375,385.3699951171875,89391
2026-06-23 13:40:00-04:00,384.70001220703125,384.70001220703125,385.1400146484375,384.57000732421875,385.07000732421875,106927
2026-06-23 13:42:00-04:00,384.6449890136719,384.6449890136719,384.94000244140625,384.4700012207031,384.75,89028
2026-06-23 13:44:00-04:00,384.4599914550781,384.4599914550781,384.75,384.3999938964844,384.6449890136719,86499
2026-06-23 13:46:00-04:00,383.94000244140625,383.94000244140625,384.489990234375,383.8299865722656,384.45001220703125,149769
2026-06-23 13:48:00-04:00,383.93499755859375,383.93499755859375,384.0400085449219,383.70001220703125,383.94000244140625,134178
2026-06-23 13:50:00-04:00,383.56988525390625,383.56988525390625,383.9599914550781,383.30999755859375,383.894287109375,159854
2026-06-23 13:52:00-04:00,383.2974853515625,383.2974853515625,383.5400085449219,383.1499938964844,383.5,111762
2026-06-23 13:54:00-04:00,382.06500244140625,382.06500244140625,383.2835998535156,381.94000244140625,383.2835998535156,427254
2026-06-23 13:56:00-04:00,381.69000244140625,381.69000244140625,382.1199035644531,381.5899963378906,382.07000732421875,198436
2026-06-23 13:58:00-04:00,381.2250061035156,381.2250061035156,381.9744873046875,381.1903076171875,381.69000244140625,191712
2026-06-23 14:00:00-04:00,382.375,382.375,382.4898986816406,381.1600036621094,381.2200012207031,230322
2026-06-23 14:02:00-04:00,381.96990966796875,381.96990966796875,382.3999938964844,381.7699890136719,382.3999938964844,152310
2026-06-23 14:04:00-04:00,381.5199890136719,381.5199890136719,381.9584045410156,381.35009765625,381.95001220703125,151393
2026-06-23 14:06:00-04:00,381.04998779296875,381.04998779296875,381.7300109863281,380.92999267578125,381.5150146484375,220873
2026-06-23 14:08:00-04:00,381.0400085449219,381.0400085449219,381.3500061035156,380.8800048828125,381.07501220703125,161369
2026-06-23 14:10:00-04:00,381.3074951171875,381.3074951171875,381.32989501953125,380.8800048828125,381.0350036621094,130834
2026-06-23 14:12:00-04:00,381.3699951171875,381.3699951171875,381.739990234375,381.17999267578125,381.30499267578125,144245
2026-06-23 14:14:00-04:00,381.6400146484375,381.6400146484375,381.7900085449219,381.3699951171875,381.3717041015625,103714
2026-06-23 14:16:00-04:00,381.1600036621094,381.1600036621094,381.7757873535156,381.0400085449219,381.6449890136719,131738
2026-06-23 14:18:00-04:00,381.0350036621094,381.0350036621094,381.19000244140625,380.8399963378906,381.1499938964844,124711
2026-06-23 14:20:00-04:00,381.19989013671875,381.19989013671875,381.2300109863281,380.54998779296875,381.010009765625,231688
2026-06-23 14:22:00-04:00,381.7200012207031,381.7200012207031,381.7699890136719,381.1499938964844,381.19500732421875,171363
2026-06-23 14:24:00-04:00,381.5299987792969,381.5299987792969,381.739990234375,381.2200927734375,381.635009765625,100116
2026-06-23 14:26:00-04:00,381.4779968261719,381.4779968261719,381.54998779296875,381.20001220703125,381.4800109863281,75500
2026-06-23 14:28:00-04:00,381.54998779296875,381.54998779296875,381.7149963378906,381.3299865722656,381.4800109863281,125835
2026-06-23 14:30:00-04:00,381.6300964355469,381.6300964355469,381.75,381.29998779296875,381.5199890136719,113578
2026-06-23 14:32:00-04:00,381.489990234375,381.489990234375,381.7799072265625,381.35260009765625,381.6600036621094,80171
2026-06-23 14:34:00-04:00,381.239990234375,381.239990234375,381.6899108886719,381.20001220703125,381.4800109863281,106652
2026-06-23 14:36:00-04:00,381.1499938964844,381.1499938964844,381.4690856933594,380.75,381.2699890136719,116378
2026-06-23 14:38:00-04:00,381.1099853515625,381.1099853515625,381.2699890136719,380.95001220703125,381.1199951171875,90430
2026-06-23 14:40:00-04:00,381.0299072265625,381.0299072265625,381.1050109863281,380.6000061035156,381.1050109863281,162838
2026-06-23 14:42:00-04:00,380.239990234375,380.239990234375,381.0299987792969,379.79998779296875,380.9800109863281,571657
2026-06-23 14:44:00-04:00,379.82501220703125,379.82501220703125,380.3847961425781,379.6499938964844,380.239990234375,171090
2026-06-23 14:46:00-04:00,379.3599853515625,379.3599853515625,379.9999084472656,379.3399963378906,379.82501220703125,245852
2026-06-23 14:48:00-04:00,379.760009765625,379.760009765625,379.92999267578125,379.3299865722656,379.375,167828
2026-06-23 14:50:00-04:00,379.8500061035156,379.8500061035156,380.2998962402344,379.7950134277344,379.8299865722656,149372
2026-06-23 14:52:00-04:00,379.4750061035156,379.4750061035156,380.09759521484375,379.42999267578125,379.8550109863281,120589
2026-06-23 14:54:00-04:00,379.4949951171875,379.4949951171875,380.0,379.1600036621094,379.45001220703125,166910
2026-06-23 14:56:00-04:00,379.3599853515625,379.3599853515625,379.6549987792969,379.05999755859375,379.4700012207031,166661
2026-06-23 14:58:00-04:00,379.7449951171875,379.7449951171875,379.95001220703125,379.2001037597656,379.3349914550781,156742
2026-06-23 15:00:00-04:00,380.5199890136719,380.5199890136719,380.659912109375,379.55999755859375,379.7200012207031,227416
2026-06-23 15:02:00-04:00,381.1300048828125,381.1300048828125,381.1400146484375,380.1700134277344,380.5400085449219,178633
2026-06-23 15:04:00-04:00,381.8799133300781,381.8799133300781,382.0899963378906,381.0799865722656,381.1600036621094,210260
2026-06-23 15:06:00-04:00,381.2099914550781,381.2099914550781,381.8599853515625,380.8800048828125,381.8550109863281,178980
2026-06-23 15:08:00-04:00,380.6199035644531,380.6199035644531,381.30999755859375,380.3500061035156,381.2698974609375,132703
2026-06-23 15:10:00-04:00,380.82501220703125,380.82501220703125,380.875,380.19500732421875,380.6199951171875,150597
2026-06-23 15:12:00-04:00,380.82000732421875,380.82000732421875,381.2049865722656,380.590087890625,380.79998779296875,123780
2026-06-23 15:14:00-04:00,380.8450012207031,380.8450012207031,381.17999267578125,380.7300109863281,380.81500244140625,119252
2026-06-23 15:16:00-04:00,380.5199890136719,380.5199890136719,381.0,380.4100036621094,380.8800048828125,156044
2026-06-23 15:18:00-04:00,380.4700012207031,380.4700012207031,380.82000732421875,380.4100036621094,380.5799865722656,118273
2026-06-23 15:20:00-04:00,380.8399963378906,380.8399963378906,380.89910888671875,379.9100036621094,380.5299987792969,202747
2026-06-23 15:22:00-04:00,381.75,381.75,382.0799865722656,380.6700134277344,380.7900085449219,194327
2026-06-23 15:24:00-04:00,381.6600036621094,381.6600036621094,381.82989501953125,381.2832946777344,381.760009765625,131576
2026-06-23 15:26:00-04:00,381.6600036621094,381.6600036621094,382.1099853515625,381.610107421875,381.6199951171875,140138
2026-06-23 15:28:00-04:00,381.6199951171875,381.6199951171875,381.781494140625,381.11968994140625,381.6700134277344,153451
2026-06-23 15:30:00-04:00,381.5849914550781,381.5849914550781,381.9100036621094,381.32000732421875,381.69000244140625,144094
2026-06-23 15:32:00-04:00,381.92999267578125,381.92999267578125,382.0899963378906,381.43011474609375,381.6199951171875,163243
2026-06-23 15:34:00-04:00,381.70001220703125,381.70001220703125,382.0799865722656,381.5199890136719,381.8900146484375,144155
2026-06-23 15:36:00-04:00,381.7300109863281,381.7300109863281,381.9800109863281,381.57000732421875,381.7900085449219,121077
2026-06-23 15:38:00-04:00,381.8599853515625,381.8599853515625,381.9599914550781,381.6600036621094,381.7349853515625,166533
2026-06-23 15:40:00-04:00,382.05999755859375,382.05999755859375,382.17999267578125,381.7099914550781,381.8800048828125,196209
2026-06-23 15:42:00-04:00,381.6300048828125,381.6300048828125,382.3999938964844,381.44000244140625,382.0799865722656,281121
2026-06-23 15:44:00-04:00,381.6300048828125,381.6300048828125,382.0,381.42010498046875,381.6499938964844,192545
2026-06-23 15:46:00-04:00,381.6600036621094,381.6600036621094,381.7799987792969,381.3901062011719,381.6099853515625,213336
2026-06-23 15:48:00-04:00,381.31500244140625,381.31500244140625,381.739990234375,381.2799987792969,381.69000244140625,222099
2026-06-23 15:50:00-04:00,381.82000732421875,381.82000732421875,382.6400146484375,381.20001220703125,381.2799987792969,323239
2026-06-23 15:52:00-04:00,381.2026062011719,381.2026062011719,382.1400146484375,380.7101135253906,381.8500061035156,412448
2026-06-23 15:54:00-04:00,381.2300109863281,381.2300109863281,382.0899963378906,380.79998779296875,381.2900085449219,443501
2026-06-23 15:56:00-04:00,382.0950012207031,382.0950012207031,382.1099853515625,381.2200012207031,381.25,437110
2026-06-23 15:58:00-04:00,381.57000732421875,381.57000732421875,382.19000244140625,381.32000732421875,382.1099853515625,1075500
2026-06-24 09:30:00-04:00,382.3699951171875,382.3699951171875,382.8599853515625,378.6000061035156,380.00799560546875,1364587
2026-06-24 09:32:00-04:00,382.95001220703125,382.95001220703125,383.2200012207031,382.07000732421875,382.3699951171875,252551
2026-06-24 09:34:00-04:00,384.0450134277344,384.0450134277344,384.1700134277344,382.17999267578125,382.95001220703125,275671
2026-06-24 09:36:00-04:00,384.2099914550781,384.2099914550781,384.25,383.3399963378906,384.0,189389
2026-06-24 09:38:00-04:00,384.0899963378906,384.0899963378906,384.4898986816406,383.35101318359375,384.1050109863281,202219
2026-06-24 09:40:00-04:00,383.0,383.0,384.54998779296875,383.0,384.0899963378906,301522
2026-06-24 09:42:00-04:00,382.82000732421875,382.82000732421875,383.3494873046875,382.1600036621094,382.9700012207031,258762
2026-06-24 09:44:00-04:00,382.7149963378906,382.7149963378906,383.87860107421875,382.5,382.7900085449219,239896
2026-06-24 09:46:00-04:00,382.5400085449219,382.5400085449219,383.79998779296875,382.1050109863281,382.6300048828125,212952
2026-06-24 09:48:00-04:00,382.75,382.75,382.8599853515625,380.7699890136719,382.69000244140625,394121
2026-06-24 09:50:00-04:00,382.99749755859375,382.99749755859375,384.5799865722656,382.69000244140625,382.75,333367
2026-06-24 09:52:00-04:00,383.55499267578125,383.55499267578125,383.7799987792969,382.1300048828125,382.8500061035156,239151
2026-06-24 09:54:00-04:00,383.0434875488281,383.0434875488281,383.54998779296875,382.6499938964844,383.5090026855469,161329
2026-06-24 09:56:00-04:00,382.94000244140625,382.94000244140625,383.40301513671875,382.5799865722656,383.0899963378906,121795
2026-06-24 09:58:00-04:00,381.11199951171875,381.11199951171875,382.9200134277344,381.0299987792969,382.9200134277344,257851
2026-06-24 10:00:00-04:00,380.6650085449219,380.6650085449219,381.7900085449219,380.510009765625,381.3999938964844,222179
2026-06-24 10:02:00-04:00,379.69500732421875,379.69500732421875,380.8699035644531,379.5,380.739990234375,278924
2026-06-24 10:04:00-04:00,381.7349853515625,381.7349853515625,381.79998779296875,379.6499938964844,379.6499938964844,216556
2026-06-24 10:06:00-04:00,381.0,381.0,382.20001220703125,380.6918029785156,381.79998779296875,181069
2026-06-24 10:08:00-04:00,381.3550109863281,381.3550109863281,381.5299987792969,380.5101013183594,380.9649963378906,170134
2026-06-24 10:10:00-04:00,381.87890625,381.87890625,382.70001220703125,381.3382873535156,381.42999267578125,214226
2026-06-24 10:12:00-04:00,381.4549865722656,381.4549865722656,382.0299987792969,381.0,381.8599853515625,173901
2026-06-24 10:14:00-04:00,380.55999755859375,380.55999755859375,381.83990478515625,380.510009765625,381.44000244140625,127357
2026-06-24 10:16:00-04:00,380.8599853515625,380.8599853515625,381.3800048828125,380.4100036621094,380.56500244140625,138265
2026-06-24 10:18:00-04:00,380.54998779296875,380.54998779296875,381.25,380.3900146484375,380.8550109863281,108013
2026-06-24 10:20:00-04:00,381.5050048828125,381.5050048828125,381.6000061035156,379.75,380.5,266173
2026-06-24 10:22:00-04:00,382.2900085449219,382.2900085449219,382.6099853515625,381.45001220703125,381.5,213996
2026-06-24 10:24:00-04:00,382.5199890136719,382.5199890136719,382.8599853515625,382.17010498046875,382.2900085449219,163543
2026-06-24 10:26:00-04:00,381.8999938964844,381.8999938964844,382.71990966796875,380.85009765625,382.5726013183594,203627
2026-06-24 10:28:00-04:00,382.0,382.0,382.20001220703125,381.55999755859375,381.8399963378906,97872
2026-06-24 10:30:00-04:00,383.114990234375,383.114990234375,383.2099914550781,381.9601135253906,382.0849914550781,203326
2026-06-24 10:32:00-04:00,381.43011474609375,381.43011474609375,383.1400146484375,381.42999267578125,383.1400146484375,137645
2026-06-24 10:34:00-04:00,381.6000061035156,381.6000061035156,381.8999938964844,381.25,381.5,119355
2026-06-24 10:36:00-04:00,381.2300109863281,381.2300109863281,381.75,381.0,381.5950012207031,126577
2026-06-24 10:38:00-04:00,380.239990234375,380.239990234375,381.4200134277344,380.1499938964844,381.19500732421875,169645
2026-06-24 10:40:00-04:00,380.1449890136719,380.1449890136719,380.6600036621094,380.0201110839844,380.20001220703125,181156
2026-06-24 10:42:00-04:00,380.1900939941406,380.1900939941406,380.39849853515625,379.6000061035156,380.1106872558594,192188
2026-06-24 10:44:00-04:00,381.0899963378906,381.0899963378906,381.6400146484375,380.2300109863281,380.2349853515625,224566
2026-06-24 10:46:00-04:00,382.9800109863281,382.9800109863281,383.2699890136719,381.0600891113281,381.15301513671875,239377
2026-06-24 10:48:00-04:00,382.7850036621094,382.7850036621094,383.4800109863281,382.5799865722656,382.95001220703125,240834
2026-06-24 10:50:00-04:00,382.2950134277344,382.2950134277344,383.0198974609375,382.0411071777344,382.8500061035156,122172
2026-06-24 10:52:00-04:00,382.4800109863281,382.4800109863281,382.57708740234375,381.760009765625,382.2850036621094,103862
2026-06-24 10:54:00-04:00,381.92999267578125,381.92999267578125,382.7200012207031,381.76019287109375,382.41009521484375,124636
2026-06-24 10:56:00-04:00,382.19000244140625,382.19000244140625,382.3299865722656,381.8500061035156,381.8800048828125,71668
2026-06-24 10:58:00-04:00,383.4549865722656,383.4549865722656,383.5799865722656,382.1700134277344,382.20001220703125,161594
2026-06-24 11:00:00-04:00,383.42498779296875,383.42498779296875,383.6300048828125,382.65008544921875,383.43499755859375,167946
2026-06-24 11:02:00-04:00,382.5860900878906,382.5860900878906,383.6059875488281,382.29998779296875,383.4999084472656,141362
2026-06-24 11:04:00-04:00,382.625,382.625,382.8399963378906,382.2900085449219,382.5799865722656,102573
2026-06-24 11:06:00-04:00,382.6300048828125,382.6300048828125,382.93231201171875,382.510009765625,382.625,126089
2026-06-24 11:08:00-04:00,382.510009765625,382.510009765625,383.1184997558594,382.385009765625,382.7099914550781,128306
2026-06-24 11:10:00-04:00,382.6050109863281,382.6050109863281,382.9198913574219,382.30999755859375,382.510009765625,122954
2026-06-24 11:12:00-04:00,382.6199951171875,382.6199951171875,382.67999267578125,382.0,382.6492919921875,92917
2026-06-24 11:14:00-04:00,383.2900085449219,383.2900085449219,383.30499267578125,382.5199890136719,382.6000061035156,120593
2026-06-24 11:16:00-04:00,384.1600036621094,384.1600036621094,384.3599853515625,383.0799865722656,383.2900085449219,269885
2026-06-24 11:18:00-04:00,383.82501220703125,383.82501220703125,384.2547912597656,383.3064880371094,384.18499755859375,156662
2026-06-24 11:20:00-04:00,383.0150146484375,383.0150146484375,383.989990234375,382.8999938964844,383.79010009765625,131082
2026-06-24 11:22:00-04:00,383.55499267578125,383.55499267578125,383.739990234375,382.8500061035156,382.98651123046875,114811
2026-06-24 11:24:00-04:00,382.8999938964844,382.8999938964844,383.7398986816406,382.7300109863281,383.5400085449219,194784
2026-06-24 11:26:00-04:00,383.6000061035156,383.6000061035156,383.8999938964844,382.9200134277344,382.9200134277344,104396
2026-06-24 11:28:00-04:00,383.7732849121094,383.7732849121094,383.8843994140625,383.1000061035156,383.5299987792969,133515
2026-06-24 11:30:00-04:00,383.239990234375,383.239990234375,384.0,383.0799865722656,383.80999755859375,117138
2026-06-24 11:32:00-04:00,381.7550048828125,381.7550048828125,383.5,381.70001220703125,383.31500244140625,197039
2026-06-24 11:34:00-04:00,381.7650146484375,381.7650146484375,382.1299133300781,381.5400085449219,381.7699890136719,151867
2026-06-24 11:36:00-04:00,381.7900085449219,381.7900085449219,382.0,381.62310791015625,381.79998779296875,133771
2026-06-24 11:38:00-04:00,381.8999938964844,381.8999938964844,382.0,381.44000244140625,381.8299865722656,133780
2026-06-24 11:40:00-04:00,381.7101135253906,381.7101135253906,382.1700134277344,381.6199951171875,381.9150085449219,92834
2026-06-24 11:42:00-04:00,381.6048889160156,381.6048889160156,381.864990234375,381.4100036621094,381.7200012207031,98026
2026-06-24 11:44:00-04:00,381.29998779296875,381.29998779296875,381.8800048828125,381.1000061035156,381.5899963378906,120866
2026-06-24 11:46:00-04:00,381.20001220703125,381.20001220703125,381.45989990234375,380.8999938964844,381.2650146484375,136885
2026-06-24 11:48:00-04:00,381.9049987792969,381.9049987792969,382.0382995605469,381.20001220703125,381.20001220703125,102612
2026-06-24 11:50:00-04:00,382.0299987792969,382.0299987792969,382.1340026855469,381.6600036621094,381.94000244140625,99143
2026-06-24 11:52:00-04:00,382.17498779296875,382.17498779296875,382.4599914550781,381.7300109863281,382.0,137068
2026-06-24 11:54:00-04:00,381.9100036621094,381.9100036621094,382.260009765625,381.7099914550781,382.260009765625,84091
2026-06-24 11:56:00-04:00,381.3800048828125,381.3800048828125,382.1199951171875,381.2401123046875,381.94000244140625,96397
2026-06-24 11:58:00-04:00,380.5198974609375,380.5198974609375,381.4158020019531,380.3999938964844,381.4158020019531,136119
2026-06-24 12:00:00-04:00,381.0,381.0,381.29998779296875,380.1300048828125,380.4849853515625,145075
2026-06-24 12:02:00-04:00,380.8900146484375,380.8900146484375,381.2200012207031,380.8299865722656,381.0000915527344,87929
2026-06-24 12:04:00-04:00,380.95001220703125,380.95001220703125,381.2099914550781,380.82000732421875,380.92498779296875,47830
2026-06-24 12:06:00-04:00,380.95001220703125,380.95001220703125,381.239990234375,380.5299987792969,380.9599914550781,95388
2026-06-24 12:08:00-04:00,381.04998779296875,381.04998779296875,381.2099914550781,380.6600036621094,380.94500732421875,83452
2026-06-24 12:10:00-04:00,381.2149963378906,381.2149963378906,381.6199951171875,380.6099853515625,381.0199890136719,126993
2026-06-24 12:12:00-04:00,381.3550109863281,381.3550109863281,381.5398864746094,381.1099853515625,381.2149963378906,94871
2026-06-24 12:14:00-04:00,381.275390625,381.275390625,381.5199890136719,381.2099914550781,381.3550109863281,54902
2026-06-24 12:16:00-04:00,381.07000732421875,381.07000732421875,381.3599853515625,381.0,381.25,66425
2026-06-24 12:18:00-04:00,381.260009765625,381.260009765625,381.4599914550781,381.04010009765625,381.1098937988281,92978
2026-06-24 12:20:00-04:00,381.20001220703125,381.20001220703125,381.3699951171875,381.05950927734375,381.2749938964844,52622
2026-06-24 12:22:00-04:00,381.7200012207031,381.7200012207031,381.94000244140625,381.0400085449219,381.1499938964844,116387
2026-06-24 12:24:00-04:00,381.2298889160156,381.2298889160156,381.8699951171875,381.1000061035156,381.67498779296875,91219
2026-06-24 12:26:00-04:00,381.29998779296875,381.29998779296875,381.3500061035156,381.010009765625,381.1499938964844,67826
2026-06-24 12:28:00-04:00,381.3800048828125,381.3800048828125,381.69989013671875,381.2250061035156,381.2250061035156,81720
2026-06-24 12:30:00-04:00,380.79998779296875,380.79998779296875,381.3828125,380.5700988769531,381.3828125,125815
2026-06-24 12:32:00-04:00,380.5,380.5,380.8263854980469,380.25,380.8263854980469,115136
2026-06-24 12:34:00-04:00,380.68499755859375,380.68499755859375,380.81280517578125,380.3999938964844,380.5199890136719,63247
2026-06-24 12:36:00-04:00,379.4849853515625,379.4849853515625,380.8399963378906,379.29998779296875,380.70001220703125,226379
2026-06-24 12:38:00-04:00,378.6199951171875,378.6199951171875,379.6050109863281,378.510009765625,379.4849853515625,225576
2026-06-24 12:40:00-04:00,378.20001220703125,378.20001220703125,378.7900085449219,378.04998779296875,378.65899658203125,219047
2026-06-24 12:42:00-04:00,378.3299865722656,378.3299865722656,378.5599060058594,377.8299865722656,378.20001220703125,260554
2026-06-24 12:44:00-04:00,378.4599914550781,378.4599914550781,378.67999267578125,378.25,378.3299865722656,117276
2026-06-24 12:46:00-04:00,378.8485107421875,378.8485107421875,378.9798889160156,378.35009765625,378.4898986816406,108109
2026-06-24 12:48:00-04:00,379.0199890136719,379.0199890136719,379.3999938964844,378.7900085449219,378.8399963378906,161485
2026-06-24 12:50:00-04:00,379.29998779296875,379.29998779296875,379.6600036621094,378.9700012207031,379.0150146484375,110079
2026-06-24 12:52:00-04:00,378.7699890136719,378.7699890136719,379.4171142578125,378.7300109863281,379.32000732421875,94291
2026-06-24 12:54:00-04:00,378.6600036621094,378.6600036621094,378.9999084472656,378.4200134277344,378.7380065917969,103452
2026-06-24 12:56:00-04:00,378.6299133300781,378.6299133300781,378.9200134277344,378.3800048828125,378.7080993652344,89682
2026-06-24 12:58:00-04:00,378.4949951171875,378.4949951171875,378.7699890136719,378.4100036621094,378.6000061035156,95545
2026-06-24 13:00:00-04:00,378.8999938964844,378.8999938964844,378.92999267578125,378.260009765625,378.4599914550781,98749
2026-06-24 13:02:00-04:00,379.1499938964844,379.1499938964844,379.25,378.7101135253906,378.9100036621094,104732
2026-06-24 13:04:00-04:00,378.75,378.75,379.25,378.739990234375,379.1400146484375,75139
2026-06-24 13:06:00-04:00,377.3900146484375,377.3900146484375,378.82989501953125,377.1369934082031,378.726806640625,292819
2026-06-24 13:08:00-04:00,377.43499755859375,377.43499755859375,377.510009765625,377.0299987792969,377.32000732421875,162715
2026-06-24 13:10:00-04:00,377.5799865722656,377.5799865722656,377.99578857421875,377.2300109863281,377.44000244140625,108141
2026-06-24 13:12:00-04:00,377.5400085449219,377.5400085449219,377.96990966796875,377.5101013183594,377.5751037597656,73324
2026-06-24 13:14:00-04:00,377.6000061035156,377.6000061035156,377.8500061035156,377.3299865722656,377.56500244140625,79775
2026-06-24 13:16:00-04:00,376.9599914550781,376.9599914550781,377.6000061035156,376.42010498046875,377.5400085449219,223258
2026-06-24 13:18:00-04:00,376.5625915527344,376.5625915527344,376.94989013671875,376.3800048828125,376.8800048828125,116110
2026-06-24 13:20:00-04:00,375.9100036621094,375.9100036621094,376.57989501953125,375.510009765625,376.55499267578125,278055
2026-06-24 13:22:00-04:00,376.05999755859375,376.05999755859375,376.29998779296875,375.6199951171875,376.0,181190
2026-06-24 13:24:00-04:00,375.8399963378906,375.8399963378906,376.34991455078125,375.5101013183594,376.0350036621094,128533
2026-06-24 13:26:00-04:00,375.70379638671875,375.70379638671875,376.0799865722656,375.5801086425781,375.8299865722656,90911
2026-06-24 13:28:00-04:00,375.52459716796875,375.52459716796875,375.7998962402344,375.25,375.7099914550781,123291
2026-06-24 13:30:00-04:00,374.9700012207031,374.9700012207031,375.8800048828125,374.7300109863281,375.5101013183594,318783
2026-06-24 13:32:00-04:00,374.9049987792969,374.9049987792969,375.3399963378906,374.6600036621094,375.0050048828125,173764
2026-06-24 13:34:00-04:00,375.2850036621094,375.2850036621094,375.8999938964844,374.8793029785156,374.9150085449219,154183
2026-06-24 13:36:00-04:00,374.80999755859375,374.80999755859375,375.3800048828125,374.739990234375,375.2200012207031,109219
2026-06-24 13:38:00-04:00,375.0799865722656,375.0799865722656,375.1499938964844,374.3800048828125,374.7950134277344,215391
2026-06-24 13:40:00-04:00,375.0299987792969,375.0299987792969,375.32989501953125,374.82000732421875,375.0799865722656,114876
2026-06-24 13:42:00-04:00,374.92999267578125,374.92999267578125,375.32000732421875,374.82000732421875,374.989990234375,87118
2026-06-24 13:44:00-04:00,374.4200134277344,374.4200134277344,375.04998779296875,374.4200134277344,374.92999267578125,586613
2026-06-24 13:46:00-04:00,374.92999267578125,374.92999267578125,375.1000061035156,374.2601013183594,374.45001220703125,139017
2026-06-24 13:48:00-04:00,375.05999755859375,375.05999755859375,375.239990234375,374.7001037597656,374.9599914550781,116386
2026-06-24 13:50:00-04:00,374.70001220703125,374.70001220703125,375.05999755859375,374.4599914550781,375.0299987792969,117611
2026-06-24 13:52:00-04:00,374.7449951171875,374.7449951171875,374.8540954589844,374.4200134277344,374.6600036621094,146157
2026-06-24 13:54:00-04:00,375.30999755859375,375.30999755859375,375.4399108886719,374.610107421875,374.79998779296875,110457
2026-06-24 13:56:00-04:00,374.8349914550781,374.8349914550781,375.43060302734375,374.79998779296875,375.29998779296875,144885
2026-06-24 13:58:00-04:00,374.5950012207031,374.5950012207031,374.79998779296875,374.2099914550781,374.79998779296875,176004
2026-06-24 14:00:00-04:00,375.1199951171875,375.1199951171875,375.55999755859375,374.4200134277344,374.5950012207031,137642
2026-06-24 14:02:00-04:00,374.7799987792969,374.7799987792969,375.1400146484375,374.54998779296875,375.114990234375,137101
2026-06-24 14:04:00-04:00,374.5199890136719,374.5199890136719,374.7987060546875,374.1000061035156,374.7550048828125,163368
2026-06-24 14:06:00-04:00,374.38299560546875,374.38299560546875,375.1091003417969,374.32000732421875,374.4949951171875,147922
2026-06-24 14:08:00-04:00,374.5400085449219,374.5400085449219,374.5799865722656,374.2200012207031,374.3999938964844,146873
2026-06-24 14:10:00-04:00,373.8999938964844,373.8999938964844,374.6600036621094,373.8999938964844,374.489990234375,197753
2026-06-24 14:12:00-04:00,374.8450012207031,374.8450012207031,374.8999938964844,373.6600036621094,373.95989990234375,504522
2026-06-24 14:14:00-04:00,376.4100036621094,376.4100036621094,376.4599914550781,374.5299987792969,374.80999755859375,312724
2026-06-24 14:16:00-04:00,376.4176940917969,376.4176940917969,376.5,375.95001220703125,376.32000732421875,156021
2026-06-24 14:18:00-04:00,376.5050048828125,376.5050048828125,376.7499084472656,376.0,376.44500732421875,145977
2026-06-24 14:20:00-04:00,376.75,376.75,376.8800048828125,376.4200134277344,376.510009765625,115806
2026-06-24 14:22:00-04:00,376.82501220703125,376.82501220703125,376.92999267578125,376.3999938964844,376.7049865722656,125613
2026-06-24 14:24:00-04:00,377.4053039550781,377.4053039550781,377.5799865722656,376.7699890136719,376.8251037597656,182890
2026-06-24 14:26:00-04:00,377.30499267578125,377.30499267578125,377.57000732421875,377.19000244140625,377.3999938964844,98977
2026-06-24 14:28:00-04:00,376.9800109863281,376.9800109863281,377.4798889160156,376.92999267578125,377.2799987792969,122525
2026-06-24 14:30:00-04:00,376.9750061035156,376.9750061035156,377.2300109863281,376.7200012207031,377.010009765625,120596
2026-06-24 14:32:00-04:00,376.67999267578125,376.67999267578125,377.0799865722656,376.67279052734375,376.9700012207031,629600
2026-06-24 14:34:00-04:00,376.510009765625,376.510009765625,377.0,376.3999938964844,376.7049865722656,92442
2026-06-24 14:36:00-04:00,376.55999755859375,376.55999755859375,376.8800048828125,376.25,376.6199951171875,95901
2026-06-24 14:38:00-04:00,376.4049987792969,376.4049987792969,376.7699890136719,376.31719970703125,376.6000061035156,64261
2026-06-24 14:40:00-04:00,375.68499755859375,375.68499755859375,376.5498962402344,375.6000061035156,376.4049987792969,155376
2026-06-24 14:42:00-04:00,375.6000061035156,375.6000061035156,376.1177978515625,375.510009765625,375.6499938964844,94099
2026-06-24 14:44:00-04:00,375.6853942871094,375.6853942871094,375.9100036621094,375.5199890136719,375.5899963378906,83425
2026-06-24 14:46:00-04:00,375.1499938964844,375.1499938964844,376.0,375.1199951171875,375.6700134277344,129418
2026-06-24 14:48:00-04:00,374.6549987792969,374.6549987792969,375.2598876953125,374.401611328125,375.2200012207031,172806
2026-06-24 14:50:00-04:00,374.1199951171875,374.1199951171875,374.760009765625,373.989990234375,374.6650085449219,158622
2026-06-24 14:52:00-04:00,374.3299865722656,374.3299865722656,374.6000061035156,374.0799865722656,374.0799865722656,127230
2026-06-24 14:54:00-04:00,374.7799987792969,374.7799987792969,374.8399963378906,374.3349914550781,374.3349914550781,121898
2026-06-24 14:56:00-04:00,374.6499938964844,374.6499938964844,375.32000732421875,374.6138916015625,374.8299865722656,137229
2026-06-24 14:58:00-04:00,374.0787048339844,374.0787048339844,374.67999267578125,373.9100036621094,374.67999267578125,165713
2026-06-24 15:00:00-04:00,373.5199890136719,373.5199890136719,374.2250061035156,373.4100036621094,374.1000061035156,216449
2026-06-24 15:02:00-04:00,374.5400085449219,374.5400085449219,374.80999755859375,373.4700012207031,373.4849853515625,155955
2026-06-24 15:04:00-04:00,374.0400085449219,374.0400085449219,374.7799987792969,373.8500061035156,374.54901123046875,122521
2026-06-24 15:06:00-04:00,373.55499267578125,373.55499267578125,374.2200012207031,373.1700134277344,374.04998779296875,396164
2026-06-24 15:08:00-04:00,373.67999267578125,373.67999267578125,373.9599914550781,373.30999755859375,373.55499267578125,105660
2026-06-24 15:10:00-04:00,373.260009765625,373.260009765625,373.7998962402344,373.260009765625,373.69000244140625,121492
2026-06-24 15:12:00-04:00,373.1799011230469,373.1799011230469,373.5,373.04998779296875,373.2950134277344,138642
2026-06-24 15:14:00-04:00,373.5400085449219,373.5400085449219,373.7799987792969,373.1099853515625,373.1099853515625,105240
2026-06-24 15:16:00-04:00,374.2950134277344,374.2950134277344,374.29998779296875,373.4209899902344,373.5423889160156,107912
2026-06-24 15:18:00-04:00,374.4700012207031,374.4700012207031,374.54998779296875,374.17999267578125,374.29998779296875,129241
2026-06-24 15:20:00-04:00,374.510009765625,374.510009765625,374.6700134277344,374.2099914550781,374.489990234375,69568
2026-06-24 15:22:00-04:00,375.04998779296875,375.04998779296875,375.4200134277344,374.4100036621094,374.510009765625,142178
2026-06-24 15:24:00-04:00,375.625,375.625,375.8500061035156,374.9200134277344,375.0350036621094,158841
2026-06-24 15:26:00-04:00,375.9599914550781,375.9599914550781,376.0899963378906,375.5000915527344,375.625,143861
2026-06-24 15:28:00-04:00,376.2200012207031,376.2200012207031,376.30999755859375,375.8500061035156,375.8800048828125,129788
2026-06-24 15:30:00-04:00,375.7749938964844,375.7749938964844,376.4800109863281,375.7749938964844,376.260009765625,133306
2026-06-24 15:32:00-04:00,375.739990234375,375.739990234375,375.989990234375,375.4800109863281,375.77508544921875,112550
2026-06-24 15:34:00-04:00,375.7799987792969,375.7799987792969,376.0199890136719,375.57000732421875,375.69000244140625,108707
2026-06-24 15:36:00-04:00,375.7099914550781,375.7099914550781,376.2699890136719,375.7099914550781,375.7699890136719,148974
2026-06-24 15:38:00-04:00,375.9700012207031,375.9700012207031,376.0400085449219,375.54998779296875,375.7001037597656,105829
2026-06-24 15:40:00-04:00,375.610107421875,375.610107421875,376.2300109863281,375.54998779296875,376.0,97471
2026-06-24 15:42:00-04:00,375.79998779296875,375.79998779296875,375.9599914550781,375.360107421875,375.6650085449219,93983
2026-06-24 15:44:00-04:00,376.54998779296875,376.54998779296875,376.70001220703125,375.6720886230469,375.79998779296875,126644
2026-06-24 15:46:00-04:00,376.4949951171875,376.4949951171875,376.7784118652344,376.20001220703125,376.5299987792969,145476
2026-06-24 15:48:00-04:00,376.3399963378906,376.3399963378906,376.5299987792969,376.0199890136719,376.4849853515625,116973
2026-06-24 15:50:00-04:00,376.95001220703125,376.95001220703125,377.1000061035156,376.0,376.3299865722656,266469
2026-06-24 15:52:00-04:00,376.6099853515625,376.6099853515625,377.3900146484375,376.6099853515625,376.95001220703125,247734
2026-06-24 15:54:00-04:00,376.0150146484375,376.0150146484375,376.95001220703125,375.94000244140625,376.6600036621094,343210
2026-06-24 15:56:00-04:00,375.69000244140625,375.69000244140625,376.510009765625,375.5450134277344,376.05999755859375,272815
2026-06-24 15:58:00-04:00,375.3599853515625,375.3599853515625,375.8999938964844,375.2699890136719,375.6700134277344,800132
2026-06-25 09:30:00-04:00,374.7250061035156,374.7250061035156,378.5400085449219,373.8999938964844,378.125,1750684
2026-06-25 09:32:00-04:00,374.1449890136719,374.1449890136719,375.0400085449219,373.44000244140625,374.7200012207031,299012
2026-06-25 09:34:00-04:00,373.3550109863281,373.3550109863281,374.24859619140625,372.53009033203125,374.0849914550781,326014
2026-06-25 09:36:00-04:00,375.2200012207031,375.2200012207031,375.4549865722656,373.1700134277344,373.414794921875,308518
2026-06-25 09:38:00-04:00,374.5801086425781,374.5801086425781,377.1474914550781,374.3500061035156,375.2200012207031,400009
2026-06-25 09:40:00-04:00,373.1650085449219,373.1650085449219,375.1000061035156,373.02178955078125,374.67999267578125,310922
2026-06-25 09:42:00-04:00,374.1199951171875,374.1199951171875,375.3999938964844,373.0799865722656,373.0799865722656,310882
2026-06-25 09:44:00-04:00,375.04998779296875,375.04998779296875,376.21990966796875,373.9150085449219,374.2200012207031,275694
2026-06-25 09:46:00-04:00,372.69500732421875,372.69500732421875,375.4595031738281,372.6300048828125,375.1300048828125,319448
2026-06-25 09:48:00-04:00,374.17999267578125,374.17999267578125,374.3996887207031,372.25,372.82000732421875,279400
2026-06-25 09:50:00-04:00,373.8699951171875,373.8699951171875,375.9755859375,373.82000732421875,374.19000244140625,255684
2026-06-25 09:52:00-04:00,372.2601013183594,372.2601013183594,373.9700012207031,372.17999267578125,373.8900146484375,249662
2026-06-25 09:54:00-04:00,371.989990234375,371.989990234375,373.0498962402344,371.4501037597656,372.3500061035156,311954
2026-06-25 09:56:00-04:00,372.54998779296875,372.54998779296875,372.96990966796875,371.9200134277344,371.9949951171875,194904
2026-06-25 09:58:00-04:00,371.7799987792969,371.7799987792969,372.6799011230469,371.22100830078125,372.55499267578125,232375
2026-06-25 10:00:00-04:00,373.6400146484375,373.6400146484375,373.70001220703125,371.69500732421875,371.8450012207031,256975
2026-06-25 10:02:00-04:00,375.2200012207031,375.2200012207031,376.06988525390625,373.3699951171875,373.5950012207031,283701
2026-06-25 10:04:00-04:00,375.5,375.5,376.5,374.489990234375,375.20318603515625,226215
2026-06-25 10:06:00-04:00,376.19500732421875,376.19500732421875,376.5,375.1600036621094,375.5299987792969,216229
2026-06-25 10:08:00-04:00,376.54998779296875,376.54998779296875,376.67999267578125,375.70001220703125,376.19500732421875,189730
2026-06-25 10:10:00-04:00,376.010009765625,376.010009765625,377.760009765625,375.9100036621094,376.5,262875
2026-06-25 10:12:00-04:00,376.1650085449219,376.1650085449219,376.3999938964844,375.6099853515625,375.93499755859375,195193
2026-06-25 10:14:00-04:00,375.9150085449219,375.9150085449219,376.54998779296875,375.55999755859375,376.1650085449219,139395
2026-06-25 10:16:00-04:00,375.625,375.625,376.55999755859375,375.1300048828125,375.9100036621094,176838
2026-06-25 10:18:00-04:00,376.6700134277344,376.6700134277344,376.760009765625,374.9100036621094,375.58050537109375,168116
2026-06-25 10:20:00-04:00,377.0799865722656,377.0799865722656,377.9247131347656,376.4801025390625,376.5199890136719,191886
2026-06-25 10:22:00-04:00,375.7401123046875,375.7401123046875,377.25,375.364990234375,376.989990234375,139793
2026-06-25 10:24:00-04:00,375.3843994140625,375.3843994140625,375.8500061035156,375.0,375.8299865722656,103198
2026-06-25 10:26:00-04:00,375.9599914550781,375.9599914550781,376.44000244140625,375.0805969238281,375.2900085449219,91845
2026-06-25 10:28:00-04:00,376.4150085449219,376.4150085449219,376.739990234375,375.6000061035156,375.989990234375,105344
2026-06-25 10:30:00-04:00,376.760009765625,376.760009765625,377.0799865722656,376.105712890625,376.4150085449219,117012
2026-06-25 10:32:00-04:00,377.8099060058594,377.8099060058594,378.1700134277344,376.57000732421875,376.7349853515625,199874
2026-06-25 10:34:00-04:00,377.6099853515625,377.6099853515625,377.8301086425781,376.70001220703125,377.66009521484375,132821
2026-06-25 10:36:00-04:00,376.8900146484375,376.8900146484375,377.7850036621094,376.31500244140625,377.614990234375,144498
2026-06-25 10:38:00-04:00,377.6199951171875,377.6199951171875,377.7699890136719,376.8299865722656,376.8399963378906,106011
2026-06-25 10:40:00-04:00,376.59991455078125,376.59991455078125,377.6400146484375,376.45001220703125,377.6199951171875,106852
2026-06-25 10:42:00-04:00,376.1650085449219,376.1650085449219,376.89990234375,376.07000732421875,376.54998779296875,113254
2026-06-25 10:44:00-04:00,375.94500732421875,375.94500732421875,376.54998779296875,375.6199951171875,376.2300109863281,110218
2026-06-25 10:46:00-04:00,376.2900085449219,376.2900085449219,376.3699951171875,375.75,375.8999938964844,80506
2026-06-25 10:48:00-04:00,377.44989013671875,377.44989013671875,377.54998779296875,376.19500732421875,376.19500732421875,159484
2026-06-25 10:50:00-04:00,377.8699951171875,377.8699951171875,378.0899963378906,376.8500061035156,377.4100036621094,139152
2026-06-25 10:52:00-04:00,377.44500732421875,377.44500732421875,378.20001220703125,377.260009765625,377.8550109863281,115749
2026-06-25 10:54:00-04:00,377.2850036621094,377.2850036621094,377.7998962402344,377.1300048828125,377.4649963378906,99312
2026-06-25 10:56:00-04:00,374.8349914550781,374.8349914550781,377.3599853515625,374.760009765625,377.3599853515625,202511
2026-06-25 10:58:00-04:00,374.7099914550781,374.7099914550781,375.54998779296875,374.5,374.8351135253906,149955
2026-06-25 11:00:00-04:00,375.1700134277344,375.1700134277344,375.5150146484375,374.5299987792969,374.7699890136719,185155
2026-06-25 11:02:00-04:00,375.2099914550781,375.2099914550781,375.5799865722656,374.8699951171875,375.1700134277344,105019
2026-06-25 11:04:00-04:00,375.489990234375,375.489990234375,376.4999084472656,375.1000061035156,375.15008544921875,178918
2026-06-25 11:06:00-04:00,375.6199951171875,375.6199951171875,375.8500061035156,375.02239990234375,375.5350036621094,82889
2026-06-25 11:08:00-04:00,375.1700134277344,375.1700134277344,375.95001220703125,374.989990234375,375.57000732421875,92963
2026-06-25 11:10:00-04:00,374.2250061035156,374.2250061035156,375.32379150390625,373.95001220703125,375.1499938964844,192236
2026-06-25 11:12:00-04:00,373.0,373.0,374.45989990234375,372.8399963378906,374.10699462890625,219734
2026-06-25 11:14:00-04:00,372.75,372.75,373.25,372.42999267578125,373.0350036621094,177924
2026-06-25 11:16:00-04:00,373.3699951171875,373.3699951171875,373.5199890136719,372.35009765625,372.760009765625,160937
2026-06-25 11:18:00-04:00,374.6394958496094,374.6394958496094,374.9999084472656,373.2900085449219,373.30499267578125,163248
2026-06-25 11:20:00-04:00,375.0199890136719,375.0199890136719,375.114990234375,374.2200012207031,374.6000061035156,141243
2026-06-25 11:22:00-04:00,375.8399963378906,375.8399963378906,376.5993957519531,374.8599853515625,375.06500244140625,172892
2026-06-25 11:24:00-04:00,375.4200134277344,375.4200134277344,376.44000244140625,375.25,375.80010986328125,161543
2026-06-25 11:26:00-04:00,375.1600036621094,375.1600036621094,375.6400146484375,374.6099853515625,375.3399963378906,133485
2026-06-25 11:28:00-04:00,375.0,375.0,375.2099914550781,374.6099853515625,375.1604919433594,75690
2026-06-25 11:30:00-04:00,375.7200012207031,375.7200012207031,375.8999938964844,374.9692077636719,375.1000061035156,90345
2026-06-25 11:32:00-04:00,376.239990234375,376.239990234375,376.489990234375,375.7099914550781,375.760009765625,141799
2026-06-25 11:34:00-04:00,376.2550048828125,376.2550048828125,376.29998779296875,375.5267028808594,376.1919860839844,95070
2026-06-25 11:36:00-04:00,376.885009765625,376.885009765625,377.3399963378906,376.29998779296875,376.29998779296875,211633
2026-06-25 11:38:00-04:00,375.79998779296875,375.79998779296875,376.9700012207031,375.75,376.8599853515625,103567
2026-06-25 11:40:00-04:00,375.8599853515625,375.8599853515625,376.1400146484375,375.5002136230469,375.837890625,86019
2026-06-25 11:42:00-04:00,375.4150085449219,375.4150085449219,376.0,375.2099914550781,375.80999755859375,87067
2026-06-25 11:44:00-04:00,376.3599853515625,376.3599853515625,376.3900146484375,375.3900146484375,375.4150085449219,349677
2026-06-25 11:46:00-04:00,376.1650085449219,376.1650085449219,376.760009765625,376.0,376.3299865722656,72153
2026-06-25 11:48:00-04:00,375.489990234375,375.489990234375,376.1300048828125,375.2300109863281,376.1300048828125,86249
2026-06-25 11:50:00-04:00,375.32501220703125,375.32501220703125,375.8599853515625,375.07000732421875,375.4949951171875,125144
2026-06-25 11:52:00-04:00,375.4753112792969,375.4753112792969,375.5899963378906,375.20001220703125,375.30999755859375,48350
2026-06-25 11:54:00-04:00,375.6000061035156,375.6000061035156,375.82000732421875,375.3999938964844,375.510009765625,64140
2026-06-25 11:56:00-04:00,375.5801086425781,375.5801086425781,375.9700012207031,375.4700012207031,375.5899963378906,60779
2026-06-25 11:58:00-04:00,375.57000732421875,375.57000732421875,375.7298889160156,375.3399963378906,375.5,161296
2026-06-25 12:00:00-04:00,375.3351135253906,375.3351135253906,375.7544860839844,375.0,375.6300048828125,84436
2026-06-25 12:02:00-04:00,374.8550109863281,374.8550109863281,375.3699951171875,374.74249267578125,375.29998779296875,94635
2026-06-25 12:04:00-04:00,375.4339904785156,375.4339904785156,375.6499938964844,374.8100891113281,374.94989013671875,91608
2026-06-25 12:06:00-04:00,375.489990234375,375.489990234375,376.1698913574219,375.2650146484375,375.3800048828125,82553
2026-06-25 12:08:00-04:00,375.85009765625,375.85009765625,376.0198974609375,375.42999267578125,375.55499267578125,52889
2026-06-25 12:10:00-04:00,375.7799987792969,375.7799987792969,376.6499938964844,375.6199951171875,375.8399963378906,111358
2026-06-25 12:12:00-04:00,376.03509521484375,376.03509521484375,376.1199951171875,375.30999755859375,375.80999755859375,73243
2026-06-25 12:14:00-04:00,375.6300048828125,375.6300048828125,375.93499755859375,375.510009765625,375.93499755859375,42617
2026-06-25 12:16:00-04:00,375.4800109863281,375.4800109863281,375.7300109863281,375.25,375.5400085449219,76144
2026-06-25 12:18:00-04:00,375.7900085449219,375.7900085449219,375.8500061035156,375.5,375.5,53050
2026-06-25 12:20:00-04:00,375.6300048828125,375.6300048828125,375.8599853515625,375.2904968261719,375.7449951171875,56764
2026-06-25 12:22:00-04:00,374.79998779296875,374.79998779296875,375.8299865722656,374.7900085449219,375.6629943847656,118665
2026-06-25 12:24:00-04:00,374.82000732421875,374.82000732421875,375.0799865722656,374.5,374.79998779296875,93484
2026-06-25 12:26:00-04:00,374.5050048828125,374.5050048828125,375.0299987792969,374.3800048828125,374.7699890136719,70727
2026-06-25 12:28:00-04:00,374.3900146484375,374.3900146484375,374.67999267578125,374.0400085449219,374.489990234375,79017
2026-06-25 12:30:00-04:00,374.2950134277344,374.2950134277344,374.67999267578125,374.1400146484375,374.37799072265625,179984
2026-06-25 12:32:00-04:00,373.9100036621094,373.9100036621094,374.5899963378906,373.55999755859375,374.3699951171875,106616
2026-06-25 12:34:00-04:00,373.8299865722656,373.8299865722656,373.9599914550781,373.6600036621094,373.9100036621094,96218
2026-06-25 12:36:00-04:00,373.7200012207031,373.7200012207031,374.0799865722656,373.6300964355469,373.80999755859375,58413
2026-06-25 12:38:00-04:00,373.4800109863281,373.4800109863281,373.739990234375,373.2699890136719,373.6700134277344,110268
2026-06-25 12:40:00-04:00,373.30999755859375,373.30999755859375,373.69989013671875,373.1600036621094,373.4700012207031,117227
2026-06-25 12:42:00-04:00,373.1700134277344,373.1700134277344,373.57000732421875,373.1401062011719,373.3699951171875,66281
2026-06-25 12:44:00-04:00,372.110107421875,372.110107421875,373.32000732421875,372.110107421875,373.2250061035156,145589
2026-06-25 12:46:00-04:00,373.239990234375,373.239990234375,373.42950439453125,372.0299987792969,372.1400146484375,136904
2026-06-25 12:48:00-04:00,373.6400146484375,373.6400146484375,373.75,373.07000732421875,373.20001220703125,115448
2026-06-25 12:50:00-04:00,373.260009765625,373.260009765625,373.79998779296875,373.25,373.6000061035156,72667
2026-06-25 12:52:00-04:00,373.8599853515625,373.8599853515625,373.8999938964844,373.07000732421875,373.260009765625,98302
2026-06-25 12:54:00-04:00,373.05499267578125,373.05499267578125,373.94989013671875,372.95001220703125,373.7300109863281,75627
2026-06-25 12:56:00-04:00,373.32501220703125,373.32501220703125,373.5,373.0199890136719,373.08221435546875,56416
2026-06-25 12:58:00-04:00,373.2434997558594,373.2434997558594,373.4798889160156,372.92999267578125,373.3599853515625,65013
2026-06-25 13:00:00-04:00,373.8399963378906,373.8399963378906,374.2074890136719,373.17999267578125,373.260009765625,99580
2026-06-25 13:02:00-04:00,373.68499755859375,373.68499755859375,373.8299865722656,373.3009033203125,373.8299865722656,58106
2026-06-25 13:04:00-04:00,373.3900146484375,373.3900146484375,373.7699890136719,373.19000244140625,373.68499755859375,60763
2026-06-25 13:06:00-04:00,373.19000244140625,373.19000244140625,373.3999938964844,372.8299865722656,373.3999938964844,74718
2026-06-25 13:08:00-04:00,373.3999938964844,373.3999938964844,373.4898986816406,373.1700134277344,373.19000244140625,49375
2026-06-25 13:10:00-04:00,374.1449890136719,374.1449890136719,374.69000244140625,373.4100036621094,373.4100036621094,148709
2026-06-25 13:12:00-04:00,374.20001220703125,374.20001220703125,374.2900085449219,373.66009521484375,374.2250061035156,52332
2026-06-25 13:14:00-04:00,375.0603942871094,375.0603942871094,375.14990234375,373.860107421875,374.17999267578125,297560
2026-06-25 13:16:00-04:00,374.8500061035156,374.8500061035156,375.2789001464844,374.6199951171875,375.1600036621094,69040
2026-06-25 13:18:00-04:00,374.0299987792969,374.0299987792969,374.8399963378906,373.94000244140625,374.80010986328125,63643
2026-06-25 13:20:00-04:00,374.1449890136719,374.1449890136719,374.4800109863281,373.6400146484375,374.05499267578125,99211
2026-06-25 13:22:00-04:00,374.1300048828125,374.1300048828125,374.3500061035156,373.95001220703125,374.19500732421875,50009
2026-06-25 13:24:00-04:00,374.05499267578125,374.05499267578125,374.29998779296875,373.8500061035156,374.159912109375,42387
2026-06-25 13:26:00-04:00,374.44000244140625,374.44000244140625,374.6400146484375,374.0799865722656,374.0799865722656,49288
2026-06-25 13:28:00-04:00,374.3550109863281,374.3550109863281,374.4599914550781,373.9700012207031,374.3800048828125,53122
2026-06-25 13:30:00-04:00,374.30499267578125,374.30499267578125,374.6400146484375,374.2099914550781,374.3699951171875,47451
2026-06-25 13:32:00-04:00,374.3949890136719,374.3949890136719,374.6098937988281,374.0815124511719,374.30499267578125,64705
2026-06-25 13:34:00-04:00,374.5,374.5,374.6400146484375,374.2099914550781,374.375,41835
2026-06-25 13:36:00-04:00,374.7900085449219,374.7900085449219,374.9800109863281,374.3299865722656,374.510009765625,64784
2026-06-25 13:38:00-04:00,374.8800048828125,374.8800048828125,375.1700134277344,374.5799865722656,374.76019287109375,79613
2026-06-25 13:40:00-04:00,374.4800109863281,374.4800109863281,374.8489990234375,374.3800048828125,374.8450012207031,81342
2026-06-25 13:42:00-04:00,374.17498779296875,374.17498779296875,374.5849914550781,374.1494140625,374.5150146484375,56706
2026-06-25 13:44:00-04:00,373.5,373.5,374.18389892578125,373.27880859375,374.17999267578125,100260
2026-06-25 13:46:00-04:00,373.489990234375,373.489990234375,373.8800048828125,373.3599853515625,373.5154113769531,53354
2026-06-25 13:48:00-04:00,373.510009765625,373.510009765625,373.6400146484375,373.3200988769531,373.489990234375,41803
2026-06-25 13:50:00-04:00,373.2349853515625,373.2349853515625,373.8599853515625,373.17999267578125,373.56988525390625,75268
2026-06-25 13:52:00-04:00,373.739990234375,373.739990234375,373.8999938964844,373.2500915527344,373.2900085449219,75932
2026-06-25 13:54:00-04:00,373.8399963378906,373.8399963378906,373.92999267578125,373.6600036621094,373.739990234375,66537
2026-06-25 13:56:00-04:00,373.9800109863281,373.9800109863281,374.07000732421875,373.29998779296875,373.8299865722656,74420
2026-06-25 13:58:00-04:00,374.3900146484375,374.3900146484375,374.45001220703125,373.92999267578125,373.9549865722656,67591
2026-06-25 14:00:00-04:00,374.2674865722656,374.2674865722656,374.4844970703125,374.0299987792969,374.4200134277344,71898
2026-06-25 14:02:00-04:00,372.864990234375,372.864990234375,374.260009765625,372.8599853515625,374.260009765625,166913
2026-06-25 14:04:00-04:00,372.9700012207031,372.9700012207031,373.2900085449219,372.5,372.8699951171875,116317
2026-06-25 14:06:00-04:00,373.739990234375,373.739990234375,374.1199951171875,372.8399963378906,372.9700012207031,133349
2026-06-25 14:08:00-04:00,374.3599853515625,374.3599853515625,374.5671081542969,373.6200866699219,373.8399963378906,89268
2026-06-25 14:10:00-04:00,374.2174987792969,374.2174987792969,374.4599914550781,373.8800048828125,374.2950134277344,91594
2026-06-25 14:12:00-04:00,373.6907958984375,373.6907958984375,374.3399963378906,373.4200134277344,374.2181091308594,87281
2026-06-25 14:14:00-04:00,373.760009765625,373.760009765625,373.7699890136719,373.3500061035156,373.5799865722656,50483
2026-06-25 14:16:00-04:00,373.9700012207031,373.9700012207031,374.25,373.70001220703125,373.739990234375,52342
2026-06-25 14:18:00-04:00,374.92498779296875,374.92498779296875,375.1600036621094,373.8949890136719,374.0199890136719,114244
2026-06-25 14:20:00-04:00,374.1300048828125,374.1300048828125,375.3999938964844,374.0299987792969,374.8599853515625,113739
2026-06-25 14:22:00-04:00,374.57000732421875,374.57000732421875,374.739990234375,374.07000732421875,374.1300048828125,66811
2026-06-25 14:24:00-04:00,375.30999755859375,375.30999755859375,375.489990234375,374.4200134277344,374.57000732421875,115752
2026-06-25 14:26:00-04:00,375.6899108886719,375.6899108886719,375.6899108886719,375.0799865722656,375.30999755859375,83417
2026-06-25 14:28:00-04:00,375.8999938964844,375.8999938964844,375.989990234375,375.54010009765625,375.6026916503906,91610
2026-06-25 14:30:00-04:00,375.49639892578125,375.49639892578125,375.94000244140625,375.3299865722656,375.8999938964844,91618
2026-06-25 14:32:00-04:00,374.6719970703125,374.6719970703125,375.5,374.5899963378906,375.4960021972656,81167
2026-06-25 14:34:00-04:00,374.239990234375,374.239990234375,374.8099060058594,373.8299865722656,374.7099914550781,118683
2026-06-25 14:36:00-04:00,374.4100036621094,374.4100036621094,374.41070556640625,373.9209899902344,374.3399963378906,68863
2026-06-25 14:38:00-04:00,374.5799865722656,374.5799865722656,374.8900146484375,374.2200012207031,374.4150085449219,65771
2026-06-25 14:40:00-04:00,374.1099853515625,374.1099853515625,374.6499938964844,374.1099853515625,374.55999755859375,53341
2026-06-25 14:42:00-04:00,373.8500061035156,373.8500061035156,374.17999267578125,373.54998779296875,374.1784973144531,89789
2026-06-25 14:44:00-04:00,373.2900085449219,373.2900085449219,374.0199890136719,373.04998779296875,373.8900146484375,90579
2026-06-25 14:46:00-04:00,373.1099853515625,373.1099853515625,373.5,372.55999755859375,373.2900085449219,110642
2026-06-25 14:48:00-04:00,373.4501037597656,373.4501037597656,373.5899963378906,373.04998779296875,373.1050109863281,89460
2026-06-25 14:50:00-04:00,373.7099914550781,373.7099914550781,373.8788146972656,373.4649963378906,373.4649963378906,83328
2026-06-25 14:52:00-04:00,374.2900085449219,374.2900085449219,374.70001220703125,373.7099914550781,373.7699890136719,192649
2026-06-25 14:54:00-04:00,374.05499267578125,374.05499267578125,374.5,374.010009765625,374.29010009765625,72596
2026-06-25 14:56:00-04:00,373.9150085449219,373.9150085449219,374.1400146484375,373.7001037597656,374.1400146484375,89306
2026-06-25 14:58:00-04:00,373.95001220703125,373.95001220703125,374.2200012207031,373.7200012207031,373.9495849609375,70641
2026-06-25 15:00:00-04:00,373.44000244140625,373.44000244140625,373.9700012207031,373.2799987792969,373.95001220703125,108224
2026-06-25 15:02:00-04:00,373.375,373.375,373.4906921386719,373.05999755859375,373.4100036621094,61251
2026-06-25 15:04:00-04:00,373.010009765625,373.010009765625,373.510009765625,373.010009765625,373.3800048828125,49258
2026-06-25 15:06:00-04:00,373.44500732421875,373.44500732421875,373.4700012207031,373.0,373.0199890136719,384814
2026-06-25 15:08:00-04:00,373.5299987792969,373.5299987792969,373.6000061035156,373.2500915527344,373.42999267578125,122706
2026-06-25 15:10:00-04:00,373.40020751953125,373.40020751953125,373.69000244140625,373.2432861328125,373.6000061035156,59843
2026-06-25 15:12:00-04:00,373.25,373.25,373.57000732421875,373.1300964355469,373.3599853515625,62930
2026-06-25 15:14:00-04:00,373.5,373.5,373.69000244140625,373.2799987792969,373.2799987792969,168668
2026-06-25 15:16:00-04:00,373.5201110839844,373.5201110839844,373.92999267578125,373.3800964355469,373.5199890136719,241966
2026-06-25 15:18:00-04:00,373.7149963378906,373.7149963378906,373.75,373.3999938964844,373.5199890136719,62477
2026-06-25 15:20:00-04:00,373.6499938964844,373.6499938964844,374.0098876953125,373.6050109863281,373.7099914550781,127351
2026-06-25 15:22:00-04:00,373.3699951171875,373.3699951171875,373.69000244140625,373.2401123046875,373.625,107373
2026-06-25 15:24:00-04:00,372.8900146484375,372.8900146484375,373.5982971191406,372.79998779296875,373.3214111328125,132930
2026-06-25 15:26:00-04:00,373.0199890136719,373.0199890136719,373.19000244140625,372.760009765625,372.92999267578125,93786
2026-06-25 15:28:00-04:00,373.5400085449219,373.5400085449219,373.7598876953125,373.04998779296875,373.04998779296875,118513
2026-06-25 15:30:00-04:00,373.1650085449219,373.1650085449219,373.6199951171875,373.0799865722656,373.5199890136719,101531
2026-06-25 15:32:00-04:00,373.2950134277344,373.2950134277344,373.589599609375,373.1700134277344,373.1700134277344,169399
2026-06-25 15:34:00-04:00,373.5801086425781,373.5801086425781,373.7200012207031,373.2699890136719,373.2900085449219,70380
2026-06-25 15:36:00-04:00,373.5050048828125,373.5050048828125,373.8500061035156,373.2300109863281,373.6199951171875,135234
2026-06-25 15:38:00-04:00,373.7200012207031,373.7200012207031,373.7298889160156,373.3399963378906,373.5284118652344,71629
2026-06-25 15:40:00-04:00,374.07000732421875,374.07000732421875,374.2049865722656,373.42999267578125,373.75,212503
2026-06-25 15:42:00-04:00,374.06500244140625,374.06500244140625,374.3699951171875,373.9100036621094,374.010009765625,110107
2026-06-25 15:44:00-04:00,373.94500732421875,373.94500732421875,374.17999267578125,373.760009765625,374.0448913574219,142516
2026-06-25 15:46:00-04:00,373.5992126464844,373.5992126464844,374.0,373.5799865722656,373.92999267578125,99466
2026-06-25 15:48:00-04:00,373.81500244140625,373.81500244140625,373.8699951171875,373.1499938964844,373.6199035644531,136215
2026-06-25 15:50:00-04:00,374.0150146484375,374.0150146484375,374.32000732421875,373.80999755859375,373.8699951171875,174869
2026-06-25 15:52:00-04:00,373.9798889160156,373.9798889160156,374.42999267578125,373.7900085449219,374.0299987792969,194338
2026-06-25 15:54:00-04:00,374.5,374.5,374.80999755859375,373.7950134277344,374.0299987792969,207178
2026-06-25 15:56:00-04:00,374.5400085449219,374.5400085449219,374.75,374.25,374.5199890136719,207084
2026-06-25 15:58:00-04:00,375.1499938964844,375.1499938964844,375.25,374.3599853515625,374.57000732421875,547835
2026-06-26 09:30:00-04:00,371.2200012207031,371.2200012207031,371.6000061035156,369.56500244140625,370.1400146484375,1559478
2026-06-26 09:32:00-04:00,368.6400146484375,368.6400146484375,371.7300109863281,368.6400146484375,371.3299865722656,337944
2026-06-26 09:34:00-04:00,370.1099853515625,370.1099853515625,371.20001220703125,368.6000061035156,368.67999267578125,284006
2026-06-26 09:36:00-04:00,369.57501220703125,369.57501220703125,371.20001220703125,369.3399963378906,370.2773132324219,232571
2026-06-26 09:38:00-04:00,371.489990234375,371.489990234375,372.20001220703125,369.57000732421875,369.57000732421875,402434
2026-06-26 09:40:00-04:00,371.739990234375,371.739990234375,372.1499938964844,371.04010009765625,371.54400634765625,459655
2026-06-26 09:42:00-04:00,373.2799987792969,373.2799987792969,373.9800109863281,371.3500061035156,371.739990234375,398329
2026-06-26 09:44:00-04:00,371.35589599609375,371.35589599609375,373.69000244140625,371.2099914550781,373.2799987792969,441401
2026-06-26 09:46:00-04:00,371.8002014160156,371.8002014160156,373.0799865722656,371.0201110839844,371.489990234375,340478
2026-06-26 09:48:00-04:00,372.4100036621094,372.4100036621094,372.7250061035156,371.42999267578125,371.79998779296875,202391
2026-06-26 09:50:00-04:00,372.9750061035156,372.9750061035156,373.3503112792969,372.0,372.4100036621094,355881
2026-06-26 09:52:00-04:00,372.8800048828125,372.8800048828125,373.5,372.45001220703125,372.989990234375,181072
2026-06-26 09:54:00-04:00,373.3399963378906,373.3399963378906,373.6400146484375,372.3999938964844,372.840087890625,215296
2026-06-26 09:56:00-04:00,374.25,374.25,374.70001220703125,373.0201110839844,373.2950134277344,315447
2026-06-26 09:58:00-04:00,374.7300109863281,374.7300109863281,374.75,373.7900085449219,374.1300048828125,150664
2026-06-26 10:00:00-04:00,375.1499938964844,375.1499938964844,376.20001220703125,374.4211120605469,374.70001220703125,399569
2026-06-26 10:02:00-04:00,374.5199890136719,374.5199890136719,375.2799987792969,373.9100036621094,375.1499938964844,226707
2026-06-26 10:04:00-04:00,375.7200927734375,375.7200927734375,376.1199035644531,374.4400939941406,374.5950012207031,224815
2026-06-26 10:06:00-04:00,375.5199890136719,375.5199890136719,376.0,375.0700988769531,375.8299865722656,143102
2026-06-26 10:08:00-04:00,376.2567138671875,376.2567138671875,376.29998779296875,375.30999755859375,375.6700134277344,171911
2026-06-26 10:10:00-04:00,376.42999267578125,376.42999267578125,376.6300048828125,375.5899963378906,376.2550048828125,279417
2026-06-26 10:12:00-04:00,377.355712890625,377.355712890625,377.69000244140625,376.1499938964844,376.4599914550781,293097
2026-06-26 10:14:00-04:00,377.090087890625,377.090087890625,377.44500732421875,376.6499938964844,377.385009765625,207440
2026-06-26 10:16:00-04:00,376.2300109863281,376.2300109863281,377.3399963378906,376.0050048828125,377.2799987792969,217904
2026-06-26 10:18:00-04:00,375.6300048828125,375.6300048828125,376.8399963378906,375.55010986328125,376.2300109863281,225655
2026-06-26 10:20:00-04:00,376.4800109863281,376.4800109863281,377.1614074707031,375.30010986328125,375.6300048828125,280849
2026-06-26 10:22:00-04:00,377.239990234375,377.239990234375,377.3800048828125,376.3699951171875,376.4800109863281,128466
2026-06-26 10:24:00-04:00,377.3999938964844,377.3999938964844,377.55999755859375,376.92999267578125,377.239990234375,160563
2026-06-26 10:26:00-04:00,377.56988525390625,377.56988525390625,377.7543029785156,377.05999755859375,377.4150085449219,155963
2026-06-26 10:28:00-04:00,377.40008544921875,377.40008544921875,377.8900146484375,377.1000061035156,377.55499267578125,180414
2026-06-26 10:30:00-04:00,377.05999755859375,377.05999755859375,378.010009765625,376.67010498046875,377.4599914550781,274445
2026-06-26 10:32:00-04:00,376.885009765625,376.885009765625,377.2799987792969,376.55999755859375,377.05999755859375,199594
2026-06-26 10:34:00-04:00,377.07000732421875,377.07000732421875,377.5,376.8200988769531,376.8900146484375,111736
2026-06-26 10:36:00-04:00,376.9750061035156,376.9750061035156,377.1698913574219,376.3500061035156,377.05999755859375,138655
2026-06-26 10:38:00-04:00,376.7850036621094,376.7850036621094,377.54998779296875,376.4800109863281,377.1700134277344,183505
2026-06-26 10:40:00-04:00,377.7510986328125,377.7510986328125,378.0,376.35009765625,376.7850036621094,214714
2026-06-26 10:42:00-04:00,377.8900146484375,377.8900146484375,379.1700134277344,377.4700012207031,377.7200012207031,396529
2026-06-26 10:44:00-04:00,377.1903076171875,377.1903076171875,378.3099060058594,377.0,377.8251037597656,166798
2026-06-26 10:46:00-04:00,378.19500732421875,378.19500732421875,378.3598937988281,377.05999755859375,377.2699890136719,149820
2026-06-26 10:48:00-04:00,378.4591979980469,378.4591979980469,379.0,378.1000061035156,378.1700134277344,169047
2026-06-26 10:50:00-04:00,378.9800109863281,378.9800109863281,379.05999755859375,378.2001037597656,378.45001220703125,117456
2026-06-26 10:52:00-04:00,378.840087890625,378.840087890625,379.1499938964844,378.3100891113281,378.989990234375,158255
2026-06-26 10:54:00-04:00,378.1199951171875,378.1199951171875,379.42999267578125,378.03009033203125,378.82501220703125,263622
2026-06-26 10:56:00-04:00,378.6025085449219,378.6025085449219,378.8598937988281,377.69061279296875,378.1600036621094,158095
2026-06-26 10:58:00-04:00,378.2049865722656,378.2049865722656,378.8587951660156,378.17999267578125,378.69989013671875,114121
2026-06-26 11:00:00-04:00,378.45098876953125,378.45098876953125,378.8399963378906,378.18011474609375,378.25,127018
2026-06-26 11:02:00-04:00,379.1549987792969,379.1549987792969,379.31988525390625,378.4093933105469,378.5050048828125,129021
2026-06-26 11:04:00-04:00,379.2300109863281,379.2300109863281,379.3699951171875,378.8201904296875,379.1549987792969,180973
2026-06-26 11:06:00-04:00,379.7699890136719,379.7699890136719,379.7799987792969,378.82000732421875,379.29998779296875,222507
2026-06-26 11:08:00-04:00,380.0899963378906,380.0899963378906,380.4200134277344,379.0,379.7900085449219,300639
2026-06-26 11:10:00-04:00,379.42999267578125,379.42999267578125,380.239990234375,379.3800048828125,380.0899963378906,217450
2026-06-26 11:12:00-04:00,379.75,379.75,379.8599853515625,378.6300048828125,379.4549865722656,209306
2026-06-26 11:14:00-04:00,379.8550109863281,379.8550109863281,380.1000061035156,379.2200012207031,379.7099914550781,162321
2026-06-26 11:16:00-04:00,381.7449951171875,381.7449951171875,381.7699890136719,379.7699890136719,379.81500244140625,367284
2026-06-26 11:18:00-04:00,382.29998779296875,382.29998779296875,382.4200134277344,381.70001220703125,381.70001220703125,311429
2026-06-26 11:20:00-04:00,382.3915100097656,382.3915100097656,382.8599853515625,381.75,382.2705078125,304725
2026-06-26 11:22:00-04:00,383.4580078125,383.4580078125,383.6199951171875,382.1300048828125,382.3922119140625,291358
2026-06-26 11:24:00-04:00,384.5150146484375,384.5150146484375,384.59991455078125,383.3800048828125,383.5,444832
2026-06-26 11:26:00-04:00,384.6700134277344,384.6700134277344,384.95001220703125,384.2699890136719,384.4801025390625,295010
2026-06-26 11:28:00-04:00,384.8999938964844,384.8999938964844,385.20001220703125,384.3999938964844,384.6809997558594,321678
2026-06-26 11:30:00-04:00,386.5,386.5,386.5249938964844,384.8699951171875,384.9049987792969,418813
2026-06-26 11:32:00-04:00,386.06500244140625,386.06500244140625,386.5199890136719,385.79998779296875,386.489990234375,633350
2026-06-26 11:34:00-04:00,387.42999267578125,387.42999267578125,387.4800109863281,386.0,386.0873107910156,432732
2026-06-26 11:36:00-04:00,387.4527893066406,387.4527893066406,387.79998779296875,386.8901062011719,387.44500732421875,341334
2026-06-26 11:38:00-04:00,386.79998779296875,386.79998779296875,387.7799987792969,386.4100036621094,387.4700012207031,405475
2026-06-26 11:40:00-04:00,386.4200134277344,386.4200134277344,386.83990478515625,386.239990234375,386.7417907714844,203877
2026-06-26 11:42:00-04:00,386.7799072265625,386.7799072265625,386.785888671875,386.19000244140625,386.4800109863281,233430
2026-06-26 11:44:00-04:00,386.8699951171875,386.8699951171875,387.2099914550781,386.4200134277344,386.6921081542969,249688
2026-06-26 11:46:00-04:00,386.7300109863281,386.7300109863281,387.2499084472656,386.3699951171875,386.875,174403
2026-06-26 11:48:00-04:00,386.3550109863281,386.3550109863281,386.9299011230469,386.2900085449219,386.7650146484375,142961
2026-06-26 11:50:00-04:00,385.0400085449219,385.0400085449219,386.7799987792969,384.7604064941406,386.3599853515625,377254
2026-06-26 11:52:00-04:00,384.7601013183594,384.7601013183594,385.5860900878906,384.7601013183594,385.0799865722656,132192
2026-06-26 11:54:00-04:00,385.3900146484375,385.3900146484375,385.6600036621094,384.2500915527344,384.80999755859375,238666
2026-06-26 11:56:00-04:00,385.30999755859375,385.30999755859375,385.75,385.239990234375,385.3999938964844,144833
2026-06-26 11:58:00-04:00,384.94500732421875,384.94500732421875,385.7099914550781,384.8800048828125,385.30999755859375,142128
2026-06-26 12:00:00-04:00,385.1400146484375,385.1400146484375,385.43499755859375,384.8999938964844,384.94500732421875,128004
2026-06-26 12:02:00-04:00,384.8999938964844,384.8999938964844,385.1700134277344,384.45001220703125,385.135009765625,145359
2026-06-26 12:04:00-04:00,385.4599914550781,385.4599914550781,385.6600036621094,384.8900146484375,384.9200134277344,176520
2026-06-26 12:06:00-04:00,384.610107421875,384.610107421875,385.54998779296875,384.6000061035156,385.4599914550781,140670
2026-06-26 12:08:00-04:00,383.7200012207031,383.7200012207031,384.739990234375,383.7099914550781,384.6300048828125,261130
2026-06-26 12:10:00-04:00,382.95001220703125,382.95001220703125,384.0199890136719,382.82000732421875,383.7550048828125,231488
2026-06-26 12:12:00-04:00,382.7898864746094,382.7898864746094,382.94500732421875,382.30999755859375,382.9100036621094,235243
2026-06-26 12:14:00-04:00,382.95001220703125,382.95001220703125,383.0899963378906,382.6000061035156,382.80999755859375,156290
2026-06-26 12:16:00-04:00,383.260009765625,383.260009765625,383.510009765625,382.82000732421875,382.9750061035156,162117
2026-06-26 12:18:00-04:00,383.4200134277344,383.4200134277344,383.6099853515625,383.05010986328125,383.2950134277344,147228
2026-06-26 12:20:00-04:00,382.5450134277344,382.5450134277344,383.6789855957031,382.4100036621094,383.5400085449219,197957
2026-06-26 12:22:00-04:00,382.8067932128906,382.8067932128906,383.1499938964844,382.5199890136719,382.54998779296875,115196
2026-06-26 12:24:00-04:00,382.8800048828125,382.8800048828125,383.1387023925781,382.6099853515625,382.8599853515625,100418
2026-06-26 12:26:00-04:00,383.3800048828125,383.3800048828125,383.63720703125,382.7401123046875,382.9100036621094,123135
2026-06-26 12:28:00-04:00,383.0199890136719,383.0199890136719,383.5,382.92999267578125,383.3800048828125,96868
2026-06-26 12:30:00-04:00,383.6300048828125,383.6300048828125,383.760009765625,382.95001220703125,382.9949951171875,141257
2026-06-26 12:32:00-04:00,384.30999755859375,384.30999755859375,384.3999938964844,383.5014953613281,383.6700134277344,194752
2026-06-26 12:34:00-04:00,385.0350036621094,385.0350036621094,385.3999938964844,384.17999267578125,384.239990234375,200281
2026-06-26 12:36:00-04:00,385.1465148925781,385.1465148925781,385.260009765625,384.739990234375,385.0899963378906,119683
2026-06-26 12:38:00-04:00,385.3699951171875,385.3699951171875,385.57000732421875,385.0400085449219,385.1499938964844,121160
2026-06-26 12:40:00-04:00,385.2449951171875,385.2449951171875,385.5799865722656,385.04998779296875,385.2900085449219,125861
2026-06-26 12:42:00-04:00,385.260009765625,385.260009765625,385.3999938964844,385.0899963378906,385.29998779296875,71577
2026-06-26 12:44:00-04:00,384.9800109863281,384.9800109863281,385.29998779296875,384.42498779296875,385.25,157599
2026-06-26 12:46:00-04:00,384.9512023925781,384.9512023925781,385.2698974609375,384.5474853515625,384.8999938964844,109902
2026-06-26 12:48:00-04:00,385.20001220703125,385.20001220703125,385.3999938964844,384.75,384.9866943359375,117019
2026-06-26 12:50:00-04:00,385.8900146484375,385.8900146484375,386.0799865722656,385.1199951171875,385.20001220703125,212117
2026-06-26 12:52:00-04:00,385.2799987792969,385.2799987792969,385.9200134277344,385.20001220703125,385.8800048828125,136638
2026-06-26 12:54:00-04:00,385.32000732421875,385.32000732421875,385.45989990234375,384.9800109863281,385.2799987792969,107008
2026-06-26 12:56:00-04:00,385.2550048828125,385.2550048828125,385.4599914550781,385.19000244140625,385.32501220703125,61143
2026-06-26 12:58:00-04:00,385.42999267578125,385.42999267578125,385.4999084472656,385.010009765625,385.22149658203125,85203
2026-06-26 13:00:00-04:00,386.55499267578125,386.55499267578125,386.6099853515625,385.1099853515625,385.4599914550781,212171
2026-06-26 13:02:00-04:00,386.80999755859375,386.80999755859375,387.0357971191406,386.5,386.6099853515625,216520
2026-06-26 13:04:00-04:00,387.16070556640625,387.16070556640625,387.3800048828125,386.7300109863281,386.7699890136719,150580
2026-06-26 13:06:00-04:00,386.29681396484375,386.29681396484375,387.3699951171875,386.1700134277344,387.1700134277344,597686
2026-06-26 13:08:00-04:00,386.2099914550781,386.2099914550781,386.69000244140625,386.1400146484375,386.3450012207031,116452
2026-06-26 13:10:00-04:00,385.5400085449219,385.5400085449219,386.3699035644531,385.4800109863281,386.2099914550781,151749
2026-06-26 13:12:00-04:00,386.0050048828125,386.0050048828125,386.0799865722656,385.5199890136719,385.5400085449219,123916
2026-06-26 13:14:00-04:00,385.9967956542969,385.9967956542969,386.3800048828125,385.8299865722656,386.0150146484375,109242
2026-06-26 13:16:00-04:00,385.7170104980469,385.7170104980469,386.25,385.67999267578125,385.9599914550781,92753
2026-06-26 13:18:00-04:00,385.79998779296875,385.79998779296875,385.9800109863281,385.5,385.7200012207031,85090
2026-06-26 13:20:00-04:00,385.92999267578125,385.92999267578125,386.17999267578125,385.6700134277344,385.7099914550781,87047
2026-06-26 13:22:00-04:00,385.42999267578125,385.42999267578125,386.20001220703125,385.0000915527344,385.989990234375,120624
2026-06-26 13:24:00-04:00,385.0400085449219,385.0400085449219,385.4800109863281,384.989990234375,385.3699951171875,154048
2026-06-26 13:26:00-04:00,385.68499755859375,385.68499755859375,385.7575988769531,384.8901062011719,385.07000732421875,113058
2026-06-26 13:28:00-04:00,385.68499755859375,385.68499755859375,386.0400085449219,385.6400146484375,385.7200012207031,112037
2026-06-26 13:30:00-04:00,385.7300109863281,385.7300109863281,386.2598876953125,385.67999267578125,385.68499755859375,156790
2026-06-26 13:32:00-04:00,386.19000244140625,386.19000244140625,386.30999755859375,385.6000061035156,385.7449951171875,197465
2026-06-26 13:34:00-04:00,385.9100036621094,385.9100036621094,386.2998962402344,385.57501220703125,386.19000244140625,82623
2026-06-26 13:36:00-04:00,385.6300048828125,385.6300048828125,386.04998779296875,385.531005859375,385.9200134277344,80045
2026-06-26 13:38:00-04:00,385.7099914550781,385.7099914550781,385.8999938964844,385.6000061035156,385.68499755859375,82539
2026-06-26 13:40:00-04:00,385.6600036621094,385.6600036621094,385.8500061035156,385.4700012207031,385.7099914550781,57908
2026-06-26 13:42:00-04:00,386.2300109863281,386.2300109863281,386.5299987792969,385.57000732421875,385.69500732421875,172342
2026-06-26 13:44:00-04:00,385.6700134277344,385.6700134277344,386.3599853515625,385.2200012207031,386.2200012207031,107896
2026-06-26 13:46:00-04:00,386.07000732421875,386.07000732421875,386.1300048828125,385.32000732421875,385.7398986816406,90150
2026-06-26 13:48:00-04:00,385.7699890136719,385.7699890136719,386.2200012207031,385.7113037109375,386.1099853515625,90645
2026-06-26 13:50:00-04:00,385.5400085449219,385.5400085449219,386.0,385.45001220703125,385.79998779296875,90508
2026-06-26 13:52:00-04:00,385.15850830078125,385.15850830078125,385.67999267578125,385.05999755859375,385.510009765625,104926
2026-06-26 13:54:00-04:00,384.7200012207031,384.7200012207031,385.2900085449219,384.7200012207031,385.1700134277344,119051
2026-06-26 13:56:00-04:00,384.80999755859375,384.80999755859375,384.95001220703125,384.4100036621094,384.7149963378906,114509
2026-06-26 13:58:00-04:00,384.590087890625,384.590087890625,385.0799865722656,384.55999755859375,384.8399963378906,150071
2026-06-26 14:00:00-04:00,384.6050109863281,384.6050109863281,384.95001220703125,384.5199890136719,384.625,103133
2026-06-26 14:02:00-04:00,384.6098937988281,384.6098937988281,384.7598876953125,384.20001220703125,384.6716003417969,126622
2026-06-26 14:04:00-04:00,384.1600036621094,384.1600036621094,384.69000244140625,384.1000061035156,384.6099853515625,126044
2026-06-26 14:06:00-04:00,383.4502868652344,383.4502868652344,384.3299865722656,383.4502868652344,384.1700134277344,171191
2026-06-26 14:08:00-04:00,383.2799987792969,383.2799987792969,383.8299865722656,383.2799987792969,383.4800109863281,169106
2026-06-26 14:10:00-04:00,383.54998779296875,383.54998779296875,383.6000061035156,383.20001220703125,383.30499267578125,125513
2026-06-26 14:12:00-04:00,383.07000732421875,383.07000732421875,383.61199951171875,383.0400085449219,383.510009765625,113727
2026-06-26 14:14:00-04:00,383.3599853515625,383.3599853515625,383.67999267578125,383.0505065917969,383.07000732421875,97609
2026-06-26 14:16:00-04:00,383.2099914550781,383.2099914550781,383.3851013183594,382.8999938964844,383.35009765625,120108
2026-06-26 14:18:00-04:00,383.125,383.125,383.489990234375,382.94000244140625,383.1524963378906,110119
2026-06-26 14:20:00-04:00,383.32501220703125,383.32501220703125,383.3900146484375,382.9202880859375,383.0299987792969,98989
2026-06-26 14:22:00-04:00,383.2449951171875,383.2449951171875,383.4800109863281,383.1050109863281,383.29998779296875,184060
2026-06-26 14:24:00-04:00,383.8399963378906,383.8399963378906,384.41680908203125,383.1499938964844,383.2449951171875,262807
2026-06-26 14:26:00-04:00,383.5150146484375,383.5150146484375,384.0400085449219,383.5,383.79998779296875,124604
2026-06-26 14:28:00-04:00,382.5502014160156,382.5502014160156,383.55999755859375,382.5400085449219,383.4599914550781,221593
2026-06-26 14:30:00-04:00,382.8901062011719,382.8901062011719,383.159912109375,382.55999755859375,382.5799865722656,181982
2026-06-26 14:32:00-04:00,383.2793884277344,383.2793884277344,383.2793884277344,382.67999267578125,382.95001220703125,115124
2026-06-26 14:34:00-04:00,381.92999267578125,381.92999267578125,383.5799865722656,381.8599853515625,383.239990234375,261612
2026-06-26 14:36:00-04:00,381.110107421875,381.110107421875,381.9679870605469,381.0950012207031,381.9486999511719,245816
2026-06-26 14:38:00-04:00,381.32989501953125,381.32989501953125,381.5899963378906,380.6700134277344,381.1549987792969,215563
2026-06-26 14:40:00-04:00,381.6499938964844,381.6499938964844,381.7244873046875,381.2301025390625,381.25,115703
2026-06-26 14:42:00-04:00,380.7900085449219,380.7900085449219,381.75,380.510009765625,381.6099853515625,133217
2026-06-26 14:44:00-04:00,380.2449951171875,380.2449951171875,381.07000732421875,380.1600036621094,380.82501220703125,144644
2026-06-26 14:46:00-04:00,380.17999267578125,380.17999267578125,380.6099853515625,379.8900146484375,380.19000244140625,188843
2026-06-26 14:48:00-04:00,380.0299987792969,380.0299987792969,380.3299865722656,379.7699890136719,380.20001220703125,132307
2026-06-26 14:50:00-04:00,379.3599853515625,379.3599853515625,380.04998779296875,379.04998779296875,380.0168151855469,236366
2026-06-26 14:52:00-04:00,379.6199951171875,379.6199951171875,379.7099914550781,379.1499938964844,379.32000732421875,122947
2026-06-26 14:54:00-04:00,380.41009521484375,380.41009521484375,380.5899963378906,379.510009765625,379.5799865722656,118208
2026-06-26 14:56:00-04:00,379.7799987792969,379.7799987792969,380.9100036621094,379.5,380.4999084472656,229926
2026-06-26 14:58:00-04:00,379.8299865722656,379.8299865722656,380.010009765625,379.7099914550781,379.8500061035156,134983
2026-06-26 15:00:00-04:00,380.1400146484375,380.1400146484375,380.1799011230469,379.7099914550781,379.8800048828125,99546
2026-06-26 15:02:00-04:00,379.67999267578125,379.67999267578125,380.2699890136719,379.67999267578125,380.1499938964844,103288
2026-06-26 15:04:00-04:00,379.58709716796875,379.58709716796875,379.8900146484375,379.42010498046875,379.739990234375,140459
2026-06-26 15:06:00-04:00,380.06500244140625,380.06500244140625,380.3999938964844,379.45001220703125,379.5299987792969,127862
2026-06-26 15:08:00-04:00,380.06500244140625,380.06500244140625,380.3999938964844,379.6499938964844,380.06500244140625,195477
2026-06-26 15:10:00-04:00,380.0400085449219,380.0400085449219,380.6690979003906,379.80999755859375,380.0299987792969,150087
2026-06-26 15:12:00-04:00,379.92999267578125,379.92999267578125,380.04998779296875,379.6300048828125,380.0299987792969,145013
2026-06-26 15:14:00-04:00,380.2049865722656,380.2049865722656,380.8699951171875,379.8800048828125,379.9700012207031,139621
2026-06-26 15:16:00-04:00,379.989990234375,379.989990234375,380.4599914550781,379.95001220703125,380.2900085449219,73827
2026-06-26 15:18:00-04:00,379.9700012207031,379.9700012207031,380.55999755859375,379.9700012207031,380.0299072265625,101232
2026-06-26 15:20:00-04:00,379.9200134277344,379.9200134277344,380.3599853515625,379.81048583984375,380.0199890136719,97245
2026-06-26 15:22:00-04:00,379.8599853515625,379.8599853515625,380.1199951171875,379.6549987792969,379.8999938964844,115835
2026-06-26 15:24:00-04:00,380.3800048828125,380.3800048828125,380.3999938964844,379.79998779296875,379.8399963378906,104313
2026-06-26 15:26:00-04:00,380.409912109375,380.409912109375,380.5,380.0400085449219,380.3800048828125,72573
2026-06-26 15:28:00-04:00,379.760009765625,379.760009765625,380.4649963378906,379.677001953125,380.3900146484375,89306
2026-06-26 15:30:00-04:00,378.6322021484375,378.6322021484375,379.82000732421875,378.6099853515625,379.80999755859375,179270
2026-06-26 15:32:00-04:00,379.9100036621094,379.9100036621094,379.9100036621094,378.610107421875,378.6499938964844,137332
2026-06-26 15:34:00-04:00,379.20001220703125,379.20001220703125,380.1400146484375,379.0,379.860595703125,136841
2026-06-26 15:36:00-04:00,379.42498779296875,379.42498779296875,379.5299987792969,379.04998779296875,379.2099914550781,115996
2026-06-26 15:38:00-04:00,378.89410400390625,378.89410400390625,379.42340087890625,378.8599853515625,379.3900146484375,88162
2026-06-26 15:40:00-04:00,378.7698974609375,378.7698974609375,379.0199890136719,378.5487976074219,378.8612060546875,162987
2026-06-26 15:42:00-04:00,379.30450439453125,379.30450439453125,379.5,378.7699890136719,378.7699890136719,130267
2026-06-26 15:44:00-04:00,379.69500732421875,379.69500732421875,379.70001220703125,379.0299987792969,379.260009765625,119392
2026-06-26 15:46:00-04:00,380.0364074707031,380.0364074707031,380.3999938964844,379.4808044433594,379.6499938964844,139562
2026-06-26 15:48:00-04:00,379.3575134277344,379.3575134277344,380.1499938964844,379.2300109863281,380.010009765625,160612
2026-06-26 15:50:00-04:00,381.8900146484375,381.8900146484375,382.9599914550781,379.1400146484375,379.3900146484375,986737
2026-06-26 15:52:00-04:00,381.9849853515625,381.9849853515625,382.25,380.875,381.8900146484375,566100
2026-06-26 15:54:00-04:00,380.7699890136719,380.7699890136719,382.07000732421875,380.0101013183594,382.07000732421875,665898
2026-06-26 15:56:00-04:00,380.239990234375,380.239990234375,381.32000732421875,380.20001220703125,380.7699890136719,800684
2026-06-26 15:58:00-04:00,379.19000244140625,379.19000244140625,380.3699951171875,379.0299987792969,380.25,1191678
2026-06-29 09:30:00-04:00,384.17999267578125,384.17999267578125,385.07000732421875,381.3299865722656,381.5,2984983
2026-06-29 09:32:00-04:00,385.5404968261719,385.5404968261719,386.4533996582031,383.9800109863281,384.05999755859375,370820
2026-06-29 09:34:00-04:00,385.0350036621094,385.0350036621094,385.8799133300781,384.1499938964844,385.54998779296875,294459
2026-06-29 09:36:00-04:00,386.2900085449219,386.2900085449219,386.5899963378906,384.5614013671875,385.1499938964844,330835
2026-06-29 09:38:00-04:00,387.67999267578125,387.67999267578125,387.8800048828125,386.0,386.3299865722656,715513
2026-06-29 09:40:00-04:00,387.3999938964844,387.3999938964844,389.79998779296875,386.5,387.6600036621094,745391
2026-06-29 09:42:00-04:00,390.69000244140625,390.69000244140625,391.1698913574219,387.2200012207031,387.2705993652344,562905
2026-06-29 09:44:00-04:00,391.80010986328125,391.80010986328125,392.1300048828125,389.8399963378906,390.6449890136719,579578
2026-06-29 09:46:00-04:00,393.4800109863281,393.4800109863281,393.7300109863281,391.4601135253906,391.8299865722656,664839
2026-06-29 09:48:00-04:00,392.42999267578125,392.42999267578125,394.0,392.1099853515625,393.510009765625,503201
2026-06-29 09:50:00-04:00,391.8727111816406,391.8727111816406,392.9200134277344,391.6000061035156,392.3699951171875,368793
2026-06-29 09:52:00-04:00,393.2349853515625,393.2349853515625,393.6499938964844,391.8599853515625,391.8619079589844,368833
2026-06-29 09:54:00-04:00,391.2850036621094,391.2850036621094,393.510009765625,390.635009765625,393.20001220703125,467574
2026-06-29 09:56:00-04:00,390.5400085449219,390.5400085449219,392.05999755859375,390.3500061035156,391.2300109863281,287740
2026-06-29 09:58:00-04:00,391.80499267578125,391.80499267578125,391.95001220703125,390.5000915527344,390.5000915527344,217971
2026-06-29 10:00:00-04:00,392.135009765625,392.135009765625,392.510009765625,390.55999755859375,391.79998779296875,400063
2026-06-29 10:02:00-04:00,394.1199035644531,394.1199035644531,394.3500061035156,391.0,392.1050109863281,510365
2026-06-29 10:04:00-04:00,391.44000244140625,391.44000244140625,394.1199951171875,391.20001220703125,394.07000732421875,298996
2026-06-29 10:06:00-04:00,391.29998779296875,391.29998779296875,393.1199951171875,390.989990234375,391.4700012207031,342969
2026-06-29 10:08:00-04:00,392.7149963378906,392.7149963378906,393.1199951171875,390.9800109863281,391.25,262181
2026-06-29 10:10:00-04:00,391.864990234375,391.864990234375,392.80999755859375,391.6000061035156,392.6199951171875,234599
2026-06-29 10:12:00-04:00,389.8900146484375,389.8900146484375,392.1000061035156,389.69000244140625,391.864990234375,451203
2026-06-29 10:14:00-04:00,391.05999755859375,391.05999755859375,391.14990234375,389.0199890136719,389.8299865722656,370789
2026-06-29 10:16:00-04:00,391.2799987792969,391.2799987792969,392.260009765625,390.1700134277344,391.1700134277344,270818
2026-06-29 10:18:00-04:00,391.55999755859375,391.55999755859375,391.94219970703125,390.7701110839844,391.3299865722656,185498
2026-06-29 10:20:00-04:00,390.8599853515625,390.8599853515625,391.55999755859375,390.41009521484375,391.55999755859375,149419
2026-06-29 10:22:00-04:00,391.1650085449219,391.1650085449219,391.95001220703125,390.67999267578125,390.95001220703125,134778
2026-06-29 10:24:00-04:00,392.92498779296875,392.92498779296875,393.42999267578125,390.5799865722656,391.1650085449219,450249
2026-06-29 10:26:00-04:00,394.3399963378906,394.3399963378906,394.9700012207031,393.0,393.0799865722656,457294
2026-06-29 10:28:00-04:00,395.6600036621094,395.6600036621094,396.6400146484375,394.1300048828125,394.20001220703125,637849
2026-06-29 10:30:00-04:00,396.8900146484375,396.8900146484375,397.1499938964844,395.44000244140625,395.67999267578125,580772
2026-06-29 10:32:00-04:00,397.989990234375,397.989990234375,398.1499938964844,395.66009521484375,396.9100036621094,505940
2026-06-29 10:34:00-04:00,396.67498779296875,396.67498779296875,398.3887023925781,396.35009765625,398.0,409205
2026-06-29 10:36:00-04:00,395.14129638671875,395.14129638671875,396.77880859375,394.8800048828125,396.6400146484375,343194
2026-06-29 10:38:00-04:00,395.8299865722656,395.8299865722656,395.91778564453125,394.4700012207031,395.1400146484375,257838
2026-06-29 10:40:00-04:00,397.1700134277344,397.1700134277344,397.31988525390625,395.6300048828125,395.8299865722656,259861
2026-06-29 10:42:00-04:00,396.18499755859375,396.18499755859375,397.20001220703125,396.1199951171875,397.17999267578125,193022
2026-06-29 10:44:00-04:00,395.3200988769531,395.3200988769531,396.3699951171875,395.0400085449219,396.18499755859375,177389
2026-06-29 10:46:00-04:00,394.9150085449219,394.9150085449219,395.8399963378906,394.8599853515625,395.3550109863281,184770
2026-06-29 10:48:00-04:00,395.2500915527344,395.2500915527344,395.6000061035156,394.75,394.9700012207031,164870
2026-06-29 10:50:00-04:00,396.3999938964844,396.3999938964844,396.5,394.5299987792969,395.25,211825
2026-06-29 10:52:00-04:00,397.2099914550781,397.2099914550781,397.2799987792969,395.989990234375,396.3699951171875,230470
2026-06-29 10:54:00-04:00,397.42498779296875,397.42498779296875,398.1400146484375,397.1300048828125,397.2001037597656,385387
2026-06-29 10:56:00-04:00,397.30999755859375,397.30999755859375,397.7998962402344,396.8999938964844,397.489990234375,172692
2026-06-29 10:58:00-04:00,397.6099853515625,397.6099853515625,397.70001220703125,396.94000244140625,397.32000732421875,151151
2026-06-29 11:00:00-04:00,397.69000244140625,397.69000244140625,397.760009765625,397.25,397.6600036621094,170744
2026-06-29 11:02:00-04:00,397.53228759765625,397.53228759765625,397.8699951171875,397.03009033203125,397.67999267578125,193501
2026-06-29 11:04:00-04:00,396.739990234375,396.739990234375,397.6742858886719,396.34820556640625,397.510009765625,181715
2026-06-29 11:06:00-04:00,396.75,396.75,397.0,396.40008544921875,396.739990234375,107836
2026-06-29 11:08:00-04:00,396.75,396.75,396.989990234375,396.4700012207031,396.7701110839844,102275
2026-06-29 11:10:00-04:00,396.6549987792969,396.6549987792969,396.9599914550781,396.4700012207031,396.760009765625,100657
2026-06-29 11:12:00-04:00,396.4200134277344,396.4200134277344,396.94000244140625,396.0249938964844,396.6600036621094,153633
2026-06-29 11:14:00-04:00,396.260009765625,396.260009765625,397.0299987792969,396.1199951171875,396.45001220703125,218301
2026-06-29 11:16:00-04:00,396.1199951171875,396.1199951171875,396.5686950683594,395.8999938964844,396.2950134277344,145181
2026-06-29 11:18:00-04:00,395.9100036621094,395.9100036621094,396.6499938964844,395.7315979003906,396.1099853515625,135568
2026-06-29 11:20:00-04:00,396.4150085449219,396.4150085449219,396.6000061035156,395.70001220703125,395.9100036621094,151797
2026-06-29 11:22:00-04:00,395.7300109863281,395.7300109863281,396.5400085449219,395.70001220703125,396.4150085449219,118579
2026-06-29 11:24:00-04:00,395.9800109863281,395.9800109863281,396.1000061035156,395.29998779296875,395.7300109863281,174478
2026-06-29 11:26:00-04:00,398.17999267578125,398.17999267578125,398.239990234375,395.75,396.04998779296875,299123
2026-06-29 11:28:00-04:00,397.7101135253906,397.7101135253906,398.3599853515625,397.2799987792969,398.135009765625,203182
2026-06-29 11:30:00-04:00,399.93499755859375,399.93499755859375,399.9599914550781,397.69000244140625,397.7900085449219,592747
2026-06-29 11:32:00-04:00,399.3407897949219,399.3407897949219,400.19000244140625,399.135009765625,399.9100036621094,542648
2026-06-29 11:34:00-04:00,399.2699890136719,399.2699890136719,399.67999267578125,399.0199890136719,399.41009521484375,185111
2026-06-29 11:36:00-04:00,399.7200012207031,399.7200012207031,399.7900085449219,399.1300964355469,399.2799987792969,173767
2026-06-29 11:38:00-04:00,399.92999267578125,399.92999267578125,400.25,399.6300048828125,399.70001220703125,227961
2026-06-29 11:40:00-04:00,399.6300048828125,399.6300048828125,399.94989013671875,398.8599853515625,399.8999938964844,214960
2026-06-29 11:42:00-04:00,399.3999938964844,399.3999938964844,399.8900146484375,399.26708984375,399.6449890136719,131638
2026-06-29 11:44:00-04:00,399.8949890136719,399.8949890136719,400.29998779296875,399.30999755859375,399.385009765625,201367
2026-06-29 11:46:00-04:00,399.67999267578125,399.67999267578125,400.17498779296875,399.5199890136719,399.98040771484375,205675
2026-06-29 11:48:00-04:00,399.44000244140625,399.44000244140625,399.8500061035156,399.25,399.75,129510
2026-06-29 11:50:00-04:00,399.9700012207031,399.9700012207031,400.0799865722656,399.3900146484375,399.4100036621094,166933
2026-06-29 11:52:00-04:00,399.92999267578125,399.92999267578125,400.42999267578125,399.7749938964844,399.94000244140625,217004
2026-06-29 11:54:00-04:00,400.5799865722656,400.5799865722656,400.8399963378906,399.85009765625,399.9800109863281,251494
2026-06-29 11:56:00-04:00,400.3699951171875,400.3699951171875,400.7200012207031,400.0899963378906,400.6199951171875,148226
2026-06-29 11:58:00-04:00,400.55999755859375,400.55999755859375,400.79998779296875,400.1199951171875,400.25,167440
2026-06-29 12:00:00-04:00,401.94000244140625,401.94000244140625,402.17999267578125,400.6000061035156,400.6199951171875,423646
2026-06-29 12:02:00-04:00,401.6000061035156,401.6000061035156,402.0400085449219,401.5419921875,401.94500732421875,187622
2026-06-29 12:04:00-04:00,401.85009765625,401.85009765625,402.0799865722656,401.510009765625,401.6000061035156,206134
2026-06-29 12:06:00-04:00,401.42999267578125,401.42999267578125,401.95001220703125,401.30999755859375,401.8699951171875,176692
2026-06-29 12:08:00-04:00,401.7300109863281,401.7300109863281,401.79998779296875,401.4200134277344,401.4599914550781,154315
2026-06-29 12:10:00-04:00,401.55999755859375,401.55999755859375,401.8800048828125,401.3800048828125,401.7799987792969,111824
2026-06-29 12:12:00-04:00,401.6000061035156,401.6000061035156,401.9100036621094,401.5,401.6000061035156,116977
2026-06-29 12:14:00-04:00,401.7449951171875,401.7449951171875,402.20001220703125,401.5570068359375,401.6000061035156,172305
2026-06-29 12:16:00-04:00,401.78009033203125,401.78009033203125,402.1000061035156,401.6109924316406,401.7550048828125,139992
2026-06-29 12:18:00-04:00,402.0400085449219,402.0400085449219,402.25,401.80010986328125,401.8500061035156,183123
2026-06-29 12:20:00-04:00,402.6199951171875,402.6199951171875,402.67999267578125,401.9901123046875,402.0400085449219,209882
2026-06-29 12:22:00-04:00,402.95001220703125,402.95001220703125,403.3900146484375,402.57000732421875,402.6199951171875,258603
2026-06-29 12:24:00-04:00,403.5,403.5,403.739990234375,402.7601013183594,403.0199890136719,236815
2026-06-29 12:26:00-04:00,403.860107421875,403.860107421875,404.3399963378906,403.19000244140625,403.4599914550781,291676
2026-06-29 12:28:00-04:00,403.989990234375,403.989990234375,404.2569885253906,403.82659912109375,403.9100036621094,246961
2026-06-29 12:30:00-04:00,404.625,404.625,404.8999938964844,403.8399963378906,403.989990234375,282703
2026-06-29 12:32:00-04:00,403.9849853515625,403.9849853515625,404.6799011230469,403.8940124511719,404.6300048828125,241538
2026-06-29 12:34:00-04:00,404.19000244140625,404.19000244140625,404.3399963378906,403.5000915527344,403.9849853515625,244850
2026-06-29 12:36:00-04:00,404.0299987792969,404.0299987792969,404.2799072265625,403.42999267578125,404.2099914550781,165999
2026-06-29 12:38:00-04:00,403.5299987792969,403.5299987792969,404.04998779296875,403.3399963378906,404.0199890136719,179008
2026-06-29 12:40:00-04:00,403.30999755859375,403.30999755859375,403.6400146484375,402.8800964355469,403.5799865722656,324184
2026-06-29 12:42:00-04:00,403.0400085449219,403.0400085449219,403.489990234375,402.95001220703125,403.3500061035156,124262
2026-06-29 12:44:00-04:00,402.61968994140625,402.61968994140625,403.05499267578125,402.010009765625,403.0400085449219,246851
2026-06-29 12:46:00-04:00,402.19500732421875,402.19500732421875,402.69049072265625,402.1000061035156,402.6199951171875,161467
2026-06-29 12:48:00-04:00,402.864990234375,402.864990234375,403.0400085449219,402.1499938964844,402.2200012207031,214719
2026-06-29 12:50:00-04:00,402.843994140625,402.843994140625,403.20001220703125,402.57000732421875,402.864990234375,165129
2026-06-29 12:52:00-04:00,403.7300109863281,403.7300109863281,403.9800109863281,402.80999755859375,402.8851013183594,183143
2026-06-29 12:54:00-04:00,403.662109375,403.662109375,403.9100036621094,403.29998779296875,403.7349853515625,158324
2026-06-29 12:56:00-04:00,404.0849914550781,404.0849914550781,404.30999755859375,403.5799865722656,403.67999267578125,225820
2026-06-29 12:58:00-04:00,403.6449890136719,403.6449890136719,404.0849914550781,403.5101013183594,404.0849914550781,128519
2026-06-29 13:00:00-04:00,403.3299865722656,403.3299865722656,404.1600036621094,403.2243957519531,403.6099853515625,150674
2026-06-29 13:02:00-04:00,403.3900146484375,403.3900146484375,403.6000061035156,403.2300109863281,403.3349914550781,106864
2026-06-29 13:04:00-04:00,404.1499938964844,404.1499938964844,404.19000244140625,403.2300109863281,403.3399963378906,129442
2026-06-29 13:06:00-04:00,405.3872985839844,405.3872985839844,405.46258544921875,403.8500061035156,404.1549987792969,425651
2026-06-29 13:08:00-04:00,405.9700012207031,405.9700012207031,406.3450012207031,405.42498779296875,405.42498779296875,345047
2026-06-29 13:10:00-04:00,406.3297119140625,406.3297119140625,406.3297119140625,405.6199951171875,405.9700012207031,223502
2026-06-29 13:12:00-04:00,406.6000061035156,406.6000061035156,406.6700134277344,406.04998779296875,406.260009765625,219060
2026-06-29 13:14:00-04:00,407.19000244140625,407.19000244140625,407.29998779296875,406.29998779296875,406.54998779296875,243665
2026-06-29 13:16:00-04:00,406.7650146484375,406.7650146484375,407.25,406.32000732421875,407.1650085449219,194123
2026-06-29 13:18:00-04:00,407.17999267578125,407.17999267578125,407.1991882324219,406.72930908203125,406.7650146484375,162947
2026-06-29 13:20:00-04:00,407.45001220703125,407.45001220703125,408.2398986816406,407.1600036621094,407.1600036621094,358002
2026-06-29 13:22:00-04:00,407.55999755859375,407.55999755859375,407.80859375,407.3478088378906,407.41009521484375,134415
2026-06-29 13:24:00-04:00,407.54998779296875,407.54998779296875,407.6000061035156,407.2699890136719,407.5350036621094,195334
2026-06-29 13:26:00-04:00,408.0799865722656,408.0799865722656,408.1499938964844,407.5799865722656,407.6300048828125,201730
2026-06-29 13:28:00-04:00,408.7900085449219,408.7900085449219,409.0199890136719,407.9700012207031,408.0799865722656,292063
2026-06-29 13:30:00-04:00,409.2149963378906,409.2149963378906,409.4100036621094,408.7099914550781,408.7601013183594,230466
2026-06-29 13:32:00-04:00,408.44000244140625,408.44000244140625,409.42999267578125,408.29010009765625,409.2099914550781,292748
2026-06-29 13:34:00-04:00,409.82000732421875,409.82000732421875,410.07989501953125,408.4100036621094,408.4700012207031,552427
2026-06-29 13:36:00-04:00,410.2699890136719,410.2699890136719,410.6700134277344,409.5299987792969,409.80999755859375,370576
2026-06-29 13:38:00-04:00,409.625,409.625,410.2799987792969,409.5400085449219,410.2099914550781,261399
2026-06-29 13:40:00-04:00,409.1199951171875,409.1199951171875,409.7200012207031,408.8999938964844,409.625,276174
2026-06-29 13:42:00-04:00,409.4700012207031,409.4700012207031,409.6499938964844,409.1199951171875,409.1700134277344,143144
2026-06-29 13:44:00-04:00,410.0199890136719,410.0199890136719,410.1098937988281,408.7300109863281,409.42999267578125,269897
2026-06-29 13:46:00-04:00,409.3599853515625,409.3599853515625,410.20001220703125,408.3999938964844,410.04998779296875,288789
2026-06-29 13:48:00-04:00,409.80999755859375,409.80999755859375,410.01910400390625,409.03009033203125,409.3500061035156,171592
2026-06-29 13:50:00-04:00,409.4200134277344,409.4200134277344,409.8900146484375,409.17999267578125,409.82000732421875,149542
2026-06-29 13:52:00-04:00,409.04998779296875,409.04998779296875,409.6600036621094,408.7900085449219,409.3727111816406,133748
2026-06-29 13:54:00-04:00,409.1000061035156,409.1000061035156,409.2799987792969,408.7699890136719,409.1299133300781,126483
2026-06-29 13:56:00-04:00,408.5450134277344,408.5450134277344,409.1600036621094,408.42999267578125,409.05999755859375,127520
2026-06-29 13:58:00-04:00,408.92999267578125,408.92999267578125,409.1499938964844,408.5,408.5801086425781,184175
2026-06-29 14:00:00-04:00,408.7950134277344,408.7950134277344,409.0050048828125,408.3699951171875,408.9700012207031,154387
2026-06-29 14:02:00-04:00,408.8399963378906,408.8399963378906,408.94000244140625,408.4700012207031,408.7950134277344,157266
2026-06-29 14:04:00-04:00,408.6600036621094,408.6600036621094,409.3299865722656,408.6419982910156,408.8399963378906,183647
2026-06-29 14:06:00-04:00,408.8550109863281,408.8550109863281,409.2099914550781,408.6449890136719,408.6449890136719,528567
2026-06-29 14:08:00-04:00,408.7250061035156,408.7250061035156,409.0799865722656,408.67999267578125,408.8500061035156,131106
2026-06-29 14:10:00-04:00,408.3399963378906,408.3399963378906,408.8450012207031,408.2101135253906,408.7250061035156,175262
2026-06-29 14:12:00-04:00,408.5549011230469,408.5549011230469,408.6600036621094,408.32000732421875,408.32000732421875,121639
2026-06-29 14:14:00-04:00,408.489990234375,408.489990234375,409.04998779296875,408.3399963378906,408.55999755859375,169515
2026-06-29 14:16:00-04:00,408.5151062011719,408.5151062011719,408.70001220703125,408.2900085449219,408.489990234375,115122
2026-06-29 14:18:00-04:00,408.9986877441406,408.9986877441406,409.17999267578125,408.4700012207031,408.510009765625,139611
2026-06-29 14:20:00-04:00,409.4150085449219,409.4150085449219,409.64990234375,408.73260498046875,408.9599914550781,196005
2026-06-29 14:22:00-04:00,408.8299865722656,408.8299865722656,409.5199890136719,408.739990234375,409.4150085449219,232601
2026-06-29 14:24:00-04:00,408.635009765625,408.635009765625,408.95001220703125,408.2200012207031,408.8900146484375,208451
2026-06-29 14:26:00-04:00,408.7051086425781,408.7051086425781,409.04998779296875,408.6000061035156,408.635009765625,139682
2026-06-29 14:28:00-04:00,409.0,409.0,409.1000061035156,408.6499938964844,408.6700134277344,162916
2026-06-29 14:30:00-04:00,409.30999755859375,409.30999755859375,409.3999938964844,408.9800109863281,408.9849853515625,227511
2026-06-29 14:32:00-04:00,409.19000244140625,409.19000244140625,409.6485900878906,409.12030029296875,409.29949951171875,143182
2026-06-29 14:34:00-04:00,409.4599914550781,409.4599914550781,409.55999755859375,409.1400146484375,409.1700134277344,147066
2026-06-29 14:36:00-04:00,409.9200134277344,409.9200134277344,410.1099853515625,409.3900146484375,409.4200134277344,262191
2026-06-29 14:38:00-04:00,410.2900085449219,410.2900085449219,410.3800048828125,409.5199890136719,409.92498779296875,219080
2026-06-29 14:40:00-04:00,408.7799987792969,408.7799987792969,410.3699951171875,408.7699890136719,410.340087890625,237570
2026-06-29 14:42:00-04:00,409.20001220703125,409.20001220703125,409.3699951171875,408.5,408.760009765625,179234
2026-06-29 14:44:00-04:00,410.1449890136719,410.1449890136719,410.31988525390625,409.1600036621094,409.17999267578125,216331
2026-06-29 14:46:00-04:00,410.1199951171875,410.1199951171875,410.239990234375,409.82000732421875,410.1400146484375,141411
2026-06-29 14:48:00-04:00,410.4949951171875,410.4949951171875,410.7744140625,410.0799865722656,410.1000061035156,247959
2026-06-29 14:50:00-04:00,409.8900146484375,409.8900146484375,410.5398864746094,409.8500061035156,410.489990234375,196837
2026-06-29 14:52:00-04:00,410.364990234375,410.364990234375,410.4200134277344,409.7900085449219,409.8599853515625,139025
2026-06-29 14:54:00-04:00,410.42010498046875,410.42010498046875,410.8800048828125,410.32000732421875,410.3599853515625,208752
2026-06-29 14:56:00-04:00,410.07000732421875,410.07000732421875,410.57000732421875,410.07000732421875,410.4549865722656,171044
2026-06-29 14:58:00-04:00,410.30999755859375,410.30999755859375,410.5,410.04998779296875,410.0799865722656,141953
2026-06-29 15:00:00-04:00,410.0350036621094,410.0350036621094,410.3999938964844,409.54998779296875,410.30999755859375,222757
2026-06-29 15:02:00-04:00,409.8349914550781,409.8349914550781,410.04998779296875,408.70001220703125,410.0350036621094,282338
2026-06-29 15:04:00-04:00,410.05999755859375,410.05999755859375,410.19000244140625,409.57000732421875,409.8349914550781,190824
2026-06-29 15:06:00-04:00,410.7200012207031,410.7200012207031,410.9200134277344,409.95001220703125,410.0701904296875,205383
2026-06-29 15:08:00-04:00,410.8299865722656,410.8299865722656,411.260009765625,410.44000244140625,410.7099914550781,334895
2026-06-29 15:10:00-04:00,410.6000061035156,410.6000061035156,410.869384765625,410.3999938964844,410.8399963378906,161503
2026-06-29 15:12:00-04:00,411.635009765625,411.635009765625,411.6600036621094,410.6000061035156,410.6435852050781,272790
2026-06-29 15:14:00-04:00,412.2749938964844,412.2749938964844,412.3999938964844,411.45001220703125,411.6600036621094,411912
2026-06-29 15:16:00-04:00,412.489990234375,412.489990234375,413.1199951171875,412.2101135253906,412.2749938964844,464544
2026-06-29 15:18:00-04:00,412.510009765625,412.510009765625,412.7300109863281,412.3299865722656,412.489990234375,197201
2026-06-29 15:20:00-04:00,412.67010498046875,412.67010498046875,412.92999267578125,412.4599914550781,412.4949951171875,190961
2026-06-29 15:22:00-04:00,412.67999267578125,412.67999267578125,412.8399963378906,412.4801025390625,412.70001220703125,164437
2026-06-29 15:24:00-04:00,412.2349853515625,412.2349853515625,412.6700134277344,412.0799865722656,412.635009765625,264710
2026-06-29 15:26:00-04:00,412.0,412.0,412.32989501953125,411.4700012207031,412.20001220703125,276043
2026-06-29 15:28:00-04:00,411.94000244140625,411.94000244140625,412.6499938964844,411.8999938964844,412.010009765625,190286
2026-06-29 15:30:00-04:00,412.3949890136719,412.3949890136719,412.6000061035156,411.8299865722656,411.9800109863281,258855
2026-06-29 15:32:00-04:00,412.6300048828125,412.6300048828125,412.9049987792969,412.360107421875,412.360107421875,223807
2026-06-29 15:34:00-04:00,412.4599914550781,412.4599914550781,412.7300109863281,412.2200012207031,412.6499938964844,221632
2026-06-29 15:36:00-04:00,413.1700134277344,413.1700134277344,413.2699890136719,412.3399963378906,412.57000732421875,259653
2026-06-29 15:38:00-04:00,412.6650085449219,412.6650085449219,413.1499938964844,412.3599853515625,413.135009765625,262811
2026-06-29 15:40:00-04:00,412.6700134277344,412.6700134277344,412.94000244140625,412.1394958496094,412.68780517578125,236427
2026-06-29 15:42:00-04:00,412.2300109863281,412.2300109863281,412.81988525390625,412.17999267578125,412.7200012207031,217725
2026-06-29 15:44:00-04:00,412.30999755859375,412.30999755859375,412.5299987792969,411.8900146484375,412.2257995605469,232943
2026-06-29 15:46:00-04:00,412.75,412.75,412.8999938964844,412.260009765625,412.2900085449219,207515
2026-06-29 15:48:00-04:00,412.760009765625,412.760009765625,412.7900085449219,412.3299865722656,412.7200012207031,248503
2026-06-29 15:50:00-04:00,411.69000244140625,411.69000244140625,412.9100036621094,411.19000244140625,412.760009765625,582552
2026-06-29 15:52:00-04:00,411.5849914550781,411.5849914550781,411.9999084472656,411.07000732421875,411.6600036621094,536145
2026-06-29 15:54:00-04:00,412.7749938964844,412.7749938964844,412.79998779296875,410.9800109863281,411.6099853515625,777828
2026-06-29 15:56:00-04:00,411.8800048828125,411.8800048828125,412.94000244140625,411.5,412.7699890136719,658253
2026-06-29 15:58:00-04:00,411.7900085449219,411.7900085449219,412.25,411.5899963378906,411.875,994972
2026-06-30 09:30:00-04:00,409.60321044921875,409.60321044921875,410.6299133300781,406.0,406.0,2134440
2026-06-30 09:32:00-04:00,409.510009765625,409.510009765625,409.989990234375,407.8299865722656,409.5,366672
2026-06-30 09:34:00-04:00,409.7099914550781,409.7099914550781,411.0,408.29998779296875,409.67999267578125,417780
2026-06-30 09:36:00-04:00,410.7200012207031,410.7200012207031,411.42999267578125,409.4200134277344,409.83990478515625,385180
2026-06-30 09:38:00-04:00,411.4281921386719,411.4281921386719,412.3284912109375,410.04998779296875,410.67999267578125,448176
2026-06-30 09:40:00-04:00,411.3089904785156,411.3089904785156,412.3299865722656,410.1499938964844,411.3900146484375,352864
2026-06-30 09:42:00-04:00,409.44500732421875,409.44500732421875,411.6098937988281,409.1099853515625,411.3299865722656,290981
2026-06-30 09:44:00-04:00,409.8349914550781,409.8349914550781,410.41510009765625,409.04998779296875,409.44500732421875,265280
2026-06-30 09:46:00-04:00,409.8900146484375,409.8900146484375,411.4259948730469,409.67999267578125,409.75,220298
2026-06-30 09:48:00-04:00,410.70001220703125,410.70001220703125,411.3500061035156,409.739990234375,409.8800048828125,205332
2026-06-30 09:50:00-04:00,412.23760986328125,412.23760986328125,412.3999938964844,410.1099853515625,410.5799865722656,309139
2026-06-30 09:52:00-04:00,411.4100036621094,411.4100036621094,412.32989501953125,411.0,412.2200012207031,254027
2026-06-30 09:54:00-04:00,412.010009765625,412.010009765625,412.54998779296875,411.07000732421875,411.30999755859375,204747
2026-06-30 09:56:00-04:00,411.6099853515625,411.6099853515625,412.39990234375,410.7301025390625,411.95001220703125,249406
2026-06-30 09:58:00-04:00,412.06500244140625,412.06500244140625,412.6099853515625,411.1300964355469,411.6499938964844,260261
2026-06-30 10:00:00-04:00,411.6700134277344,411.6700134277344,412.3500061035156,410.92999267578125,412.0199890136719,219366
2026-06-30 10:02:00-04:00,412.92999267578125,412.92999267578125,413.1600036621094,411.4129943847656,411.7300109863281,358745
2026-06-30 10:04:00-04:00,415.0199890136719,415.0199890136719,415.3099060058594,412.45001220703125,412.8399963378906,550121
2026-06-30 10:06:00-04:00,414.75,414.75,415.5299987792969,413.3203125,414.9700012207031,408072
2026-06-30 10:08:00-04:00,414.1549987792969,414.1549987792969,415.1499938964844,413.8500061035156,414.7200012207031,281768
2026-06-30 10:10:00-04:00,414.8299865722656,414.8299865722656,415.1700134277344,412.25,414.17999267578125,342040
2026-06-30 10:12:00-04:00,415.6650085449219,415.6650085449219,416.2200012207031,414.25,414.83758544921875,478379
2026-06-30 10:14:00-04:00,415.75628662109375,415.75628662109375,416.29998779296875,415.3599853515625,415.70880126953125,384685
2026-06-30 10:16:00-04:00,414.3949890136719,414.3949890136719,416.0,413.8299865722656,415.8500061035156,386911
2026-06-30 10:18:00-04:00,415.5400085449219,415.5400085449219,416.0400085449219,414.20001220703125,414.30999755859375,326079
2026-06-30 10:20:00-04:00,415.05999755859375,415.05999755859375,415.6300048828125,414.3399963378906,415.5950012207031,194631
2026-06-30 10:22:00-04:00,414.9408874511719,414.9408874511719,415.5,414.5299987792969,415.0,150017
2026-06-30 10:24:00-04:00,414.55499267578125,414.55499267578125,415.5,414.4599914550781,414.8949890136719,130943
2026-06-30 10:26:00-04:00,415.6050109863281,415.6050109863281,416.1499938964844,414.510009765625,414.510009765625,234196
2026-06-30 10:28:00-04:00,414.8999938964844,414.8999938964844,415.889892578125,414.5400085449219,415.54010009765625,203443
2026-06-30 10:30:00-04:00,415.6600036621094,415.6600036621094,415.89990234375,414.781005859375,414.9975891113281,168887
2026-06-30 10:32:00-04:00,414.0010070800781,414.0010070800781,415.7650146484375,413.8999938964844,415.65899658203125,197067
2026-06-30 10:34:00-04:00,414.79998779296875,414.79998779296875,415.32000732421875,413.8599853515625,414.0,203343
2026-06-30 10:36:00-04:00,414.0700988769531,414.0700988769531,414.885009765625,414.0700988769531,414.8163146972656,141638
2026-06-30 10:38:00-04:00,415.32000732421875,415.32000732421875,415.4339904785156,413.8599853515625,414.1300048828125,187887
2026-06-30 10:40:00-04:00,414.3500061035156,414.3500061035156,415.54998779296875,414.25,415.2699890136719,174700
2026-06-30 10:42:00-04:00,414.80010986328125,414.80010986328125,415.07000732421875,414.1600036621094,414.3066101074219,133307
2026-06-30 10:44:00-04:00,414.6299133300781,414.6299133300781,415.1000061035156,414.25,414.8900146484375,104206
2026-06-30 10:46:00-04:00,414.375,414.375,414.6000061035156,414.05999755859375,414.57000732421875,134187
2026-06-30 10:48:00-04:00,414.3299865722656,414.3299865722656,414.7799987792969,413.6300048828125,414.375,176719
2026-06-30 10:50:00-04:00,414.6449890136719,414.6449890136719,415.2799072265625,414.2099914550781,414.4150085449219,162551
2026-06-30 10:52:00-04:00,414.364990234375,414.364990234375,414.760009765625,414.0799865722656,414.6449890136719,90912
2026-06-30 10:54:00-04:00,413.6000061035156,413.6000061035156,414.4200134277344,413.25,414.3699951171875,185027
2026-06-30 10:56:00-04:00,414.44500732421875,414.44500732421875,414.56988525390625,413.5101013183594,413.739990234375,156690
2026-06-30 10:58:00-04:00,414.25,414.25,414.8999938964844,414.05999755859375,414.44500732421875,132527
2026-06-30 11:00:00-04:00,415.70001220703125,415.70001220703125,415.79998779296875,414.2799987792969,414.3699951171875,269602
2026-06-30 11:02:00-04:00,415.70001220703125,415.70001220703125,416.3800048828125,415.1000061035156,415.79998779296875,344792
2026-06-30 11:04:00-04:00,414.92498779296875,414.92498779296875,415.80999755859375,414.5000915527344,415.5899963378906,192695
2026-06-30 11:06:00-04:00,414.9368896484375,414.9368896484375,415.36859130859375,414.3901062011719,415.0,113334
2026-06-30 11:08:00-04:00,413.6000061035156,413.6000061035156,415.32000732421875,413.6000061035156,414.9549865722656,131815
2026-06-30 11:10:00-04:00,413.5000915527344,413.5000915527344,413.94000244140625,412.67999267578125,413.6099853515625,238645
2026-06-30 11:12:00-04:00,413.42999267578125,413.42999267578125,413.6499938964844,412.8699951171875,413.64691162109375,128886
2026-06-30 11:14:00-04:00,413.3299865722656,413.3299865722656,413.69000244140625,412.8299865722656,413.4800109863281,158911
2026-06-30 11:16:00-04:00,413.80999755859375,413.80999755859375,414.0899963378906,413.20001220703125,413.3500061035156,114273
2026-06-30 11:18:00-04:00,413.8550109863281,413.8550109863281,414.0899963378906,413.54998779296875,413.8399963378906,100392
2026-06-30 11:20:00-04:00,415.17498779296875,415.17498779296875,415.54998779296875,413.7799987792969,413.8349914550781,200610
2026-06-30 11:22:00-04:00,415.3299865722656,415.3299865722656,415.4399108886719,414.9649963378906,415.17498779296875,107892
2026-06-30 11:24:00-04:00,415.3599853515625,415.3599853515625,415.9200134277344,415.1401062011719,415.3699951171875,139240
2026-06-30 11:26:00-04:00,415.70001220703125,415.70001220703125,415.9200134277344,415.32000732421875,415.364990234375,126383
2026-06-30 11:28:00-04:00,415.4599914550781,415.4599914550781,415.75,415.239990234375,415.6802062988281,93723
2026-06-30 11:30:00-04:00,416.7850036621094,416.7850036621094,416.8999938964844,415.2799987792969,415.44000244140625,423815
2026-06-30 11:32:00-04:00,417.0,417.0,417.5,416.42999267578125,416.8299865722656,323952
2026-06-30 11:34:00-04:00,415.8999938964844,415.8999938964844,417.1400146484375,415.70001220703125,417.0199890136719,169241
2026-06-30 11:36:00-04:00,416.5799865722656,416.5799865722656,417.1400146484375,415.840087890625,415.9100036621094,189930
2026-06-30 11:38:00-04:00,417.4700012207031,417.4700012207031,417.989990234375,416.239990234375,416.4601135253906,169334
2026-06-30 11:40:00-04:00,416.8900146484375,416.8900146484375,417.4800109863281,416.4580078125,417.4800109863281,131587
2026-06-30 11:42:00-04:00,416.3900146484375,416.3900146484375,417.125,416.1700134277344,416.8800048828125,133548
2026-06-30 11:44:00-04:00,416.6700134277344,416.6700134277344,416.6983947753906,416.0299987792969,416.3399963378906,110014
2026-06-30 11:46:00-04:00,416.80999755859375,416.80999755859375,417.20001220703125,416.5799865722656,416.69000244140625,104821
2026-06-30 11:48:00-04:00,417.4599914550781,417.4599914550781,417.5,416.760009765625,416.7699890136719,121764
2026-06-30 11:50:00-04:00,416.3752136230469,416.3752136230469,417.57000732421875,416.3265075683594,417.4599914550781,141442
2026-06-30 11:52:00-04:00,416.7699890136719,416.7699890136719,417.0,416.1700134277344,416.3799133300781,111544
2026-06-30 11:54:00-04:00,417.47198486328125,417.47198486328125,417.47198486328125,416.7200012207031,416.760009765625,111487
2026-06-30 11:56:00-04:00,416.3299865722656,416.3299865722656,417.4800109863281,416.260009765625,417.45001220703125,147530
2026-06-30 11:58:00-04:00,415.7091979980469,415.7091979980469,416.6199951171875,415.7091979980469,416.3351135253906,150996
2026-06-30 12:00:00-04:00,416.1499938964844,416.1499938964844,416.19000244140625,415.1400146484375,415.75,186300
2026-06-30 12:02:00-04:00,416.4599914550781,416.4599914550781,416.6400146484375,416.07000732421875,416.1050109863281,102668
2026-06-30 12:04:00-04:00,416.9800109863281,416.9800109863281,417.0,416.2860107421875,416.42999267578125,102323
2026-06-30 12:06:00-04:00,416.7650146484375,416.7650146484375,417.2398986816406,416.4200134277344,416.9800109863281,218621
2026-06-30 12:08:00-04:00,416.8999938964844,416.8999938964844,417.3999938964844,416.7049865722656,416.79998779296875,106215
2026-06-30 12:10:00-04:00,416.55999755859375,416.55999755859375,417.0,416.45001220703125,416.94000244140625,74186
2026-06-30 12:12:00-04:00,416.2405090332031,416.2405090332031,416.6700134277344,416.0710144042969,416.54998779296875,85369
2026-06-30 12:14:00-04:00,415.8774108886719,415.8774108886719,416.4198913574219,415.75,416.260009765625,91389
2026-06-30 12:16:00-04:00,416.1499938964844,416.1499938964844,416.1700134277344,415.8299865722656,415.8900146484375,77668
2026-06-30 12:18:00-04:00,416.4100036621094,416.4100036621094,416.4599914550781,415.9700012207031,416.1000061035156,70197
2026-06-30 12:20:00-04:00,416.2699890136719,416.2699890136719,416.889892578125,416.2007141113281,416.44500732421875,83905
2026-06-30 12:22:00-04:00,416.45001220703125,416.45001220703125,416.8299865722656,416.17498779296875,416.260009765625,84277
2026-06-30 12:24:00-04:00,416.1400146484375,416.1400146484375,416.7300109863281,416.1000061035156,416.5215148925781,64673
2026-06-30 12:26:00-04:00,416.4100036621094,416.4100036621094,416.4100036621094,416.1300048828125,416.2099914550781,52742
2026-06-30 12:28:00-04:00,416.44000244140625,416.44000244140625,416.5675964355469,416.0,416.4100036621094,62876
2026-06-30 12:30:00-04:00,416.94500732421875,416.94500732421875,417.1700134277344,416.42999267578125,416.57000732421875,112652
2026-06-30 12:32:00-04:00,416.610107421875,416.610107421875,417.1000061035156,416.4150085449219,416.9200134277344,99431
2026-06-30 12:34:00-04:00,416.8299865722656,416.8299865722656,417.1206970214844,416.55999755859375,416.635009765625,81114
2026-06-30 12:36:00-04:00,417.3599853515625,417.3599853515625,417.3999938964844,416.79998779296875,416.80999755859375,94284
2026-06-30 12:38:00-04:00,417.7099914550781,417.7099914550781,417.9200134277344,417.1816101074219,417.3550109863281,168501
2026-06-30 12:40:00-04:00,417.3500061035156,417.3500061035156,417.7900085449219,417.3500061035156,417.67999267578125,94449
2026-06-30 12:42:00-04:00,417.375,417.375,417.5,417.1000061035156,417.375,86721
2026-06-30 12:44:00-04:00,418.0899963378906,418.0899963378906,418.17999267578125,417.29010009765625,417.3599853515625,205469
2026-06-30 12:46:00-04:00,417.8800048828125,417.8800048828125,418.25,417.79998779296875,418.05999755859375,105117
2026-06-30 12:48:00-04:00,418.0899963378906,418.0899963378906,418.6400146484375,417.851806640625,417.8825988769531,185110
2026-06-30 12:50:00-04:00,417.6499938964844,417.6499938964844,418.2200012207031,417.57000732421875,418.05499267578125,117750
2026-06-30 12:52:00-04:00,417.79998779296875,417.79998779296875,418.06170654296875,417.6300048828125,417.70001220703125,61105
2026-06-30 12:54:00-04:00,418.0299987792969,418.0299987792969,418.25,417.74749755859375,417.8699951171875,81299
2026-06-30 12:56:00-04:00,418.1199951171875,418.1199951171875,418.2300109863281,417.8299865722656,418.05499267578125,88684
2026-06-30 12:58:00-04:00,417.92999267578125,417.92999267578125,418.1675109863281,417.7001037597656,418.1099853515625,96893
2026-06-30 13:00:00-04:00,417.8529052734375,417.8529052734375,418.1499938964844,417.71099853515625,417.95001220703125,77589
2026-06-30 13:02:00-04:00,418.3200988769531,418.3200988769531,418.47711181640625,417.8399963378906,417.8550109863281,104516
2026-06-30 13:04:00-04:00,418.1799011230469,418.1799011230469,418.69000244140625,417.8900146484375,418.3599853515625,154304
2026-06-30 13:06:00-04:00,419.17010498046875,419.17010498046875,419.5,418.1575012207031,418.17999267578125,233543
2026-06-30 13:08:00-04:00,419.0849914550781,419.0849914550781,419.5,419.05999755859375,419.2550048828125,149947
2026-06-30 13:10:00-04:00,419.1000061035156,419.1000061035156,419.3900146484375,418.8599853515625,419.1000061035156,119761
2026-06-30 13:12:00-04:00,418.5899963378906,418.5899963378906,419.1400146484375,418.54998779296875,419.07000732421875,99040
2026-06-30 13:14:00-04:00,418.4700012207031,418.4700012207031,418.7499084472656,418.4200134277344,418.54998779296875,95954
2026-06-30 13:16:00-04:00,418.6698913574219,418.6698913574219,418.79998779296875,418.43499755859375,418.4649963378906,67501
2026-06-30 13:18:00-04:00,418.6650085449219,418.6650085449219,418.82000732421875,418.510009765625,418.5899963378906,58022
2026-06-30 13:20:00-04:00,418.3450012207031,418.3450012207031,418.75,418.2001037597656,418.7099914550781,94123
2026-06-30 13:22:00-04:00,418.4700012207031,418.4700012207031,418.6700134277344,418.20001220703125,418.3699951171875,69614
2026-06-30 13:24:00-04:00,418.55499267578125,418.55499267578125,419.0,418.43499755859375,418.5,95052
2026-06-30 13:26:00-04:00,418.43499755859375,418.43499755859375,418.6231994628906,418.30999755859375,418.5799865722656,73966
2026-06-30 13:28:00-04:00,418.260009765625,418.260009765625,418.4898986816406,418.1000061035156,418.42498779296875,76009
2026-06-30 13:30:00-04:00,417.30999755859375,417.30999755859375,418.3598937988281,417.2300109863281,418.2449951171875,132199
2026-06-30 13:32:00-04:00,417.3099060058594,417.3099060058594,417.3999938964844,417.05999755859375,417.3399963378906,121325
2026-06-30 13:34:00-04:00,417.08099365234375,417.08099365234375,417.4599914550781,417.05999755859375,417.2799987792969,87266
2026-06-30 13:36:00-04:00,416.82989501953125,416.82989501953125,417.1099853515625,416.5299987792969,417.1099853515625,179025
2026-06-30 13:38:00-04:00,416.5899963378906,416.5899963378906,416.9299011230469,416.5,416.82000732421875,90624
2026-06-30 13:40:00-04:00,416.760009765625,416.760009765625,416.8999938964844,416.510009765625,416.53009033203125,79739
2026-06-30 13:42:00-04:00,416.3075866699219,416.3075866699219,416.87890625,416.0,416.7300109863281,116243
2026-06-30 13:44:00-04:00,416.3999938964844,416.3999938964844,416.739990234375,416.20001220703125,416.2950134277344,89687
2026-06-30 13:46:00-04:00,416.4649963378906,416.4649963378906,416.864990234375,416.3559875488281,416.4200134277344,78721
2026-06-30 13:48:00-04:00,416.3599853515625,416.3599853515625,416.5299987792969,416.260009765625,416.4649963378906,81013
2026-06-30 13:50:00-04:00,416.7950134277344,416.7950134277344,416.87969970703125,416.29010009765625,416.44500732421875,90171
2026-06-30 13:52:00-04:00,417.20001220703125,417.20001220703125,417.42529296875,416.79010009765625,416.79998779296875,164483
2026-06-30 13:54:00-04:00,417.45001220703125,417.45001220703125,417.45001220703125,417.010009765625,417.2049865722656,83827
2026-06-30 13:56:00-04:00,417.739990234375,417.739990234375,417.8800048828125,417.3399963378906,417.42999267578125,90474
2026-06-30 13:58:00-04:00,417.6000061035156,417.6000061035156,417.739990234375,417.29998779296875,417.739990234375,96245
2026-06-30 14:00:00-04:00,418.32501220703125,418.32501220703125,418.37799072265625,417.5400085449219,417.6000061035156,149426
2026-06-30 14:02:00-04:00,417.8599853515625,417.8599853515625,418.4599914550781,417.80999755859375,418.32000732421875,116941
2026-06-30 14:04:00-04:00,417.6400146484375,417.6400146484375,418.19000244140625,417.5199890136719,417.8100891113281,101708
2026-06-30 14:06:00-04:00,417.82611083984375,417.82611083984375,417.94000244140625,417.3399963378906,417.6400146484375,80509
2026-06-30 14:08:00-04:00,418.3500061035156,418.3500061035156,418.5400085449219,417.7799987792969,417.7950134277344,110256
2026-06-30 14:10:00-04:00,418.2900085449219,418.2900085449219,418.54998779296875,418.2200012207031,418.3599853515625,70910
2026-06-30 14:12:00-04:00,418.94000244140625,418.94000244140625,418.9599914550781,417.70721435546875,418.2200012207031,182432
2026-06-30 14:14:00-04:00,419.1000061035156,419.1000061035156,419.19000244140625,418.79998779296875,418.9549865722656,163630
2026-06-30 14:16:00-04:00,419.4800109863281,419.4800109863281,419.489990234375,419.1000061035156,419.1000061035156,143449
2026-06-30 14:18:00-04:00,419.3800048828125,419.3800048828125,419.6499938964844,419.17999267578125,419.489990234375,126243
2026-06-30 14:20:00-04:00,419.30999755859375,419.30999755859375,419.57000732421875,419.1401062011719,419.3659973144531,110097
2026-06-30 14:22:00-04:00,419.0,419.0,419.3500061035156,418.8699951171875,419.30499267578125,108517
2026-06-30 14:24:00-04:00,418.8500061035156,418.8500061035156,419.2250061035156,418.760009765625,418.9750061035156,108955
2026-06-30 14:26:00-04:00,418.9150085449219,418.9150085449219,419.0799865722656,418.70001220703125,418.8349914550781,83762
2026-06-30 14:28:00-04:00,418.9649963378906,418.9649963378906,419.04998779296875,418.7200012207031,418.8999938964844,75479
2026-06-30 14:30:00-04:00,418.7799987792969,418.7799987792969,419.1000061035156,418.33551025390625,418.9800109863281,162539
2026-06-30 14:32:00-04:00,419.0,419.0,419.0199890136719,418.6600036621094,418.80999755859375,76455
2026-06-30 14:34:00-04:00,419.1000061035156,419.1000061035156,419.20001220703125,418.7699890136719,418.9800109863281,95115
2026-06-30 14:36:00-04:00,418.79998779296875,418.79998779296875,419.260009765625,418.4599914550781,419.1000061035156,155554
2026-06-30 14:38:00-04:00,419.2799987792969,419.2799987792969,419.2799987792969,418.5,418.80999755859375,112459
2026-06-30 14:40:00-04:00,419.56781005859375,419.56781005859375,419.6000061035156,418.989990234375,419.2565002441406,115375
2026-06-30 14:42:00-04:00,419.6000061035156,419.6000061035156,419.9200134277344,419.29998779296875,419.5450134277344,149710
2026-06-30 14:44:00-04:00,419.6499938964844,419.6499938964844,419.7200012207031,419.3500061035156,419.5950012207031,88014
2026-06-30 14:46:00-04:00,419.70001220703125,419.70001220703125,419.75,419.3200988769531,419.6565856933594,118333
2026-06-30 14:48:00-04:00,420.7200012207031,420.7200012207031,420.8599853515625,419.6700134277344,419.7049865722656,735478
2026-06-30 14:50:00-04:00,420.05999755859375,420.05999755859375,420.75,419.6700134277344,420.70440673828125,224329
2026-06-30 14:52:00-04:00,420.2149963378906,420.2149963378906,420.239990234375,419.7001037597656,420.0458068847656,128798
2026-06-30 14:54:00-04:00,419.86700439453125,419.86700439453125,420.44000244140625,419.8500061035156,420.2099914550781,143911
2026-06-30 14:56:00-04:00,420.29998779296875,420.29998779296875,420.5199890136719,419.8500061035156,419.9200134277344,124360
2026-06-30 14:58:00-04:00,422.0249938964844,422.0249938964844,422.1499938964844,420.29998779296875,420.3299865722656,518277
2026-06-30 15:00:00-04:00,422.6499938964844,422.6499938964844,423.6099853515625,421.7699890136719,421.95001220703125,438751
2026-06-30 15:02:00-04:00,422.6549987792969,422.6549987792969,422.9100036621094,421.6499938964844,422.6400146484375,330093
2026-06-30 15:04:00-04:00,423.29998779296875,423.29998779296875,423.3900146484375,422.4700012207031,422.6640930175781,254376
2026-06-30 15:06:00-04:00,422.5,422.5,423.55999755859375,422.3500061035156,423.260009765625,193254
2026-06-30 15:08:00-04:00,423.94000244140625,423.94000244140625,424.239990234375,422.3078918457031,422.4700012207031,384952
2026-06-30 15:10:00-04:00,423.375,423.375,424.44000244140625,423.29998779296875,424.0199890136719,482730
2026-06-30 15:12:00-04:00,423.1199951171875,423.1199951171875,423.4599914550781,422.4100036621094,423.375,243957
2026-06-30 15:14:00-04:00,424.125,424.125,424.3299865722656,423.1000061035156,423.1199951171875,266936
2026-06-30 15:16:00-04:00,424.2749938964844,424.2749938964844,424.5400085449219,423.80999755859375,424.1400146484375,272138
2026-06-30 15:18:00-04:00,423.4800109863281,423.4800109863281,424.4200134277344,423.1400146484375,424.2749938964844,256049
2026-06-30 15:20:00-04:00,423.0299987792969,423.0299987792969,423.70001220703125,422.8500061035156,423.5299987792969,201757
2026-06-30 15:22:00-04:00,422.0799865722656,422.0799865722656,423.1499938964844,422.0519104003906,423.0150146484375,202574
2026-06-30 15:24:00-04:00,421.8800048828125,421.8800048828125,422.6499938964844,421.8599853515625,422.06500244140625,173624
2026-06-30 15:26:00-04:00,422.17999267578125,422.17999267578125,422.4700012207031,421.2607116699219,421.8682861328125,246714
2026-06-30 15:28:00-04:00,423.4599914550781,423.4599914550781,423.5899963378906,422.1099853515625,422.17498779296875,266588
2026-06-30 15:30:00-04:00,422.6600036621094,422.6600036621094,423.79998779296875,422.55999755859375,423.4949951171875,275279
2026-06-30 15:32:00-04:00,422.7650146484375,422.7650146484375,423.57000732421875,422.54998779296875,422.6499938964844,181091
2026-06-30 15:34:00-04:00,422.760009765625,422.760009765625,422.9399108886719,422.5,422.7550048828125,134696
2026-06-30 15:36:00-04:00,422.75,422.75,422.919189453125,422.489990234375,422.75,164069
2026-06-30 15:38:00-04:00,422.9700012207031,422.9700012207031,423.05999755859375,422.7099914550781,422.7650146484375,175988
2026-06-30 15:40:00-04:00,422.8999938964844,422.8999938964844,423.3800048828125,422.7099914550781,422.9700012207031,200129
2026-06-30 15:42:00-04:00,423.1698913574219,423.1698913574219,423.44000244140625,422.8200988769531,422.9100036621094,184523
2026-06-30 15:44:00-04:00,422.42999267578125,422.42999267578125,423.19000244140625,422.29998779296875,423.1700134277344,209823
2026-06-30 15:46:00-04:00,422.30999755859375,422.30999755859375,422.6499938964844,421.79998779296875,422.4599914550781,275574
2026-06-30 15:48:00-04:00,421.7768859863281,421.7768859863281,422.5799865722656,421.7200012207031,422.29998779296875,192347
2026-06-30 15:50:00-04:00,421.7699890136719,421.7699890136719,421.79998779296875,421.2300109863281,421.79998779296875,276563
2026-06-30 15:52:00-04:00,421.6400146484375,421.6400146484375,421.8900146484375,420.94000244140625,421.79998779296875,292669
2026-06-30 15:54:00-04:00,421.7900085449219,421.7900085449219,421.95001220703125,420.54998779296875,421.69000244140625,413830
2026-06-30 15:56:00-04:00,421.42498779296875,421.42498779296875,421.8500061035156,420.8299865722656,421.7900085449219,434907
2026-06-30 15:58:00-04:00,420.32000732421875,420.32000732421875,421.4599914550781,420.29998779296875,421.4599914550781,952279
2026-07-01 09:30:00-04:00,420.9200134277344,420.9200134277344,425.2300109863281,419.3301086425781,421.57000732421875,2268409
2026-07-01 09:32:00-04:00,421.110107421875,421.110107421875,422.6882019042969,420.7300109863281,420.9089050292969,390353
2026-07-01 09:34:00-04:00,422.1499938964844,422.1499938964844,424.3999938964844,421.0199890136719,421.17999267578125,487083
2026-07-01 09:36:00-04:00,422.2099914550781,422.2099914550781,423.3080139160156,421.8999938964844,422.17498779296875,313008
2026-07-01 09:38:00-04:00,419.36138916015625,419.36138916015625,422.9599914550781,419.2431945800781,422.2099914550781,379254
2026-07-01 09:40:00-04:00,420.29998779296875,420.29998779296875,420.9599914550781,418.090087890625,419.44500732421875,328232
2026-07-01 09:42:00-04:00,419.79998779296875,419.79998779296875,420.54278564453125,419.0799865722656,420.1400146484375,186520
2026-07-01 09:44:00-04:00,420.5,420.5,421.139892578125,419.660888671875,419.7749938964844,240080
2026-07-01 09:46:00-04:00,422.7900085449219,422.7900085449219,422.84991455078125,420.2900085449219,420.2900085449219,310311
2026-07-01 09:48:00-04:00,423.239990234375,423.239990234375,423.3299865722656,421.92498779296875,422.822998046875,296696
2026-07-01 09:50:00-04:00,422.9100036621094,422.9100036621094,423.29998779296875,422.2099914550781,423.1900939941406,231412
2026-07-01 09:52:00-04:00,422.54998779296875,422.54998779296875,423.4700012207031,422.340087890625,422.947998046875,208034
2026-07-01 09:54:00-04:00,424.135009765625,424.135009765625,424.5,422.45001220703125,422.510009765625,295408
2026-07-01 09:56:00-04:00,423.0950012207031,423.0950012207031,424.2300109863281,422.5408020019531,424.114990234375,172509
2026-07-01 09:58:00-04:00,422.67999267578125,422.67999267578125,423.8500061035156,422.5199890136719,423.02301025390625,154882
2026-07-01 10:00:00-04:00,424.4049987792969,424.4049987792969,424.4599914550781,422.8999938964844,422.95001220703125,182667
2026-07-01 10:02:00-04:00,424.18890380859375,424.18890380859375,424.9100036621094,423.34051513671875,424.4049987792969,280851
2026-07-01 10:04:00-04:00,425.7900085449219,425.7900085449219,425.94000244140625,423.32000732421875,424.239990234375,474406
2026-07-01 10:06:00-04:00,426.8900146484375,426.8900146484375,427.2300109863281,425.07000732421875,425.7900085449219,535214
2026-07-01 10:08:00-04:00,426.67999267578125,426.67999267578125,427.5,425.8999938964844,426.82000732421875,395722
2026-07-01 10:10:00-04:00,427.3851013183594,427.3851013183594,427.6099853515625,425.7809143066406,426.6400146484375,279918
2026-07-01 10:12:00-04:00,426.70001220703125,426.70001220703125,427.489990234375,426.25,427.3800048828125,243100
2026-07-01 10:14:00-04:00,426.910400390625,426.910400390625,427.17999267578125,426.20001220703125,426.6400146484375,235562
2026-07-01 10:16:00-04:00,427.17999267578125,427.17999267578125,427.34991455078125,426.45269775390625,426.9599914550781,272814
2026-07-01 10:18:00-04:00,426.8299865722656,426.8299865722656,427.31939697265625,426.7099914550781,427.239990234375,147328
2026-07-01 10:20:00-04:00,426.95001220703125,426.95001220703125,427.45001220703125,426.29998779296875,426.8599853515625,256804
2026-07-01 10:22:00-04:00,426.885009765625,426.885009765625,427.44000244140625,426.6600036621094,426.95001220703125,168749
2026-07-01 10:24:00-04:00,427.1000061035156,427.1000061035156,427.3399963378906,425.94500732421875,426.9200134277344,310947
2026-07-01 10:26:00-04:00,427.19000244140625,427.19000244140625,427.70001220703125,426.94000244140625,427.1199951171875,263900
2026-07-01 10:28:00-04:00,427.0799865722656,427.0799865722656,427.5799865722656,426.5799865722656,427.2449951171875,175055
2026-07-01 10:30:00-04:00,426.7349853515625,426.7349853515625,427.4150085449219,426.2200012207031,427.07501220703125,182383
2026-07-01 10:32:00-04:00,425.5299987792969,425.5299987792969,427.0350036621094,424.0,426.6199951171875,339716
2026-07-01 10:34:00-04:00,425.6698913574219,425.6698913574219,426.17999267578125,425.2799987792969,425.5299987792969,186517
2026-07-01 10:36:00-04:00,426.4849853515625,426.4849853515625,426.8599853515625,425.3299865722656,425.614990234375,209644
2026-07-01 10:38:00-04:00,427.4750061035156,427.4750061035156,427.510009765625,426.1400146484375,426.4849853515625,174438
2026-07-01 10:40:00-04:00,426.6600036621094,426.6600036621094,427.92999267578125,426.3999938964844,427.4400939941406,266059
2026-07-01 10:42:00-04:00,426.8949890136719,426.8949890136719,426.9800109863281,426.2701110839844,426.67999267578125,140284
2026-07-01 10:44:00-04:00,426.4849853515625,426.4849853515625,427.6499938964844,426.3999938964844,426.840087890625,229050
2026-07-01 10:46:00-04:00,427.8450012207031,427.8450012207031,427.95001220703125,426.1099853515625,426.44500732421875,278547
2026-07-01 10:48:00-04:00,428.81500244140625,428.81500244140625,428.8500061035156,427.40008544921875,427.79998779296875,332909
2026-07-01 10:50:00-04:00,428.0950012207031,428.0950012207031,428.989990234375,427.6000061035156,428.78009033203125,249928
2026-07-01 10:52:00-04:00,427.8599853515625,427.8599853515625,428.19000244140625,427.489990234375,428.1600036621094,146134
2026-07-01 10:54:00-04:00,426.17498779296875,426.17498779296875,427.8999938964844,426.1199951171875,427.8999938964844,195843
2026-07-01 10:56:00-04:00,425.3031921386719,425.3031921386719,426.3890075683594,425.1300048828125,426.1427917480469,219485
2026-07-01 10:58:00-04:00,425.8900146484375,425.8900146484375,426.20001220703125,424.760009765625,425.32000732421875,246584
2026-07-01 11:00:00-04:00,426.8700866699219,426.8700866699219,426.9649963378906,425.7799987792969,425.8599853515625,179208
2026-07-01 11:02:00-04:00,427.69500732421875,427.69500732421875,427.9599914550781,426.7699890136719,426.92999267578125,200803
2026-07-01 11:04:00-04:00,428.5199890136719,428.5199890136719,428.6700134277344,427.5400085449219,427.6300048828125,211819
2026-07-01 11:06:00-04:00,429.20001220703125,429.20001220703125,429.4100036621094,428.44000244140625,428.5199890136719,371166
2026-07-01 11:08:00-04:00,429.3900146484375,429.3900146484375,429.44000244140625,428.57000732421875,429.2998962402344,240115
2026-07-01 11:10:00-04:00,429.5,429.5,430.05999755859375,429.0,429.3949890136719,546849
2026-07-01 11:12:00-04:00,429.5799865722656,429.5799865722656,429.9200134277344,429.04998779296875,429.54339599609375,226398
2026-07-01 11:14:00-04:00,429.95001220703125,429.95001220703125,430.5400085449219,429.5408935546875,429.55999755859375,336518
2026-07-01 11:16:00-04:00,428.7825012207031,428.7825012207031,429.94000244140625,428.5299987792969,429.92999267578125,284927
2026-07-01 11:18:00-04:00,429.5082092285156,429.5082092285156,429.739990234375,428.7699890136719,428.7799987792969,211465
2026-07-01 11:20:00-04:00,430.8599853515625,430.8599853515625,431.2300109863281,429.5213928222656,429.5799865722656,394463
2026-07-01 11:22:00-04:00,431.80999755859375,431.80999755859375,431.84979248046875,430.6300964355469,430.864990234375,258085
2026-07-01 11:24:00-04:00,432.0400085449219,432.0400085449219,432.4200134277344,431.54998779296875,431.80999755859375,358769
2026-07-01 11:26:00-04:00,432.56500244140625,432.56500244140625,432.8598937988281,431.8299865722656,432.1099853515625,309647
2026-07-01 11:28:00-04:00,431.82000732421875,431.82000732421875,432.7099914550781,431.6400146484375,432.6282043457031,207710
2026-07-01 11:30:00-04:00,431.9798889160156,431.9798889160156,432.1199951171875,431.30999755859375,431.8999938964844,213854
2026-07-01 11:32:00-04:00,431.7049865722656,431.7049865722656,432.0,431.4800109863281,431.9540100097656,195299
2026-07-01 11:34:00-04:00,432.0,432.0,432.0799865722656,430.75,431.7300109863281,271012
2026-07-01 11:36:00-04:00,430.8299865722656,430.8299865722656,432.0599060058594,430.7699890136719,432.0599060058594,201929
2026-07-01 11:38:00-04:00,430.2349853515625,430.2349853515625,431.2200012207031,430.17999267578125,430.8949890136719,190764
2026-07-01 11:40:00-04:00,430.239990234375,430.239990234375,430.6000061035156,429.7099914550781,430.19000244140625,186107
2026-07-01 11:42:00-04:00,430.65411376953125,430.65411376953125,430.8699951171875,430.20001220703125,430.239990234375,224995
2026-07-01 11:44:00-04:00,430.8399963378906,430.8399963378906,430.9100036621094,430.2799987792969,430.7398986816406,128368
2026-07-01 11:46:00-04:00,429.5899963378906,429.5899963378906,430.94000244140625,429.55010986328125,430.79998779296875,136518
2026-07-01 11:48:00-04:00,428.9280090332031,428.9280090332031,429.8800964355469,428.5899963378906,429.5899963378906,191041
2026-07-01 11:50:00-04:00,429.00189208984375,429.00189208984375,429.45001220703125,428.79998779296875,428.94500732421875,125003
2026-07-01 11:52:00-04:00,429.1000061035156,429.1000061035156,429.4100036621094,428.9202880859375,429.04998779296875,126601
2026-07-01 11:54:00-04:00,428.0,428.0,429.0899963378906,427.93011474609375,429.0799865722656,132177
2026-07-01 11:56:00-04:00,428.3550109863281,428.3550109863281,428.6000061035156,428.0,428.0,123205
2026-07-01 11:58:00-04:00,428.42999267578125,428.42999267578125,428.92999267578125,428.2699890136719,428.3599853515625,113662
2026-07-01 12:00:00-04:00,427.9750061035156,427.9750061035156,428.6700134277344,427.8599853515625,428.4100036621094,116683
2026-07-01 12:02:00-04:00,428.0799865722656,428.0799865722656,428.2799987792969,427.7699890136719,427.9800109863281,119228
2026-07-01 12:04:00-04:00,427.6199951171875,427.6199951171875,428.1199951171875,427.17999267578125,428.0799865722656,181032
2026-07-01 12:06:00-04:00,427.44000244140625,427.44000244140625,428.2049865722656,427.3999938964844,427.69000244140625,159842
2026-07-01 12:08:00-04:00,427.79998779296875,427.79998779296875,428.2699890136719,427.30010986328125,427.44000244140625,158726
2026-07-01 12:10:00-04:00,427.7550048828125,427.7550048828125,428.1099853515625,427.5,427.8500061035156,100772
2026-07-01 12:12:00-04:00,427.8395080566406,427.8395080566406,428.1084899902344,427.6040954589844,427.7550048828125,91721
2026-07-01 12:14:00-04:00,428.0799865722656,428.0799865722656,428.4200134277344,427.82000732421875,427.8399963378906,91443
2026-07-01 12:16:00-04:00,428.010009765625,428.010009765625,428.44171142578125,427.9200134277344,428.0899963378906,142113
2026-07-01 12:18:00-04:00,427.93499755859375,427.93499755859375,428.0899963378906,427.6300964355469,428.05999755859375,85959
2026-07-01 12:20:00-04:00,427.9100036621094,427.9100036621094,428.2900085449219,427.6499938964844,427.94500732421875,88214
2026-07-01 12:22:00-04:00,427.67498779296875,427.67498779296875,428.1099853515625,427.2101135253906,427.93499755859375,120898
2026-07-01 12:24:00-04:00,428.07000732421875,428.07000732421875,428.2699890136719,427.4700012207031,427.67498779296875,98160
2026-07-01 12:26:00-04:00,428.010009765625,428.010009765625,428.75,427.79998779296875,428.1199951171875,108661
2026-07-01 12:28:00-04:00,428.0,428.0,428.17999267578125,427.79998779296875,428.010009765625,70040
2026-07-01 12:30:00-04:00,428.0,428.0,428.3999938964844,427.8299865722656,427.989990234375,93233
2026-07-01 12:32:00-04:00,427.67999267578125,427.67999267578125,428.0450134277344,427.6499938964844,428.0050048828125,86030
2026-07-01 12:34:00-04:00,427.389892578125,427.389892578125,427.71990966796875,427.29998779296875,427.6600036621094,78120
2026-07-01 12:36:00-04:00,428.0150146484375,428.0150146484375,428.0899963378906,427.010009765625,427.3800048828125,160614
2026-07-01 12:38:00-04:00,427.6050109863281,427.6050109863281,428.07000732421875,427.54998779296875,427.9949951171875,70897
2026-07-01 12:40:00-04:00,427.5450134277344,427.5450134277344,427.8999938964844,427.3200988769531,427.6050109863281,59696
2026-07-01 12:42:00-04:00,427.25,427.25,427.7298889160156,427.25,427.54010009765625,65906
2026-07-01 12:44:00-04:00,427.10009765625,427.10009765625,427.5299987792969,427.1000061035156,427.1700134277344,85007
2026-07-01 12:46:00-04:00,427.5050048828125,427.5050048828125,427.6199951171875,427.1199951171875,427.1499938964844,73485
2026-07-01 12:48:00-04:00,426.9200134277344,426.9200134277344,427.70001220703125,426.80999755859375,427.4916076660156,112479
2026-07-01 12:50:00-04:00,426.68499755859375,426.68499755859375,427.2799987792969,426.5299987792969,426.95989990234375,110435
2026-07-01 12:52:00-04:00,425.885009765625,425.885009765625,426.70001220703125,425.69000244140625,426.6700134277344,160818
2026-07-01 12:54:00-04:00,426.2149963378906,426.2149963378906,426.46990966796875,425.75,425.875,117456
2026-07-01 12:56:00-04:00,426.6400146484375,426.6400146484375,426.8999938964844,426.1200866699219,426.2099914550781,109192
2026-07-01 12:58:00-04:00,426.68499755859375,426.68499755859375,426.885009765625,426.2799987792969,426.6199951171875,117209
2026-07-01 13:00:00-04:00,426.510009765625,426.510009765625,427.0799865722656,426.41009521484375,426.6449890136719,117228
2026-07-01 13:02:00-04:00,426.1300048828125,426.1300048828125,426.45001220703125,425.8299865722656,426.45001220703125,126755
2026-07-01 13:04:00-04:00,425.7650146484375,425.7650146484375,426.4100036621094,425.4599914550781,426.1311950683594,134056
2026-07-01 13:06:00-04:00,426.19500732421875,426.19500732421875,426.32000732421875,425.6000061035156,425.7650146484375,83749
2026-07-01 13:08:00-04:00,426.8699951171875,426.8699951171875,427.0,426.05999755859375,426.19500732421875,112890
2026-07-01 13:10:00-04:00,426.6050109863281,426.6050109863281,427.0,426.42999267578125,426.93499755859375,83349
2026-07-01 13:12:00-04:00,427.4949951171875,427.4949951171875,427.55999755859375,426.6050109863281,426.6400146484375,140504
2026-07-01 13:14:00-04:00,427.0,427.0,427.6700134277344,426.6099853515625,427.518798828125,127925
2026-07-01 13:16:00-04:00,426.8550109863281,426.8550109863281,427.6788024902344,426.60009765625,427.1000061035156,146008
2026-07-01 13:18:00-04:00,426.67999267578125,426.67999267578125,426.9299011230469,426.5,426.8500061035156,72340
2026-07-01 13:20:00-04:00,427.0400085449219,427.0400085449219,427.1600036621094,426.68060302734375,426.739990234375,78412
2026-07-01 13:22:00-04:00,427.0350036621094,427.0350036621094,427.1372985839844,426.60009765625,427.0400085449219,63312
2026-07-01 13:24:00-04:00,427.1400146484375,427.1400146484375,427.3489074707031,426.9400939941406,427.010009765625,62159
2026-07-01 13:26:00-04:00,427.17999267578125,427.17999267578125,427.3900146484375,427.1199951171875,427.1401062011719,57166
2026-07-01 13:28:00-04:00,426.4849853515625,426.4849853515625,427.2799072265625,426.3700866699219,427.17999267578125,113450
2026-07-01 13:30:00-04:00,426.0400085449219,426.0400085449219,426.760009765625,425.9599914550781,426.4849853515625,93916
2026-07-01 13:32:00-04:00,425.5249938964844,425.5249938964844,426.06988525390625,425.32000732421875,426.0400085449219,175020
2026-07-01 13:34:00-04:00,425.4100036621094,425.4100036621094,425.6600036621094,425.010009765625,425.55999755859375,131144
2026-07-01 13:36:00-04:00,425.2919921875,425.2919921875,425.5,425.010009765625,425.3999938964844,159366
2026-07-01 13:38:00-04:00,425.68499755859375,425.68499755859375,425.82000732421875,425.17999267578125,425.32501220703125,113267
2026-07-01 13:40:00-04:00,425.9949951171875,425.9949951171875,426.1199951171875,425.6400146484375,425.7300109863281,128035
2026-07-01 13:42:00-04:00,426.07000732421875,426.07000732421875,426.14990234375,425.8699951171875,426.0299072265625,66433
2026-07-01 13:44:00-04:00,425.3121032714844,425.3121032714844,426.1899108886719,425.0899963378906,426.1000061035156,122743
2026-07-01 13:46:00-04:00,425.4649963378906,425.4649963378906,425.6499938964844,425.2300109863281,425.30499267578125,76055
2026-07-01 13:48:00-04:00,425.3500061035156,425.3500061035156,425.55999755859375,425.2900085449219,425.4649963378906,65145
2026-07-01 13:50:00-04:00,425.67999267578125,425.67999267578125,425.7200012207031,425.3900146484375,425.3900146484375,86645
2026-07-01 13:52:00-04:00,426.04998779296875,426.04998779296875,426.3399963378906,425.5799865722656,425.67999267578125,126779
2026-07-01 13:54:00-04:00,426.0400085449219,426.0400085449219,426.260009765625,425.8999938964844,426.04998779296875,61115
2026-07-01 13:56:00-04:00,425.3500061035156,425.3500061035156,426.1000061035156,425.239990234375,426.07501220703125,98158
2026-07-01 13:58:00-04:00,424.95001220703125,424.95001220703125,425.57000732421875,424.8900146484375,425.3500061035156,173470
2026-07-01 14:00:00-04:00,425.1499938964844,425.1499938964844,425.3800048828125,424.94000244140625,424.9700012207031,93749
2026-07-01 14:02:00-04:00,425.1400146484375,425.1400146484375,425.2998962402344,424.7699890136719,425.0799865722656,114969
2026-07-01 14:04:00-04:00,424.92498779296875,424.92498779296875,425.25,424.8399963378906,425.1400146484375,87195
2026-07-01 14:06:00-04:00,424.7099914550781,424.7099914550781,424.9800109863281,424.6300048828125,424.9100036621094,112227
2026-07-01 14:08:00-04:00,425.45001220703125,425.45001220703125,425.45001220703125,424.5299987792969,424.7099914550781,124614
2026-07-01 14:10:00-04:00,424.9100036621094,424.9100036621094,425.5299987792969,424.80999755859375,425.45001220703125,82005
2026-07-01 14:12:00-04:00,424.82000732421875,424.82000732421875,424.93499755859375,424.6300964355469,424.9100036621094,84159
2026-07-01 14:14:00-04:00,424.6449890136719,424.6449890136719,424.8399963378906,424.3500061035156,424.80999755859375,91473
2026-07-01 14:16:00-04:00,424.7900085449219,424.7900085449219,424.8500061035156,424.44000244140625,424.6449890136719,74307
2026-07-01 14:18:00-04:00,424.82000732421875,424.82000732421875,425.2799987792969,424.57159423828125,424.8299865722656,94812
2026-07-01 14:20:00-04:00,425.1000061035156,425.1000061035156,425.1600036621094,424.6099853515625,424.8550109863281,74332
2026-07-01 14:22:00-04:00,425.3699951171875,425.3699951171875,425.5,424.82330322265625,425.0799865722656,83047
2026-07-01 14:24:00-04:00,425.19000244140625,425.19000244140625,425.510009765625,425.1199951171875,425.3500061035156,77746
2026-07-01 14:26:00-04:00,424.7900085449219,424.7900085449219,425.2300109863281,424.7799987792969,425.1300048828125,77439
2026-07-01 14:28:00-04:00,424.5950012207031,424.5950012207031,424.7799987792969,424.25,424.7799987792969,124311
2026-07-01 14:30:00-04:00,424.2699890136719,424.2699890136719,424.6300048828125,424.05499267578125,424.5950012207031,123443
2026-07-01 14:32:00-04:00,424.5899963378906,424.5899963378906,424.59991455078125,424.2510070800781,424.2699890136719,93361
2026-07-01 14:34:00-04:00,425.0199890136719,425.0199890136719,425.20001220703125,424.4901123046875,424.6000061035156,169997
2026-07-01 14:36:00-04:00,424.0299987792969,424.0299987792969,425.0799865722656,423.9200134277344,425.0799865722656,194957
2026-07-01 14:38:00-04:00,423.9700012207031,423.9700012207031,424.19500732421875,423.760009765625,423.9700012207031,161337
2026-07-01 14:40:00-04:00,424.1499938964844,424.1499938964844,424.239990234375,423.67999267578125,423.9414978027344,105235
2026-07-01 14:42:00-04:00,424.510009765625,424.510009765625,424.6400146484375,424.010009765625,424.18499755859375,116451
2026-07-01 14:44:00-04:00,424.6099853515625,424.6099853515625,424.67999267578125,424.05999755859375,424.510009765625,117350
2026-07-01 14:46:00-04:00,424.8299865722656,424.8299865722656,424.9800109863281,424.43011474609375,424.6099853515625,115808
2026-07-01 14:48:00-04:00,424.95001220703125,424.95001220703125,425.25,424.75,424.7799987792969,120550
2026-07-01 14:50:00-04:00,425.17498779296875,425.17498779296875,425.239990234375,424.70001220703125,424.8699951171875,76596
2026-07-01 14:52:00-04:00,424.9949951171875,424.9949951171875,425.40008544921875,424.95001220703125,425.2200012207031,93677
2026-07-01 14:54:00-04:00,424.4599914550781,424.4599914550781,425.0899963378906,424.29998779296875,425.010009765625,133852
2026-07-01 14:56:00-04:00,425.1050109863281,425.1050109863281,425.1524963378906,424.3500061035156,424.4549865722656,153637
2026-07-01 14:58:00-04:00,425.75,425.75,425.7900085449219,425.1050109863281,425.1050109863281,149754
2026-07-01 15:00:00-04:00,425.0899963378906,425.0899963378906,426.34991455078125,424.79998779296875,425.79998779296875,240214
2026-07-01 15:02:00-04:00,425.7300109863281,425.7300109863281,425.82000732421875,425.1000061035156,425.1549987792969,115676
2026-07-01 15:04:00-04:00,426.0050048828125,426.0050048828125,426.1000061035156,425.3399963378906,425.82000732421875,130270
2026-07-01 15:06:00-04:00,426.1600036621094,426.1600036621094,426.239990234375,425.7851867675781,426.0,98420
2026-07-01 15:08:00-04:00,426.1600036621094,426.1600036621094,426.3399963378906,426.0350036621094,426.1000061035156,101929
2026-07-01 15:10:00-04:00,425.5299987792969,425.5299987792969,426.2099914550781,425.20001220703125,426.17999267578125,188548
2026-07-01 15:12:00-04:00,426.1650085449219,426.1650085449219,426.25,425.5299987792969,425.5299987792969,116919
2026-07-01 15:14:00-04:00,426.0199890136719,426.0199890136719,426.4800109863281,426.010009765625,426.20001220703125,145349
2026-07-01 15:16:00-04:00,426.2998962402344,426.2998962402344,426.489990234375,425.67999267578125,426.04998779296875,193946
2026-07-01 15:18:00-04:00,426.4599914550781,426.4599914550781,426.57989501953125,426.07000732421875,426.29998779296875,191439
2026-07-01 15:20:00-04:00,425.8299865722656,425.8299865722656,426.45001220703125,425.3800048828125,426.4100036621094,149206
2026-07-01 15:22:00-04:00,425.635009765625,425.635009765625,425.8500061035156,425.260009765625,425.8349914550781,92350
2026-07-01 15:24:00-04:00,425.239990234375,425.239990234375,425.635009765625,425.0801086425781,425.635009765625,125597
2026-07-01 15:26:00-04:00,425.56500244140625,425.56500244140625,425.8299865722656,425.260009765625,425.2698974609375,116023
2026-07-01 15:28:00-04:00,425.989990234375,425.989990234375,426.239990234375,425.5249938964844,425.6499938964844,129784
2026-07-01 15:30:00-04:00,426.07501220703125,426.07501220703125,426.2300109863281,425.7850036621094,425.989990234375,137209
2026-07-01 15:32:00-04:00,426.42999267578125,426.42999267578125,426.46990966796875,426.0700988769531,426.0849914550781,134241
2026-07-01 15:34:00-04:00,426.44000244140625,426.44000244140625,426.4700012207031,426.07501220703125,426.4700012207031,98615
2026-07-01 15:36:00-04:00,426.625,426.625,426.7499084472656,426.1099853515625,426.44000244140625,173137
2026-07-01 15:38:00-04:00,426.70001220703125,426.70001220703125,426.8599853515625,426.4100036621094,426.57000732421875,184852
2026-07-01 15:40:00-04:00,426.4100036621094,426.4100036621094,426.75,426.32000732421875,426.69000244140625,140355
2026-07-01 15:42:00-04:00,426.7149963378906,426.7149963378906,426.79998779296875,426.04998779296875,426.4198913574219,217388
2026-07-01 15:44:00-04:00,426.7796936035156,426.7796936035156,427.2699890136719,426.510009765625,426.760009765625,278365
2026-07-01 15:46:00-04:00,426.8699951171875,426.8699951171875,426.8800048828125,426.4100036621094,426.7550048828125,127678
2026-07-01 15:48:00-04:00,426.6936950683594,426.6936950683594,427.1099853515625,426.15008544921875,426.8500061035156,171122
2026-07-01 15:50:00-04:00,426.54998779296875,426.54998779296875,426.94000244140625,426.3699951171875,426.7300109863281,305721
2026-07-01 15:52:00-04:00,425.32501220703125,425.32501220703125,426.95001220703125,425.2889099121094,426.57000732421875,382707
2026-07-01 15:54:00-04:00,425.7255859375,425.7255859375,426.6000061035156,425.3599853515625,425.3599853515625,269001
2026-07-01 15:56:00-04:00,425.1600036621094,425.1600036621094,425.94000244140625,424.94000244140625,425.7200012207031,282490
2026-07-01 15:58:00-04:00,425.3699951171875,425.3699951171875,425.8999938964844,425.1199951171875,425.20001220703125,739952
2026-07-02 09:30:00-04:00,430.2449951171875,430.2449951171875,432.3500061035156,426.4599914550781,428.2300109863281,3830475
2026-07-02 09:32:00-04:00,425.7449951171875,425.7449951171875,430.54998779296875,425.07000732421875,430.239990234375,505658
2026-07-02 09:34:00-04:00,422.80999755859375,422.80999755859375,426.70001220703125,422.6700134277344,425.7449951171875,563705
2026-07-02 09:36:00-04:00,419.7799987792969,419.7799987792969,423.1000061035156,419.4100036621094,422.8999938964844,811374
2026-07-02 09:38:00-04:00,418.75,418.75,420.3799133300781,418.29998779296875,419.77398681640625,560946
2026-07-02 09:40:00-04:00,416.6000061035156,416.6000061035156,418.8699035644531,415.6099853515625,418.7799987792969,770399
2026-07-02 09:42:00-04:00,415.6400146484375,415.6400146484375,417.0,415.260009765625,416.5006103515625,564342
2026-07-02 09:44:00-04:00,413.9252014160156,413.9252014160156,415.8598937988281,413.3505859375,415.5849914550781,769249
2026-07-02 09:46:00-04:00,414.4700012207031,414.4700012207031,414.94000244140625,412.79998779296875,413.9549865722656,751275
2026-07-02 09:48:00-04:00,413.5599060058594,413.5599060058594,414.7099914550781,413.0199890136719,414.435302734375,480152
2026-07-02 09:50:00-04:00,412.29998779296875,412.29998779296875,413.739990234375,412.0,413.5599060058594,642081
2026-07-02 09:52:00-04:00,412.70001220703125,412.70001220703125,413.75,412.1099853515625,412.2200012207031,518317
2026-07-02 09:54:00-04:00,412.2900085449219,412.2900085449219,413.5299987792969,412.05999755859375,412.5799865722656,329952
2026-07-02 09:56:00-04:00,412.1600036621094,412.1600036621094,413.70001220703125,410.79998779296875,412.30499267578125,759247
2026-07-02 09:58:00-04:00,413.0133056640625,413.0133056640625,413.55999755859375,411.6400146484375,412.19000244140625,394522
2026-07-02 10:00:00-04:00,412.0600891113281,412.0600891113281,413.21990966796875,411.0303955078125,413.1499938964844,400780
2026-07-02 10:02:00-04:00,411.5299987792969,411.5299987792969,412.5299987792969,411.010009765625,412.1449890136719,359760
2026-07-02 10:04:00-04:00,412.32501220703125,412.32501220703125,412.3900146484375,410.57000732421875,411.5693054199219,449393
2026-07-02 10:06:00-04:00,412.7698974609375,412.7698974609375,413.07000732421875,411.7900085449219,412.32501220703125,384123
2026-07-02 10:08:00-04:00,412.29998779296875,412.29998779296875,412.7300109863281,411.5,412.7300109863281,246715
2026-07-02 10:10:00-04:00,412.0,412.0,412.6499938964844,411.5799865722656,412.3399963378906,276204
2026-07-02 10:12:00-04:00,413.4150085449219,413.4150085449219,414.30999755859375,412.0450134277344,412.0450134277344,471404
2026-07-02 10:14:00-04:00,411.2799987792969,411.2799987792969,413.7449951171875,411.1400146484375,413.4200134277344,472136
2026-07-02 10:16:00-04:00,409.6899108886719,409.6899108886719,411.92999267578125,409.29998779296875,411.3500061035156,737235
2026-07-02 10:18:00-04:00,407.59991455078125,407.59991455078125,410.4599914550781,407.2200012207031,409.6899108886719,762835
2026-07-02 10:20:00-04:00,405.1700134277344,405.1700134277344,407.7300109863281,404.7099914550781,407.5199890136719,892489
2026-07-02 10:22:00-04:00,404.29998779296875,404.29998779296875,405.6099853515625,403.70050048828125,405.125,878648
2026-07-02 10:24:00-04:00,402.0613098144531,402.0613098144531,404.3299865722656,401.6199951171875,404.29998779296875,725171
2026-07-02 10:26:00-04:00,401.3399963378906,401.3399963378906,402.5299987792969,401.0,402.0199890136719,900502
2026-07-02 10:28:00-04:00,401.510009765625,401.510009765625,402.8800048828125,401.010009765625,401.3901062011719,746399
2026-07-02 10:30:00-04:00,401.1600036621094,401.1600036621094,402.6600036621094,400.8301086425781,401.6499938964844,578329
2026-07-02 10:32:00-04:00,400.3999938964844,400.3999938964844,402.0,400.1400146484375,401.2099914550781,718443
2026-07-02 10:34:00-04:00,399.3900146484375,399.3900146484375,400.80999755859375,398.760009765625,400.3550109863281,997035
2026-07-02 10:36:00-04:00,400.0899963378906,400.0899963378906,400.5,399.1499938964844,399.3900146484375,598306
2026-07-02 10:38:00-04:00,398.7298889160156,398.7298889160156,400.57000732421875,398.2099914550781,400.1600036621094,704632
2026-07-02 10:40:00-04:00,397.8800048828125,397.8800048828125,399.1799011230469,397.4800109863281,398.6600036621094,502493
2026-07-02 10:42:00-04:00,396.8399963378906,396.8399963378906,397.8800048828125,396.6000061035156,397.8800048828125,517171
2026-07-02 10:44:00-04:00,397.3599853515625,397.3599853515625,398.3900146484375,396.3699951171875,396.82000732421875,598951
2026-07-02 10:46:00-04:00,397.1549987792969,397.1549987792969,397.989990234375,397.04998779296875,397.3599853515625,414019
2026-07-02 10:48:00-04:00,396.989990234375,396.989990234375,397.5299987792969,395.8999938964844,397.07501220703125,531735
2026-07-02 10:50:00-04:00,396.66119384765625,396.66119384765625,397.5799865722656,396.0,396.9649963378906,417276
2026-07-02 10:52:00-04:00,396.5350036621094,396.5350036621094,396.8800048828125,395.6600036621094,396.70001220703125,391992
2026-07-02 10:54:00-04:00,396.7759094238281,396.7759094238281,397.1488037109375,396.1600036621094,396.54998779296875,295401
2026-07-02 10:56:00-04:00,395.9649963378906,395.9649963378906,397.05999755859375,395.7799987792969,396.7200012207031,369135
2026-07-02 10:58:00-04:00,397.82501220703125,397.82501220703125,397.8699951171875,395.3800048828125,395.9967041015625,651611
2026-07-02 11:00:00-04:00,397.7200012207031,397.7200012207031,398.1698913574219,397.2099914550781,397.78021240234375,586713
2026-07-02 11:02:00-04:00,396.739990234375,396.739990234375,398.42999267578125,396.55999755859375,397.9100036621094,416086
2026-07-02 11:04:00-04:00,395.412109375,395.412109375,396.9999084472656,394.9200134277344,396.6400146484375,651752
2026-07-02 11:06:00-04:00,396.25,396.25,396.5,395.010009765625,395.3699951171875,333131
2026-07-02 11:08:00-04:00,396.510009765625,396.510009765625,397.3599853515625,396.2099914550781,396.25,296322
2026-07-02 11:10:00-04:00,397.0199890136719,397.0199890136719,397.5,396.0799865722656,396.5849914550781,265739
2026-07-02 11:12:00-04:00,396.7398986816406,396.7398986816406,397.1499938964844,395.75,397.0199890136719,278438
2026-07-02 11:14:00-04:00,395.4100036621094,395.4100036621094,397.1199035644531,395.260009765625,396.69000244140625,324767
2026-07-02 11:16:00-04:00,394.6499938964844,394.6499938964844,395.5899963378906,394.4200134277344,395.3800048828125,393458
2026-07-02 11:18:00-04:00,394.95001220703125,394.95001220703125,395.54998779296875,394.510009765625,394.67498779296875,268895
2026-07-02 11:20:00-04:00,395.04998779296875,395.04998779296875,395.3500061035156,394.25,394.9599914550781,327083
2026-07-02 11:22:00-04:00,395.3699951171875,395.3699951171875,395.6700134277344,395.0,395.04998779296875,248969
2026-07-02 11:24:00-04:00,395.45001220703125,395.45001220703125,396.42999267578125,395.1300048828125,395.3699951171875,362979
2026-07-02 11:26:00-04:00,396.8699951171875,396.8699951171875,397.07000732421875,395.47369384765625,395.47369384765625,319324
2026-07-02 11:28:00-04:00,396.92999267578125,396.92999267578125,397.2477111816406,396.6499938964844,396.8299865722656,196586
2026-07-02 11:30:00-04:00,397.6099853515625,397.6099853515625,397.6199951171875,396.7699890136719,396.92999267578125,300334
2026-07-02 11:32:00-04:00,397.59991455078125,397.59991455078125,397.7799987792969,397.260009765625,397.6000061035156,229020
2026-07-02 11:34:00-04:00,398.8703918457031,398.8703918457031,398.95001220703125,397.5899963378906,397.5899963378906,324737
2026-07-02 11:36:00-04:00,399.6300048828125,399.6300048828125,399.7799987792969,398.6099853515625,398.8699951171875,477876
2026-07-02 11:38:00-04:00,399.2749938964844,399.2749938964844,399.8999938964844,399.1600036621094,399.614990234375,352509
2026-07-02 11:40:00-04:00,400.5000915527344,400.5000915527344,400.79998779296875,399.1600036621094,399.27508544921875,353429
2026-07-02 11:42:00-04:00,399.5400085449219,399.5400085449219,400.6199951171875,399.3299865722656,400.5199890136719,304107
2026-07-02 11:44:00-04:00,400.2300109863281,400.2300109863281,400.3999938964844,399.4700927734375,399.510009765625,214917
2026-07-02 11:46:00-04:00,399.8500061035156,399.8500061035156,400.45989990234375,399.5,400.1300048828125,214019
2026-07-02 11:48:00-04:00,399.8800048828125,399.8800048828125,400.74951171875,399.6000061035156,399.885009765625,223908
2026-07-02 11:50:00-04:00,400.3699951171875,400.3699951171875,400.3699951171875,399.5899963378906,399.885009765625,156974
2026-07-02 11:52:00-04:00,399.3349914550781,399.3349914550781,400.44989013671875,399.20050048828125,400.3699951171875,237814
2026-07-02 11:54:00-04:00,398.3399963378906,398.3399963378906,400.0,398.2200012207031,399.3349914550781,284657
2026-07-02 11:56:00-04:00,398.2650146484375,398.2650146484375,398.57000732421875,397.79541015625,398.398193359375,240920
2026-07-02 11:58:00-04:00,398.4200134277344,398.4200134277344,399.4700012207031,398.2200012207031,398.264404296875,181545
2026-07-02 12:00:00-04:00,397.5096130371094,397.5096130371094,398.69000244140625,397.20001220703125,398.4800109863281,303209
2026-07-02 12:02:00-04:00,397.0050048828125,397.0050048828125,397.5639953613281,396.8399963378906,397.510009765625,278101
2026-07-02 12:04:00-04:00,397.1050109863281,397.1050109863281,397.70001220703125,396.7699890136719,397.0050048828125,190193
2026-07-02 12:06:00-04:00,395.1000061035156,395.1000061035156,397.1400146484375,395.0299987792969,397.0400085449219,380243
2026-07-02 12:08:00-04:00,394.1700134277344,394.1700134277344,395.29998779296875,394.1000061035156,395.114990234375,435202
2026-07-02 12:10:00-04:00,395.25,395.25,395.67999267578125,393.8999938964844,394.1400146484375,373805
2026-07-02 12:12:00-04:00,394.94000244140625,394.94000244140625,395.54998779296875,394.75,395.21258544921875,216334
2026-07-02 12:14:00-04:00,394.42999267578125,394.42999267578125,395.4849853515625,394.2799987792969,394.9429016113281,211787
2026-07-02 12:16:00-04:00,394.364990234375,394.364990234375,394.8399963378906,394.2799987792969,394.42999267578125,148797
2026-07-02 12:18:00-04:00,394.2650146484375,394.2650146484375,394.7200012207031,394.1304931640625,394.364990234375,173995
2026-07-02 12:20:00-04:00,393.8500061035156,393.8500061035156,394.44000244140625,393.69000244140625,394.2650146484375,323574
2026-07-02 12:22:00-04:00,394.064697265625,394.064697265625,394.2492980957031,393.6499938964844,393.864990234375,216289
2026-07-02 12:24:00-04:00,394.2749938964844,394.2749938964844,394.989990234375,393.8299865722656,393.989990234375,236041
2026-07-02 12:26:00-04:00,393.7300109863281,393.7300109863281,394.4100036621094,393.5799865722656,394.2401123046875,241399
2026-07-02 12:28:00-04:00,392.92999267578125,392.92999267578125,393.8699951171875,392.7904052734375,393.7101135253906,355771
2026-07-02 12:30:00-04:00,392.0400085449219,392.0400085449219,393.09991455078125,392.0199890136719,392.92999267578125,271902
2026-07-02 12:32:00-04:00,391.3399963378906,391.3399963378906,392.2799987792969,391.3299865722656,392.05499267578125,361892
2026-07-02 12:34:00-04:00,391.4800109863281,391.4800109863281,391.5400085449219,390.8999938964844,391.3399963378906,309997
2026-07-02 12:36:00-04:00,390.2799987792969,390.2799987792969,391.55999755859375,390.2799987792969,391.489990234375,321918
2026-07-02 12:38:00-04:00,391.3299865722656,391.3299865722656,391.3399963378906,390.29998779296875,390.34991455078125,276400
2026-07-02 12:40:00-04:00,392.29998779296875,392.29998779296875,392.56988525390625,391.3299865722656,391.3399963378906,292437
2026-07-02 12:42:00-04:00,392.0899963378906,392.0899963378906,392.4800109863281,392.0,392.2900085449219,199342
2026-07-02 12:44:00-04:00,391.6300048828125,391.6300048828125,392.3500061035156,391.3900146484375,392.1000061035156,205130
2026-07-02 12:46:00-04:00,392.4798889160156,392.4798889160156,392.6300048828125,391.5201110839844,391.5799865722656,207916
2026-07-02 12:48:00-04:00,391.9800109863281,391.9800109863281,392.45001220703125,391.8399963378906,392.4100036621094,163306
2026-07-02 12:50:00-04:00,392.80999755859375,392.80999755859375,393.04998779296875,391.489990234375,391.9800109863281,247847
2026-07-02 12:52:00-04:00,392.635009765625,392.635009765625,393.32989501953125,392.5299987792969,392.7200012207031,174180
2026-07-02 12:54:00-04:00,391.54998779296875,391.54998779296875,392.9898986816406,391.4200134277344,392.67999267578125,216241
2026-07-02 12:56:00-04:00,390.8550109863281,390.8550109863281,391.54998779296875,390.8299865722656,391.54998779296875,244931
2026-07-02 12:58:00-04:00,390.82000732421875,390.82000732421875,391.3999938964844,390.6014099121094,390.8550109863281,248452
2026-07-02 13:00:00-04:00,390.55999755859375,390.55999755859375,391.0400085449219,390.2200012207031,390.8254089355469,257950
2026-07-02 13:02:00-04:00,390.639892578125,390.639892578125,391.0,390.25,390.55999755859375,198010
2026-07-02 13:04:00-04:00,391.2749938964844,391.2749938964844,391.29998779296875,390.2099914550781,390.6400146484375,190312
2026-07-02 13:06:00-04:00,391.80999755859375,391.80999755859375,392.1499938964844,391.1700134277344,391.2749938964844,261349
2026-07-02 13:08:00-04:00,391.8741149902344,391.8741149902344,392.20001220703125,391.7300109863281,391.80999755859375,195266
2026-07-02 13:10:00-04:00,391.114990234375,391.114990234375,391.94000244140625,390.6300964355469,391.875,222927
2026-07-02 13:12:00-04:00,390.9200134277344,390.9200134277344,391.2200012207031,390.65008544921875,391.0743103027344,135854
2026-07-02 13:14:00-04:00,390.5400085449219,390.5400085449219,391.3299865722656,390.3800048828125,390.989990234375,204650
2026-07-02 13:16:00-04:00,390.4649963378906,390.4649963378906,391.25,390.2699890136719,390.55999755859375,202166
2026-07-02 13:18:00-04:00,390.2300109863281,390.2300109863281,390.7898864746094,390.1300964355469,390.45001220703125,200855
2026-07-02 13:20:00-04:00,390.69000244140625,390.69000244140625,390.87200927734375,390.0799865722656,390.2749938964844,214891
2026-07-02 13:22:00-04:00,390.5299987792969,390.5299987792969,391.0599060058594,390.3699951171875,390.7099914550781,277119
2026-07-02 13:24:00-04:00,390.67999267578125,390.67999267578125,391.2099914550781,390.5,390.5299987792969,157778
2026-07-02 13:26:00-04:00,390.8450012207031,390.8450012207031,391.2200012207031,390.57000732421875,390.7593994140625,155032
2026-07-02 13:28:00-04:00,391.0299987792969,391.0299987792969,391.17999267578125,390.70001220703125,390.8450012207031,121866
2026-07-02 13:30:00-04:00,391.3900146484375,391.3900146484375,391.5799865722656,390.9599914550781,391.06500244140625,133067
2026-07-02 13:32:00-04:00,391.7300109863281,391.7300109863281,392.1700134277344,391.2200012207031,391.4100036621094,195597
2026-07-02 13:34:00-04:00,391.19000244140625,391.19000244140625,392.07000732421875,390.8599853515625,391.79998779296875,320647
2026-07-02 13:36:00-04:00,390.29998779296875,390.29998779296875,391.25,390.239990234375,391.1600036621094,211385
2026-07-02 13:38:00-04:00,390.17999267578125,390.17999267578125,390.6099853515625,390.0299987792969,390.31988525390625,153936
2026-07-02 13:40:00-04:00,390.8699951171875,390.8699951171875,390.95001220703125,390.0400085449219,390.20001220703125,209608
2026-07-02 13:42:00-04:00,390.68499755859375,390.68499755859375,390.8900146484375,390.4100036621094,390.7900085449219,159967
2026-07-02 13:44:00-04:00,390.3999938964844,390.3999938964844,390.81988525390625,390.20001220703125,390.67498779296875,141258
2026-07-02 13:46:00-04:00,390.30499267578125,390.30499267578125,390.48260498046875,389.8900146484375,390.3800048828125,408841
2026-07-02 13:48:00-04:00,390.69000244140625,390.69000244140625,390.8099060058594,390.2300109863281,390.2799987792969,166654
2026-07-02 13:50:00-04:00,390.6239929199219,390.6239929199219,390.8299865722656,390.4200134277344,390.6600036621094,126824
2026-07-02 13:52:00-04:00,391.55499267578125,391.55499267578125,391.6000061035156,390.625,390.6499938964844,189645
2026-07-02 13:54:00-04:00,391.5304870605469,391.5304870605469,392.1449890136719,391.4200134277344,391.59991455078125,241257
2026-07-02 13:56:00-04:00,391.5199890136719,391.5199890136719,391.67999267578125,391.07000732421875,391.53009033203125,133168
2026-07-02 13:58:00-04:00,391.3399963378906,391.3399963378906,391.6000061035156,390.8399963378906,391.489990234375,147745
2026-07-02 14:00:00-04:00,391.82501220703125,391.82501220703125,392.0,391.29998779296875,391.4100036621094,154196
2026-07-02 14:02:00-04:00,392.1499938964844,392.1499938964844,392.2900085449219,391.7699890136719,391.8299865722656,235905
2026-07-02 14:04:00-04:00,392.8699951171875,392.8699951171875,393.1499938964844,392.0,392.1400146484375,790003
2026-07-02 14:06:00-04:00,393.1499938964844,393.1499938964844,393.6000061035156,392.8299865722656,392.8999938964844,220406
2026-07-02 14:08:00-04:00,394.1449890136719,394.1449890136719,394.239990234375,393.05999755859375,393.1199951171875,270487
2026-07-02 14:10:00-04:00,393.7695007324219,393.7695007324219,394.45001220703125,393.260009765625,394.1549987792969,261674
2026-07-02 14:12:00-04:00,393.7799987792969,393.7799987792969,394.20001220703125,393.5199890136719,393.7200012207031,197012
2026-07-02 14:14:00-04:00,392.94500732421875,392.94500732421875,393.94000244140625,392.5600891113281,393.739990234375,209991
2026-07-02 14:16:00-04:00,393.2300109863281,393.2300109863281,393.6499938964844,392.7349853515625,392.94500732421875,148982
2026-07-02 14:18:00-04:00,393.69000244140625,393.69000244140625,393.9700012207031,393.1600036621094,393.2300109863281,181554
2026-07-02 14:20:00-04:00,393.80999755859375,393.80999755859375,394.1000061035156,393.5799865722656,393.67999267578125,155387
2026-07-02 14:22:00-04:00,393.7029113769531,393.7029113769531,394.07000732421875,393.3500061035156,393.80999755859375,141258
2026-07-02 14:24:00-04:00,393.3800048828125,393.3800048828125,394.0960998535156,393.3450012207031,393.6499938964844,134982
2026-07-02 14:26:00-04:00,394.05999755859375,394.05999755859375,394.1000061035156,393.1600036621094,393.3399963378906,125925
2026-07-02 14:28:00-04:00,393.739990234375,393.739990234375,394.2900085449219,393.6400146484375,394.0299987792969,163525
2026-07-02 14:30:00-04:00,394.1400146484375,394.1400146484375,394.364990234375,393.42999267578125,393.6499938964844,56320
2026-07-02 14:32:00-04:00,393.7900085449219,393.7900085449219,394.32000732421875,393.75,394.07501220703125,134027
2026-07-02 14:34:00-04:00,393.17498779296875,393.17498779296875,393.8299865722656,393.04998779296875,393.6300048828125,170577
2026-07-02 14:36:00-04:00,392.6700134277344,392.6700134277344,393.29998779296875,392.20001220703125,393.2099914550781,245603
2026-07-02 14:38:00-04:00,393.0,393.0,393.0599060058594,392.54998779296875,392.6700134277344,114815
2026-07-02 14:40:00-04:00,392.17999267578125,392.17999267578125,392.9798889160156,392.1210021972656,392.9700012207031,155277
2026-07-02 14:42:00-04:00,392.4100036621094,392.4100036621094,392.55999755859375,392.1400146484375,392.1600036621094,109699
2026-07-02 14:44:00-04:00,391.17999267578125,391.17999267578125,392.6199951171875,390.9800109863281,392.3699951171875,233986
2026-07-02 14:46:00-04:00,392.010009765625,392.010009765625,392.09991455078125,391.1499938964844,391.20001220703125,176805
2026-07-02 14:48:00-04:00,391.9800109863281,391.9800109863281,392.09991455078125,391.79010009765625,391.9939880371094,101352
2026-07-02 14:50:00-04:00,391.45001220703125,391.45001220703125,392.0199890136719,391.40008544921875,391.9800109863281,138019
2026-07-02 14:52:00-04:00,391.2900085449219,391.2900085449219,391.94000244140625,391.04998779296875,391.45001220703125,138140
2026-07-02 14:54:00-04:00,391.7799987792969,391.7799987792969,391.82000732421875,391.0899963378906,391.32830810546875,131704
2026-07-02 14:56:00-04:00,391.989990234375,391.989990234375,392.0299987792969,391.2799987792969,391.7799987792969,140010
2026-07-02 14:58:00-04:00,392.1899108886719,392.1899108886719,392.20001220703125,391.6600036621094,392.0,166996
2026-07-02 15:00:00-04:00,391.3949890136719,391.3949890136719,392.3500061035156,391.20001220703125,392.20001220703125,161350
2026-07-02 15:02:00-04:00,391.5,391.5,391.739990234375,391.29998779296875,391.3999938964844,126081
2026-07-02 15:04:00-04:00,391.07000732421875,391.07000732421875,391.79541015625,391.0,391.510009765625,203346
2026-07-02 15:06:00-04:00,391.6549987792969,391.6549987792969,391.9700012207031,390.9599914550781,391.1300048828125,174917
2026-07-02 15:08:00-04:00,391.42999267578125,391.42999267578125,391.760009765625,391.3299865722656,391.67999267578125,114991
2026-07-02 15:10:00-04:00,391.3399963378906,391.3399963378906,391.6199951171875,391.1700134277344,391.45001220703125,108192
2026-07-02 15:12:00-04:00,391.135009765625,391.135009765625,391.54998779296875,391.0899963378906,391.3363037109375,99585
2026-07-02 15:14:00-04:00,391.0799865722656,391.0799865722656,391.2799987792969,390.95001220703125,391.1400146484375,217792
2026-07-02 15:16:00-04:00,390.7799987792969,390.7799987792969,391.1700134277344,390.7200012207031,391.0799865722656,184263
2026-07-02 15:18:00-04:00,390.70001220703125,390.70001220703125,390.989990234375,390.6000061035156,390.80999755859375,151558
2026-07-02 15:20:00-04:00,390.0350036621094,390.0350036621094,390.75,389.9800109863281,390.7300109863281,404236
2026-07-02 15:22:00-04:00,389.5150146484375,389.5150146484375,390.17950439453125,389.30108642578125,390.05999755859375,319943
2026-07-02 15:24:00-04:00,389.5799865722656,389.5799865722656,389.79998779296875,389.32000732421875,389.5050048828125,229202
2026-07-02 15:26:00-04:00,390.4599914550781,390.4599914550781,390.57000732421875,389.5101013183594,389.5799865722656,217541
2026-07-02 15:28:00-04:00,391.2099914550781,391.2099914550781,391.29998779296875,390.40008544921875,390.5398864746094,264739
2026-07-02 15:30:00-04:00,391.32501220703125,391.32501220703125,391.5,390.95001220703125,391.2099914550781,320130
2026-07-02 15:32:00-04:00,391.739990234375,391.739990234375,391.96990966796875,391.239990234375,391.3399963378906,218287
2026-07-02 15:34:00-04:00,392.2550048828125,392.2550048828125,392.3699951171875,391.6700134277344,391.7799987792969,256723
2026-07-02 15:36:00-04:00,391.94000244140625,391.94000244140625,392.2699890136719,391.5,392.20001220703125,197766
2026-07-02 15:38:00-04:00,391.4800109863281,391.4800109863281,392.3999938964844,391.3399963378906,391.9888916015625,248965
2026-07-02 15:40:00-04:00,391.989990234375,391.989990234375,392.2699890136719,391.1600036621094,391.42999267578125,235952
2026-07-02 15:42:00-04:00,392.2850036621094,392.2850036621094,392.4700012207031,391.7300109863281,391.9800109863281,220688
2026-07-02 15:44:00-04:00,391.84991455078125,391.84991455078125,392.32989501953125,391.6199951171875,392.31878662109375,231075
2026-07-02 15:46:00-04:00,391.0899963378906,391.0899963378906,391.95001220703125,391.07000732421875,391.79998779296875,188316
2026-07-02 15:48:00-04:00,391.1000061035156,391.1000061035156,391.4859924316406,390.9100036621094,391.0950012207031,243474
2026-07-02 15:50:00-04:00,391.9800109863281,391.9800109863281,392.3800048828125,391.07000732421875,391.1000061035156,403155
2026-07-02 15:52:00-04:00,391.635009765625,391.635009765625,392.2300109863281,391.510009765625,391.9700012207031,389818
2026-07-02 15:54:00-04:00,393.3800048828125,393.3800048828125,393.57000732421875,391.2049865722656,391.67999267578125,584781
2026-07-02 15:56:00-04:00,393.7799987792969,393.7799987792969,394.19000244140625,393.2799987792969,393.385009765625,544738
2026-07-02 15:58:00-04:00,392.82000732421875,392.82000732421875,394.1400146484375,392.80999755859375,393.7850036621094,1192738
2026-07-06 09:30:00-04:00,396.8450012207031,396.8450012207031,400.6600036621094,395.7900085449219,397.32000732421875,2380514
2026-07-06 09:32:00-04:00,396.67999267578125,396.67999267578125,397.239990234375,395.30499267578125,396.8450012207031,440216
2026-07-06 09:34:00-04:00,392.739990234375,392.739990234375,396.7049865722656,391.79998779296875,396.67999267578125,661963
2026-07-06 09:36:00-04:00,391.1000061035156,391.1000061035156,393.3299865722656,390.5,392.9150085449219,490517
2026-07-06 09:38:00-04:00,392.6600036621094,392.6600036621094,392.67999267578125,390.5799865722656,391.0950012207031,362448
2026-07-06 09:40:00-04:00,394.1300964355469,394.1300964355469,394.57000732421875,392.5,392.6000061035156,422898
2026-07-06 09:42:00-04:00,397.739990234375,397.739990234375,397.8800048828125,393.40008544921875,394.17498779296875,406307
2026-07-06 09:44:00-04:00,399.19500732421875,399.19500732421875,399.2799987792969,397.2900085449219,397.79998779296875,446368
2026-07-06 09:46:00-04:00,400.0400085449219,400.0400085449219,401.0,398.9501037597656,399.17999267578125,544300
2026-07-06 09:48:00-04:00,401.3599853515625,401.3599853515625,401.45001220703125,399.610107421875,400.20001220703125,350798
2026-07-06 09:50:00-04:00,402.135009765625,402.135009765625,403.0799865722656,401.0299987792969,401.32000732421875,575950
2026-07-06 09:52:00-04:00,400.80999755859375,400.80999755859375,402.3299865722656,400.70001220703125,402.1400146484375,371087
2026-07-06 09:54:00-04:00,401.114990234375,401.114990234375,401.54998779296875,400.55499267578125,400.7300109863281,223265
2026-07-06 09:56:00-04:00,401.9150085449219,401.9150085449219,402.32989501953125,401.0,401.1700134277344,253178
2026-07-06 09:58:00-04:00,401.7065124511719,401.7065124511719,402.1799011230469,401.29998779296875,401.9150085449219,191746
2026-07-06 10:00:00-04:00,403.13861083984375,403.13861083984375,403.4599914550781,401.3500061035156,401.8399963378906,416622
2026-07-06 10:02:00-04:00,403.3450012207031,403.3450012207031,404.0799865722656,402.6199951171875,403.17999267578125,341943
2026-07-06 10:04:00-04:00,401.40008544921875,401.40008544921875,403.55999755859375,401.1199951171875,403.3399963378906,333712
2026-07-06 10:06:00-04:00,401.3949890136719,401.3949890136719,402.3544006347656,400.9200134277344,401.44500732421875,215460
2026-07-06 10:08:00-04:00,402.57000732421875,402.57000732421875,402.8800048828125,401.3949890136719,401.3949890136719,200038
2026-07-06 10:10:00-04:00,402.8900146484375,402.8900146484375,403.7799987792969,402.1099853515625,402.5715026855469,272278
2026-07-06 10:12:00-04:00,403.7701110839844,403.7701110839844,403.8800048828125,402.54010009765625,402.9100036621094,188253
2026-07-06 10:14:00-04:00,404.1499938964844,404.1499938964844,404.2099914550781,403.29998779296875,403.75,230875
2026-07-06 10:16:00-04:00,404.489990234375,404.489990234375,405.04998779296875,403.7799987792969,404.15850830078125,383737
2026-07-06 10:18:00-04:00,404.2847900390625,404.2847900390625,404.7099914550781,403.8800048828125,404.5299987792969,214319
2026-07-06 10:20:00-04:00,404.5400085449219,404.5400085449219,405.2900085449219,404.1000061035156,404.2850036621094,242346
2026-07-06 10:22:00-04:00,405.6600036621094,405.6600036621094,406.17999267578125,404.5,404.52801513671875,317982
2026-07-06 10:24:00-04:00,406.29998779296875,406.29998779296875,406.739990234375,404.69000244140625,405.69500732421875,259176
2026-07-06 10:26:00-04:00,405.40850830078125,405.40850830078125,406.44000244140625,405.1400146484375,406.2950134277344,255272
2026-07-06 10:28:00-04:00,405.2250061035156,405.2250061035156,405.7300109863281,404.70001220703125,405.32000732421875,216561
2026-07-06 10:30:00-04:00,405.95001220703125,405.95001220703125,406.1697082519531,405.09381103515625,405.29998779296875,201439
2026-07-06 10:32:00-04:00,406.0350036621094,406.0350036621094,406.50830078125,405.7025146484375,406.0,238005
2026-07-06 10:34:00-04:00,405.5450134277344,405.5450134277344,406.260009765625,404.90008544921875,406.03509521484375,188175
2026-07-06 10:36:00-04:00,405.06500244140625,405.06500244140625,406.1199035644531,404.260009765625,405.5450134277344,231374
2026-07-06 10:38:00-04:00,404.8782958984375,404.8782958984375,405.489990234375,404.3299865722656,405.06500244140625,166395
2026-07-06 10:40:00-04:00,404.0799865722656,404.0799865722656,405.0400085449219,403.6300048828125,404.9200134277344,221696
2026-07-06 10:42:00-04:00,404.2200012207031,404.2200012207031,404.5,403.4100036621094,404.1199951171875,173472
2026-07-06 10:44:00-04:00,404.5000915527344,404.5000915527344,404.7699890136719,404.1700134277344,404.1700134277344,107486
2026-07-06 10:46:00-04:00,403.94500732421875,403.94500732421875,404.69000244140625,403.4307861328125,404.4849853515625,152583
2026-07-06 10:48:00-04:00,403.80499267578125,403.80499267578125,404.5498962402344,403.55999755859375,403.989990234375,140005
2026-07-06 10:50:00-04:00,404.4800109863281,404.4800109863281,404.9200134277344,403.8009948730469,403.82501220703125,126506
2026-07-06 10:52:00-04:00,405.418212890625,405.418212890625,405.4599914550781,404.40008544921875,404.4800109863281,181761
2026-07-06 10:54:00-04:00,405.3299865722656,405.3299865722656,405.4800109863281,404.5400085449219,405.42999267578125,191639
2026-07-06 10:56:00-04:00,407.20111083984375,407.20111083984375,407.260009765625,405.1000061035156,405.31878662109375,411295
2026-07-06 10:58:00-04:00,407.57000732421875,407.57000732421875,408.2049865722656,407.0899963378906,407.1401062011719,441132
2026-07-06 11:00:00-04:00,409.19000244140625,409.19000244140625,409.45001220703125,407.6099853515625,407.6099853515625,496752
2026-07-06 11:02:00-04:00,409.98699951171875,409.98699951171875,410.0899963378906,408.9104919433594,409.2598876953125,439415
2026-07-06 11:04:00-04:00,409.8999938964844,409.8999938964844,410.2300109863281,409.00079345703125,409.989990234375,380715
2026-07-06 11:06:00-04:00,409.614990234375,409.614990234375,410.4599914550781,409.53009033203125,409.8999938964844,289956
2026-07-06 11:08:00-04:00,409.8800048828125,409.8800048828125,409.989990234375,409.3900146484375,409.614990234375,178392
2026-07-06 11:10:00-04:00,409.885009765625,409.885009765625,411.1499938964844,409.760009765625,409.8800048828125,405676
2026-07-06 11:12:00-04:00,408.9549865722656,408.9549865722656,410.30999755859375,408.9100036621094,409.9200134277344,282555
2026-07-06 11:14:00-04:00,409.6650085449219,409.6650085449219,409.8999938964844,408.760009765625,408.9649963378906,155057
2026-07-06 11:16:00-04:00,409.5400085449219,409.5400085449219,409.7699890136719,409.2701110839844,409.7049865722656,155185
2026-07-06 11:18:00-04:00,409.625,409.625,409.75,409.110107421875,409.489990234375,118362
2026-07-06 11:20:00-04:00,409.6000061035156,409.6000061035156,409.8299865722656,409.0899963378906,409.6199951171875,138983
2026-07-06 11:22:00-04:00,409.7900085449219,409.7900085449219,410.2900085449219,409.3900146484375,409.5950012207031,178866
2026-07-06 11:24:00-04:00,410.5799865722656,410.5799865722656,410.7200012207031,409.70001220703125,409.8399963378906,204174
2026-07-06 11:26:00-04:00,410.97320556640625,410.97320556640625,411.1300048828125,410.32000732421875,410.5849914550781,225888
2026-07-06 11:28:00-04:00,411.3800048828125,411.3800048828125,411.67999267578125,410.6000061035156,410.9200134277344,223590
2026-07-06 11:30:00-04:00,412.4200134277344,412.4200134277344,412.44000244140625,411.0101013183594,411.30999755859375,334657
2026-07-06 11:32:00-04:00,412.7099914550781,412.7099914550781,413.1400146484375,412.2799987792969,412.4200134277344,330759
2026-07-06 11:34:00-04:00,412.6000061035156,412.6000061035156,412.8900146484375,412.3999938964844,412.760009765625,226123
2026-07-06 11:36:00-04:00,412.4649963378906,412.4649963378906,412.8594970703125,411.8500061035156,412.5899963378906,261605
2026-07-06 11:38:00-04:00,411.989990234375,411.989990234375,412.5,411.5299987792969,412.44000244140625,160950
2026-07-06 11:40:00-04:00,412.7200012207031,412.7200012207031,412.95001220703125,411.92999267578125,412.0150146484375,209594
2026-07-06 11:42:00-04:00,412.80950927734375,412.80950927734375,412.8999938964844,412.3399963378906,412.7099914550781,113898
2026-07-06 11:44:00-04:00,412.67999267578125,412.67999267578125,413.1499938964844,412.0299987792969,412.80499267578125,191461
2026-07-06 11:46:00-04:00,412.94000244140625,412.94000244140625,413.260009765625,412.5600891113281,412.67498779296875,193317
2026-07-06 11:48:00-04:00,412.95001220703125,412.95001220703125,413.20001220703125,412.6000061035156,412.9549865722656,130881
2026-07-06 11:50:00-04:00,413.4200134277344,413.4200134277344,413.7099914550781,412.9100036621094,412.95001220703125,214342
2026-07-06 11:52:00-04:00,413.2300109863281,413.2300109863281,413.5599060058594,413.1300048828125,413.4700012207031,137291
2026-07-06 11:54:00-04:00,413.1499938964844,413.1499938964844,413.45001220703125,412.8800048828125,413.17999267578125,153098
2026-07-06 11:56:00-04:00,414.3999938964844,414.3999938964844,414.56988525390625,413.0299987792969,413.0700988769531,298667
2026-07-06 11:58:00-04:00,414.1400146484375,414.1400146484375,414.6400146484375,413.8901062011719,414.3800048828125,192276
2026-07-06 12:00:00-04:00,414.3819885253906,414.3819885253906,414.5,413.94000244140625,414.17498779296875,204314
2026-07-06 12:02:00-04:00,415.1099853515625,415.1099853515625,415.25,414.30999755859375,414.4150085449219,402599
2026-07-06 12:04:00-04:00,415.43499755859375,415.43499755859375,415.5799865722656,414.7200012207031,415.1014099121094,306745
2026-07-06 12:06:00-04:00,416.8599853515625,416.8599853515625,416.9599914550781,415.3800048828125,415.43499755859375,468869
2026-07-06 12:08:00-04:00,416.5050048828125,416.5050048828125,417.0799865722656,416.45001220703125,416.8349914550781,351015
2026-07-06 12:10:00-04:00,416.42999267578125,416.42999267578125,416.79998779296875,416.3299865722656,416.5,192757
2026-07-06 12:12:00-04:00,416.8399963378906,416.8399963378906,417.07000732421875,416.3699951171875,416.43011474609375,235140
2026-07-06 12:14:00-04:00,417.7749938964844,417.7749938964844,417.9700012207031,416.7401123046875,416.8500061035156,347201
2026-07-06 12:16:00-04:00,417.5201110839844,417.5201110839844,418.17889404296875,417.5,417.81500244140625,335274
2026-07-06 12:18:00-04:00,417.92498779296875,417.92498779296875,418.3500061035156,417.1700134277344,417.510009765625,377472
2026-07-06 12:20:00-04:00,417.6449890136719,417.6449890136719,418.2699890136719,417.57000732421875,417.92669677734375,228896
2026-07-06 12:22:00-04:00,416.7900085449219,416.7900085449219,417.6700134277344,416.69000244140625,417.590087890625,255616
2026-07-06 12:24:00-04:00,416.6300048828125,416.6300048828125,417.1499938964844,416.3999938964844,416.82000732421875,228805
2026-07-06 12:26:00-04:00,416.68499755859375,416.68499755859375,417.3500061035156,416.489990234375,416.6000061035156,247368
2026-07-06 12:28:00-04:00,416.7099914550781,416.7099914550781,417.3283996582031,416.5,416.68499755859375,212254
2026-07-06 12:30:00-04:00,415.8450012207031,415.8450012207031,416.8399963378906,415.7099914550781,416.7200012207031,305074
2026-07-06 12:32:00-04:00,417.3949890136719,417.3949890136719,417.54998779296875,415.80999755859375,415.8900146484375,268878
2026-07-06 12:34:00-04:00,417.4740905761719,417.4740905761719,418.1000061035156,417.3399963378906,417.3949890136719,280748
2026-07-06 12:36:00-04:00,418.1400146484375,418.1400146484375,418.48968505859375,417.3399963378906,417.4200134277344,251565
2026-07-06 12:38:00-04:00,417.5849914550781,417.5849914550781,418.1499938964844,417.3699951171875,418.1400146484375,187824
2026-07-06 12:40:00-04:00,418.2550048828125,418.2550048828125,418.5400085449219,417.45159912109375,417.5851135253906,184396
2026-07-06 12:42:00-04:00,417.1924133300781,417.1924133300781,418.2900085449219,416.8599853515625,418.2749938964844,206869
2026-07-06 12:44:00-04:00,416.8299865722656,416.8299865722656,417.3999938964844,416.510009765625,417.1499938964844,183645
2026-07-06 12:46:00-04:00,416.9599914550781,416.9599914550781,417.3999938964844,416.75,416.81500244140625,154000
2026-07-06 12:48:00-04:00,416.2945861816406,416.2945861816406,417.1400146484375,416.1300048828125,416.9200134277344,166750
2026-07-06 12:50:00-04:00,416.8847961425781,416.8847961425781,416.9595031738281,416.0199890136719,416.31500244140625,190395
2026-07-06 12:52:00-04:00,417.7950134277344,417.7950134277344,417.989990234375,416.760009765625,416.855712890625,270680
2026-07-06 12:54:00-04:00,417.95001220703125,417.95001220703125,418.1798095703125,417.6300964355469,417.8399963378906,164559
2026-07-06 12:56:00-04:00,418.8598937988281,418.8598937988281,418.9200134277344,417.7950134277344,417.9798889160156,295962
2026-07-06 12:58:00-04:00,418.239990234375,418.239990234375,418.8500061035156,418.1300964355469,418.7699890136719,261521
2026-07-06 13:00:00-04:00,418.239990234375,418.239990234375,418.54998779296875,417.6199951171875,418.2300109863281,173589
2026-07-06 13:02:00-04:00,418.8699951171875,418.8699951171875,418.9800109863281,418.0805969238281,418.29998779296875,177658
2026-07-06 13:04:00-04:00,419.0,419.0,419.1000061035156,418.55999755859375,418.8699951171875,281936
2026-07-06 13:06:00-04:00,418.9849853515625,418.9849853515625,419.54998779296875,418.8450012207031,419.0299987792969,319737
2026-07-06 13:08:00-04:00,418.8450012207031,418.8450012207031,419.07000732421875,418.63140869140625,418.9849853515625,173863
2026-07-06 13:10:00-04:00,418.7699890136719,418.7699890136719,418.9800109863281,418.29998779296875,418.8500061035156,185453
2026-07-06 13:12:00-04:00,417.80499267578125,417.80499267578125,418.7850036621094,417.760009765625,418.7850036621094,157491
2026-07-06 13:14:00-04:00,418.05499267578125,418.05499267578125,418.2099914550781,417.33599853515625,417.80499267578125,168165
2026-07-06 13:16:00-04:00,417.3599853515625,417.3599853515625,418.2699890136719,417.260009765625,418.0950012207031,136804
2026-07-06 13:18:00-04:00,417.0950012207031,417.0950012207031,417.54998779296875,417.05999755859375,417.3599853515625,134157
2026-07-06 13:20:00-04:00,417.2250061035156,417.2250061035156,417.3800048828125,417.0299987792969,417.139892578125,117043
2026-07-06 13:22:00-04:00,417.4200134277344,417.4200134277344,417.7099914550781,417.260009765625,417.260009765625,127387
2026-07-06 13:24:00-04:00,417.7550048828125,417.7550048828125,418.0994873046875,417.3699951171875,417.385009765625,136709
2026-07-06 13:26:00-04:00,417.2650146484375,417.2650146484375,417.9599914550781,417.04998779296875,417.80999755859375,126356
2026-07-06 13:28:00-04:00,416.6400146484375,416.6400146484375,417.29998779296875,416.60009765625,417.2835998535156,199545
2026-07-06 13:30:00-04:00,416.0950012207031,416.0950012207031,416.7799072265625,416.0400085449219,416.6400146484375,225690
2026-07-06 13:32:00-04:00,415.4299011230469,415.4299011230469,416.0899963378906,415.1400146484375,416.05999755859375,309182
2026-07-06 13:34:00-04:00,415.6400146484375,415.6400146484375,415.82000732421875,415.3500061035156,415.43499755859375,179419
2026-07-06 13:36:00-04:00,415.2601013183594,415.2601013183594,415.6081848144531,415.1700134277344,415.6081848144531,168769
2026-07-06 13:38:00-04:00,415.3599853515625,415.3599853515625,415.5,415.1199951171875,415.30499267578125,153974
2026-07-06 13:40:00-04:00,415.1499938964844,415.1499938964844,415.45001220703125,414.79998779296875,415.3599853515625,203335
2026-07-06 13:42:00-04:00,414.8800048828125,414.8800048828125,415.2799987792969,414.6700134277344,415.1499938964844,169091
2026-07-06 13:44:00-04:00,414.7001037597656,414.7001037597656,414.8800048828125,414.42999267578125,414.82000732421875,168159
2026-07-06 13:46:00-04:00,414.6600036621094,414.6600036621094,414.9700012207031,414.4502868652344,414.7001037597656,169961
2026-07-06 13:48:00-04:00,414.4800109863281,414.4800109863281,414.8699035644531,414.0101013183594,414.6099853515625,175792
2026-07-06 13:50:00-04:00,415.0,415.0,415.0,414.3699951171875,414.4800109863281,143413
2026-07-06 13:52:00-04:00,414.5400085449219,414.5400085449219,415.0874938964844,414.2300109863281,414.9549865722656,141618
2026-07-06 13:54:00-04:00,414.20001220703125,414.20001220703125,414.5450134277344,414.10009765625,414.5450134277344,106932
2026-07-06 13:56:00-04:00,414.29998779296875,414.29998779296875,414.5799865722656,414.210205078125,414.2449951171875,120223
2026-07-06 13:58:00-04:00,414.5150146484375,414.5150146484375,414.6299133300781,414.1600036621094,414.32000732421875,96909
2026-07-06 14:00:00-04:00,415.04998779296875,415.04998779296875,415.19000244140625,414.356689453125,414.54998779296875,204909
2026-07-06 14:02:00-04:00,415.6000061035156,415.6000061035156,415.80499267578125,415.0199890136719,415.07000732421875,200380
2026-07-06 14:04:00-04:00,415.4200134277344,415.4200134277344,415.6499938964844,415.1199951171875,415.6050109863281,134773
2026-07-06 14:06:00-04:00,415.3999938964844,415.3999938964844,415.5282897949219,415.1700134277344,415.4700012207031,86001
2026-07-06 14:08:00-04:00,415.25,415.25,415.5398864746094,415.17999267578125,415.422607421875,94680
2026-07-06 14:10:00-04:00,414.6400146484375,414.6400146484375,415.2900085449219,414.6000061035156,415.2401123046875,102803
2026-07-06 14:12:00-04:00,414.80999755859375,414.80999755859375,414.9130859375,414.3999938964844,414.6400146484375,149497
2026-07-06 14:14:00-04:00,414.9006042480469,414.9006042480469,414.95001220703125,414.2300109863281,414.79998779296875,99093
2026-07-06 14:16:00-04:00,414.8900146484375,414.8900146484375,415.57989501953125,414.75,414.9200134277344,128646
2026-07-06 14:18:00-04:00,414.989990234375,414.989990234375,415.0116882324219,414.42999267578125,414.8699951171875,87820
2026-07-06 14:20:00-04:00,415.08740234375,415.08740234375,415.17999267578125,414.739990234375,414.989990234375,76380
2026-07-06 14:22:00-04:00,416.2192077636719,416.2192077636719,416.2900085449219,415.04010009765625,415.0950012207031,200685
2026-07-06 14:24:00-04:00,417.13720703125,417.13720703125,417.17999267578125,416.05999755859375,416.2200012207031,234271
2026-07-06 14:26:00-04:00,417.0950012207031,417.0950012207031,417.3399963378906,416.8399963378906,417.135009765625,151396
2026-07-06 14:28:00-04:00,417.6199951171875,417.6199951171875,417.6199951171875,416.75,417.04010009765625,211081
2026-07-06 14:30:00-04:00,417.4299011230469,417.4299011230469,417.7900085449219,417.2900085449219,417.6199951171875,148137
2026-07-06 14:32:00-04:00,417.260009765625,417.260009765625,417.5400085449219,416.8699951171875,417.4200134277344,192621
2026-07-06 14:34:00-04:00,416.92999267578125,416.92999267578125,417.42999267578125,416.739990234375,417.2200927734375,118009
2026-07-06 14:36:00-04:00,416.989990234375,416.989990234375,417.1000061035156,416.66180419921875,416.9599914550781,111938
2026-07-06 14:38:00-04:00,416.6700134277344,416.6700134277344,416.9576110839844,416.6000061035156,416.8999938964844,78352
2026-07-06 14:40:00-04:00,416.6700134277344,416.6700134277344,416.9198913574219,416.510009765625,416.75,86074
2026-07-06 14:42:00-04:00,416.739990234375,416.739990234375,416.989990234375,416.6700134277344,416.69500732421875,93552
2026-07-06 14:44:00-04:00,417.0965881347656,417.0965881347656,417.3599853515625,416.6300048828125,416.7200927734375,181285
2026-07-06 14:46:00-04:00,416.89599609375,416.89599609375,417.1600036621094,416.6099853515625,417.114990234375,94535
2026-07-06 14:48:00-04:00,416.9599914550781,416.9599914550781,417.1600036621094,416.7300109863281,416.90008544921875,83128
2026-07-06 14:50:00-04:00,417.125,417.125,417.2300109863281,416.8005065917969,416.9700012207031,79972
2026-07-06 14:52:00-04:00,416.7099914550781,416.7099914550781,417.3099060058594,416.6600036621094,417.125,111614
2026-07-06 14:54:00-04:00,416.6449890136719,416.6449890136719,417.1300048828125,416.3699951171875,416.7149963378906,96838
2026-07-06 14:56:00-04:00,416.80999755859375,416.80999755859375,417.20001220703125,416.610107421875,416.67999267578125,100730
2026-07-06 14:58:00-04:00,416.351806640625,416.351806640625,416.8598937988281,416.25,416.8428955078125,98630
2026-07-06 15:00:00-04:00,416.2601013183594,416.2601013183594,416.5899963378906,416.2300109863281,416.3599853515625,106355
2026-07-06 15:02:00-04:00,416.2900085449219,416.2900085449219,416.5799865722656,415.9005126953125,416.30999755859375,150989
2026-07-06 15:04:00-04:00,417.19000244140625,417.19000244140625,417.25,416.260009765625,416.347412109375,134492
2026-07-06 15:06:00-04:00,417.1000061035156,417.1000061035156,417.6600036621094,416.9700012207031,417.2300109863281,268100
2026-07-06 15:08:00-04:00,416.9800109863281,416.9800109863281,417.42999267578125,416.92999267578125,417.1600036621094,167033
2026-07-06 15:10:00-04:00,416.989990234375,416.989990234375,417.0799865722656,416.760009765625,417.0198974609375,115085
2026-07-06 15:12:00-04:00,417.04998779296875,417.04998779296875,417.2300109863281,416.8999938964844,416.9501037597656,107103
2026-07-06 15:14:00-04:00,416.9599914550781,416.9599914550781,417.4200134277344,416.5199890136719,417.0450134277344,241163
2026-07-06 15:16:00-04:00,417.2749938964844,417.2749938964844,417.44000244140625,416.760009765625,416.989990234375,194822
2026-07-06 15:18:00-04:00,418.1099853515625,418.1099853515625,418.2699890136719,416.9100036621094,417.2749938964844,335295
2026-07-06 15:20:00-04:00,417.4800109863281,417.4800109863281,418.1300048828125,417.35009765625,418.1099853515625,176094
2026-07-06 15:22:00-04:00,417.2200012207031,417.2200012207031,417.54998779296875,416.7799987792969,417.5398864746094,145837
2026-07-06 15:24:00-04:00,417.2300109863281,417.2300109863281,417.2699890136719,416.5950012207031,417.2662048339844,140037
2026-07-06 15:26:00-04:00,417.1000061035156,417.1000061035156,417.29998779296875,416.8699951171875,417.2300109863281,550712
2026-07-06 15:28:00-04:00,417.20001220703125,417.20001220703125,417.4700012207031,416.9010009765625,417.1000061035156,126454
2026-07-06 15:30:00-04:00,416.9800109863281,416.9800109863281,417.16778564453125,416.82000732421875,417.1099853515625,147868
2026-07-06 15:32:00-04:00,417.45001220703125,417.45001220703125,417.45001220703125,416.9320068359375,416.9599914550781,115396
2026-07-06 15:34:00-04:00,417.4599914550781,417.4599914550781,417.7699890136719,417.29010009765625,417.44500732421875,186218
2026-07-06 15:36:00-04:00,417.1549987792969,417.1549987792969,417.5899963378906,416.94000244140625,417.5,158650
2026-07-06 15:38:00-04:00,417.1199951171875,417.1199951171875,417.2300109863281,416.7401123046875,417.1099853515625,139596
2026-07-06 15:40:00-04:00,417.6000061035156,417.6000061035156,417.739990234375,416.80999755859375,417.1199951171875,168951
2026-07-06 15:42:00-04:00,417.4100036621094,417.4100036621094,417.6099853515625,417.1300048828125,417.6099853515625,167428
2026-07-06 15:44:00-04:00,417.5400085449219,417.5400085449219,417.6199951171875,417.1499938964844,417.44500732421875,156921
2026-07-06 15:46:00-04:00,417.6653137207031,417.6653137207031,417.8500061035156,417.24261474609375,417.55499267578125,461362
2026-07-06 15:48:00-04:00,417.6099853515625,417.6099853515625,418.1000061035156,417.5899963378906,417.68499755859375,273916
2026-07-06 15:50:00-04:00,417.2200012207031,417.2200012207031,417.6099853515625,416.3900146484375,417.6000061035156,409062
2026-07-06 15:52:00-04:00,417.9649963378906,417.9649963378906,418.04998779296875,416.9501037597656,417.2200012207031,460731
2026-07-06 15:54:00-04:00,419.25,419.25,419.3399963378906,417.85400390625,417.9800109863281,831269
2026-07-06 15:56:00-04:00,419.94000244140625,419.94000244140625,419.989990234375,419.2101135253906,419.25,664272
2026-07-06 15:58:00-04:00,419.7699890136719,419.7699890136719,420.0,419.510009765625,419.94000244140625,1166666
2026-07-07 09:30:00-04:00,418.1700134277344,418.1700134277344,419.29998779296875,414.5400085449219,416.9700012207031,1598096
2026-07-07 09:32:00-04:00,417.0,417.0,419.54998779296875,416.50048828125,418.260009765625,394585
2026-07-07 09:34:00-04:00,415.8901062011719,415.8901062011719,418.1300048828125,415.590087890625,417.0249938964844,312704
2026-07-07 09:36:00-04:00,415.94000244140625,415.94000244140625,417.1000061035156,415.0400085449219,416.1600036621094,326485
2026-07-07 09:38:00-04:00,415.5799865722656,415.5799865722656,416.4100036621094,414.05999755859375,415.94000244140625,350920
2026-07-07 09:40:00-04:00,415.38018798828125,415.38018798828125,416.29998779296875,414.7799987792969,415.5799865722656,196170
2026-07-07 09:42:00-04:00,414.29998779296875,414.29998779296875,415.7398986816406,413.5,415.5299987792969,369393
2026-07-07 09:44:00-04:00,415.1300048828125,415.1300048828125,415.1400146484375,413.5,414.29998779296875,258734
2026-07-07 09:46:00-04:00,415.07000732421875,415.07000732421875,415.3699951171875,414.0299987792969,415.0799865722656,215494
2026-07-07 09:48:00-04:00,415.2099914550781,415.2099914550781,416.3800048828125,414.7699890136719,415.05999755859375,279269
2026-07-07 09:50:00-04:00,413.98028564453125,413.98028564453125,415.29998779296875,413.3800048828125,415.2650146484375,324727
2026-07-07 09:52:00-04:00,412.9599914550781,412.9599914550781,415.32989501953125,412.75,413.989990234375,368236
2026-07-07 09:54:00-04:00,411.260009765625,411.260009765625,413.20001220703125,411.1400146484375,413.0249938964844,390797
2026-07-07 09:56:00-04:00,411.5299987792969,411.5299987792969,412.2099914550781,411.04998779296875,411.32000732421875,328756
2026-07-07 09:58:00-04:00,413.0299987792969,413.0299987792969,413.2699890136719,411.4100036621094,411.5050048828125,330610
2026-07-07 10:00:00-04:00,414.489990234375,414.489990234375,415.4700012207031,412.7200012207031,413.05999755859375,431264
2026-07-07 10:02:00-04:00,413.6018981933594,413.6018981933594,415.939697265625,413.55999755859375,414.489990234375,271902
2026-07-07 10:04:00-04:00,413.95001220703125,413.95001220703125,414.0899963378906,412.4599914550781,413.5849914550781,267356
2026-07-07 10:06:00-04:00,413.260009765625,413.260009765625,414.8799133300781,412.6018981933594,413.94000244140625,218332
2026-07-07 10:08:00-04:00,411.80499267578125,411.80499267578125,413.4599914550781,411.54998779296875,413.2650146484375,250980
2026-07-07 10:10:00-04:00,409.6090087890625,409.6090087890625,411.7699890136719,408.9849853515625,411.75,540063
2026-07-07 10:12:00-04:00,409.2799987792969,409.2799987792969,409.94970703125,408.8999938964844,409.55499267578125,298406
2026-07-07 10:14:00-04:00,407.989990234375,407.989990234375,409.2799987792969,407.6600036621094,409.2200012207031,409704
2026-07-07 10:16:00-04:00,408.125,408.125,408.67999267578125,407.8999938964844,408.06890869140625,248464
2026-07-07 10:18:00-04:00,409.010009765625,409.010009765625,409.2799987792969,408.0799865722656,408.125,256582
2026-07-07 10:20:00-04:00,408.7401123046875,408.7401123046875,409.95001220703125,408.30999755859375,409.0450134277344,275357
2026-07-07 10:22:00-04:00,408.4473876953125,408.4473876953125,409.4800109863281,408.29998779296875,408.82000732421875,187477
2026-07-07 10:24:00-04:00,407.7767028808594,407.7767028808594,408.6299133300781,406.8999938964844,408.3999938964844,329657
2026-07-07 10:26:00-04:00,408.57989501953125,408.57989501953125,408.8197021484375,407.4800109863281,407.70001220703125,183219
2026-07-07 10:28:00-04:00,409.42498779296875,409.42498779296875,409.8699951171875,408.42999267578125,408.5557861328125,222749
2026-07-07 10:30:00-04:00,409.5299987792969,409.5299987792969,410.20001220703125,409.19989013671875,409.4549865722656,318166
2026-07-07 10:32:00-04:00,409.75,409.75,410.1499938964844,408.8999938964844,409.5151062011719,200629
2026-07-07 10:34:00-04:00,408.42999267578125,408.42999267578125,409.8900146484375,408.260009765625,409.7149963378906,184835
2026-07-07 10:36:00-04:00,409.3299865722656,409.3299865722656,409.6600036621094,408.4100036621094,408.5799865722656,154143
2026-07-07 10:38:00-04:00,408.2850036621094,408.2850036621094,409.3399963378906,408.2099914550781,409.3299865722656,107270
2026-07-07 10:40:00-04:00,407.8599853515625,407.8599853515625,408.8299865722656,407.8399963378906,408.3194885253906,134910
2026-07-07 10:42:00-04:00,408.8349914550781,408.8349914550781,408.9200134277344,407.57000732421875,407.79998779296875,170205
2026-07-07 10:44:00-04:00,408.6000061035156,408.6000061035156,409.1400146484375,408.3999938964844,408.8800048828125,161504
2026-07-07 10:46:00-04:00,410.04998779296875,410.04998779296875,410.1300048828125,408.260009765625,408.5400085449219,194792
2026-07-07 10:48:00-04:00,408.67498779296875,408.67498779296875,410.139892578125,408.2699890136719,409.989990234375,195919
2026-07-07 10:50:00-04:00,409.1199951171875,409.1199951171875,409.57000732421875,408.55010986328125,408.739990234375,144521
2026-07-07 10:52:00-04:00,409.7900085449219,409.7900085449219,410.05999755859375,408.89068603515625,409.09698486328125,138834
2026-07-07 10:54:00-04:00,409.3851013183594,409.3851013183594,409.9241943359375,408.6600036621094,409.7300109863281,140456
2026-07-07 10:56:00-04:00,409.1600036621094,409.1600036621094,410.17999267578125,408.8299865722656,409.3399963378906,164043
2026-07-07 10:58:00-04:00,408.7947998046875,408.7947998046875,409.4700012207031,408.6900939941406,409.1700134277344,126260
2026-07-07 11:00:00-04:00,408.3699951171875,408.3699951171875,408.8399963378906,407.8399963378906,408.70001220703125,194995
2026-07-07 11:02:00-04:00,408.65509033203125,408.65509033203125,408.7699890136719,408.0799865722656,408.3930969238281,101625
2026-07-07 11:04:00-04:00,408.7239990234375,408.7239990234375,409.1199951171875,408.2749938964844,408.6549987792969,131286
2026-07-07 11:06:00-04:00,409.0,409.0,409.11859130859375,408.25,408.6199951171875,102357
2026-07-07 11:08:00-04:00,409.2349853515625,409.2349853515625,409.3500061035156,408.8008117675781,408.9700927734375,130340
2026-07-07 11:10:00-04:00,408.80621337890625,408.80621337890625,409.25,408.7200012207031,409.2099914550781,78890
2026-07-07 11:12:00-04:00,409.0899963378906,409.0899963378906,409.1300048828125,408.5400085449219,408.8949890136719,78230
2026-07-07 11:14:00-04:00,408.0199890136719,408.0199890136719,409.09991455078125,407.67999267578125,409.04998779296875,172307
2026-07-07 11:16:00-04:00,407.31500244140625,407.31500244140625,408.2398986816406,407.2200012207031,407.9800109863281,141837
2026-07-07 11:18:00-04:00,406.510009765625,406.510009765625,407.6000061035156,406.4114990234375,407.29998779296875,247649
2026-07-07 11:20:00-04:00,406.54998779296875,406.54998779296875,406.7820129394531,405.4599914550781,406.4100036621094,298245
2026-07-07 11:22:00-04:00,406.3395080566406,406.3395080566406,406.6499938964844,406.0714111328125,406.5,128267
2026-07-07 11:24:00-04:00,406.20001220703125,406.20001220703125,406.4599914550781,406.04541015625,406.3399963378906,96670
2026-07-07 11:26:00-04:00,406.75640869140625,406.75640869140625,406.82989501953125,405.9100036621094,406.20001220703125,155993
2026-07-07 11:28:00-04:00,406.3500061035156,406.3500061035156,407.2799987792969,405.8999938964844,406.7200012207031,184670
2026-07-07 11:30:00-04:00,405.82000732421875,405.82000732421875,406.760009765625,405.5400085449219,406.3999938964844,183151
2026-07-07 11:32:00-04:00,405.9800109863281,405.9800109863281,406.2200012207031,405.7301025390625,405.8500061035156,96749
2026-07-07 11:34:00-04:00,405.92999267578125,405.92999267578125,406.2654113769531,405.3009948730469,405.92999267578125,202386
2026-07-07 11:36:00-04:00,405.9877014160156,405.9877014160156,406.8699951171875,405.7049865722656,405.94000244140625,179154
2026-07-07 11:38:00-04:00,405.2149963378906,405.2149963378906,406.0899963378906,405.0559997558594,405.94500732421875,160868
2026-07-07 11:40:00-04:00,405.8299865722656,405.8299865722656,405.8299865722656,404.4534912109375,405.17999267578125,279985
2026-07-07 11:42:00-04:00,406.19500732421875,406.19500732421875,406.39801025390625,405.5400085449219,405.8299865722656,149146
2026-07-07 11:44:00-04:00,406.6400146484375,406.6400146484375,406.9599914550781,406.0899963378906,406.20001220703125,183877
2026-07-07 11:46:00-04:00,406.6138916015625,406.6138916015625,407.11859130859375,406.510009765625,406.69000244140625,127894
2026-07-07 11:48:00-04:00,405.4200134277344,405.4200134277344,406.739990234375,405.4100036621094,406.6099853515625,134366
2026-07-07 11:50:00-04:00,405.7099914550781,405.7099914550781,405.8800048828125,405.2500915527344,405.3550109863281,107808
2026-07-07 11:52:00-04:00,406.39990234375,406.39990234375,406.7200012207031,405.5400085449219,405.6300048828125,113407
2026-07-07 11:54:00-04:00,406.07000732421875,406.07000732421875,406.54998779296875,405.95050048828125,406.29010009765625,94667
2026-07-07 11:56:00-04:00,406.7799987792969,406.7799987792969,406.9800109863281,405.8599853515625,406.0,114089
2026-07-07 11:58:00-04:00,407.1499938964844,407.1499938964844,407.4100036621094,406.739990234375,406.7799987792969,202938
2026-07-07 12:00:00-04:00,407.2650146484375,407.2650146484375,407.70001220703125,407.0199890136719,407.159912109375,155516
2026-07-07 12:02:00-04:00,407.5150146484375,407.5150146484375,407.7499084472656,407.19000244140625,407.260009765625,106403
2026-07-07 12:04:00-04:00,407.4150085449219,407.4150085449219,407.57000732421875,406.92999267578125,407.5150146484375,121289
2026-07-07 12:06:00-04:00,407.2757873535156,407.2757873535156,407.75,407.04998779296875,407.3949890136719,666206
2026-07-07 12:08:00-04:00,406.8599853515625,406.8599853515625,407.3599853515625,406.5799865722656,407.2850036621094,99285
2026-07-07 12:10:00-04:00,407.2099914550781,407.2099914550781,407.29998779296875,406.9100036621094,406.9599914550781,71500
2026-07-07 12:12:00-04:00,407.55999755859375,407.55999755859375,407.6000061035156,406.9599914550781,407.2699890136719,324858
2026-07-07 12:14:00-04:00,407.3399963378906,407.3399963378906,407.7200012207031,407.1200866699219,407.5299987792969,92179
2026-07-07 12:16:00-04:00,407.0199890136719,407.0199890136719,407.57989501953125,407.0,407.3550109863281,74923
2026-07-07 12:18:00-04:00,407.3599853515625,407.3599853515625,407.4800109863281,406.9100036621094,407.0199890136719,96504
2026-07-07 12:20:00-04:00,407.3999938964844,407.3999938964844,407.8500061035156,407.25,407.32000732421875,94714
2026-07-07 12:22:00-04:00,407.1549987792969,407.1549987792969,407.9800109863281,407.07000732421875,407.364990234375,135148
2026-07-07 12:24:00-04:00,407.0799865722656,407.0799865722656,407.2950134277344,406.70001220703125,407.1549987792969,93016
2026-07-07 12:26:00-04:00,407.7123107910156,407.7123107910156,407.8599853515625,407.0799865722656,407.0799865722656,118146
2026-07-07 12:28:00-04:00,407.42999267578125,407.42999267578125,407.78948974609375,407.1600036621094,407.7221984863281,92996
2026-07-07 12:30:00-04:00,407.7300109863281,407.7300109863281,407.7300109863281,407.3699951171875,407.4200134277344,69586
2026-07-07 12:32:00-04:00,406.90008544921875,406.90008544921875,407.7699890136719,406.79998779296875,407.6669921875,106488
2026-07-07 12:34:00-04:00,407.5,407.5,407.79998779296875,406.95001220703125,406.989990234375,108947
2026-07-07 12:36:00-04:00,408.1499938964844,408.1499938964844,408.2099914550781,407.0010070800781,407.5,135058
2026-07-07 12:38:00-04:00,408.5299987792969,408.5299987792969,408.69000244140625,407.6400146484375,408.0899963378906,126863
2026-07-07 12:40:00-04:00,408.19500732421875,408.19500732421875,408.6700134277344,408.0,408.6582946777344,298502
2026-07-07 12:42:00-04:00,408.3900146484375,408.3900146484375,408.55999755859375,408.1099853515625,408.1950988769531,256779
2026-07-07 12:44:00-04:00,408.75,408.75,408.760009765625,408.22119140625,408.3299865722656,81984
2026-07-07 12:46:00-04:00,408.7149963378906,408.7149963378906,408.8999938964844,408.1199951171875,408.6589050292969,89120
2026-07-07 12:48:00-04:00,409.1700134277344,409.1700134277344,409.2300109863281,408.6300048828125,408.7149963378906,254241
2026-07-07 12:50:00-04:00,409.7699890136719,409.7699890136719,409.95001220703125,408.9657897949219,409.20770263671875,170138
2026-07-07 12:52:00-04:00,409.8599853515625,409.8599853515625,410.1000061035156,409.1199951171875,409.7950134277344,314287
2026-07-07 12:54:00-04:00,408.8900146484375,408.8900146484375,410.04998779296875,408.7900085449219,409.8999938964844,121788
2026-07-07 12:56:00-04:00,408.9599914550781,408.9599914550781,409.2900085449219,408.840087890625,408.8999938964844,72916
2026-07-07 12:58:00-04:00,409.19000244140625,409.19000244140625,409.19000244140625,408.0799865722656,408.9389953613281,190540
2026-07-07 13:00:00-04:00,408.68499755859375,408.68499755859375,409.2300109863281,408.57000732421875,409.20001220703125,86390
2026-07-07 13:02:00-04:00,408.739990234375,408.739990234375,408.989990234375,408.5700988769531,408.69000244140625,76280
2026-07-07 13:04:00-04:00,409.0299987792969,409.0299987792969,409.2900085449219,408.70001220703125,408.739990234375,50035
2026-07-07 13:06:00-04:00,408.80999755859375,408.80999755859375,409.2300109863281,408.7300109863281,409.0199890136719,52498
2026-07-07 13:08:00-04:00,408.875,408.875,409.1000061035156,408.7705078125,408.7705078125,38571
2026-07-07 13:10:00-04:00,407.6549987792969,407.6549987792969,408.8894958496094,407.590087890625,408.8894958496094,129003
2026-07-07 13:12:00-04:00,407.2250061035156,407.2250061035156,407.8699951171875,407.1300048828125,407.6202087402344,130171
2026-07-07 13:14:00-04:00,406.2749938964844,406.2749938964844,407.29998779296875,406.10009765625,407.29998779296875,183101
2026-07-07 13:16:00-04:00,406.19000244140625,406.19000244140625,406.45001220703125,405.79998779296875,406.3599853515625,142193
2026-07-07 13:18:00-04:00,406.2200012207031,406.2200012207031,406.31988525390625,405.94000244140625,406.239990234375,83108
2026-07-07 13:20:00-04:00,407.1300048828125,407.1300048828125,407.1700134277344,406.1300048828125,406.19000244140625,111466
2026-07-07 13:22:00-04:00,407.3800048828125,407.3800048828125,407.3999938964844,406.6000061035156,407.1000061035156,101391
2026-07-07 13:24:00-04:00,407.1199951171875,407.1199951171875,407.6700134277344,406.80999755859375,407.3450012207031,87104
2026-07-07 13:26:00-04:00,407.0899963378906,407.0899963378906,407.3800048828125,407.0,407.1199951171875,65926
2026-07-07 13:28:00-04:00,406.9849853515625,406.9849853515625,407.20001220703125,406.75,407.1400146484375,62993
2026-07-07 13:30:00-04:00,407.1000061035156,407.1000061035156,407.18670654296875,406.7500915527344,407.0299987792969,60198
2026-07-07 13:32:00-04:00,406.5199890136719,406.5199890136719,407.25,406.18499755859375,407.07000732421875,96984
2026-07-07 13:34:00-04:00,406.6700134277344,406.6700134277344,406.7699890136719,406.260009765625,406.4599914550781,73036
2026-07-07 13:36:00-04:00,406.89990234375,406.89990234375,406.9700012207031,406.6099853515625,406.6400146484375,56932
2026-07-07 13:38:00-04:00,406.7099914550781,406.7099914550781,406.8800048828125,406.4200134277344,406.8399963378906,58639
2026-07-07 13:40:00-04:00,406.8315124511719,406.8315124511719,406.8900146484375,406.30999755859375,406.7149963378906,57697
2026-07-07 13:42:00-04:00,406.80999755859375,406.80999755859375,407.0,406.7304992675781,406.8699951171875,59359
2026-07-07 13:44:00-04:00,406.80999755859375,406.80999755859375,407.0,406.5400085449219,406.7099914550781,63061
2026-07-07 13:46:00-04:00,406.6099853515625,406.6099853515625,406.8699951171875,406.510009765625,406.80999755859375,46703
2026-07-07 13:48:00-04:00,406.7349853515625,406.7349853515625,406.8898010253906,406.4302062988281,406.6099853515625,41993
2026-07-07 13:50:00-04:00,406.69000244140625,406.69000244140625,406.75,406.4700012207031,406.7099914550781,49718
2026-07-07 13:52:00-04:00,406.6099853515625,406.6099853515625,407.0199890136719,406.57000732421875,406.68499755859375,63010
2026-07-07 13:54:00-04:00,407.1499938964844,407.1499938964844,407.32989501953125,406.5187072753906,406.6050109863281,76667
2026-07-07 13:56:00-04:00,407.8999938964844,407.8999938964844,407.9285888671875,407.135009765625,407.1799011230469,103143
2026-07-07 13:58:00-04:00,408.25,408.25,408.2799987792969,407.6400146484375,407.8999938964844,86778
2026-07-07 14:00:00-04:00,408.07000732421875,408.07000732421875,408.3900146484375,407.8800048828125,408.2550048828125,123220
2026-07-07 14:02:00-04:00,407.7950134277344,407.7950134277344,408.3399963378906,407.760009765625,408.0799865722656,78505
2026-07-07 14:04:00-04:00,407.5249938964844,407.5249938964844,408.04998779296875,407.3999938964844,407.7799987792969,94013
2026-07-07 14:06:00-04:00,406.6099853515625,406.6099853515625,407.54998779296875,406.5400085449219,407.5,132453
2026-07-07 14:08:00-04:00,406.32000732421875,406.32000732421875,406.8699951171875,406.1619873046875,406.55999755859375,119256
2026-07-07 14:10:00-04:00,406.6700134277344,406.6700134277344,406.8299865722656,406.30999755859375,406.3999938964844,123767
2026-07-07 14:12:00-04:00,407.07000732421875,407.07000732421875,407.3299865722656,406.6000061035156,406.7300109863281,83211
2026-07-07 14:14:00-04:00,406.760009765625,406.760009765625,407.20001220703125,406.70111083984375,407.07000732421875,67887
2026-07-07 14:16:00-04:00,406.5,406.5,406.8800048828125,406.340087890625,406.7591857910156,68331
2026-07-07 14:18:00-04:00,406.5249938964844,406.5249938964844,406.6000061035156,406.0299987792969,406.5299987792969,79472
2026-07-07 14:20:00-04:00,406.7300109863281,406.7300109863281,406.7799987792969,406.2401123046875,406.489990234375,82028
2026-07-07 14:22:00-04:00,406.79998779296875,406.79998779296875,406.9999084472656,406.6069030761719,406.70001220703125,70050
2026-07-07 14:24:00-04:00,407.24371337890625,407.24371337890625,407.4433898925781,406.760009765625,406.7799987792969,81431
2026-07-07 14:26:00-04:00,406.9049987792969,406.9049987792969,407.45001220703125,406.8399963378906,407.239990234375,62172
2026-07-07 14:28:00-04:00,406.4649963378906,406.4649963378906,407.0799865722656,406.3500061035156,406.860107421875,75927
2026-07-07 14:30:00-04:00,406.4200134277344,406.4200134277344,406.6095886230469,406.07000732421875,406.4700012207031,110317
2026-07-07 14:32:00-04:00,405.82000732421875,405.82000732421875,406.5840148925781,405.5799865722656,406.43499755859375,151046
2026-07-07 14:34:00-04:00,405.760009765625,405.760009765625,406.010009765625,405.3599853515625,405.760009765625,130800
2026-07-07 14:36:00-04:00,405.510009765625,405.510009765625,405.8699951171875,405.46881103515625,405.6700134277344,53271
2026-07-07 14:38:00-04:00,405.7950134277344,405.7950134277344,405.95001220703125,405.4700012207031,405.4750061035156,60339
2026-07-07 14:40:00-04:00,405.5249938964844,405.5249938964844,405.80999755859375,405.3699951171875,405.7699890136719,67988
2026-07-07 14:42:00-04:00,404.8500061035156,404.8500061035156,405.5799865722656,404.760009765625,405.5249938964844,201677
2026-07-07 14:44:00-04:00,405.0199890136719,405.0199890136719,405.2900085449219,404.7900085449219,404.8450012207031,114549
2026-07-07 14:46:00-04:00,404.8299865722656,404.8299865722656,405.07611083984375,404.760009765625,405.01019287109375,77867
2026-07-07 14:48:00-04:00,404.6700134277344,404.6700134277344,405.2398986816406,404.04998779296875,404.9100036621094,191140
2026-07-07 14:50:00-04:00,403.9601135253906,403.9601135253906,404.8500061035156,403.6513977050781,404.6700134277344,197885
2026-07-07 14:52:00-04:00,403.7699890136719,403.7699890136719,404.04998779296875,403.6199951171875,403.9649963378906,99734
2026-07-07 14:54:00-04:00,403.6600036621094,403.6600036621094,404.17999267578125,403.6210021972656,403.78009033203125,100760
2026-07-07 14:56:00-04:00,403.5,403.5,403.84991455078125,403.3399963378906,403.6400146484375,113331
2026-07-07 14:58:00-04:00,403.6700134277344,403.6700134277344,403.8299865722656,403.2500915527344,403.54998779296875,112318
2026-07-07 15:00:00-04:00,403.30999755859375,403.30999755859375,403.8999938964844,403.07000732421875,403.7300109863281,121439
2026-07-07 15:02:00-04:00,403.340087890625,403.340087890625,403.6700134277344,403.20001220703125,403.30999755859375,88780
2026-07-07 15:04:00-04:00,404.07000732421875,404.07000732421875,404.1400146484375,403.2699890136719,403.2900085449219,111405
2026-07-07 15:06:00-04:00,403.3949890136719,403.3949890136719,404.40301513671875,403.3599853515625,404.1099853515625,184156
2026-07-07 15:08:00-04:00,402.3699951171875,402.3699951171875,403.5,402.29998779296875,403.3949890136719,194396
2026-07-07 15:10:00-04:00,402.45001220703125,402.45001220703125,402.5899963378906,402.0,402.3501892089844,184255
2026-07-07 15:12:00-04:00,402.840087890625,402.840087890625,402.9100036621094,402.3382873535156,402.4150085449219,154880
2026-07-07 15:14:00-04:00,402.3699951171875,402.3699951171875,402.8399963378906,402.2099914550781,402.8399963378906,114203
2026-07-07 15:16:00-04:00,402.32000732421875,402.32000732421875,402.5799865722656,402.07000732421875,402.3999938964844,122650
2026-07-07 15:18:00-04:00,402.57000732421875,402.57000732421875,402.8999938964844,401.8800048828125,402.32000732421875,188511
2026-07-07 15:20:00-04:00,402.364990234375,402.364990234375,402.7900085449219,402.0299987792969,402.57000732421875,132014
2026-07-07 15:22:00-04:00,402.5,402.5,402.8399963378906,402.30999755859375,402.42999267578125,111647
2026-07-07 15:24:00-04:00,402.3500061035156,402.3500061035156,402.8500061035156,402.13470458984375,402.5299987792969,136398
2026-07-07 15:26:00-04:00,402.6200866699219,402.6200866699219,402.94000244140625,402.2413024902344,402.3450012207031,116421
2026-07-07 15:28:00-04:00,403.04998779296875,403.04998779296875,403.19000244140625,402.5700988769531,402.7099914550781,141495
2026-07-07 15:30:00-04:00,403.0849914550781,403.0849914550781,403.42999267578125,402.9100036621094,403.0799865722656,162725
2026-07-07 15:32:00-04:00,402.8599853515625,402.8599853515625,403.139892578125,402.69000244140625,403.139892578125,142570
2026-07-07 15:34:00-04:00,403.0450134277344,403.0450134277344,403.4100036621094,402.6099853515625,402.7950134277344,131893
2026-07-07 15:36:00-04:00,403.2099914550781,403.2099914550781,403.2099914550781,402.54998779296875,403.04998779296875,146722
2026-07-07 15:38:00-04:00,403.58819580078125,403.58819580078125,403.58819580078125,403.1000061035156,403.20989990234375,158465
2026-07-07 15:40:00-04:00,403.510009765625,403.510009765625,403.7699890136719,403.2300109863281,403.5899963378906,158604
2026-07-07 15:42:00-04:00,403.06988525390625,403.06988525390625,403.55999755859375,403.0400085449219,403.4800109863281,107504
2026-07-07 15:44:00-04:00,403.5350036621094,403.5350036621094,403.5899963378906,403.0400085449219,403.0899963378906,122960
2026-07-07 15:46:00-04:00,402.95001220703125,402.95001220703125,403.5899963378906,402.5899963378906,403.5150146484375,163455
2026-07-07 15:48:00-04:00,403.43499755859375,403.43499755859375,403.54998779296875,402.7049865722656,402.92498779296875,179921
2026-07-07 15:50:00-04:00,404.5799865722656,404.5799865722656,405.1099853515625,403.4599914550781,403.4599914550781,350645
2026-07-07 15:52:00-04:00,404.1300048828125,404.1300048828125,404.82000732421875,403.9100036621094,404.6099853515625,298722
2026-07-07 15:54:00-04:00,403.1700134277344,403.1700134277344,404.9800109863281,402.57000732421875,404.1499938964844,388023
2026-07-07 15:56:00-04:00,402.8999938964844,402.8999938964844,403.4100036621094,402.8450012207031,403.17999267578125,356634
2026-07-07 15:58:00-04:00,402.9800109863281,402.9800109863281,403.19000244140625,402.2799987792969,402.8999938964844,777138
2026-07-08 09:30:00-04:00,396.3999938964844,396.3999938964844,399.6300048828125,395.6600036621094,399.375,1774222
2026-07-08 09:32:00-04:00,398.17999267578125,398.17999267578125,398.7099914550781,396.3500061035156,396.4049987792969,313367
2026-07-08 09:34:00-04:00,395.0,395.0,398.5199890136719,394.92999267578125,398.2900085449219,421660
2026-07-08 09:36:00-04:00,396.760009765625,396.760009765625,397.3999938964844,394.9800109863281,394.9800109863281,288046
2026-07-08 09:38:00-04:00,397.010009765625,397.010009765625,397.30999755859375,395.6000061035156,396.7695007324219,289387
2026-07-08 09:40:00-04:00,397.739990234375,397.739990234375,398.3500061035156,396.9501037597656,397.04998779296875,361102
2026-07-08 09:42:00-04:00,398.20001220703125,398.20001220703125,398.5199890136719,397.3699951171875,397.7799987792969,219967
2026-07-08 09:44:00-04:00,398.5150146484375,398.5150146484375,398.9100036621094,397.8999938964844,398.1199951171875,329535
2026-07-08 09:46:00-04:00,398.0249938964844,398.0249938964844,398.7699890136719,397.69500732421875,398.4800109863281,238779
2026-07-08 09:48:00-04:00,396.4100036621094,396.4100036621094,398.45001220703125,396.1099853515625,397.989990234375,337213
2026-07-08 09:50:00-04:00,395.9999084472656,395.9999084472656,396.70001220703125,395.3999938964844,396.3999938964844,220573
2026-07-08 09:52:00-04:00,395.0860900878906,395.0860900878906,396.0199890136719,394.42999267578125,396.0199890136719,443776
2026-07-08 09:54:00-04:00,394.0849914550781,394.0849914550781,395.1400146484375,393.79998779296875,395.0,352151
2026-07-08 09:56:00-04:00,394.0899963378906,394.0899963378906,394.4797058105469,393.92999267578125,394.1099853515625,266912
2026-07-08 09:58:00-04:00,395.8800048828125,395.8800048828125,396.05999755859375,393.75,393.989990234375,343663
2026-07-08 10:00:00-04:00,394.19000244140625,394.19000244140625,395.8800048828125,394.19000244140625,395.8349914550781,252248
2026-07-08 10:02:00-04:00,394.1700134277344,394.1700134277344,394.7099914550781,393.95001220703125,394.20001220703125,185524
2026-07-08 10:04:00-04:00,394.95001220703125,394.95001220703125,395.19989013671875,394.0,394.239990234375,198005
2026-07-08 10:06:00-04:00,394.6199951171875,394.6199951171875,395.08990478515625,394.1600036621094,394.989990234375,155758
2026-07-08 10:08:00-04:00,395.1300048828125,395.1300048828125,395.29998779296875,394.5899963378906,394.5899963378906,191326
2026-07-08 10:10:00-04:00,395.2099914550781,395.2099914550781,395.6600036621094,394.760009765625,395.1050109863281,157058
2026-07-08 10:12:00-04:00,394.75,394.75,395.3900146484375,394.1300048828125,395.1549987792969,208470
2026-07-08 10:14:00-04:00,393.7900085449219,393.7900085449219,394.9200134277344,393.4100036621094,394.69000244140625,336795
2026-07-08 10:16:00-04:00,393.94000244140625,393.94000244140625,394.4800109863281,393.4200134277344,393.7099914550781,216727
2026-07-08 10:18:00-04:00,394.1300048828125,394.1300048828125,394.45001220703125,393.92999267578125,394.0,145461
2026-07-08 10:20:00-04:00,395.6549987792969,395.6549987792969,395.70001220703125,393.95001220703125,394.1000061035156,253860
2026-07-08 10:22:00-04:00,396.8099060058594,396.8099060058594,397.17999267578125,395.0000915527344,395.5950012207031,418909
2026-07-08 10:24:00-04:00,397.44500732421875,397.44500732421875,397.5498962402344,396.1499938964844,396.739501953125,293150
2026-07-08 10:26:00-04:00,395.67999267578125,395.67999267578125,397.58990478515625,394.7500915527344,397.44000244140625,311165
2026-07-08 10:28:00-04:00,395.33990478515625,395.33990478515625,395.8699035644531,394.9800109863281,395.61248779296875,152684
2026-07-08 10:30:00-04:00,395.2200927734375,395.2200927734375,395.6000061035156,395.0801086425781,395.2900085449219,117112
2026-07-08 10:32:00-04:00,395.1600036621094,395.1600036621094,395.44000244140625,394.32000732421875,395.2900085449219,197215
2026-07-08 10:34:00-04:00,394.40509033203125,394.40509033203125,395.5299987792969,394.29998779296875,395.1650085449219,242343
2026-07-08 10:36:00-04:00,394.65509033203125,394.65509033203125,394.8999938964844,393.17999267578125,394.4599914550781,293917
2026-07-08 10:38:00-04:00,394.31500244140625,394.31500244140625,395.20001220703125,394.2101135253906,394.6499938964844,178904
2026-07-08 10:40:00-04:00,394.94000244140625,394.94000244140625,395.0740966796875,394.2200012207031,394.3800048828125,114521
2026-07-08 10:42:00-04:00,393.8500061035156,393.8500061035156,394.94000244140625,393.55999755859375,394.875,169389
2026-07-08 10:44:00-04:00,393.2300109863281,393.2300109863281,394.3599853515625,393.20001220703125,393.8599853515625,194098
2026-07-08 10:46:00-04:00,393.1000061035156,393.1000061035156,393.6299133300781,392.8999938964844,393.2349853515625,311725
2026-07-08 10:48:00-04:00,392.1000061035156,392.1000061035156,393.20001220703125,392.1000061035156,393.0899963378906,314331
2026-07-08 10:50:00-04:00,392.19000244140625,392.19000244140625,392.6698913574219,391.92010498046875,392.1098937988281,272226
2026-07-08 10:52:00-04:00,393.4549865722656,393.4549865722656,394.04559326171875,392.0504150390625,392.2149963378906,239183
2026-07-08 10:54:00-04:00,393.0649108886719,393.0649108886719,393.7784118652344,392.9100036621094,393.5,178003
2026-07-08 10:56:00-04:00,392.79998779296875,392.79998779296875,393.3695983886719,392.57000732421875,393.1099853515625,141343
2026-07-08 10:58:00-04:00,392.6300048828125,392.6300048828125,392.92999267578125,392.32000732421875,392.79998779296875,119012
2026-07-08 11:00:00-04:00,392.05999755859375,392.05999755859375,392.9200134277344,391.9100036621094,392.7300109863281,154507
2026-07-08 11:02:00-04:00,391.9949951171875,391.9949951171875,392.2795104980469,391.82000732421875,392.0531921386719,142680
2026-07-08 11:04:00-04:00,392.2200012207031,392.2200012207031,392.2900085449219,391.4599914550781,391.9949951171875,195603
2026-07-08 11:06:00-04:00,391.9800109863281,391.9800109863281,392.3500061035156,391.5799865722656,392.3299865722656,122001
2026-07-08 11:08:00-04:00,391.739990234375,391.739990234375,392.1499938964844,391.6499938964844,391.9707946777344,129537
2026-07-08 11:10:00-04:00,392.0697021484375,392.0697021484375,392.32000732421875,391.6000061035156,391.8399963378906,102531
2026-07-08 11:12:00-04:00,391.6099853515625,391.6099853515625,392.0799865722656,391.4599914550781,392.0010070800781,124604
2026-07-08 11:14:00-04:00,391.4100036621094,391.4100036621094,391.6650085449219,390.9599914550781,391.6099853515625,274484
2026-07-08 11:16:00-04:00,391.17999267578125,391.17999267578125,391.5,391.05999755859375,391.4700012207031,129413
2026-07-08 11:18:00-04:00,392.2300109863281,392.2300109863281,392.5400085449219,391.1050109863281,391.19000244140625,205488
2026-07-08 11:20:00-04:00,391.99420166015625,391.99420166015625,392.639892578125,391.8399963378906,392.25,183257
2026-07-08 11:22:00-04:00,391.81219482421875,391.81219482421875,392.3900146484375,391.80010986328125,392.07000732421875,130822
2026-07-08 11:24:00-04:00,391.5675048828125,391.5675048828125,391.9700012207031,391.31170654296875,391.8699035644531,178024
2026-07-08 11:26:00-04:00,391.7200012207031,391.7200012207031,392.0,391.3900146484375,391.5199890136719,124289
2026-07-08 11:28:00-04:00,391.9700012207031,391.9700012207031,392.5498962402344,391.7749938964844,391.80999755859375,139639
2026-07-08 11:30:00-04:00,391.7699890136719,391.7699890136719,392.2190856933594,391.6499938964844,391.9100036621094,102098
2026-07-08 11:32:00-04:00,392.43499755859375,392.43499755859375,392.5899963378906,391.70001220703125,391.7799987792969,131278
2026-07-08 11:34:00-04:00,392.760009765625,392.760009765625,392.8399963378906,392.239990234375,392.43499755859375,141104
2026-07-08 11:36:00-04:00,392.7799987792969,392.7799987792969,393.1099853515625,392.4800109863281,392.8399963378906,128633
2026-07-08 11:38:00-04:00,392.17498779296875,392.17498779296875,392.75,391.989990234375,392.739990234375,110325
2026-07-08 11:40:00-04:00,392.5400085449219,392.5400085449219,392.7099914550781,392.1199951171875,392.1199951171875,104739
2026-07-08 11:42:00-04:00,392.5450134277344,392.5450134277344,392.69000244140625,392.2200012207031,392.6000061035156,95075
2026-07-08 11:44:00-04:00,392.68499755859375,392.68499755859375,392.79998779296875,392.0899963378906,392.54998779296875,105456
2026-07-08 11:46:00-04:00,392.8399963378906,392.8399963378906,393.2099914550781,392.4800109863281,392.68499755859375,144669
2026-07-08 11:48:00-04:00,392.680908203125,392.680908203125,393.0,392.3305969238281,392.8599853515625,86165
2026-07-08 11:50:00-04:00,392.80999755859375,392.80999755859375,392.8999938964844,392.3299865722656,392.67999267578125,79338
2026-07-08 11:52:00-04:00,392.9849853515625,392.9849853515625,393.0,392.4200134277344,392.7950134277344,70445
2026-07-08 11:54:00-04:00,393.1665954589844,393.1665954589844,393.3500061035156,392.79998779296875,392.9800109863281,108370
2026-07-08 11:56:00-04:00,392.8900146484375,392.8900146484375,393.29998779296875,392.69000244140625,393.1199951171875,94099
2026-07-08 11:58:00-04:00,392.8949890136719,392.8949890136719,393.1199951171875,392.75,392.8699951171875,63341
2026-07-08 12:00:00-04:00,393.6297912597656,393.6297912597656,393.8500061035156,392.8299865722656,392.8999938964844,179811
2026-07-08 12:02:00-04:00,393.4549865722656,393.4549865722656,393.8800048828125,393.2601013183594,393.5899963378906,109395
2026-07-08 12:04:00-04:00,394.03289794921875,394.03289794921875,394.34991455078125,393.260009765625,393.45001220703125,143763
2026-07-08 12:06:00-04:00,394.1000061035156,394.1000061035156,394.2799987792969,393.8998107910156,394.0400085449219,101880
2026-07-08 12:08:00-04:00,393.80999755859375,393.80999755859375,394.3500061035156,393.57000732421875,394.1099853515625,118992
2026-07-08 12:10:00-04:00,394.1050109863281,394.1050109863281,394.3599853515625,393.6900939941406,393.82000732421875,88361
2026-07-08 12:12:00-04:00,393.92498779296875,393.92498779296875,394.3114013671875,393.88299560546875,394.1199951171875,77902
2026-07-08 12:14:00-04:00,393.75,393.75,394.17999267578125,393.70001220703125,393.8999938964844,99694
2026-07-08 12:16:00-04:00,394.1400146484375,394.1400146484375,394.2200012207031,393.6400146484375,393.70001220703125,77585
2026-07-08 12:18:00-04:00,394.3999938964844,394.3999938964844,394.6099853515625,394.04998779296875,394.0799865722656,130511
2026-07-08 12:20:00-04:00,394.4800109863281,394.4800109863281,394.6600036621094,394.1499938964844,394.4200134277344,92500
2026-07-08 12:22:00-04:00,394.1099853515625,394.1099853515625,394.6300048828125,394.0799865722656,394.54998779296875,75176
2026-07-08 12:24:00-04:00,393.3550109863281,393.3550109863281,394.125,393.31048583984375,394.1000061035156,136584
2026-07-08 12:26:00-04:00,393.614990234375,393.614990234375,393.8699951171875,393.3299865722656,393.3550109863281,88538
2026-07-08 12:28:00-04:00,393.8550109863281,393.8550109863281,393.989990234375,393.5,393.59039306640625,92133
2026-07-08 12:30:00-04:00,393.8900146484375,393.8900146484375,394.4599914550781,393.6589050292969,393.7799987792969,86337
2026-07-08 12:32:00-04:00,393.3800048828125,393.3800048828125,394.1099853515625,393.3699951171875,393.8999938964844,115953
2026-07-08 12:34:00-04:00,393.2850036621094,393.2850036621094,393.95001220703125,392.8900146484375,393.42498779296875,160518
2026-07-08 12:36:00-04:00,393.1400146484375,393.1400146484375,393.3800048828125,392.79998779296875,393.2699890136719,71853
2026-07-08 12:38:00-04:00,393.8599853515625,393.8599853515625,393.8599853515625,392.95001220703125,393.1000061035156,79220
2026-07-08 12:40:00-04:00,394.07000732421875,394.07000732421875,394.8800048828125,393.4100036621094,393.79998779296875,159921
2026-07-08 12:42:00-04:00,394.07000732421875,394.07000732421875,394.489990234375,393.9700012207031,394.1299133300781,66042
2026-07-08 12:44:00-04:00,393.8599853515625,393.8599853515625,394.42498779296875,393.70001220703125,394.03118896484375,61722
2026-07-08 12:46:00-04:00,394.0815124511719,394.0815124511719,394.2099914550781,393.8500061035156,393.9198913574219,40399
2026-07-08 12:48:00-04:00,394.19000244140625,394.19000244140625,394.2300109863281,393.90008544921875,394.1300048828125,70809
2026-07-08 12:50:00-04:00,394.70001220703125,394.70001220703125,394.80999755859375,394.1400146484375,394.2200012207031,91383
2026-07-08 12:52:00-04:00,394.9700012207031,394.9700012207031,395.069091796875,394.45001220703125,394.6803894042969,102622
2026-07-08 12:54:00-04:00,394.94500732421875,394.94500732421875,395.07000732421875,394.7300109863281,395.0299072265625,101137
2026-07-08 12:56:00-04:00,394.8450012207031,394.8450012207031,395.0299987792969,394.5,394.93499755859375,64991
2026-07-08 12:58:00-04:00,394.6600036621094,394.6600036621094,394.95001220703125,394.46051025390625,394.8599853515625,52310
2026-07-08 13:00:00-04:00,393.625,393.625,394.6099853515625,393.3301086425781,394.6099853515625,142729
2026-07-08 13:02:00-04:00,393.9649963378906,393.9649963378906,394.3500061035156,393.5,393.7099914550781,94505
2026-07-08 13:04:00-04:00,394.0400085449219,394.0400085449219,394.17999267578125,393.80999755859375,394.0,48395
2026-07-08 13:06:00-04:00,394.19000244140625,394.19000244140625,394.5,393.9100036621094,394.0400085449219,87034
2026-07-08 13:08:00-04:00,394.1700134277344,394.1700134277344,394.3999938964844,394.1300048828125,394.1499938964844,40428
2026-07-08 13:10:00-04:00,393.79998779296875,393.79998779296875,394.3500061035156,393.7300109863281,394.2049865722656,55205
2026-07-08 13:12:00-04:00,393.8399963378906,393.8399963378906,394.0,393.6300048828125,393.8399963378906,56573
2026-07-08 13:14:00-04:00,393.760009765625,393.760009765625,393.8999938964844,393.6099853515625,393.82000732421875,39518
2026-07-08 13:16:00-04:00,393.77911376953125,393.77911376953125,394.0299987792969,393.6805114746094,393.78350830078125,41342
2026-07-08 13:18:00-04:00,393.9335021972656,393.9335021972656,394.1299133300781,393.6099853515625,393.7699890136719,57412
2026-07-08 13:20:00-04:00,393.94000244140625,393.94000244140625,394.1199951171875,393.6117858886719,393.8599853515625,54424
2026-07-08 13:22:00-04:00,394.16009521484375,394.16009521484375,394.2048034667969,393.7300109863281,393.9501037597656,75925
2026-07-08 13:24:00-04:00,394.5050048828125,394.5050048828125,394.75,394.1300964355469,394.19000244140625,83925
2026-07-08 13:26:00-04:00,394.42999267578125,394.42999267578125,394.6199951171875,394.2799987792969,394.510009765625,44471
2026-07-08 13:28:00-04:00,394.8699951171875,394.8699951171875,394.9200134277344,394.3699951171875,394.4800109863281,63303
2026-07-08 13:30:00-04:00,395.0799865722656,395.0799865722656,395.5,394.82000732421875,394.92999267578125,183889
2026-07-08 13:32:00-04:00,395.0450134277344,395.0450134277344,395.16070556640625,394.7250061035156,395.04998779296875,97037
2026-07-08 13:34:00-04:00,395.0812072753906,395.0812072753906,395.2699890136719,394.8500061035156,395.0400085449219,60880
2026-07-08 13:36:00-04:00,394.94000244140625,394.94000244140625,395.2200012207031,394.67999267578125,395.06500244140625,67356
2026-07-08 13:38:00-04:00,394.7749938964844,394.7749938964844,395.2200012207031,394.6499938964844,394.94000244140625,71635
2026-07-08 13:40:00-04:00,394.2550048828125,394.2550048828125,394.84991455078125,394.2001037597656,394.7749938964844,93897
2026-07-08 13:42:00-04:00,393.8599853515625,393.8599853515625,394.3699951171875,393.79998779296875,394.2200012207031,86023
2026-07-08 13:44:00-04:00,392.4599914550781,392.4599914550781,393.8999938964844,392.4599914550781,393.8999938964844,187277
2026-07-08 13:46:00-04:00,393.0,393.0,393.17999267578125,392.2200012207031,392.5400085449219,145026
2026-07-08 13:48:00-04:00,392.7200012207031,392.7200012207031,392.9898986816406,392.6700134277344,392.9549865722656,95860
2026-07-08 13:50:00-04:00,392.9700012207031,392.9700012207031,392.9700012207031,392.3901062011719,392.7200012207031,81218
2026-07-08 13:52:00-04:00,392.885009765625,392.885009765625,393.1099853515625,392.885009765625,392.94500732421875,65559
2026-07-08 13:54:00-04:00,392.3599853515625,392.3599853515625,392.8800048828125,392.2900085449219,392.8500061035156,99743
2026-07-08 13:56:00-04:00,392.3500061035156,392.3500061035156,392.5,392.20001220703125,392.348388671875,66088
2026-07-08 13:58:00-04:00,392.2699890136719,392.2699890136719,392.489990234375,392.2200012207031,392.3774108886719,72855
2026-07-08 14:00:00-04:00,393.05999755859375,393.05999755859375,393.239990234375,392.0299987792969,392.2699890136719,159267
2026-07-08 14:02:00-04:00,393.0400085449219,393.0400085449219,393.2799987792969,392.814208984375,393.0101013183594,90043
2026-07-08 14:04:00-04:00,392.9649963378906,392.9649963378906,393.1499938964844,392.8399963378906,392.9849853515625,63390
2026-07-08 14:06:00-04:00,392.635009765625,392.635009765625,393.0,392.6000061035156,392.9649963378906,70617
2026-07-08 14:08:00-04:00,392.9549865722656,392.9549865722656,393.1300048828125,392.635009765625,392.635009765625,83880
2026-07-08 14:10:00-04:00,393.1000061035156,393.1000061035156,393.1600036621094,392.6700134277344,392.94500732421875,67914
2026-07-08 14:12:00-04:00,393.07000732421875,393.07000732421875,393.17999267578125,392.8299865722656,393.1000061035156,49857
2026-07-08 14:14:00-04:00,392.9049987792969,392.9049987792969,393.19000244140625,392.6817932128906,393.0899963378906,58640
2026-07-08 14:16:00-04:00,392.2699890136719,392.2699890136719,392.9150085449219,392.20001220703125,392.885009765625,97660
2026-07-08 14:18:00-04:00,392.2900085449219,392.2900085449219,392.42999267578125,392.1199951171875,392.30499267578125,84818
2026-07-08 14:20:00-04:00,392.25,392.25,392.3699951171875,392.1000061035156,392.2799987792969,50659
2026-07-08 14:22:00-04:00,392.15008544921875,392.15008544921875,392.3800048828125,392.15008544921875,392.2699890136719,56556
2026-07-08 14:24:00-04:00,391.5400085449219,391.5400085449219,392.409912109375,391.29998779296875,392.1499938964844,255155
2026-07-08 14:26:00-04:00,391.6600036621094,391.6600036621094,391.8299865722656,391.2500915527344,391.55999755859375,139012
2026-07-08 14:28:00-04:00,391.42999267578125,391.42999267578125,391.8299865722656,391.3999938964844,391.67498779296875,129030
2026-07-08 14:30:00-04:00,391.3599853515625,391.3599853515625,391.6300048828125,390.989990234375,391.40008544921875,246642
2026-07-08 14:32:00-04:00,391.57501220703125,391.57501220703125,391.6300048828125,391.1499938964844,391.3599853515625,151434
2026-07-08 14:34:00-04:00,391.0400085449219,391.0400085449219,391.67999267578125,390.9599914550781,391.6199035644531,173019
2026-07-08 14:36:00-04:00,391.9700012207031,391.9700012207031,392.1499938964844,391.0,391.0400085449219,150509
2026-07-08 14:38:00-04:00,392.1400146484375,392.1400146484375,392.6000061035156,391.989990234375,392.07989501953125,139641
2026-07-08 14:40:00-04:00,391.1000061035156,391.1000061035156,392.2300109863281,390.79998779296875,392.1494140625,172693
2026-07-08 14:42:00-04:00,390.68499755859375,390.68499755859375,391.2099914550781,390.57000732421875,391.1400146484375,163987
2026-07-08 14:44:00-04:00,390.739990234375,390.739990234375,391.02130126953125,390.6499938964844,390.71990966796875,118752
2026-07-08 14:46:00-04:00,390.82000732421875,390.82000732421875,390.9200134277344,390.70001220703125,390.75,76598
2026-07-08 14:48:00-04:00,390.94000244140625,390.94000244140625,391.0400085449219,390.6499938964844,390.82000732421875,80197
2026-07-08 14:50:00-04:00,391.1199951171875,391.1199951171875,391.1499938964844,390.82000732421875,390.94000244140625,90184
2026-07-08 14:52:00-04:00,390.6700134277344,390.6700134277344,391.5150146484375,390.6499938964844,391.1499938964844,165250
2026-07-08 14:54:00-04:00,390.8299865722656,390.8299865722656,390.9999084472656,390.510009765625,390.6700134277344,114230
2026-07-08 14:56:00-04:00,390.9849853515625,390.9849853515625,391.0050048828125,390.739990234375,390.8349914550781,105796
2026-07-08 14:58:00-04:00,391.34991455078125,391.34991455078125,391.3699951171875,390.8299865722656,390.9700012207031,146768
2026-07-08 15:00:00-04:00,391.8349914550781,391.8349914550781,392.0,391.2300109863281,391.3500061035156,172484
2026-07-08 15:02:00-04:00,391.5799865722656,391.5799865722656,391.8900146484375,391.3599853515625,391.8399963378906,81808
2026-07-08 15:04:00-04:00,391.7950134277344,391.7950134277344,391.82000732421875,391.3900146484375,391.5199890136719,82839
2026-07-08 15:06:00-04:00,391.9399108886719,391.9399108886719,392.1099853515625,391.55999755859375,391.7950134277344,99857
2026-07-08 15:08:00-04:00,392.2799987792969,392.2799987792969,392.3699951171875,391.78118896484375,391.8599853515625,116885
2026-07-08 15:10:00-04:00,392.04998779296875,392.04998779296875,392.3500061035156,391.9599914550781,392.2749938964844,113585
2026-07-08 15:12:00-04:00,391.9800109863281,391.9800109863281,392.1099853515625,391.92010498046875,392.05999755859375,57295
2026-07-08 15:14:00-04:00,391.9005126953125,391.9005126953125,392.32000732421875,391.9005126953125,391.9773864746094,114492
2026-07-08 15:16:00-04:00,392.42999267578125,392.42999267578125,392.4700012207031,391.80999755859375,391.93499755859375,123868
2026-07-08 15:18:00-04:00,392.1700134277344,392.1700134277344,392.81500244140625,392.0,392.43499755859375,158877
2026-07-08 15:20:00-04:00,392.95001220703125,392.95001220703125,393.07000732421875,392.05999755859375,392.1600036621094,125993
2026-07-08 15:22:00-04:00,392.7449951171875,392.7449951171875,393.05999755859375,392.6300048828125,392.92999267578125,94150
2026-07-08 15:24:00-04:00,392.54998779296875,392.54998779296875,392.9049987792969,392.4518127441406,392.7699890136719,109488
2026-07-08 15:26:00-04:00,392.45001220703125,392.45001220703125,392.6000061035156,392.29998779296875,392.5286865234375,103232
2026-07-08 15:28:00-04:00,392.7900085449219,392.7900085449219,393.2300109863281,392.4599914550781,392.489990234375,137964
2026-07-08 15:30:00-04:00,393.02508544921875,393.02508544921875,393.0657043457031,392.7200012207031,392.79998779296875,95888
2026-07-08 15:32:00-04:00,393.010009765625,393.010009765625,393.1600036621094,392.8299865722656,392.989990234375,73635
2026-07-08 15:34:00-04:00,393.2401123046875,393.2401123046875,393.3900146484375,392.8949890136719,393.0400085449219,107589
2026-07-08 15:36:00-04:00,393.489990234375,393.489990234375,393.57000732421875,393.119384765625,393.2650146484375,103064
2026-07-08 15:38:00-04:00,393.4425048828125,393.4425048828125,393.6099853515625,393.360107421875,393.4750061035156,102691
2026-07-08 15:40:00-04:00,393.54998779296875,393.54998779296875,393.75,393.2200012207031,393.4599914550781,114768
2026-07-08 15:42:00-04:00,393.7799987792969,393.7799987792969,393.8900146484375,393.44000244140625,393.5400085449219,176573
2026-07-08 15:44:00-04:00,393.3999938964844,393.3999938964844,393.79998779296875,393.3299865722656,393.7799987792969,151224
2026-07-08 15:46:00-04:00,393.6199951171875,393.6199951171875,393.75,393.0799865722656,393.4800109863281,191909
2026-07-08 15:48:00-04:00,394.17181396484375,394.17181396484375,394.4200134277344,393.54998779296875,393.5899963378906,285321
2026-07-08 15:50:00-04:00,395.6499938964844,395.6499938964844,396.07000732421875,394.07000732421875,394.1199951171875,452647
2026-07-08 15:52:00-04:00,395.45001220703125,395.45001220703125,395.7099914550781,395.0,395.70001220703125,255687
2026-07-08 15:54:00-04:00,394.67999267578125,394.67999267578125,395.67999267578125,394.67999267578125,395.489990234375,254296
2026-07-08 15:56:00-04:00,394.239990234375,394.239990234375,394.80999755859375,394.2300109863281,394.7200012207031,278021
2026-07-08 15:58:00-04:00,393.8699951171875,393.8699951171875,394.3399963378906,393.67999267578125,394.2449951171875,817105
2026-07-09 09:30:00-04:00,392.2099914550781,392.2099914550781,395.5379943847656,391.5409851074219,393.93798828125,1318945
2026-07-09 09:32:00-04:00,391.5498962402344,391.5498962402344,392.3299865722656,390.90020751953125,392.1499938964844,274345
2026-07-09 09:34:00-04:00,392.1650085449219,392.1650085449219,392.6099853515625,390.86309814453125,391.4800109863281,298302
2026-07-09 09:36:00-04:00,392.4849853515625,392.4849853515625,393.2799987792969,392.1650085449219,392.1650085449219,252440
2026-07-09 09:38:00-04:00,393.32000732421875,393.32000732421875,393.6199951171875,392.2799987792969,392.5563049316406,203327
2026-07-09 09:40:00-04:00,394.92999267578125,394.92999267578125,394.9700012207031,393.07000732421875,393.3800048828125,347559
2026-07-09 09:42:00-04:00,395.25,395.25,395.82000732421875,394.1099853515625,394.9200134277344,369944
2026-07-09 09:44:00-04:00,395.4200134277344,395.4200134277344,396.25,394.79998779296875,395.2449951171875,312378
2026-07-09 09:46:00-04:00,394.8900146484375,394.8900146484375,395.7900085449219,394.3999938964844,395.4200134277344,191831
2026-07-09 09:48:00-04:00,394.42999267578125,394.42999267578125,395.34991455078125,393.91009521484375,394.7200012207031,201587
2026-07-09 09:50:00-04:00,393.260009765625,393.260009765625,394.58990478515625,392.8999938964844,394.42999267578125,246446
2026-07-09 09:52:00-04:00,394.30499267578125,394.30499267578125,394.3999938964844,393.2001037597656,393.28759765625,185466
2026-07-09 09:54:00-04:00,393.6400146484375,393.6400146484375,394.7998962402344,393.4100036621094,394.30499267578125,184191
2026-07-09 09:56:00-04:00,395.3900146484375,395.3900146484375,395.4800109863281,393.42010498046875,393.7149963378906,207646
2026-07-09 09:58:00-04:00,395.4100036621094,395.4100036621094,395.54998779296875,394.80999755859375,395.30010986328125,162487
2026-07-09 10:00:00-04:00,397.1050109863281,397.1050109863281,397.1199951171875,395.16009521484375,395.42999267578125,350424
2026-07-09 10:02:00-04:00,397.17999267578125,397.17999267578125,397.2799987792969,396.6000061035156,397.1099853515625,242252
2026-07-09 10:04:00-04:00,397.4150085449219,397.4150085449219,398.45989990234375,397.05999755859375,397.17999267578125,390273
2026-07-09 10:06:00-04:00,396.9049987792969,396.9049987792969,397.69000244140625,395.7900085449219,397.4150085449219,257886
2026-07-09 10:08:00-04:00,396.28009033203125,396.28009033203125,397.3999938964844,396.1600036621094,396.9049987792969,152279
2026-07-09 10:10:00-04:00,393.5299987792969,393.5299987792969,396.3900146484375,393.1400146484375,396.2449951171875,346490
2026-07-09 10:12:00-04:00,393.56988525390625,393.56988525390625,394.0400085449219,393.3026123046875,393.5299987792969,186005
2026-07-09 10:14:00-04:00,392.4700012207031,392.4700012207031,394.45001220703125,392.3800048828125,393.52508544921875,273380
2026-07-09 10:16:00-04:00,393.1000061035156,393.1000061035156,393.6299133300781,391.9100036621094,392.44000244140625,246292
2026-07-09 10:18:00-04:00,392.42999267578125,392.42999267578125,393.1199951171875,392.1499938964844,393.1050109863281,166058
2026-07-09 10:20:00-04:00,392.8500061035156,392.8500061035156,392.9599914550781,391.9200134277344,392.3299865722656,166810
2026-07-09 10:22:00-04:00,392.80999755859375,392.80999755859375,393.0199890136719,392.20001220703125,392.8583984375,134522
2026-07-09 10:24:00-04:00,393.2250061035156,393.2250061035156,393.4700012207031,392.4601135253906,392.7674865722656,123788
2026-07-09 10:26:00-04:00,394.3999938964844,394.3999938964844,394.59991455078125,393.2200927734375,393.2998962402344,188968
2026-07-09 10:28:00-04:00,394.5249938964844,394.5249938964844,394.67999267578125,394.0400085449219,394.4200134277344,131352
2026-07-09 10:30:00-04:00,393.3900146484375,393.3900146484375,394.5895080566406,393.2705078125,394.5450134277344,150746
2026-07-09 10:32:00-04:00,393.8299865722656,393.8299865722656,394.05999755859375,393.3699951171875,393.4100036621094,91409
2026-07-09 10:34:00-04:00,393.7300109863281,393.7300109863281,393.9800109863281,393.05010986328125,393.75,128322
2026-07-09 10:36:00-04:00,394.1449890136719,394.1449890136719,394.239990234375,393.6000061035156,393.80999755859375,102613
2026-07-09 10:38:00-04:00,395.17999267578125,395.17999267578125,395.2300109863281,393.5700988769531,394.2300109863281,173709
2026-07-09 10:40:00-04:00,394.5849914550781,394.5849914550781,395.2699890136719,393.5700988769531,395.11468505859375,131470
2026-07-09 10:42:00-04:00,394.489990234375,394.489990234375,395.0,394.3299865722656,394.5400085449219,82271
2026-07-09 10:44:00-04:00,394.6300048828125,394.6300048828125,394.7193908691406,393.8599853515625,394.510009765625,108629
2026-07-09 10:46:00-04:00,394.6600036621094,394.6600036621094,395.0,394.5,394.6300048828125,112633
2026-07-09 10:48:00-04:00,394.86248779296875,394.86248779296875,395.0599060058594,394.5,394.6600036621094,90487
2026-07-09 10:50:00-04:00,394.82000732421875,394.82000732421875,395.489990234375,394.510009765625,394.8395080566406,120457
2026-07-09 10:52:00-04:00,395.1700134277344,395.1700134277344,395.20001220703125,394.3800048828125,394.8399963378906,99761
2026-07-09 10:54:00-04:00,395.5799865722656,395.5799865722656,395.8500061035156,394.7699890136719,395.20001220703125,130125
2026-07-09 10:56:00-04:00,395.2749938964844,395.2749938964844,395.7598876953125,395.0199890136719,395.731201171875,94485
2026-07-09 10:58:00-04:00,395.7099914550781,395.7099914550781,396.0299987792969,395.2200012207031,395.2749938964844,123281
2026-07-09 11:00:00-04:00,396.2167053222656,396.2167053222656,396.260009765625,395.5,395.7099914550781,122165
2026-07-09 11:02:00-04:00,396.55999755859375,396.55999755859375,396.8299865722656,396.04998779296875,396.215087890625,140495
2026-07-09 11:04:00-04:00,396.30010986328125,396.30010986328125,396.55999755859375,396.0,396.5400085449219,105527
2026-07-09 11:06:00-04:00,396.44000244140625,396.44000244140625,397.0,396.1700134277344,396.3399963378906,171292
2026-07-09 11:08:00-04:00,395.8450012207031,395.8450012207031,396.45001220703125,395.70001220703125,396.36090087890625,114630
2026-07-09 11:10:00-04:00,395.4549865722656,395.4549865722656,396.19000244140625,395.0400085449219,395.80999755859375,155267
2026-07-09 11:12:00-04:00,395.760009765625,395.760009765625,396.20001220703125,395.4200134277344,395.4549865722656,127621
2026-07-09 11:14:00-04:00,395.6700134277344,395.6700134277344,395.9200134277344,395.130615234375,395.7799987792969,98061
2026-07-09 11:16:00-04:00,394.885009765625,394.885009765625,395.7699890136719,394.82000732421875,395.6700134277344,87088
2026-07-09 11:18:00-04:00,395.07000732421875,395.07000732421875,395.0981140136719,394.5,394.8500061035156,108709
2026-07-09 11:20:00-04:00,394.8599853515625,394.8599853515625,395.239990234375,394.79998779296875,395.04998779296875,68826
2026-07-09 11:22:00-04:00,395.125,395.125,395.44000244140625,394.8103942871094,394.9100036621094,70546
2026-07-09 11:24:00-04:00,395.6199951171875,395.6199951171875,395.6300048828125,395.1099853515625,395.1099853515625,76785
2026-07-09 11:26:00-04:00,395.8299865722656,395.8299865722656,396.0799865722656,395.3900146484375,395.6300964355469,100772
2026-07-09 11:28:00-04:00,395.79998779296875,395.79998779296875,396.0899963378906,395.3301086425781,395.7580871582031,81107
2026-07-09 11:30:00-04:00,396.2550048828125,396.2550048828125,396.6000061035156,395.68011474609375,395.80999755859375,138019
2026-07-09 11:32:00-04:00,396.1000061035156,396.1000061035156,396.3450012207031,396.0199890136719,396.29010009765625,86854
2026-07-09 11:34:00-04:00,396.1400146484375,396.1400146484375,396.45001220703125,395.70001220703125,396.07000732421875,123868
2026-07-09 11:36:00-04:00,396.5,396.5,397.1700134277344,396.1000061035156,396.19000244140625,212351
2026-07-09 11:38:00-04:00,397.1499938964844,397.1499938964844,397.239990234375,396.5050048828125,396.5050048828125,121761
2026-07-09 11:40:00-04:00,397.30999755859375,397.30999755859375,397.4798889160156,396.8999938964844,397.2200012207031,150010
2026-07-09 11:42:00-04:00,397.19000244140625,397.19000244140625,397.4200134277344,397.03009033203125,397.260009765625,77479
2026-07-09 11:44:00-04:00,397.0450134277344,397.0450134277344,397.3500061035156,396.989990234375,397.2300109863281,102493
2026-07-09 11:46:00-04:00,397.95001220703125,397.95001220703125,398.0,396.8999938964844,397.0450134277344,150140
2026-07-09 11:48:00-04:00,399.8500061035156,399.8500061035156,399.989990234375,397.8999938964844,397.989990234375,366033
2026-07-09 11:50:00-04:00,399.38018798828125,399.38018798828125,400.19989013671875,399.0899963378906,399.8500061035156,327855
2026-07-09 11:52:00-04:00,399.34368896484375,399.34368896484375,400.4599914550781,399.239013671875,399.3900146484375,314700
2026-07-09 11:54:00-04:00,399.40008544921875,399.40008544921875,399.5899963378906,398.79998779296875,399.2839050292969,165507
2026-07-09 11:56:00-04:00,398.66259765625,398.66259765625,399.4800109863281,398.57000732421875,399.3999938964844,136639
2026-07-09 11:58:00-04:00,399.4200134277344,399.4200134277344,399.5799865722656,398.6742858886719,398.739990234375,121049
2026-07-09 12:00:00-04:00,399.5199890136719,399.5199890136719,399.7699890136719,399.3200988769531,399.4200134277344,128486
2026-07-09 12:02:00-04:00,400.0,400.0,400.4399108886719,399.4700012207031,399.5231018066406,241140
2026-07-09 12:04:00-04:00,400.2799987792969,400.2799987792969,400.3500061035156,399.82049560546875,399.9849853515625,165291
2026-07-09 12:06:00-04:00,400.12860107421875,400.12860107421875,400.3500061035156,399.7699890136719,400.3487854003906,172831
2026-07-09 12:08:00-04:00,399.8399963378906,399.8399963378906,400.239990234375,399.67999267578125,400.0899963378906,130917
2026-07-09 12:10:00-04:00,399.5600891113281,399.5600891113281,399.9599914550781,399.4700012207031,399.8450012207031,123029
2026-07-09 12:12:00-04:00,400.875,400.875,400.9100036621094,399.55999755859375,399.5799865722656,249770
2026-07-09 12:14:00-04:00,401.54071044921875,401.54071044921875,401.75,400.7301025390625,400.90838623046875,254237
2026-07-09 12:16:00-04:00,401.5000915527344,401.5000915527344,402.0299987792969,401.2799987792969,401.57000732421875,431808
2026-07-09 12:18:00-04:00,401.3599853515625,401.3599853515625,401.75,401.04998779296875,401.54998779296875,307284
2026-07-09 12:20:00-04:00,400.92620849609375,400.92620849609375,401.9100036621094,400.8500061035156,401.4049987792969,197361
2026-07-09 12:22:00-04:00,400.239990234375,400.239990234375,401.0,400.1700134277344,401.0,138024
2026-07-09 12:24:00-04:00,399.20001220703125,399.20001220703125,400.3999938964844,399.1000061035156,400.239990234375,221046
2026-07-09 12:26:00-04:00,398.4471130371094,398.4471130371094,399.2200012207031,398.3299865722656,399.1499938964844,182931
2026-07-09 12:28:00-04:00,398.6199951171875,398.6199951171875,398.8500061035156,398.38140869140625,398.38140869140625,99886
2026-07-09 12:30:00-04:00,398.3699951171875,398.3699951171875,398.760009765625,398.25,398.57000732421875,106536
2026-07-09 12:32:00-04:00,398.5950927734375,398.5950927734375,398.6499938964844,398.0400085449219,398.32000732421875,104652
2026-07-09 12:34:00-04:00,398.94000244140625,398.94000244140625,399.0,398.340087890625,398.5950012207031,94511
2026-07-09 12:36:00-04:00,399.4700012207031,399.4700012207031,399.67999267578125,398.8800048828125,398.94000244140625,135849
2026-07-09 12:38:00-04:00,399.7300109863281,399.7300109863281,399.8999938964844,399.35009765625,399.5,121825
2026-07-09 12:40:00-04:00,399.9750061035156,399.9750061035156,399.989990234375,399.5,399.71240234375,76666
2026-07-09 12:42:00-04:00,401.2799987792969,401.2799987792969,401.30999755859375,399.9700012207031,400.0,205366
2026-07-09 12:44:00-04:00,401.6449890136719,401.6449890136719,401.70001220703125,400.9100036621094,401.2799987792969,122008
2026-07-09 12:46:00-04:00,401.79998779296875,401.79998779296875,402.1000061035156,401.55999755859375,401.6449890136719,246485
2026-07-09 12:48:00-04:00,401.8900146484375,401.8900146484375,401.9599914550781,401.5400085449219,401.79998779296875,116015
2026-07-09 12:50:00-04:00,402.0190124511719,402.0190124511719,402.1499938964844,401.6199951171875,401.8999938964844,113596
2026-07-09 12:52:00-04:00,401.75,401.75,402.04998779296875,401.69000244140625,402.02960205078125,81899
2026-07-09 12:54:00-04:00,401.7300109863281,401.7300109863281,401.8500061035156,401.3599853515625,401.7799987792969,134934
2026-07-09 12:56:00-04:00,401.69000244140625,401.69000244140625,401.8900146484375,401.5242919921875,401.7200012207031,82485
2026-07-09 12:58:00-04:00,401.7699890136719,401.7699890136719,401.8500061035156,401.5199890136719,401.625,52702
2026-07-09 13:00:00-04:00,402.8999938964844,402.8999938964844,403.04998779296875,401.6199951171875,401.739990234375,288571
2026-07-09 13:02:00-04:00,404.0,404.0,404.1000061035156,402.8599853515625,402.860107421875,236699
2026-07-09 13:04:00-04:00,403.6499938964844,403.6499938964844,404.07000732421875,403.4706115722656,404.07000732421875,197561
2026-07-09 13:06:00-04:00,404.0299987792969,404.0299987792969,404.0899963378906,403.32000732421875,403.57989501953125,136095
2026-07-09 13:08:00-04:00,403.639892578125,403.639892578125,404.1300048828125,403.4800109863281,404.0404968261719,132368
2026-07-09 13:10:00-04:00,403.0849914550781,403.0849914550781,403.6687927246094,402.8599853515625,403.5,128763
2026-07-09 13:12:00-04:00,403.4949951171875,403.4949951171875,403.55999755859375,402.9700012207031,403.0849914550781,102231
2026-07-09 13:14:00-04:00,404.010009765625,404.010009765625,404.04998779296875,403.3487854003906,403.4862060546875,136910
2026-07-09 13:16:00-04:00,404.2528991699219,404.2528991699219,404.3999938964844,403.8399963378906,404.03009033203125,130918
2026-07-09 13:18:00-04:00,405.1600036621094,405.1600036621094,405.25,404.22711181640625,404.260009765625,242245
2026-07-09 13:20:00-04:00,404.9150085449219,404.9150085449219,405.4700012207031,404.8800048828125,405.1000061035156,216781
2026-07-09 13:22:00-04:00,404.39990234375,404.39990234375,404.95001220703125,404.239990234375,404.8999938964844,159490
2026-07-09 13:24:00-04:00,404.6600036621094,404.6600036621094,404.82000732421875,404.2699890136719,404.3299865722656,111907
2026-07-09 13:26:00-04:00,404.2926940917969,404.2926940917969,404.7300109863281,403.8999938964844,404.67498779296875,144503
2026-07-09 13:28:00-04:00,404.46051025390625,404.46051025390625,404.5899963378906,404.260009765625,404.260009765625,97721
2026-07-09 13:30:00-04:00,403.1499938964844,403.1499938964844,404.5350036621094,403.1199951171875,404.44000244140625,145309
2026-07-09 13:32:00-04:00,403.82000732421875,403.82000732421875,403.8399963378906,402.8599853515625,403.20001220703125,152490
2026-07-09 13:34:00-04:00,404.2349853515625,404.2349853515625,404.3800048828125,403.6099853515625,403.8363952636719,103352
2026-07-09 13:36:00-04:00,404.3810119628906,404.3810119628906,405.1000061035156,404.1600036621094,404.2349853515625,226942
2026-07-09 13:38:00-04:00,404.32000732421875,404.32000732421875,404.70001220703125,404.17999267578125,404.44000244140625,111921
2026-07-09 13:40:00-04:00,403.7950134277344,403.7950134277344,404.4200134277344,403.75,404.27099609375,106045
2026-07-09 13:42:00-04:00,404.19000244140625,404.19000244140625,404.20001220703125,403.6099853515625,403.75,83148
2026-07-09 13:44:00-04:00,404.57501220703125,404.57501220703125,404.6499938964844,403.8999938964844,404.19891357421875,114939
2026-07-09 13:46:00-04:00,404.3075866699219,404.3075866699219,404.8399963378906,404.1300048828125,404.5400085449219,120488
2026-07-09 13:48:00-04:00,404.2699890136719,404.2699890136719,404.6000061035156,404.2200012207031,404.30499267578125,61899
2026-07-09 13:50:00-04:00,404.3399963378906,404.3399963378906,404.4800109863281,404.05999755859375,404.29998779296875,81706
2026-07-09 13:52:00-04:00,404.7102966308594,404.7102966308594,404.7179870605469,404.1199951171875,404.3399963378906,123805
2026-07-09 13:54:00-04:00,404.70001220703125,404.70001220703125,404.8500061035156,404.5799865722656,404.70001220703125,95753
2026-07-09 13:56:00-04:00,404.7749938964844,404.7749938964844,404.989990234375,404.5,404.67999267578125,102110
2026-07-09 13:58:00-04:00,404.9880065917969,404.9880065917969,405.25,404.6400146484375,404.7749938964844,250873
2026-07-09 14:00:00-04:00,404.70001220703125,404.70001220703125,405.239990234375,404.5205078125,405.0,176108
2026-07-09 14:02:00-04:00,404.57049560546875,404.57049560546875,405.1000061035156,404.57049560546875,404.70001220703125,114504
2026-07-09 14:04:00-04:00,404.3800048828125,404.3800048828125,404.7112121582031,404.30999755859375,404.5899963378906,100150
2026-07-09 14:06:00-04:00,404.6400146484375,404.6400146484375,404.9898986816406,404.3500061035156,404.3500061035156,100746
2026-07-09 14:08:00-04:00,404.5000915527344,404.5000915527344,404.6499938964844,404.30999755859375,404.6499938964844,52869
2026-07-09 14:10:00-04:00,405.16009521484375,405.16009521484375,405.2900085449219,404.510009765625,404.54998779296875,146477
2026-07-09 14:12:00-04:00,405.3088073730469,405.3088073730469,405.44000244140625,404.8800964355469,405.18499755859375,97670
2026-07-09 14:14:00-04:00,405.8299865722656,405.8299865722656,406.2699890136719,405.2300109863281,405.2301025390625,255631
2026-07-09 14:16:00-04:00,405.6300048828125,405.6300048828125,405.8999938964844,405.3599853515625,405.8273010253906,152846
2026-07-09 14:18:00-04:00,406.04998779296875,406.04998779296875,406.239990234375,405.55999755859375,405.6300048828125,99492
2026-07-09 14:20:00-04:00,406.3800048828125,406.3800048828125,406.489990234375,405.80999755859375,406.0003967285156,140106
2026-07-09 14:22:00-04:00,406.739990234375,406.739990234375,407.1099853515625,406.3301086425781,406.3301086425781,208130
2026-07-09 14:24:00-04:00,406.9700012207031,406.9700012207031,407.0799865722656,406.510009765625,406.7300109863281,132166
2026-07-09 14:26:00-04:00,407.5799865722656,407.5799865722656,407.82000732421875,406.7300109863281,406.92999267578125,185587
2026-07-09 14:28:00-04:00,407.39111328125,407.39111328125,407.8500061035156,407.260009765625,407.6400146484375,180189
2026-07-09 14:30:00-04:00,407.4200134277344,407.4200134277344,407.8599853515625,407.30999755859375,407.44000244140625,152783
2026-07-09 14:32:00-04:00,406.8900146484375,406.8900146484375,407.55999755859375,406.80999755859375,407.3301086425781,137017
2026-07-09 14:34:00-04:00,406.3634033203125,406.3634033203125,407.1700134277344,406.3609924316406,406.9299011230469,136082
2026-07-09 14:36:00-04:00,406.7699890136719,406.7699890136719,407.0899963378906,406.4100036621094,406.4100036621094,123334
2026-07-09 14:38:00-04:00,406.9010925292969,406.9010925292969,407.20001220703125,406.7699890136719,406.79998779296875,91489
2026-07-09 14:40:00-04:00,406.9700012207031,406.9700012207031,407.1549987792969,406.7850036621094,406.8949890136719,83164
2026-07-09 14:42:00-04:00,406.9898986816406,406.9898986816406,407.1099853515625,406.82049560546875,406.9200134277344,60581
2026-07-09 14:44:00-04:00,406.8900146484375,406.8900146484375,407.010009765625,406.7200012207031,406.92498779296875,60480
2026-07-09 14:46:00-04:00,407.20001220703125,407.20001220703125,407.2200012207031,406.82000732421875,406.8800048828125,119372
2026-07-09 14:48:00-04:00,407.010009765625,407.010009765625,407.239990234375,406.9501037597656,407.1700134277344,83193
2026-07-09 14:50:00-04:00,406.989990234375,406.989990234375,407.32000732421875,406.9100036621094,407.0350036621094,118981
2026-07-09 14:52:00-04:00,407.03009033203125,407.03009033203125,407.1099853515625,406.860107421875,407.0199890136719,61315
2026-07-09 14:54:00-04:00,407.3210144042969,407.3210144042969,407.7200012207031,406.8800048828125,407.0199890136719,142805
2026-07-09 14:56:00-04:00,407.4200134277344,407.4200134277344,407.5574951171875,407.2699890136719,407.32049560546875,81513
2026-07-09 14:58:00-04:00,407.16009521484375,407.16009521484375,407.6700134277344,407.110107421875,407.42999267578125,103004
2026-07-09 15:00:00-04:00,406.79998779296875,406.79998779296875,407.25,406.6499938964844,407.2049865722656,148657
2026-07-09 15:02:00-04:00,407.4455871582031,407.4455871582031,407.739990234375,406.70001220703125,406.75,152087
2026-07-09 15:04:00-04:00,406.9200134277344,406.9200134277344,407.4599914550781,406.7799987792969,407.4200134277344,104209
2026-07-09 15:06:00-04:00,406.8703918457031,406.8703918457031,407.0,406.40008544921875,406.92999267578125,130020
2026-07-09 15:08:00-04:00,406.6253967285156,406.6253967285156,406.989990234375,406.551513671875,406.9100036621094,80611
2026-07-09 15:10:00-04:00,406.44000244140625,406.44000244140625,406.7298889160156,405.92999267578125,406.6650085449219,165231
2026-07-09 15:12:00-04:00,406.56500244140625,406.56500244140625,406.75,406.4013977050781,406.4800109863281,93848
2026-07-09 15:14:00-04:00,406.45001220703125,406.45001220703125,406.7900085449219,406.3800048828125,406.56500244140625,85733
2026-07-09 15:16:00-04:00,407.0249938964844,407.0249938964844,407.3299865722656,406.4400939941406,406.45001220703125,140170
2026-07-09 15:18:00-04:00,407.0,407.0,407.3500061035156,406.8399963378906,406.9960021972656,125001
2026-07-09 15:20:00-04:00,406.5398864746094,406.5398864746094,406.989990234375,406.32000732421875,406.9800109863281,112734
2026-07-09 15:22:00-04:00,406.3699951171875,406.3699951171875,406.5400085449219,406.2101135253906,406.5,68790
2026-07-09 15:24:00-04:00,406.19500732421875,406.19500732421875,406.44500732421875,405.9700012207031,406.44500732421875,107622
2026-07-09 15:26:00-04:00,405.760009765625,405.760009765625,406.3599853515625,405.57000732421875,406.2099914550781,167563
2026-07-09 15:28:00-04:00,405.7500915527344,405.7500915527344,406.20001220703125,405.75,405.7601013183594,108283
2026-07-09 15:30:00-04:00,404.989990234375,404.989990234375,405.7799987792969,404.9700012207031,405.75,203470
2026-07-09 15:32:00-04:00,405.7958068847656,405.7958068847656,405.9800109863281,404.90008544921875,404.989990234375,153598
2026-07-09 15:34:00-04:00,405.9750061035156,405.9750061035156,406.2900085449219,405.760009765625,405.7799987792969,122338
2026-07-09 15:36:00-04:00,405.55999755859375,405.55999755859375,406.3299865722656,405.55999755859375,405.9700927734375,104671
2026-07-09 15:38:00-04:00,404.55999755859375,404.55999755859375,405.5400085449219,404.45001220703125,405.5199890136719,162520
2026-07-09 15:40:00-04:00,405.1300048828125,405.1300048828125,405.16949462890625,404.510009765625,404.55999755859375,160671
2026-07-09 15:42:00-04:00,404.77520751953125,404.77520751953125,405.2349853515625,404.77520751953125,405.1099853515625,119892
2026-07-09 15:44:00-04:00,404.8699951171875,404.8699951171875,405.1000061035156,404.6199951171875,404.7699890136719,120792
2026-07-09 15:46:00-04:00,404.79998779296875,404.79998779296875,405.0899963378906,404.7099914550781,404.8399963378906,100347
2026-07-09 15:48:00-04:00,405.2650146484375,405.2650146484375,405.4296875,404.7699890136719,404.82000732421875,119097
2026-07-09 15:50:00-04:00,404.0299987792969,404.0299987792969,405.30999755859375,403.8800048828125,405.30999755859375,300237
2026-07-09 15:52:00-04:00,404.13958740234375,404.13958740234375,404.3999938964844,403.8800048828125,404.010009765625,217117
2026-07-09 15:54:00-04:00,405.5799865722656,405.5799865722656,405.9068908691406,403.8500061035156,404.17999267578125,418988
2026-07-09 15:56:00-04:00,405.93499755859375,405.93499755859375,406.0,405.32000732421875,405.57000732421875,389484
2026-07-09 15:58:00-04:00,406.5400085449219,406.5400085449219,406.6050109863281,405.9200134277344,405.93499755859375,917147
2026-07-10 09:30:00-04:00,409.0899963378906,409.0899963378906,412.2900085449219,407.04998779296875,410.489990234375,1513037
2026-07-10 09:32:00-04:00,412.5199890136719,412.5199890136719,412.57989501953125,407.8900146484375,409.17919921875,503421
2026-07-10 09:34:00-04:00,411.3349914550781,411.3349914550781,412.5799865722656,410.5,412.57989501953125,381798
2026-07-10 09:36:00-04:00,409.19000244140625,409.19000244140625,411.6000061035156,408.5,411.31500244140625,357283
2026-07-10 09:38:00-04:00,406.239990234375,406.239990234375,409.8800048828125,406.1099853515625,409.2049865722656,414841
2026-07-10 09:40:00-04:00,406.7200012207031,406.7200012207031,407.1000061035156,404.9100036621094,406.2065124511719,491047
2026-07-10 09:42:00-04:00,408.3399963378906,408.3399963378906,408.6700134277344,406.6499938964844,406.7349853515625,341963
2026-07-10 09:44:00-04:00,408.510009765625,408.510009765625,408.71990966796875,407.6499938964844,408.3999938964844,225939
2026-07-10 09:46:00-04:00,409.19000244140625,409.19000244140625,409.54998779296875,407.6099853515625,408.4150085449219,242473
2026-07-10 09:48:00-04:00,409.239990234375,409.239990234375,409.5,408.5221862792969,409.125,272297
2026-07-10 09:50:00-04:00,410.1766052246094,410.1766052246094,410.2300109863281,408.9100036621094,409.239990234375,317180
2026-07-10 09:52:00-04:00,410.92498779296875,410.92498779296875,410.95001220703125,409.7001037597656,410.0799865722656,263999
2026-07-10 09:54:00-04:00,410.260009765625,410.260009765625,410.8999938964844,409.68011474609375,410.8299865722656,185183
2026-07-10 09:56:00-04:00,409.4049987792969,409.4049987792969,410.44000244140625,409.3500061035156,410.2130126953125,171399
2026-07-10 09:58:00-04:00,409.8399963378906,409.8399963378906,410.2900085449219,409.45001220703125,409.45001220703125,161707
2026-07-10 10:00:00-04:00,409.6300048828125,409.6300048828125,409.95001220703125,408.9100036621094,409.760009765625,216422
2026-07-10 10:02:00-04:00,408.7900085449219,408.7900085449219,410.0199890136719,408.6400146484375,409.7349853515625,167756
2026-07-10 10:04:00-04:00,408.5,408.5,409.25,408.0799865722656,408.69000244140625,207568
2026-07-10 10:06:00-04:00,408.5600891113281,408.5600891113281,409.22369384765625,408.05999755859375,408.5249938964844,132155
2026-07-10 10:08:00-04:00,410.1449890136719,410.1449890136719,410.2799987792969,408.6213073730469,408.6213073730469,283487
2026-07-10 10:10:00-04:00,410.94000244140625,410.94000244140625,410.9800109863281,410.30999755859375,410.5,286489
2026-07-10 10:12:00-04:00,411.1300048828125,411.1300048828125,411.4200134277344,410.5950012207031,410.5950012207031,155553
2026-07-10 10:14:00-04:00,410.6050109863281,410.6050109863281,411.1300048828125,410.010009765625,411.1300048828125,157343
2026-07-10 10:16:00-04:00,410.2699890136719,410.2699890136719,410.6299133300781,409.0166015625,410.6050109863281,230837
2026-07-10 10:18:00-04:00,409.0220947265625,409.0220947265625,410.54998779296875,408.7101135253906,410.2799987792969,202349
2026-07-10 10:20:00-04:00,408.0400085449219,408.0400085449219,409.239990234375,407.79998779296875,409.1676940917969,218939
2026-07-10 10:22:00-04:00,407.07000732421875,407.07000732421875,408.2250061035156,405.7300109863281,408.1199951171875,425631
2026-07-10 10:24:00-04:00,406.7950134277344,406.7950134277344,407.80999755859375,406.2699890136719,407.07000732421875,289358
2026-07-10 10:26:00-04:00,408.1033935546875,408.1033935546875,408.4462890625,406.6099853515625,406.7950134277344,233689
2026-07-10 10:28:00-04:00,407.57501220703125,407.57501220703125,408.2099914550781,407.510009765625,408.07000732421875,127921
2026-07-10 10:30:00-04:00,407.7799987792969,407.7799987792969,407.8699035644531,407.20001220703125,407.5799865722656,119818
2026-07-10 10:32:00-04:00,406.3949890136719,406.3949890136719,407.8800048828125,402.8100891113281,407.7250061035156,546227
2026-07-10 10:34:00-04:00,406.8349914550781,406.8349914550781,407.8900146484375,406.32000732421875,406.3999938964844,216335
2026-07-10 10:36:00-04:00,407.97369384765625,407.97369384765625,408.489990234375,406.7900085449219,406.7900085449219,158792
2026-07-10 10:38:00-04:00,408.32000732421875,408.32000732421875,408.82000732421875,407.739990234375,408.0400085449219,175407
2026-07-10 10:40:00-04:00,407.26080322265625,407.26080322265625,408.4198913574219,407.1099853515625,408.4198913574219,120508
2026-07-10 10:42:00-04:00,407.30999755859375,407.30999755859375,408.10699462890625,407.110107421875,407.15008544921875,95798
2026-07-10 10:44:00-04:00,407.9800109863281,407.9800109863281,408.1099853515625,407.05999755859375,407.30999755859375,103046
2026-07-10 10:46:00-04:00,407.9901123046875,407.9901123046875,408.30999755859375,407.4704895019531,407.9800109863281,80435
2026-07-10 10:48:00-04:00,409.2301025390625,409.2301025390625,409.45001220703125,407.7309875488281,408.0450134277344,186418
2026-07-10 10:50:00-04:00,408.6188049316406,408.6188049316406,409.70001220703125,408.1400146484375,409.2301025390625,177170
2026-07-10 10:52:00-04:00,408.0400085449219,408.0400085449219,409.09991455078125,407.79998779296875,408.68499755859375,122235
2026-07-10 10:54:00-04:00,407.2099914550781,407.2099914550781,408.1000061035156,407.10009765625,408.1000061035156,127319
2026-07-10 10:56:00-04:00,407.1899108886719,407.1899108886719,407.260009765625,406.31048583984375,407.1499938964844,200745
2026-07-10 10:58:00-04:00,406.7550048828125,406.7550048828125,407.2799987792969,406.32000732421875,407.0931091308594,139121
2026-07-10 11:00:00-04:00,406.4700927734375,406.4700927734375,407.07000732421875,406.29998779296875,406.7699890136719,104888
2026-07-10 11:02:00-04:00,406.9800109863281,406.9800109863281,407.1300048828125,406.127197265625,406.4700012207031,109073
2026-07-10 11:04:00-04:00,406.489990234375,406.489990234375,407.0050964355469,405.80999755859375,406.9100036621094,153552
2026-07-10 11:06:00-04:00,406.7900085449219,406.7900085449219,406.8500061035156,405.9100036621094,406.364990234375,112854
2026-07-10 11:08:00-04:00,406.9200134277344,406.9200134277344,407.07989501953125,406.5199890136719,406.7799987792969,129808
2026-07-10 11:10:00-04:00,406.53009033203125,406.53009033203125,407.5498962402344,406.1400146484375,406.9200134277344,153388
2026-07-10 11:12:00-04:00,406.385009765625,406.385009765625,406.8598937988281,406.25,406.625,83525
2026-07-10 11:14:00-04:00,407.135009765625,407.135009765625,407.2698974609375,406.1000061035156,406.3599853515625,229475
2026-07-10 11:16:00-04:00,407.7850036621094,407.7850036621094,408.3299865722656,407.14959716796875,407.14959716796875,208228
2026-07-10 11:18:00-04:00,407.5849914550781,407.5849914550781,408.0400085449219,407.0299987792969,407.760009765625,116962
2026-07-10 11:20:00-04:00,407.7911071777344,407.7911071777344,407.79998779296875,407.20001220703125,407.5400085449219,84179
2026-07-10 11:22:00-04:00,408.8901062011719,408.8901062011719,409.156494140625,407.7301025390625,407.7699890136719,172382
2026-07-10 11:24:00-04:00,409.260009765625,409.260009765625,409.5,408.7200012207031,408.94329833984375,144958
2026-07-10 11:26:00-04:00,409.7398986816406,409.7398986816406,409.7998962402344,409.0,409.25,127521
2026-07-10 11:28:00-04:00,409.56500244140625,409.56500244140625,409.7499084472656,409.20001220703125,409.7099914550781,114750
2026-07-10 11:30:00-04:00,409.664794921875,409.664794921875,409.94000244140625,409.30010986328125,409.6300048828125,195009
2026-07-10 11:32:00-04:00,409.9599914550781,409.9599914550781,410.05999755859375,409.3999938964844,409.6099853515625,174288
2026-07-10 11:34:00-04:00,409.6499938964844,409.6499938964844,410.5935974121094,409.6400146484375,409.9599914550781,210327
2026-07-10 11:36:00-04:00,409.68011474609375,409.68011474609375,410.0,409.4513854980469,409.7300109863281,113392
2026-07-10 11:38:00-04:00,408.3900146484375,408.3900146484375,409.8399963378906,408.2699890136719,409.7550048828125,179594
2026-07-10 11:40:00-04:00,408.0,408.0,408.94989013671875,407.7101135253906,408.3999938964844,179021
2026-07-10 11:42:00-04:00,407.54010009765625,407.54010009765625,408.1000061035156,407.04998779296875,408.0450134277344,135333
2026-07-10 11:44:00-04:00,407.04998779296875,407.04998779296875,408.09991455078125,406.8203125,407.55010986328125,121064
2026-07-10 11:46:00-04:00,407.4700012207031,407.4700012207031,407.6700134277344,406.989990234375,407.1000061035156,84404
2026-07-10 11:48:00-04:00,408.0899963378906,408.0899963378906,408.25421142578125,407.4599914550781,407.54998779296875,117728
2026-07-10 11:50:00-04:00,409.1449890136719,409.1449890136719,409.4200134277344,408.1900939941406,408.25,180685
2026-07-10 11:52:00-04:00,409.8550109863281,409.8550109863281,409.95001220703125,409.0799865722656,409.1300048828125,127833
2026-07-10 11:54:00-04:00,409.8699951171875,409.8699951171875,410.25,409.5,409.8450012207031,170931
2026-07-10 11:56:00-04:00,409.67999267578125,409.67999267578125,410.04998779296875,409.30999755859375,409.8699951171875,111683
2026-07-10 11:58:00-04:00,409.42498779296875,409.42498779296875,409.7442932128906,409.3500061035156,409.6499938964844,69416
2026-07-10 12:00:00-04:00,410.4200134277344,410.4200134277344,410.760009765625,409.42498779296875,409.42498779296875,278284
2026-07-10 12:02:00-04:00,410.0,410.0,410.5,409.79998779296875,410.3999938964844,105921
2026-07-10 12:04:00-04:00,409.739990234375,409.739990234375,410.29998779296875,409.6099853515625,409.9549865722656,86773
2026-07-10 12:06:00-04:00,409.989990234375,409.989990234375,410.5350036621094,409.6700134277344,409.7052917480469,112577
2026-07-10 12:08:00-04:00,410.4599914550781,410.4599914550781,410.4599914550781,409.8999938964844,409.9700012207031,69291
2026-07-10 12:10:00-04:00,410.1700134277344,410.1700134277344,411.3399963378906,409.79998779296875,410.489990234375,300088
2026-07-10 12:12:00-04:00,409.6900939941406,409.6900939941406,410.70001220703125,409.54998779296875,410.1700134277344,179086
2026-07-10 12:14:00-04:00,411.0299987792969,411.0299987792969,411.1000061035156,409.5199890136719,409.69158935546875,173474
2026-07-10 12:16:00-04:00,411.0450134277344,411.0450134277344,411.1700134277344,410.3999938964844,411.04998779296875,104787
2026-07-10 12:18:00-04:00,411.69000244140625,411.69000244140625,412.0899963378906,410.8168029785156,411.0159912109375,267552
2026-07-10 12:20:00-04:00,410.95001220703125,410.95001220703125,411.7799987792969,410.8700866699219,411.7799987792969,120649
2026-07-10 12:22:00-04:00,411.02191162109375,411.02191162109375,411.4700012207031,410.760009765625,410.95001220703125,101896
2026-07-10 12:24:00-04:00,410.7799987792969,410.7799987792969,411.0799865722656,410.510009765625,411.07501220703125,114631
2026-07-10 12:26:00-04:00,411.42999267578125,411.42999267578125,411.7699890136719,410.739990234375,410.80999755859375,147618
2026-07-10 12:28:00-04:00,410.6600036621094,410.6600036621094,411.5400085449219,410.30999755859375,411.489990234375,141441
2026-07-10 12:30:00-04:00,411.22900390625,411.22900390625,411.5447998046875,410.68450927734375,410.70001220703125,125515
2026-07-10 12:32:00-04:00,411.3420104980469,411.3420104980469,411.44000244140625,411.04229736328125,411.2200012207031,69868
2026-07-10 12:34:00-04:00,411.80999755859375,411.80999755859375,411.8800048828125,411.2099914550781,411.3349914550781,114527
2026-07-10 12:36:00-04:00,411.0199890136719,411.0199890136719,411.989990234375,410.79998779296875,411.8349914550781,142880
2026-07-10 12:38:00-04:00,411.2449951171875,411.2449951171875,411.489990234375,410.95001220703125,411.0,45278
2026-07-10 12:40:00-04:00,411.3299865722656,411.3299865722656,411.6700134277344,411.22100830078125,411.2380065917969,73301
2026-07-10 12:42:00-04:00,411.9450988769531,411.9450988769531,412.1099853515625,411.0805969238281,411.32000732421875,201648
2026-07-10 12:44:00-04:00,411.6099853515625,411.6099853515625,411.989990234375,411.5400085449219,411.93499755859375,91865
2026-07-10 12:46:00-04:00,411.760009765625,411.760009765625,412.1000061035156,411.5799865722656,411.614990234375,95982
2026-07-10 12:48:00-04:00,412.04998779296875,412.04998779296875,412.1000061035156,411.54168701171875,411.82000732421875,75308
2026-07-10 12:50:00-04:00,412.75,412.75,412.95001220703125,411.7699890136719,412.0199890136719,261526
2026-07-10 12:52:00-04:00,412.9649963378906,412.9649963378906,413.1600036621094,412.70001220703125,412.7799987792969,225762
2026-07-10 12:54:00-04:00,412.0766906738281,412.0766906738281,412.9800109863281,412.010009765625,412.9800109863281,123724
2026-07-10 12:56:00-04:00,412.32000732421875,412.32000732421875,412.5,412.1000061035156,412.1700134277344,104691
2026-07-10 12:58:00-04:00,412.1700134277344,412.1700134277344,412.5,412.1700134277344,412.29998779296875,62140
2026-07-10 13:00:00-04:00,412.2699890136719,412.2699890136719,412.42999267578125,412.1000061035156,412.2099914550781,75349
2026-07-10 13:02:00-04:00,412.1300048828125,412.1300048828125,412.3399963378906,411.75,412.239990234375,129451
2026-07-10 13:04:00-04:00,411.55999755859375,411.55999755859375,412.1099853515625,411.5242004394531,412.1099853515625,124651
2026-07-10 13:06:00-04:00,411.1549987792969,411.1549987792969,411.7598876953125,411.0299987792969,411.5990905761719,131335
2026-07-10 13:08:00-04:00,410.4200134277344,410.4200134277344,411.2200012207031,410.3299865722656,411.1499938964844,145471
2026-07-10 13:10:00-04:00,409.8699951171875,409.8699951171875,410.7799987792969,409.79998779296875,410.40008544921875,230865
2026-07-10 13:12:00-04:00,408.8299865722656,408.8299865722656,410.05999755859375,408.75,409.8999938964844,238263
2026-07-10 13:14:00-04:00,409.4599914550781,409.4599914550781,409.6000061035156,408.27801513671875,408.909912109375,244337
2026-07-10 13:16:00-04:00,409.4198913574219,409.4198913574219,409.5400085449219,408.8999938964844,409.50970458984375,171423
2026-07-10 13:18:00-04:00,409.15008544921875,409.15008544921875,409.5899963378906,409.1200866699219,409.44000244140625,101012
2026-07-10 13:20:00-04:00,410.135009765625,410.135009765625,410.2099914550781,409.1499938964844,409.1600036621094,276837
2026-07-10 13:22:00-04:00,410.0400085449219,410.0400085449219,410.42999267578125,409.93011474609375,410.135009765625,115714
2026-07-10 13:24:00-04:00,410.55560302734375,410.55560302734375,410.67999267578125,409.9800109863281,410.0400085449219,128225
2026-07-10 13:26:00-04:00,410.943115234375,410.943115234375,411.1099853515625,410.5400085449219,410.5400085449219,139895
2026-07-10 13:28:00-04:00,410.19500732421875,410.19500732421875,411.0299987792969,410.1000061035156,410.90008544921875,118611
2026-07-10 13:30:00-04:00,409.989990234375,409.989990234375,410.2950134277344,409.8399963378906,410.19500732421875,118853
2026-07-10 13:32:00-04:00,409.30999755859375,409.30999755859375,410.0,409.2699890136719,409.989990234375,104242
2026-07-10 13:34:00-04:00,408.9049987792969,408.9049987792969,409.3599853515625,408.60009765625,409.2950134277344,158725
2026-07-10 13:36:00-04:00,409.18499755859375,409.18499755859375,409.2650146484375,408.82000732421875,408.956787109375,73663
2026-07-10 13:38:00-04:00,409.42498779296875,409.42498779296875,409.54888916015625,408.94000244140625,409.18499755859375,71296
2026-07-10 13:40:00-04:00,408.8699951171875,408.8699951171875,409.5398864746094,408.8399963378906,409.3599853515625,120955
2026-07-10 13:42:00-04:00,408.9100036621094,408.9100036621094,409.04998779296875,408.7200012207031,408.9599914550781,108271
2026-07-10 13:44:00-04:00,408.7099914550781,408.7099914550781,409.010009765625,408.5008850097656,408.9649963378906,112133
2026-07-10 13:46:00-04:00,408.7149963378906,408.7149963378906,408.8900146484375,408.5400085449219,408.7099914550781,71241
2026-07-10 13:48:00-04:00,408.79998779296875,408.79998779296875,408.9700012207031,408.6401062011719,408.73040771484375,78880
2026-07-10 13:50:00-04:00,408.9200134277344,408.9200134277344,409.05999755859375,408.70001220703125,408.8450012207031,70243
2026-07-10 13:52:00-04:00,408.84039306640625,408.84039306640625,408.9800109863281,408.7099914550781,408.9150085449219,49465
2026-07-10 13:54:00-04:00,408.6600036621094,408.6600036621094,408.9700012207031,408.5801086425781,408.8800048828125,68024
2026-07-10 13:56:00-04:00,408.32501220703125,408.32501220703125,408.7398986816406,408.2300109863281,408.6650085449219,99833
2026-07-10 13:58:00-04:00,408.5801086425781,408.5801086425781,408.8500061035156,408.3500061035156,408.45001220703125,73841
2026-07-10 14:00:00-04:00,409.8500061035156,409.8500061035156,409.8699951171875,408.5299987792969,408.69000244140625,195502
2026-07-10 14:02:00-04:00,409.7749938964844,409.7749938964844,410.7099914550781,409.489990234375,409.8599853515625,200307
2026-07-10 14:04:00-04:00,410.05999755859375,410.05999755859375,410.1603088378906,409.5101013183594,409.7699890136719,68640
2026-07-10 14:06:00-04:00,409.8778076171875,409.8778076171875,409.9898986816406,409.6000061035156,409.9599914550781,43651
2026-07-10 14:08:00-04:00,409.94500732421875,409.94500732421875,410.0400085449219,409.760009765625,409.92999267578125,44559
2026-07-10 14:10:00-04:00,409.9801025390625,409.9801025390625,410.2799987792969,409.80010986328125,409.94500732421875,66353
2026-07-10 14:12:00-04:00,410.6400146484375,410.6400146484375,410.739990234375,410.0,410.0150146484375,134323
2026-07-10 14:14:00-04:00,410.1099853515625,410.1099853515625,411.19000244140625,410.0899963378906,410.6700134277344,206363
2026-07-10 14:16:00-04:00,409.9100036621094,409.9100036621094,410.4200134277344,409.8200988769531,410.05999755859375,90789
2026-07-10 14:18:00-04:00,409.7099914550781,409.7099914550781,410.1000061035156,409.67999267578125,409.9599914550781,111031
2026-07-10 14:20:00-04:00,409.6700134277344,409.6700134277344,409.79998779296875,409.1000061035156,409.7099914550781,106296
2026-07-10 14:22:00-04:00,409.79998779296875,409.79998779296875,409.8999938964844,409.5,409.7250061035156,132879
2026-07-10 14:24:00-04:00,409.70001220703125,409.70001220703125,410.0,409.5400085449219,409.8500061035156,87648
2026-07-10 14:26:00-04:00,409.5299987792969,409.5299987792969,409.79998779296875,409.489990234375,409.7049865722656,34129
2026-07-10 14:28:00-04:00,408.9200134277344,408.9200134277344,409.5138854980469,408.82000732421875,409.489990234375,105539
2026-07-10 14:30:00-04:00,409.1099853515625,409.1099853515625,409.17999267578125,408.8399963378906,408.95001220703125,63680
2026-07-10 14:32:00-04:00,409.0,409.0,409.2699890136719,408.9200134277344,409.0899963378906,85295
2026-07-10 14:34:00-04:00,408.3999938964844,408.3999938964844,409.04998779296875,408.3900146484375,409.04998779296875,103172
2026-07-10 14:36:00-04:00,408.1300048828125,408.1300048828125,408.3999938964844,407.79998779296875,408.3500061035156,169582
2026-07-10 14:38:00-04:00,408.4599914550781,408.4599914550781,408.6199951171875,407.8599853515625,408.1300048828125,154927
2026-07-10 14:40:00-04:00,409.4150085449219,409.4150085449219,409.6499938964844,408.3299865722656,408.4049987792969,177964
2026-07-10 14:42:00-04:00,409.3460998535156,409.3460998535156,409.70001220703125,409.1499938964844,409.4092102050781,100268
2026-07-10 14:44:00-04:00,408.7850036621094,408.7850036621094,409.3999938964844,408.7449951171875,409.30499267578125,143453
2026-07-10 14:46:00-04:00,408.6361083984375,408.6361083984375,408.93499755859375,408.3999938964844,408.8114929199219,83414
2026-07-10 14:48:00-04:00,408.3399963378906,408.3399963378906,408.7300109863281,408.2099914550781,408.70001220703125,61148
2026-07-10 14:50:00-04:00,408.239990234375,408.239990234375,408.44000244140625,408.20001220703125,408.44000244140625,62762
2026-07-10 14:52:00-04:00,408.1806945800781,408.1806945800781,408.5,408.1199951171875,408.20001220703125,77868
2026-07-10 14:54:00-04:00,408.5509033203125,408.5509033203125,408.6300048828125,408.1401062011719,408.17999267578125,69519
2026-07-10 14:56:00-04:00,408.69989013671875,408.69989013671875,408.79998779296875,408.4599914550781,408.6400146484375,54144
2026-07-10 14:58:00-04:00,408.4700012207031,408.4700012207031,408.989990234375,408.32000732421875,408.6600036621094,75231
2026-07-10 15:00:00-04:00,408.94000244140625,408.94000244140625,409.0,408.3699951171875,408.5,93431
2026-07-10 15:02:00-04:00,409.2637939453125,409.2637939453125,409.2699890136719,408.760009765625,408.95001220703125,112204
2026-07-10 15:04:00-04:00,409.0,409.0,409.3299865722656,408.79998779296875,409.239990234375,127434
2026-07-10 15:06:00-04:00,408.7900085449219,408.7900085449219,409.0,408.75,408.93499755859375,59375
2026-07-10 15:08:00-04:00,408.80999755859375,408.80999755859375,409.0,408.7300109863281,408.81500244140625,42845
2026-07-10 15:10:00-04:00,408.6400146484375,408.6400146484375,408.989990234375,408.6036071777344,408.79998779296875,66460
2026-07-10 15:12:00-04:00,408.9800109863281,408.9800109863281,409.1300048828125,408.6600036621094,408.67498779296875,107718
2026-07-10 15:14:00-04:00,409.07000732421875,409.07000732421875,409.2300109863281,408.9117126464844,408.9117126464844,62597
2026-07-10 15:16:00-04:00,409.32000732421875,409.32000732421875,409.4800109863281,408.9501037597656,409.06500244140625,106498
2026-07-10 15:18:00-04:00,409.6000061035156,409.6000061035156,409.7699890136719,409.1200866699219,409.3949890136719,101967
2026-07-10 15:20:00-04:00,409.5299987792969,409.5299987792969,409.6600036621094,409.25,409.6000061035156,146725
2026-07-10 15:22:00-04:00,409.6099853515625,409.6099853515625,409.82000732421875,409.3500061035156,409.4800109863281,119298
2026-07-10 15:24:00-04:00,409.7300109863281,409.7300109863281,409.919189453125,409.510009765625,409.55010986328125,103803
2026-07-10 15:26:00-04:00,409.19000244140625,409.19000244140625,409.83990478515625,409.0700988769531,409.7799987792969,176528
2026-07-10 15:28:00-04:00,408.8999938964844,408.8999938964844,409.4599914550781,408.8599853515625,409.239990234375,126079
2026-07-10 15:30:00-04:00,409.1400146484375,409.1400146484375,409.17999267578125,408.7200012207031,408.8999938964844,97776
2026-07-10 15:32:00-04:00,409.08551025390625,409.08551025390625,409.42999267578125,408.8599853515625,409.1400146484375,117393
2026-07-10 15:34:00-04:00,409.05999755859375,409.05999755859375,409.2799072265625,408.94000244140625,409.1050109863281,70194
2026-07-10 15:36:00-04:00,409.614990234375,409.614990234375,409.6700134277344,408.8900146484375,409.1199951171875,91205
2026-07-10 15:38:00-04:00,409.739990234375,409.739990234375,410.1300048828125,409.510009765625,409.6099853515625,172837
2026-07-10 15:40:00-04:00,409.8999938964844,409.8999938964844,409.94000244140625,409.614990234375,409.7799987792969,82846
2026-07-10 15:42:00-04:00,410.0899963378906,410.0899963378906,410.2200012207031,409.8299865722656,409.8999938964844,134049
2026-07-10 15:44:00-04:00,410.1400146484375,410.1400146484375,410.3500061035156,409.9700012207031,410.1783142089844,109689
2026-07-10 15:46:00-04:00,409.9049987792969,409.9049987792969,410.4549865722656,409.70001220703125,410.1000061035156,136437
2026-07-10 15:48:00-04:00,409.1099853515625,409.1099853515625,409.94000244140625,409.0,409.9049987792969,171763
2026-07-10 15:50:00-04:00,408.4649963378906,408.4649963378906,409.2900085449219,408.29998779296875,409.19000244140625,205724
2026-07-10 15:52:00-04:00,407.55999755859375,407.55999755859375,408.4700012207031,407.54998779296875,408.45001220703125,207026
2026-07-10 15:54:00-04:00,407.75,407.75,408.3900146484375,407.17498779296875,407.54998779296875,253246
2026-07-10 15:56:00-04:00,407.45001220703125,407.45001220703125,407.8500061035156,407.32000732421875,407.7300109863281,194707
2026-07-10 15:58:00-04:00,407.7449951171875,407.7449951171875,407.8699951171875,407.3699951171875,407.44000244140625,422896
2026-07-13 09:30:00-04:00,400.5849914550781,400.5849914550781,405.3999938964844,399.7099914550781,404.6099853515625,1304245
2026-07-13 09:32:00-04:00,400.6546936035156,400.6546936035156,401.21990966796875,400.0899963378906,400.70001220703125,243532
2026-07-13 09:34:00-04:00,397.45318603515625,397.45318603515625,401.48968505859375,397.3699951171875,400.54998779296875,410606
2026-07-13 09:36:00-04:00,395.8800048828125,395.8800048828125,398.0400085449219,395.8800048828125,397.489990234375,506731
2026-07-13 09:38:00-04:00,396.4100036621094,396.4100036621094,397.20001220703125,395.6499938964844,395.8500061035156,317577
2026-07-13 09:40:00-04:00,395.30999755859375,395.30999755859375,396.8699951171875,395.0,396.3900146484375,393960
2026-07-13 09:42:00-04:00,395.67999267578125,395.67999267578125,395.75,394.8500061035156,395.239990234375,297601
2026-07-13 09:44:00-04:00,396.82000732421875,396.82000732421875,397.25,395.6400146484375,395.6600036621094,397526
2026-07-13 09:46:00-04:00,395.79998779296875,395.79998779296875,397.17999267578125,395.79998779296875,396.92889404296875,286798
2026-07-13 09:48:00-04:00,395.70001220703125,395.70001220703125,396.6000061035156,395.0,395.9049987792969,318929
2026-07-13 09:50:00-04:00,394.989990234375,394.989990234375,395.79998779296875,394.6000061035156,395.70001220703125,299827
2026-07-13 09:52:00-04:00,394.6000061035156,394.6000061035156,395.1000061035156,394.41009521484375,395.0050048828125,232070
2026-07-13 09:54:00-04:00,394.7503967285156,394.7503967285156,395.1099853515625,394.0799865722656,394.57000732421875,308365
2026-07-13 09:56:00-04:00,395.6661071777344,395.6661071777344,395.7200012207031,394.55999755859375,394.80999755859375,243977
2026-07-13 09:58:00-04:00,395.4715881347656,395.4715881347656,396.0400085449219,395.2099914550781,395.6600036621094,245755
2026-07-13 10:00:00-04:00,395.1401062011719,395.1401062011719,396.0799865722656,395.0400085449219,395.5350036621094,179717
2026-07-13 10:02:00-04:00,395.5400085449219,395.5400085449219,395.6000061035156,394.2200012207031,395.17999267578125,264950
2026-07-13 10:04:00-04:00,394.44000244140625,394.44000244140625,395.74951171875,394.3699951171875,395.4949951171875,217448
2026-07-13 10:06:00-04:00,395.0400085449219,395.0400085449219,395.1499938964844,393.6000061035156,394.385009765625,317825
2026-07-13 10:08:00-04:00,395.32000732421875,395.32000732421875,395.4800109863281,394.67999267578125,395.0,172120
2026-07-13 10:10:00-04:00,394.5450134277344,394.5450134277344,395.3399963378906,394.1400146484375,395.239990234375,208485
2026-07-13 10:12:00-04:00,394.7019958496094,394.7019958496094,394.739990234375,394.1099853515625,394.5,136677
2026-07-13 10:14:00-04:00,395.0299987792969,395.0299987792969,395.3299865722656,394.55010986328125,394.70001220703125,184552
2026-07-13 10:16:00-04:00,393.5050048828125,393.5050048828125,395.1099853515625,392.7401123046875,394.94000244140625,498881
2026-07-13 10:18:00-04:00,393.7799987792969,393.7799987792969,393.92999267578125,393.1499938964844,393.52508544921875,177592
2026-07-13 10:20:00-04:00,393.3399963378906,393.3399963378906,394.1499938964844,392.8705139160156,393.79998779296875,215306
2026-07-13 10:22:00-04:00,394.5,394.5,394.5,393.0299987792969,393.29998779296875,223865
2026-07-13 10:24:00-04:00,394.7799987792969,394.7799987792969,394.95001220703125,394.2799987792969,394.45001220703125,172062
2026-07-13 10:26:00-04:00,396.67999267578125,396.67999267578125,396.8572082519531,394.6300048828125,394.75,328445
2026-07-13 10:28:00-04:00,397.78009033203125,397.78009033203125,397.78009033203125,396.3999938964844,396.69000244140625,294535
2026-07-13 10:30:00-04:00,398.44000244140625,398.44000244140625,398.6000061035156,397.2900085449219,397.79998779296875,416986
2026-07-13 10:32:00-04:00,398.3999938964844,398.3999938964844,399.29998779296875,397.8800048828125,398.5299987792969,269273
2026-07-13 10:34:00-04:00,398.9649963378906,398.9649963378906,399.1700134277344,398.239990234375,398.375,167168
2026-07-13 10:36:00-04:00,398.760009765625,398.760009765625,399.2799987792969,398.1000061035156,398.9999084472656,209910
2026-07-13 10:38:00-04:00,399.0400085449219,399.0400085449219,399.1199951171875,398.45001220703125,398.7898864746094,174967
2026-07-13 10:40:00-04:00,398.1300048828125,398.1300048828125,399.0799865722656,397.5,399.07000732421875,219304
2026-07-13 10:42:00-04:00,398.0,398.0,398.6499938964844,397.90008544921875,398.0799865722656,106712
2026-07-13 10:44:00-04:00,397.67999267578125,397.67999267578125,398.32989501953125,397.5299987792969,398.0199890136719,106667
2026-07-13 10:46:00-04:00,398.3599853515625,398.3599853515625,398.8999938964844,397.489990234375,397.68499755859375,118029
2026-07-13 10:48:00-04:00,398.3999938964844,398.3999938964844,398.489990234375,398.0299987792969,398.3500061035156,90560
2026-07-13 10:50:00-04:00,398.1400146484375,398.1400146484375,399.139892578125,398.010009765625,398.4299011230469,144683
2026-07-13 10:52:00-04:00,398.48199462890625,398.48199462890625,398.6199951171875,397.8999938964844,398.114990234375,125391
2026-07-13 10:54:00-04:00,398.7637023925781,398.7637023925781,398.8299865722656,398.20001220703125,398.42999267578125,88508
2026-07-13 10:56:00-04:00,398.6700134277344,398.6700134277344,399.2900085449219,398.5199890136719,398.8800048828125,131272
2026-07-13 10:58:00-04:00,397.7300109863281,397.7300109863281,398.7900085449219,397.29998779296875,398.67498779296875,163098
2026-07-13 11:00:00-04:00,398.3800048828125,398.3800048828125,398.6299133300781,397.5899963378906,397.80999755859375,110026
2026-07-13 11:02:00-04:00,397.989990234375,397.989990234375,398.4798889160156,397.75,398.2799987792969,72364
2026-07-13 11:04:00-04:00,397.42498779296875,397.42498779296875,397.9849853515625,397.0899963378906,397.9849853515625,139350
2026-07-13 11:06:00-04:00,397.6600036621094,397.6600036621094,398.0,397.3299865722656,397.3349914550781,79315
2026-07-13 11:08:00-04:00,397.5299987792969,397.5299987792969,398.07000732421875,397.25,397.54998779296875,86751
2026-07-13 11:10:00-04:00,397.6199951171875,397.6199951171875,397.8599853515625,397.3100891113281,397.6099853515625,58811
2026-07-13 11:12:00-04:00,397.2799987792969,397.2799987792969,397.6199951171875,397.1499938964844,397.56500244140625,63146
2026-07-13 11:14:00-04:00,397.1288146972656,397.1288146972656,397.42999267578125,396.8800048828125,397.3399963378906,95246
2026-07-13 11:16:00-04:00,398.2799987792969,398.2799987792969,398.3699951171875,397.0751037597656,397.0751037597656,107151
2026-07-13 11:18:00-04:00,398.2650146484375,398.2650146484375,398.39990234375,397.9599914550781,398.2441101074219,100549
2026-07-13 11:20:00-04:00,399.135009765625,399.135009765625,399.19000244140625,398.260009765625,398.31988525390625,148716
2026-07-13 11:22:00-04:00,399.0400085449219,399.0400085449219,399.17999267578125,398.739990234375,399.135009765625,85101
2026-07-13 11:24:00-04:00,396.9599914550781,396.9599914550781,399.1199951171875,396.8999938964844,399.04998779296875,190265
2026-07-13 11:26:00-04:00,396.92999267578125,396.92999267578125,397.4200134277344,396.25,396.8999938964844,202302
2026-07-13 11:28:00-04:00,397.2349853515625,397.2349853515625,397.57989501953125,396.80010986328125,396.92999267578125,146217
2026-07-13 11:30:00-04:00,397.2200012207031,397.2200012207031,397.3999938964844,396.7300109863281,397.29998779296875,152715
2026-07-13 11:32:00-04:00,397.7300109863281,397.7300109863281,397.8945007324219,397.24639892578125,397.24639892578125,98528
2026-07-13 11:34:00-04:00,397.19000244140625,397.19000244140625,398.1600036621094,397.1099853515625,397.8099060058594,126305
2026-07-13 11:36:00-04:00,397.80499267578125,397.80499267578125,397.81500244140625,396.8399963378906,397.20001220703125,96483
2026-07-13 11:38:00-04:00,397.3800048828125,397.3800048828125,397.8800048828125,397.32000732421875,397.8114929199219,55396
2026-07-13 11:40:00-04:00,397.4024963378906,397.4024963378906,397.55999755859375,397.29998779296875,397.3800964355469,32570
2026-07-13 11:42:00-04:00,397.1449890136719,397.1449890136719,397.4200134277344,397.0899963378906,397.3999938964844,50852
2026-07-13 11:44:00-04:00,397.5715026855469,397.5715026855469,397.739990234375,397.0899963378906,397.17999267578125,57963
2026-07-13 11:46:00-04:00,396.3450012207031,396.3450012207031,397.7793884277344,396.2300109863281,397.6099853515625,136286
2026-07-13 11:48:00-04:00,395.8999938964844,395.8999938964844,396.5089111328125,395.7200012207031,396.3450012207031,169135
2026-07-13 11:50:00-04:00,395.0899963378906,395.0899963378906,396.0498962402344,395.010009765625,395.9689025878906,164402
2026-07-13 11:52:00-04:00,395.84991455078125,395.84991455078125,395.8500061035156,394.8599853515625,395.0899963378906,177554
2026-07-13 11:54:00-04:00,395.3799133300781,395.3799133300781,395.8500061035156,395.2699890136719,395.8349914550781,99857
2026-07-13 11:56:00-04:00,395.6424865722656,395.6424865722656,395.6424865722656,395.0799865722656,395.3349914550781,87307
2026-07-13 11:58:00-04:00,395.57501220703125,395.57501220703125,395.79998779296875,395.3299865722656,395.6700134277344,87828
2026-07-13 12:00:00-04:00,395.4006042480469,395.4006042480469,395.648193359375,395.1300048828125,395.51348876953125,106762
2026-07-13 12:02:00-04:00,394.7049865722656,394.7049865722656,395.50299072265625,394.6200866699219,395.46868896484375,160918
2026-07-13 12:04:00-04:00,394.260009765625,394.260009765625,394.8699951171875,394.1600036621094,394.7049865722656,143906
2026-07-13 12:06:00-04:00,394.6400146484375,394.6400146484375,394.70001220703125,394.239990234375,394.2900085449219,110387
2026-07-13 12:08:00-04:00,394.95001220703125,394.95001220703125,394.989990234375,394.42620849609375,394.6044921875,132031
2026-07-13 12:10:00-04:00,396.0,396.0,396.0,394.8500061035156,395.0,170209
2026-07-13 12:12:00-04:00,394.8599853515625,394.8599853515625,396.06988525390625,394.7099914550781,396.0,158502
2026-07-13 12:14:00-04:00,394.81500244140625,394.81500244140625,395.33990478515625,394.7099914550781,394.75,93159
2026-07-13 12:16:00-04:00,394.6549987792969,394.6549987792969,394.9200134277344,394.4700012207031,394.9200134277344,83618
2026-07-13 12:18:00-04:00,394.6700134277344,394.6700134277344,394.7099914550781,394.3399963378906,394.6549987792969,82867
2026-07-13 12:20:00-04:00,394.3299865722656,394.3299865722656,394.70001220703125,394.3299865722656,394.6050109863281,71203
2026-07-13 12:22:00-04:00,394.1099853515625,394.1099853515625,394.4798889160156,393.9599914550781,394.3550109863281,155079
2026-07-13 12:24:00-04:00,393.93499755859375,393.93499755859375,394.1700134277344,393.8699951171875,394.07000732421875,125767
2026-07-13 12:26:00-04:00,393.9800109863281,393.9800109863281,394.2900085449219,393.55999755859375,393.90008544921875,130425
2026-07-13 12:28:00-04:00,394.1499938964844,394.1499938964844,394.1947937011719,393.5799865722656,394.0,85558
2026-07-13 12:30:00-04:00,393.989990234375,393.989990234375,394.17999267578125,393.6000061035156,394.17999267578125,87572
2026-07-13 12:32:00-04:00,393.95001220703125,393.95001220703125,394.1400146484375,393.7300109863281,393.989990234375,79976
2026-07-13 12:34:00-04:00,393.3949890136719,393.3949890136719,394.0398864746094,393.2300109863281,394.0398864746094,104783
2026-07-13 12:36:00-04:00,393.05499267578125,393.05499267578125,393.6199951171875,392.8399963378906,393.4289855957031,243623
2026-07-13 12:38:00-04:00,393.9289855957031,393.9289855957031,394.010009765625,393.0199890136719,393.0899963378906,145803
2026-07-13 12:40:00-04:00,394.1520080566406,394.1520080566406,394.2300109863281,393.7799987792969,393.92498779296875,113388
2026-07-13 12:42:00-04:00,394.0899963378906,394.0899963378906,394.39990234375,393.9200134277344,394.2300109863281,115800
2026-07-13 12:44:00-04:00,393.95001220703125,393.95001220703125,394.29998779296875,393.8212890625,394.1300048828125,65762
2026-07-13 12:46:00-04:00,394.0199890136719,394.0199890136719,394.239990234375,393.8800048828125,393.9200134277344,59560
2026-07-13 12:48:00-04:00,393.9700012207031,393.9700012207031,394.06829833984375,393.6000061035156,394.0249938964844,78139
2026-07-13 12:50:00-04:00,393.1099853515625,393.1099853515625,393.9700012207031,392.7900085449219,393.8999938964844,231002
2026-07-13 12:52:00-04:00,393.5350036621094,393.5350036621094,393.70001220703125,393.0400085449219,393.1050109863281,64910
2026-07-13 12:54:00-04:00,393.5,393.5,393.55950927734375,392.9800109863281,393.5350036621094,114301
2026-07-13 12:56:00-04:00,393.66009521484375,393.66009521484375,393.8299865722656,393.05999755859375,393.489990234375,140071
2026-07-13 12:58:00-04:00,393.70001220703125,393.70001220703125,393.7898864746094,393.3399963378906,393.7300109863281,77975
2026-07-13 13:00:00-04:00,393.20001220703125,393.20001220703125,393.9800109863281,393.1600036621094,393.72821044921875,72736
2026-07-13 13:02:00-04:00,393.8534851074219,393.8534851074219,393.94000244140625,393.0101013183594,393.1600036621094,123802
2026-07-13 13:04:00-04:00,393.7950134277344,393.7950134277344,393.95001220703125,393.3804931640625,393.8500061035156,67750
2026-07-13 13:06:00-04:00,393.93499755859375,393.93499755859375,394.19000244140625,393.5199890136719,393.7799987792969,110789
2026-07-13 13:08:00-04:00,394.1400146484375,394.1400146484375,394.2799987792969,393.75,393.93499755859375,70389
2026-07-13 13:10:00-04:00,394.3699951171875,394.3699951171875,394.45001220703125,394.1099853515625,394.1700134277344,87909
2026-07-13 13:12:00-04:00,394.5006103515625,394.5006103515625,395.1000061035156,394.260009765625,394.385009765625,241884
2026-07-13 13:14:00-04:00,394.260009765625,394.260009765625,394.79888916015625,394.20001220703125,394.54998779296875,68268
2026-07-13 13:16:00-04:00,394.04998779296875,394.04998779296875,394.2698974609375,393.8200988769531,394.260009765625,112671
2026-07-13 13:18:00-04:00,394.12451171875,394.12451171875,394.2799987792969,393.8699951171875,394.0082092285156,46135
2026-07-13 13:20:00-04:00,393.9200134277344,393.9200134277344,394.135009765625,393.6003112792969,394.135009765625,88856
2026-07-13 13:22:00-04:00,393.9700012207031,393.9700012207031,394.1199951171875,393.8599853515625,393.9200134277344,49252
2026-07-13 13:24:00-04:00,393.6549987792969,393.6549987792969,394.010009765625,393.42999267578125,393.9700012207031,94561
2026-07-13 13:26:00-04:00,393.30999755859375,393.30999755859375,393.6499938964844,393.2300109863281,393.635009765625,127937
2026-07-13 13:28:00-04:00,393.40948486328125,393.40948486328125,393.6300048828125,393.3428039550781,393.3550109863281,75395
2026-07-13 13:30:00-04:00,393.7778015136719,393.7778015136719,393.8299865722656,393.32000732421875,393.4100036621094,64533
2026-07-13 13:32:00-04:00,393.7550048828125,393.7550048828125,394.0942077636719,393.6400146484375,393.7799072265625,94624
2026-07-13 13:34:00-04:00,393.739990234375,393.739990234375,394.1099853515625,393.5,393.7799987792969,62969
2026-07-13 13:36:00-04:00,393.1000061035156,393.1000061035156,393.8500061035156,393.02191162109375,393.70001220703125,109250
2026-07-13 13:38:00-04:00,392.9200134277344,392.9200134277344,393.1600036621094,392.5,393.1600036621094,204083
2026-07-13 13:40:00-04:00,393.3900146484375,393.3900146484375,393.46990966796875,392.7099914550781,392.8599853515625,76986
2026-07-13 13:42:00-04:00,394.0476989746094,394.0476989746094,394.09991455078125,393.3299865722656,393.3949890136719,141123
2026-07-13 13:44:00-04:00,393.869384765625,393.869384765625,394.19000244140625,393.6709899902344,394.0299987792969,83419
2026-07-13 13:46:00-04:00,393.5400085449219,393.5400085449219,393.9299011230469,393.4800109863281,393.8900146484375,55511
2026-07-13 13:48:00-04:00,393.0199890136719,393.0199890136719,393.57000732421875,393.0,393.56988525390625,77650
2026-07-13 13:50:00-04:00,392.7250061035156,392.7250061035156,393.1449890136719,392.6000061035156,393.04998779296875,97750
2026-07-13 13:52:00-04:00,392.92999267578125,392.92999267578125,393.1700134277344,392.57000732421875,392.7099914550781,123051
2026-07-13 13:54:00-04:00,393.1449890136719,393.1449890136719,393.3999938964844,392.9200134277344,392.9800109863281,94648
2026-07-13 13:56:00-04:00,393.1700134277344,393.1700134277344,393.31988525390625,393.010009765625,393.17999267578125,77890
2026-07-13 13:58:00-04:00,393.0899963378906,393.0899963378906,393.3599853515625,393.0299987792969,393.17999267578125,50073
2026-07-13 14:00:00-04:00,392.760009765625,392.760009765625,393.69000244140625,392.70001220703125,393.1449890136719,129498
2026-07-13 14:02:00-04:00,393.0718994140625,393.0718994140625,393.206298828125,392.7200012207031,392.7699890136719,108997
2026-07-13 14:04:00-04:00,393.6099853515625,393.6099853515625,393.67999267578125,392.9849853515625,393.1000061035156,69763
2026-07-13 14:06:00-04:00,393.3450012207031,393.3450012207031,393.7499084472656,393.2300109863281,393.6099853515625,53302
2026-07-13 14:08:00-04:00,393.31500244140625,393.31500244140625,393.4100036621094,393.1000061035156,393.3450012207031,54409
2026-07-13 14:10:00-04:00,392.9649963378906,392.9649963378906,393.31500244140625,392.5799865722656,393.31500244140625,109427
2026-07-13 14:12:00-04:00,393.0899963378906,393.0899963378906,393.2099914550781,392.8999938964844,392.9649963378906,149177
2026-07-13 14:14:00-04:00,393.20001220703125,393.20001220703125,393.239013671875,392.8999938964844,393.1000061035156,60877
2026-07-13 14:16:00-04:00,393.2550964355469,393.2550964355469,393.5398864746094,393.13018798828125,393.2200012207031,117297
2026-07-13 14:18:00-04:00,393.19000244140625,393.19000244140625,393.3598937988281,392.8299865722656,393.2001037597656,95996
2026-07-13 14:20:00-04:00,393.260009765625,393.260009765625,393.3999938964844,392.9418029785156,393.0899963378906,53626
2026-07-13 14:22:00-04:00,393.2406005859375,393.2406005859375,393.44000244140625,393.0299987792969,393.3399963378906,69586
2026-07-13 14:24:00-04:00,393.5299987792969,393.5299987792969,393.6499938964844,393.05999755859375,393.25,91729
2026-07-13 14:26:00-04:00,393.1300048828125,393.1300048828125,393.57000732421875,393.0710144042969,393.4700012207031,53801
2026-07-13 14:28:00-04:00,392.6191101074219,392.6191101074219,393.2200012207031,392.6099853515625,393.1400146484375,114492
2026-07-13 14:30:00-04:00,393.3699951171875,393.3699951171875,393.4200134277344,392.1700134277344,392.6449890136719,158133
2026-07-13 14:32:00-04:00,393.1000061035156,393.1000061035156,393.489990234375,393.0,393.35870361328125,83143
2026-07-13 14:34:00-04:00,392.80999755859375,392.80999755859375,393.17999267578125,392.6000061035156,393.07000732421875,98828
2026-07-13 14:36:00-04:00,392.9276123046875,392.9276123046875,392.9999084472656,392.5950012207031,392.7550048828125,131623
2026-07-13 14:38:00-04:00,393.0,393.0,393.12548828125,392.54998779296875,392.90008544921875,62901
2026-07-13 14:40:00-04:00,392.8299865722656,392.8299865722656,392.95001220703125,392.67999267578125,392.95001220703125,50016
2026-07-13 14:42:00-04:00,392.80499267578125,392.80499267578125,393.0,392.5799865722656,392.8052978515625,110931
2026-07-13 14:44:00-04:00,392.760009765625,392.760009765625,392.95989990234375,392.6300048828125,392.7950134277344,54409
2026-07-13 14:46:00-04:00,392.8349914550781,392.8349914550781,392.9800109863281,392.75,392.75,36743
2026-07-13 14:48:00-04:00,393.1899108886719,393.1899108886719,393.25,392.79998779296875,392.80999755859375,70957
2026-07-13 14:50:00-04:00,393.010009765625,393.010009765625,393.19000244140625,392.8299865722656,393.17498779296875,77624
2026-07-13 14:52:00-04:00,393.0450134277344,393.0450134277344,393.2099914550781,392.8699951171875,393.0050048828125,56194
2026-07-13 14:54:00-04:00,392.57000732421875,392.57000732421875,393.25,392.57000732421875,393.04998779296875,86454
2026-07-13 14:56:00-04:00,392.4798889160156,392.4798889160156,392.6698913574219,392.2699890136719,392.59381103515625,105883
2026-07-13 14:58:00-04:00,392.5150146484375,392.5150146484375,392.5414123535156,392.29998779296875,392.4800109863281,82545
2026-07-13 15:00:00-04:00,392.7699890136719,392.7699890136719,392.8299865722656,392.1300048828125,392.5400085449219,108870
2026-07-13 15:02:00-04:00,392.5400085449219,392.5400085449219,392.9700012207031,392.4700012207031,392.79998779296875,108354
2026-07-13 15:04:00-04:00,392.6000061035156,392.6000061035156,392.69000244140625,392.4800109863281,392.5400085449219,43019
2026-07-13 15:06:00-04:00,392.3500061035156,392.3500061035156,392.6499938964844,392.07000732421875,392.57000732421875,133592
2026-07-13 15:08:00-04:00,392.1199951171875,392.1199951171875,392.3999938964844,392.07000732421875,392.32000732421875,77521
2026-07-13 15:10:00-04:00,391.7200012207031,391.7200012207031,392.2699890136719,391.6499938964844,392.114990234375,224705
2026-07-13 15:12:00-04:00,391.9599914550781,391.9599914550781,391.9798889160156,391.5299987792969,391.68499755859375,155545
2026-07-13 15:14:00-04:00,391.94989013671875,391.94989013671875,392.2200012207031,391.8800048828125,391.96990966796875,115747
2026-07-13 15:16:00-04:00,392.29998779296875,392.29998779296875,392.3999938964844,391.8699951171875,391.9150085449219,114931
2026-07-13 15:18:00-04:00,392.010009765625,392.010009765625,392.2799987792969,391.95001220703125,392.260009765625,80124
2026-07-13 15:20:00-04:00,391.8699951171875,391.8699951171875,392.0799865722656,391.74798583984375,392.0450134277344,120973
2026-07-13 15:22:00-04:00,391.54998779296875,391.54998779296875,391.8999938964844,391.3700866699219,391.875,149564
2026-07-13 15:24:00-04:00,391.8381042480469,391.8381042480469,391.9798889160156,391.54998779296875,391.54998779296875,205328
2026-07-13 15:26:00-04:00,391.8399963378906,391.8399963378906,392.06988525390625,391.80999755859375,391.8302001953125,102935
2026-07-13 15:28:00-04:00,392.04998779296875,392.04998779296875,392.1799011230469,391.6700134277344,391.8399963378906,115343
2026-07-13 15:30:00-04:00,392.260009765625,392.260009765625,392.3299865722656,392.0,392.04998779296875,122703
2026-07-13 15:32:00-04:00,392.32000732421875,392.32000732421875,392.6499938964844,392.20001220703125,392.260009765625,126448
2026-07-13 15:34:00-04:00,392.17999267578125,392.17999267578125,392.4198913574219,392.1000061035156,392.3500061035156,103458
2026-07-13 15:36:00-04:00,392.17999267578125,392.17999267578125,392.4599914550781,392.1199951171875,392.19000244140625,87853
2026-07-13 15:38:00-04:00,392.05999755859375,392.05999755859375,392.2698974609375,391.989990234375,392.17999267578125,104328
2026-07-13 15:40:00-04:00,392.3525085449219,392.3525085449219,392.45001220703125,391.94000244140625,392.05999755859375,94456
2026-07-13 15:42:00-04:00,392.7699890136719,392.7699890136719,392.80999755859375,392.75,392.7799987792969,181119
2026-07-13 15:44:00-04:00,392.7900085449219,392.7900085449219,392.9399108886719,392.6099853515625,392.7900085449219,194384
2026-07-13 15:46:00-04:00,392.51458740234375,392.51458740234375,392.7900085449219,392.45001220703125,392.7898864746094,147192
2026-07-13 15:48:00-04:00,393.0400085449219,393.0400085449219,393.17999267578125,392.45001220703125,392.510009765625,208062
2026-07-13 15:50:00-04:00,393.8299865722656,393.8299865722656,393.9200134277344,393.0199890136719,393.0400085449219,297933
2026-07-13 15:52:00-04:00,393.2699890136719,393.2699890136719,393.8399963378906,393.2200012207031,393.80999755859375,251095
2026-07-13 15:54:00-04:00,394.20001220703125,394.20001220703125,394.57000732421875,393.1300048828125,393.260009765625,376357
2026-07-13 15:56:00-04:00,394.54998779296875,394.54998779296875,394.6600036621094,394.07000732421875,394.2554931640625,354146
2026-07-13 15:58:00-04:00,394.75,394.75,394.95001220703125,394.4700012207031,394.5400085449219,696853
2026-07-14 09:30:00-04:00,398.3349914550781,398.3349914550781,400.82000732421875,397.17999267578125,399.1000061035156,1327904
2026-07-14 09:32:00-04:00,397.73638916015625,397.73638916015625,398.7398986816406,397.110107421875,398.32501220703125,261073
2026-07-14 09:34:00-04:00,397.5899963378906,397.5899963378906,397.89990234375,396.70001220703125,397.75,211481
2026-07-14 09:36:00-04:00,398.0400085449219,398.0400085449219,398.4613037109375,396.3299865722656,397.6499938964844,243585
2026-07-14 09:38:00-04:00,399.0450134277344,399.0450134277344,399.2699890136719,397.8700866699219,398.0249938964844,256738
2026-07-14 09:40:00-04:00,398.9100036621094,398.9100036621094,399.54998779296875,398.6000061035156,399.0450134277344,258515
2026-07-14 09:42:00-04:00,397.90008544921875,397.90008544921875,399.7900085449219,397.7300109863281,398.93780517578125,230022
2026-07-14 09:44:00-04:00,397.79998779296875,397.79998779296875,398.30999755859375,396.80999755859375,397.9450988769531,200263
2026-07-14 09:46:00-04:00,395.6700134277344,395.6700134277344,398.0498962402344,395.2019958496094,397.9049987792969,277113
2026-07-14 09:48:00-04:00,397.5350036621094,397.5350036621094,397.57000732421875,395.6700134277344,395.7699890136719,202269
2026-07-14 09:50:00-04:00,397.8399963378906,397.8399963378906,398.6000061035156,397.3999938964844,397.54998779296875,184326
2026-07-14 09:52:00-04:00,399.0799865722656,399.0799865722656,399.20001220703125,397.42010498046875,397.7200012207031,188279
2026-07-14 09:54:00-04:00,398.0899963378906,398.0899963378906,399.20001220703125,397.7550048828125,399.0799865722656,152737
2026-07-14 09:56:00-04:00,398.7674865722656,398.7674865722656,398.94000244140625,398.05999755859375,398.19000244140625,137628
2026-07-14 09:58:00-04:00,398.30999755859375,398.30999755859375,398.989990234375,398.17999267578125,398.69000244140625,109247
2026-07-14 10:00:00-04:00,398.15008544921875,398.15008544921875,399.0,398.1099853515625,398.3699951171875,160312
2026-07-14 10:02:00-04:00,398.31500244140625,398.31500244140625,398.70001220703125,397.80999755859375,398.1700134277344,121413
2026-07-14 10:04:00-04:00,398.2868957519531,398.2868957519531,398.44000244140625,397.67999267578125,398.32000732421875,85906
2026-07-14 10:06:00-04:00,398.9049987792969,398.9049987792969,399.2799987792969,398.17010498046875,398.2699890136719,192793
2026-07-14 10:08:00-04:00,398.75,398.75,398.9985046386719,398.29180908203125,398.7699890136719,94006
2026-07-14 10:10:00-04:00,398.3949890136719,398.3949890136719,398.9198913574219,397.79998779296875,398.6700134277344,135872
2026-07-14 10:12:00-04:00,398.9200134277344,398.9200134277344,399.20001220703125,398.340087890625,398.340087890625,131010
2026-07-14 10:14:00-04:00,398.5400085449219,398.5400085449219,399.19000244140625,398.5400085449219,398.9150085449219,131204
2026-07-14 10:16:00-04:00,397.489990234375,397.489990234375,398.6000061035156,397.3999938964844,398.56988525390625,195892
2026-07-14 10:18:00-04:00,398.2099914550781,398.2099914550781,398.8599853515625,397.2099914550781,397.5400085449219,145586
2026-07-14 10:20:00-04:00,399.1700134277344,399.1700134277344,399.1700134277344,398.2850036621094,398.2850036621094,132209
2026-07-14 10:22:00-04:00,398.5459899902344,398.5459899902344,399.29998779296875,398.42999267578125,399.0799865722656,139119
2026-07-14 10:24:00-04:00,398.7749938964844,398.7749938964844,398.8399963378906,398.1199951171875,398.5150146484375,109817
2026-07-14 10:26:00-04:00,397.8900146484375,397.8900146484375,398.7749938964844,397.7099914550781,398.7749938964844,130259
2026-07-14 10:28:00-04:00,397.5118103027344,397.5118103027344,397.95001220703125,397.29998779296875,397.8742980957031,107719
2026-07-14 10:30:00-04:00,397.1517028808594,397.1517028808594,397.8399963378906,396.70001220703125,397.57000732421875,139623
2026-07-14 10:32:00-04:00,397.9150085449219,397.9150085449219,398.21990966796875,397.0400085449219,397.0799865722656,142503
2026-07-14 10:34:00-04:00,398.83990478515625,398.83990478515625,399.510009765625,397.55999755859375,397.9299011230469,298856
2026-07-14 10:36:00-04:00,397.94500732421875,397.94500732421875,398.97198486328125,397.8299865722656,398.8599853515625,123939
2026-07-14 10:38:00-04:00,398.18499755859375,398.18499755859375,398.32000732421875,397.7300109863281,397.9476013183594,79042
2026-07-14 10:40:00-04:00,397.625,397.625,398.7099914550781,397.5799865722656,398.18499755859375,86601
2026-07-14 10:42:00-04:00,397.44000244140625,397.44000244140625,398.0299987792969,397.3900146484375,397.760009765625,77553
2026-07-14 10:44:00-04:00,397.8949890136719,397.8949890136719,397.989990234375,397.4100036621094,397.4700012207031,49289
2026-07-14 10:46:00-04:00,397.0098876953125,397.0098876953125,397.89849853515625,396.94000244140625,397.82000732421875,91156
2026-07-14 10:48:00-04:00,397.0801086425781,397.0801086425781,397.6000061035156,396.7799987792969,397.0400085449219,79358
2026-07-14 10:50:00-04:00,398.01141357421875,398.01141357421875,398.07000732421875,396.92999267578125,397.1499938964844,109739
2026-07-14 10:52:00-04:00,398.60009765625,398.60009765625,398.7300109863281,397.8575134277344,398.04901123046875,115109
2026-07-14 10:54:00-04:00,398.7049865722656,398.7049865722656,398.92999267578125,398.3900146484375,398.65008544921875,103502
2026-07-14 10:56:00-04:00,399.1650085449219,399.1650085449219,399.20001220703125,398.6203918457031,398.7049865722656,119674
2026-07-14 10:58:00-04:00,398.9599914550781,398.9599914550781,399.239990234375,398.75,399.1650085449219,91700
2026-07-14 11:00:00-04:00,398.5299072265625,398.5299072265625,399.19989013671875,398.3999938964844,399.0,81188
2026-07-14 11:02:00-04:00,398.2135925292969,398.2135925292969,398.59991455078125,398.1099853515625,398.4847106933594,63300
2026-07-14 11:04:00-04:00,398.68499755859375,398.68499755859375,399.34991455078125,398.1000061035156,398.239990234375,131497
2026-07-14 11:06:00-04:00,399.05999755859375,399.05999755859375,399.17999267578125,398.29998779296875,398.6000061035156,87382
2026-07-14 11:08:00-04:00,400.5350036621094,400.5350036621094,400.59991455078125,399.0299987792969,399.05999755859375,353032
2026-07-14 11:10:00-04:00,400.5,400.5,402.2200012207031,400.30999755859375,400.5350036621094,393010
2026-07-14 11:12:00-04:00,400.7200012207031,400.7200012207031,400.7499084472656,399.9200134277344,400.5198974609375,135823
2026-07-14 11:14:00-04:00,400.4580993652344,400.4580993652344,400.82000732421875,400.29998779296875,400.7099914550781,97828
2026-07-14 11:16:00-04:00,400.69500732421875,400.69500732421875,400.8599853515625,400.25,400.44500732421875,96214
2026-07-14 11:18:00-04:00,399.6000061035156,399.6000061035156,400.7099914550781,399.6000061035156,400.69000244140625,118071
2026-07-14 11:20:00-04:00,399.3080139160156,399.3080139160156,399.6000061035156,398.7099914550781,399.6000061035156,151535
2026-07-14 11:22:00-04:00,399.05999755859375,399.05999755859375,399.4599914550781,398.7099914550781,399.30999755859375,105643
2026-07-14 11:24:00-04:00,398.9200134277344,398.9200134277344,399.1698913574219,398.82000732421875,399.05999755859375,65422
2026-07-14 11:26:00-04:00,399.32000732421875,399.32000732421875,399.42950439453125,398.8999938964844,398.9200134277344,87820
2026-07-14 11:28:00-04:00,399.7099914550781,399.7099914550781,399.78948974609375,399.1304931640625,399.2950134277344,102571
2026-07-14 11:30:00-04:00,399.5199890136719,399.5199890136719,399.8500061035156,399.0400085449219,399.76611328125,85712
2026-07-14 11:32:00-04:00,398.9100036621094,398.9100036621094,399.6099853515625,398.80999755859375,399.56500244140625,82103
2026-07-14 11:34:00-04:00,398.465087890625,398.465087890625,398.9599914550781,397.8999938964844,398.9100036621094,173995
2026-07-14 11:36:00-04:00,397.8800048828125,397.8800048828125,398.5899963378906,397.8800048828125,398.4750061035156,90372
2026-07-14 11:38:00-04:00,398.1400146484375,398.1400146484375,398.25,397.6600036621094,397.8800048828125,128209
2026-07-14 11:40:00-04:00,397.7799987792969,397.7799987792969,398.239990234375,397.3599853515625,398.1400146484375,119427
2026-07-14 11:42:00-04:00,397.1549987792969,397.1549987792969,397.8299865722656,396.94000244140625,397.7300109863281,214633
2026-07-14 11:44:00-04:00,397.5799865722656,397.5799865722656,397.69000244140625,397.0799865722656,397.1499938964844,156023
2026-07-14 11:46:00-04:00,397.82000732421875,397.82000732421875,397.9599914550781,397.239990234375,397.5299987792969,99353
2026-07-14 11:48:00-04:00,397.3699951171875,397.3699951171875,397.9800109863281,397.29998779296875,397.7699890136719,69798
2026-07-14 11:50:00-04:00,396.8599853515625,396.8599853515625,397.54998779296875,396.80999755859375,397.3699951171875,90882
2026-07-14 11:52:00-04:00,396.6199951171875,396.6199951171875,396.8999938964844,396.20001220703125,396.8599853515625,142007
2026-07-14 11:54:00-04:00,396.20001220703125,396.20001220703125,396.614013671875,395.760009765625,396.5799865722656,157511
2026-07-14 11:56:00-04:00,396.2699890136719,396.2699890136719,396.4800109863281,396.1099853515625,396.19500732421875,90125
2026-07-14 11:58:00-04:00,396.6199951171875,396.6199951171875,396.6698913574219,396.1600036621094,396.2550048828125,78020
2026-07-14 12:00:00-04:00,395.8550109863281,395.8550109863281,396.70001220703125,395.79998779296875,396.6138916015625,115604
2026-07-14 12:02:00-04:00,396.0899963378906,396.0899963378906,396.1499938964844,395.7401123046875,395.8684997558594,72207
2026-07-14 12:04:00-04:00,396.3699951171875,396.3699951171875,396.3999938964844,395.8500061035156,396.010009765625,89325
2026-07-14 12:06:00-04:00,396.2950134277344,396.2950134277344,396.75,396.2099914550781,396.32501220703125,103836
2026-07-14 12:08:00-04:00,396.5199890136719,396.5199890136719,396.7099914550781,396.2200927734375,396.2950134277344,51268
2026-07-14 12:10:00-04:00,396.1000061035156,396.1000061035156,396.6499938964844,395.9200134277344,396.5,99750
2026-07-14 12:12:00-04:00,396.3299865722656,396.3299865722656,396.6000061035156,395.9700012207031,396.14990234375,55457
2026-07-14 12:14:00-04:00,395.9700012207031,395.9700012207031,396.4200134277344,395.6405944824219,396.30999755859375,90040
2026-07-14 12:16:00-04:00,396.1400146484375,396.1400146484375,396.2799987792969,395.94000244140625,395.9700927734375,65160
2026-07-14 12:18:00-04:00,396.5150146484375,396.5150146484375,396.5799865722656,396.1400146484375,396.1400146484375,63000
2026-07-14 12:20:00-04:00,396.3550109863281,396.3550109863281,396.8599853515625,396.1000061035156,396.50390625,91944
2026-07-14 12:22:00-04:00,396.04998779296875,396.04998779296875,396.4100036621094,395.8699951171875,396.3699951171875,73053
2026-07-14 12:24:00-04:00,396.4549865722656,396.4549865722656,396.57000732421875,395.9700012207031,396.0299987792969,64504
2026-07-14 12:26:00-04:00,396.42999267578125,396.42999267578125,396.5799865722656,396.20001220703125,396.45001220703125,45728
2026-07-14 12:28:00-04:00,396.4956970214844,396.4956970214844,396.6199951171875,396.3500061035156,396.4800109863281,51113
2026-07-14 12:30:00-04:00,397.30499267578125,397.30499267578125,397.510009765625,396.5,396.5232849121094,136068
2026-07-14 12:32:00-04:00,397.1199951171875,397.1199951171875,397.3168029785156,396.9100036621094,397.3055114746094,52204
2026-07-14 12:34:00-04:00,397.8500061035156,397.8500061035156,397.8699951171875,397.0899963378906,397.1300048828125,75780
2026-07-14 12:36:00-04:00,397.8905029296875,397.8905029296875,398.1700134277344,397.79998779296875,397.8999938964844,110547
2026-07-14 12:38:00-04:00,397.80999755859375,397.80999755859375,397.8999938964844,397.5,397.8900146484375,105075
2026-07-14 12:40:00-04:00,397.67498779296875,397.67498779296875,397.8799133300781,397.5299987792969,397.79998779296875,110080
2026-07-14 12:42:00-04:00,397.56500244140625,397.56500244140625,397.6200866699219,397.2250061035156,397.6200866699219,33784
2026-07-14 12:44:00-04:00,397.3399963378906,397.3399963378906,397.79998779296875,397.2799987792969,397.57000732421875,43305
2026-07-14 12:46:00-04:00,396.6650085449219,396.6650085449219,397.3999938964844,396.6499938964844,397.3550109863281,73528
2026-07-14 12:48:00-04:00,396.7598876953125,396.7598876953125,396.8500061035156,396.3599853515625,396.6650085449219,71405
2026-07-14 12:50:00-04:00,396.80999755859375,396.80999755859375,396.96990966796875,396.5799865722656,396.6415100097656,72456
2026-07-14 12:52:00-04:00,396.510009765625,396.510009765625,396.82501220703125,396.17999267578125,396.7799987792969,70749
2026-07-14 12:54:00-04:00,396.43499755859375,396.43499755859375,396.5400085449219,396.20001220703125,396.4849853515625,42684
2026-07-14 12:56:00-04:00,396.1099853515625,396.1099853515625,396.5400085449219,395.8999938964844,396.4800109863281,70981
2026-07-14 12:58:00-04:00,395.4750061035156,395.4750061035156,396.1700134277344,395.3999938964844,396.1401062011719,99681
2026-07-14 13:00:00-04:00,395.8299865722656,395.8299865722656,395.8800048828125,395.29998779296875,395.4750061035156,84114
2026-07-14 13:02:00-04:00,395.8349914550781,395.8349914550781,396.1698913574219,395.6400146484375,395.8800048828125,57756
2026-07-14 13:04:00-04:00,395.6600036621094,395.6600036621094,395.95001220703125,395.54998779296875,395.8299865722656,52519
2026-07-14 13:06:00-04:00,395.5450134277344,395.5450134277344,395.7900085449219,395.45001220703125,395.71990966796875,49252
2026-07-14 13:08:00-04:00,395.4750061035156,395.4750061035156,395.6099853515625,395.2200012207031,395.6099853515625,57963
2026-07-14 13:10:00-04:00,395.6099853515625,395.6099853515625,395.8599853515625,395.4200134277344,395.5,68290
2026-07-14 13:12:00-04:00,395.44989013671875,395.44989013671875,395.67999267578125,395.2510070800781,395.67999267578125,59437
2026-07-14 13:14:00-04:00,395.07501220703125,395.07501220703125,395.45001220703125,394.760009765625,395.360107421875,158097
2026-07-14 13:16:00-04:00,395.1600036621094,395.1600036621094,395.4049987792969,395.0199890136719,395.0199890136719,58757
2026-07-14 13:18:00-04:00,395.4700012207031,395.4700012207031,395.5,395.0716857910156,395.1549987792969,49773
2026-07-14 13:20:00-04:00,395.6000061035156,395.6000061035156,395.7699890136719,395.3299865722656,395.4574890136719,83701
2026-07-14 13:22:00-04:00,395.7900085449219,395.7900085449219,395.9800109863281,395.5,395.5950012207031,65715
2026-07-14 13:24:00-04:00,395.57000732421875,395.57000732421875,395.8699951171875,395.4800109863281,395.80999755859375,44940
2026-07-14 13:26:00-04:00,395.6199951171875,395.6199951171875,395.6700134277344,395.4700927734375,395.57501220703125,32333
2026-07-14 13:28:00-04:00,395.3349914550781,395.3349914550781,395.6400146484375,395.3349914550781,395.5799865722656,48500
2026-07-14 13:30:00-04:00,395.2349853515625,395.2349853515625,395.4599914550781,395.1300048828125,395.3349914550781,58976
2026-07-14 13:32:00-04:00,394.9700012207031,394.9700012207031,395.3599853515625,394.94000244140625,395.239990234375,66032
2026-07-14 13:34:00-04:00,395.5450134277344,395.5450134277344,395.5899963378906,394.92999267578125,394.9800109863281,68605
2026-07-14 13:36:00-04:00,395.2705078125,395.2705078125,395.6199951171875,395.20001220703125,395.5450134277344,36790
2026-07-14 13:38:00-04:00,395.3900146484375,395.3900146484375,395.5,395.20001220703125,395.3399963378906,30308
2026-07-14 13:40:00-04:00,395.4649963378906,395.4649963378906,395.6189880371094,395.3500061035156,395.42999267578125,38474
2026-07-14 13:42:00-04:00,395.3900146484375,395.3900146484375,395.55999755859375,395.260009765625,395.489990234375,40579
2026-07-14 13:44:00-04:00,395.3399963378906,395.3399963378906,395.4928894042969,395.0972900390625,395.3301086425781,37616
2026-07-14 13:46:00-04:00,395.4100036621094,395.4100036621094,395.45001220703125,394.9200134277344,395.2673034667969,79473
2026-07-14 13:48:00-04:00,395.67498779296875,395.67498779296875,395.9595031738281,395.3399963378906,395.4100036621094,87557
2026-07-14 13:50:00-04:00,395.989990234375,395.989990234375,396.1000061035156,395.6400146484375,395.67999267578125,58540
2026-07-14 13:52:00-04:00,395.7900085449219,395.7900085449219,396.0799865722656,395.7001037597656,396.07989501953125,50465
2026-07-14 13:54:00-04:00,396.0299987792969,396.0299987792969,396.1698913574219,395.864990234375,395.864990234375,50242
2026-07-14 13:56:00-04:00,395.8900146484375,395.8900146484375,396.0797119140625,395.6419982910156,396.0299987792969,46145
2026-07-14 13:58:00-04:00,395.7799987792969,395.7799987792969,395.9599914550781,395.6199951171875,395.85009765625,60619
2026-07-14 14:00:00-04:00,395.7950134277344,395.7950134277344,395.989990234375,395.42999267578125,395.7799987792969,56251
2026-07-14 14:02:00-04:00,396.3399963378906,396.3399963378906,396.70001220703125,395.739990234375,395.739990234375,166421
2026-07-14 14:04:00-04:00,396.4750061035156,396.4750061035156,396.7384948730469,396.29998779296875,396.3399963378906,71496
2026-07-14 14:06:00-04:00,396.5,396.5,396.8299865722656,396.3984069824219,396.4715881347656,63691
2026-07-14 14:08:00-04:00,396.38970947265625,396.38970947265625,396.5299987792969,396.239990234375,396.4599914550781,44774
2026-07-14 14:10:00-04:00,396.3599853515625,396.3599853515625,396.6799011230469,396.3299865722656,396.3800048828125,47231
2026-07-14 14:12:00-04:00,395.9599914550781,395.9599914550781,396.44000244140625,395.952392578125,396.3699951171875,70322
2026-07-14 14:14:00-04:00,396.1499938964844,396.1499938964844,396.2699890136719,395.95001220703125,396.01849365234375,58296
2026-07-14 14:16:00-04:00,396.4700012207031,396.4700012207031,396.5,396.0400085449219,396.1099853515625,54557
2026-07-14 14:18:00-04:00,396.42999267578125,396.42999267578125,396.5199890136719,396.30999755859375,396.3399963378906,34958
2026-07-14 14:20:00-04:00,396.4700012207031,396.4700012207031,396.54998779296875,396.2900085449219,396.4599914550781,40019
2026-07-14 14:22:00-04:00,396.2674865722656,396.2674865722656,396.4800109863281,396.20001220703125,396.4794921875,42694
2026-07-14 14:24:00-04:00,396.4800109863281,396.4800109863281,396.55999755859375,396.1700134277344,396.2799987792969,50129
2026-07-14 14:26:00-04:00,396.8450012207031,396.8450012207031,396.9200134277344,396.4800109863281,396.5249938964844,77700
2026-07-14 14:28:00-04:00,396.4150085449219,396.4150085449219,396.8900146484375,396.30999755859375,396.8399963378906,69377
2026-07-14 14:30:00-04:00,396.42498779296875,396.42498779296875,396.4599914550781,396.1200866699219,396.4150085449219,58575
2026-07-14 14:32:00-04:00,396.510009765625,396.510009765625,396.5400085449219,396.20001220703125,396.3699951171875,32247
2026-07-14 14:34:00-04:00,396.69000244140625,396.69000244140625,396.75,396.2893981933594,396.4800109863281,47957
2026-07-14 14:36:00-04:00,396.44000244140625,396.44000244140625,396.7200012207031,396.05999755859375,396.6700134277344,44862
2026-07-14 14:38:00-04:00,396.1600036621094,396.1600036621094,396.489990234375,396.1099853515625,396.489990234375,39609
2026-07-14 14:40:00-04:00,395.57000732421875,395.57000732421875,396.21881103515625,395.4100036621094,396.17999267578125,104388
2026-07-14 14:42:00-04:00,395.65509033203125,395.65509033203125,395.79998779296875,395.489990234375,395.6000061035156,63235
2026-07-14 14:44:00-04:00,395.8800048828125,395.8800048828125,395.9700012207031,395.63018798828125,395.63018798828125,65608
2026-07-14 14:46:00-04:00,395.989990234375,395.989990234375,396.20001220703125,395.8450012207031,395.8599853515625,62334
2026-07-14 14:48:00-04:00,396.02081298828125,396.02081298828125,396.2699890136719,395.8581848144531,395.989990234375,56158
2026-07-14 14:50:00-04:00,396.30999755859375,396.30999755859375,396.45001220703125,395.8699951171875,396.1199951171875,55662
2026-07-14 14:52:00-04:00,396.6099853515625,396.6099853515625,396.6700134277344,396.2699890136719,396.3599853515625,48215
2026-07-14 14:54:00-04:00,396.7701110839844,396.7701110839844,397.04998779296875,396.55010986328125,396.6099853515625,96521
2026-07-14 14:56:00-04:00,396.7106018066406,396.7106018066406,396.9700012207031,396.6300048828125,396.9100036621094,82327
2026-07-14 14:58:00-04:00,396.69000244140625,396.69000244140625,396.79998779296875,396.5799865722656,396.7349853515625,54208
2026-07-14 15:00:00-04:00,396.864990234375,396.864990234375,397.0,396.5299987792969,396.69049072265625,64902
2026-07-14 15:02:00-04:00,396.7799987792969,396.7799987792969,396.9700012207031,396.75,396.8699951171875,53712
2026-07-14 15:04:00-04:00,396.8599853515625,396.8599853515625,396.89990234375,396.65130615234375,396.79998779296875,47751
2026-07-14 15:06:00-04:00,397.1000061035156,397.1000061035156,397.3299865722656,396.7799987792969,396.82000732421875,99011
2026-07-14 15:08:00-04:00,396.8349914550781,396.8349914550781,397.1499938964844,396.8349914550781,397.0849914550781,40979
2026-07-14 15:10:00-04:00,396.81500244140625,396.81500244140625,397.0299987792969,396.739990234375,396.8349914550781,42844
2026-07-14 15:12:00-04:00,396.989990234375,396.989990234375,397.2300109863281,396.81500244140625,396.8599853515625,82387
2026-07-14 15:14:00-04:00,396.80499267578125,396.80499267578125,397.0400085449219,396.7698059082031,396.989990234375,41595
2026-07-14 15:16:00-04:00,396.95001220703125,396.95001220703125,396.9800109863281,396.69000244140625,396.79998779296875,45965
2026-07-14 15:18:00-04:00,396.5101013183594,396.5101013183594,397.0,396.2799987792969,396.94500732421875,73355
2026-07-14 15:20:00-04:00,396.6099853515625,396.6099853515625,396.8699951171875,396.4800109863281,396.5249938964844,66719
2026-07-14 15:22:00-04:00,397.0,397.0,397.1300048828125,396.6099853515625,396.6099853515625,49013
2026-07-14 15:24:00-04:00,396.8598937988281,396.8598937988281,397.1000061035156,396.79998779296875,396.989990234375,44668
2026-07-14 15:26:00-04:00,397.1199951171875,397.1199951171875,397.2900085449219,396.79998779296875,396.8301086425781,91627
2026-07-14 15:28:00-04:00,396.6000061035156,396.6000061035156,397.1499938964844,396.57000732421875,397.1499938964844,75113
2026-07-14 15:30:00-04:00,396.0799865722656,396.0799865722656,396.6400146484375,395.92010498046875,396.6319885253906,103495
2026-07-14 15:32:00-04:00,396.17999267578125,396.17999267578125,396.25,395.8999938964844,396.07000732421875,66346
2026-07-14 15:34:00-04:00,395.92999267578125,395.92999267578125,396.30999755859375,395.9100036621094,396.20001220703125,66810
2026-07-14 15:36:00-04:00,395.6600036621094,395.6600036621094,396.0799865722656,395.42999267578125,395.94000244140625,76299
2026-07-14 15:38:00-04:00,395.4750061035156,395.4750061035156,395.79998779296875,395.239990234375,395.6600036621094,96111
2026-07-14 15:40:00-04:00,395.54998779296875,395.54998779296875,395.7799987792969,395.4049987792969,395.42999267578125,66740
2026-07-14 15:42:00-04:00,396.0400085449219,396.0400085449219,396.1199951171875,395.510009765625,395.510009765625,71438
2026-07-14 15:44:00-04:00,395.95001220703125,395.95001220703125,396.1700134277344,395.9100036621094,396.0899963378906,53496
2026-07-14 15:46:00-04:00,396.0899963378906,396.0899963378906,396.239990234375,395.94500732421875,395.9664001464844,71829
2026-07-14 15:48:00-04:00,396.3299865722656,396.3299865722656,396.42999267578125,396.07000732421875,396.1199951171875,68673
2026-07-14 15:50:00-04:00,396.67999267578125,396.67999267578125,397.09820556640625,396.30999755859375,396.3399963378906,171530
2026-07-14 15:52:00-04:00,396.7145080566406,396.7145080566406,396.9200134277344,396.3299865722656,396.67999267578125,115230
2026-07-14 15:54:00-04:00,396.6099853515625,396.6099853515625,396.9100036621094,395.9700012207031,396.69000244140625,156977
2026-07-14 15:56:00-04:00,396.5899963378906,396.5899963378906,396.6600036621094,396.2099914550781,396.6199951171875,161296
2026-07-14 15:58:00-04:00,396.05999755859375,396.05999755859375,396.6535949707031,396.05999755859375,396.6199951171875,488029
2026-07-15 09:30:00-04:00,401.7004089355469,401.7004089355469,402.010009765625,400.4800109863281,401.1899108886719,1244872
2026-07-15 09:32:00-04:00,403.9552917480469,403.9552917480469,404.9200134277344,401.45001220703125,401.6199951171875,622415
2026-07-15 09:34:00-04:00,404.7799987792969,404.7799987792969,405.3900146484375,403.3399963378906,403.8699951171875,786931
2026-07-15 09:36:00-04:00,404.7084045410156,404.7084045410156,406.5895080566406,403.739990234375,404.44000244140625,537394
2026-07-15 09:38:00-04:00,404.260009765625,404.260009765625,405.3999938964844,403.70001220703125,404.57000732421875,379932
2026-07-15 09:40:00-04:00,404.1449890136719,404.1449890136719,404.79998779296875,403.6300048828125,404.22119140625,350799
2026-07-15 09:42:00-04:00,403.158203125,403.158203125,404.45001220703125,402.6300048828125,404.04998779296875,407222
2026-07-15 09:44:00-04:00,401.6852111816406,401.6852111816406,403.29998779296875,401.6199951171875,403.1099853515625,306203
2026-07-15 09:46:00-04:00,400.9601135253906,400.9601135253906,402.6499938964844,400.75,401.7300109863281,316292
2026-07-15 09:48:00-04:00,400.5299072265625,400.5299072265625,401.0,400.1000061035156,400.93499755859375,247079
2026-07-15 09:50:00-04:00,397.74700927734375,397.74700927734375,400.5400085449219,397.44000244140625,400.5299987792969,453146
2026-07-15 09:52:00-04:00,398.6650085449219,398.6650085449219,398.8963928222656,397.5199890136719,397.7799987792969,327578
2026-07-15 09:54:00-04:00,398.32501220703125,398.32501220703125,399.239990234375,397.8599853515625,398.6300048828125,251896
2026-07-15 09:56:00-04:00,397.8949890136719,397.8949890136719,398.7099914550781,397.6700134277344,398.32501220703125,193002
2026-07-15 09:58:00-04:00,398.6000061035156,398.6000061035156,398.8500061035156,397.8109130859375,397.885009765625,178693
2026-07-15 10:00:00-04:00,398.010009765625,398.010009765625,399.239990234375,397.8800048828125,398.5899963378906,251047
2026-07-15 10:02:00-04:00,398.8550109863281,398.8550109863281,399.20001220703125,397.79998779296875,397.9501037597656,194629
2026-07-15 10:04:00-04:00,399.1700134277344,399.1700134277344,399.4700012207031,398.53289794921875,398.80999755859375,168533
2026-07-15 10:06:00-04:00,399.9800109863281,399.9800109863281,400.3800048828125,398.82000732421875,399.2398986816406,277898
2026-07-15 10:08:00-04:00,399.9800109863281,399.9800109863281,400.30999755859375,399.5799865722656,399.94000244140625,137466
2026-07-15 10:10:00-04:00,399.8500061035156,399.8500061035156,400.3699951171875,399.3299865722656,399.92498779296875,135354
2026-07-15 10:12:00-04:00,399.28070068359375,399.28070068359375,400.3599853515625,398.8999938964844,399.8399963378906,143857
2026-07-15 10:14:00-04:00,398.04998779296875,398.04998779296875,399.5799865722656,397.2099914550781,399.2550048828125,287901
2026-07-15 10:16:00-04:00,397.1400146484375,397.1400146484375,398.1899108886719,396.5799865722656,398.0450134277344,242055
2026-07-15 10:18:00-04:00,397.2200012207031,397.2200012207031,397.7699890136719,396.8699951171875,397.1400146484375,147502
2026-07-15 10:20:00-04:00,396.9100036621094,396.9100036621094,397.389892578125,396.010009765625,397.3500061035156,199508
2026-07-15 10:22:00-04:00,395.04998779296875,395.04998779296875,397.010009765625,394.8214111328125,396.8949890136719,317422
2026-07-15 10:24:00-04:00,394.125,394.125,395.2799072265625,393.8399963378906,395.0799865722656,294144
2026-07-15 10:26:00-04:00,395.2720031738281,395.2720031738281,395.510009765625,393.2359924316406,394.2099914550781,358789
2026-07-15 10:28:00-04:00,397.6499938964844,397.6499938964844,397.7200012207031,395.0199890136719,395.2550048828125,250663
2026-07-15 10:30:00-04:00,396.42498779296875,396.42498779296875,398.7699890136719,396.2850036621094,397.6199951171875,266711
2026-07-15 10:32:00-04:00,396.5799865722656,396.5799865722656,396.79998779296875,395.510009765625,396.42498779296875,173106
2026-07-15 10:34:00-04:00,396.19000244140625,396.19000244140625,397.17999267578125,395.85009765625,396.7099914550781,134703
2026-07-15 10:36:00-04:00,395.7099914550781,395.7099914550781,396.3999938964844,395.2200012207031,396.1199951171875,154398
2026-07-15 10:38:00-04:00,396.2677001953125,396.2677001953125,396.7049865722656,395.7200012207031,395.8999938964844,133368
2026-07-15 10:40:00-04:00,396.2950134277344,396.2950134277344,396.5,395.8800048828125,396.2699890136719,100916
2026-07-15 10:42:00-04:00,395.3999938964844,395.3999938964844,396.2900085449219,394.82000732421875,396.2200012207031,193098
2026-07-15 10:44:00-04:00,394.8399963378906,394.8399963378906,395.8800048828125,394.82000732421875,395.4049987792969,110608
2026-07-15 10:46:00-04:00,395.635009765625,395.635009765625,395.69989013671875,394.82501220703125,394.9100036621094,111165
2026-07-15 10:48:00-04:00,395.91009521484375,395.91009521484375,396.239990234375,395.25,395.635009765625,112542
2026-07-15 10:50:00-04:00,395.70001220703125,395.70001220703125,396.20001220703125,395.3788146972656,395.9100036621094,82777
2026-07-15 10:52:00-04:00,395.389892578125,395.389892578125,396.1499938964844,395.22479248046875,395.7200012207031,75081
2026-07-15 10:54:00-04:00,395.2200927734375,395.2200927734375,395.6899108886719,394.8999938964844,395.3450012207031,114120
2026-07-15 10:56:00-04:00,395.7950134277344,395.7950134277344,396.09539794921875,395.07440185546875,395.3699951171875,98057
2026-07-15 10:58:00-04:00,395.989990234375,395.989990234375,396.0469055175781,395.4111022949219,395.7950134277344,61363
2026-07-15 11:00:00-04:00,395.29998779296875,395.29998779296875,396.17999267578125,395.2900085449219,396.0050048828125,109719
2026-07-15 11:02:00-04:00,395.8800048828125,395.8800048828125,396.3299865722656,395.29998779296875,395.3800048828125,110941
2026-07-15 11:04:00-04:00,396.6700134277344,396.6700134277344,396.70001220703125,395.80999755859375,395.8743896484375,102329
2026-07-15 11:06:00-04:00,396.8949890136719,396.8949890136719,396.9993896484375,396.3699951171875,396.5899963378906,115327
2026-07-15 11:08:00-04:00,397.81500244140625,397.81500244140625,397.8399963378906,396.6300048828125,396.9798889160156,153210
2026-07-15 11:10:00-04:00,397.04998779296875,397.04998779296875,397.8699951171875,397.0,397.7726135253906,128695
2026-07-15 11:12:00-04:00,396.7449951171875,396.7449951171875,397.2099914550781,396.45001220703125,397.1000061035156,94320
2026-07-15 11:14:00-04:00,396.19989013671875,396.19989013671875,396.9700012207031,395.8399963378906,396.7449951171875,108691
2026-07-15 11:16:00-04:00,396.7349853515625,396.7349853515625,396.7900085449219,395.6199951171875,396.1000061035156,87388
2026-07-15 11:18:00-04:00,397.489990234375,397.489990234375,397.57000732421875,396.5400085449219,396.67999267578125,95271
2026-07-15 11:20:00-04:00,397.4230041503906,397.4230041503906,397.6499938964844,396.9901123046875,397.510009765625,101829
2026-07-15 11:22:00-04:00,396.2850036621094,396.2850036621094,397.5694885253906,396.2279968261719,397.5,91885
2026-07-15 11:24:00-04:00,396.80999755859375,396.80999755859375,397.2300109863281,396.239990234375,396.2850036621094,101715
2026-07-15 11:26:00-04:00,396.9200134277344,396.9200134277344,397.3999938964844,396.7699890136719,396.9800109863281,85124
2026-07-15 11:28:00-04:00,397.43499755859375,397.43499755859375,397.6000061035156,396.8999938964844,397.0,90809
2026-07-15 11:30:00-04:00,397.0400085449219,397.0400085449219,397.57000732421875,396.7300109863281,397.43499755859375,86466
2026-07-15 11:32:00-04:00,397.3299865722656,397.3299865722656,397.760009765625,397.10009765625,397.17498779296875,95550
2026-07-15 11:34:00-04:00,396.64898681640625,396.64898681640625,397.6000061035156,396.44000244140625,397.31500244140625,90162
2026-07-15 11:36:00-04:00,397.05999755859375,397.05999755859375,397.3900146484375,396.4100036621094,396.54998779296875,87398
2026-07-15 11:38:00-04:00,397.135009765625,397.135009765625,397.29998779296875,396.66009521484375,397.0799865722656,60076
2026-07-15 11:40:00-04:00,397.2900085449219,397.2900085449219,397.36810302734375,396.8999938964844,397.1199951171875,59382
2026-07-15 11:42:00-04:00,396.8699951171875,396.8699951171875,397.44000244140625,396.8699951171875,397.30499267578125,54621
2026-07-15 11:44:00-04:00,395.8570861816406,395.8570861816406,396.8794860839844,395.7699890136719,396.864990234375,105207
2026-07-15 11:46:00-04:00,395.6806945800781,395.6806945800781,396.1600036621094,395.57501220703125,395.8699951171875,100794
2026-07-15 11:48:00-04:00,395.6600036621094,395.6600036621094,395.9898986816406,395.45001220703125,395.5799865722656,52300
2026-07-15 11:50:00-04:00,395.1700134277344,395.1700134277344,395.75,395.1099853515625,395.739990234375,84830
2026-07-15 11:52:00-04:00,395.6300048828125,395.6300048828125,395.6600036621094,395.1300048828125,395.1449890136719,63316
2026-07-15 11:54:00-04:00,395.32000732421875,395.32000732421875,395.71990966796875,395.20001220703125,395.67999267578125,61835
2026-07-15 11:56:00-04:00,395.30999755859375,395.30999755859375,395.5899963378906,395.17999267578125,395.3349914550781,65197
2026-07-15 11:58:00-04:00,395.19610595703125,395.19610595703125,395.5899963378906,395.1700134277344,395.30999755859375,56692
2026-07-15 12:00:00-04:00,394.5899963378906,394.5899963378906,395.7799987792969,394.5,395.1701965332031,146408
2026-07-15 12:02:00-04:00,394.2349853515625,394.2349853515625,394.7900085449219,394.07000732421875,394.5899963378906,116789
2026-07-15 12:04:00-04:00,394.2049865722656,394.2049865722656,394.84991455078125,394.1600036621094,394.260009765625,91766
2026-07-15 12:06:00-04:00,393.7825012207031,393.7825012207031,394.45001220703125,393.7099914550781,394.1499938964844,173894
2026-07-15 12:08:00-04:00,394.5199890136719,394.5199890136719,394.6050109863281,393.6300048828125,393.7799987792969,126117
2026-07-15 12:10:00-04:00,393.8901062011719,393.8901062011719,394.6700134277344,393.840087890625,394.4849853515625,107761
2026-07-15 12:12:00-04:00,393.25,393.25,394.14990234375,393.1499938964844,393.8999938964844,161820
2026-07-15 12:14:00-04:00,393.2394104003906,393.2394104003906,393.30499267578125,392.69000244140625,393.25,203572
2026-07-15 12:16:00-04:00,392.9100036621094,392.9100036621094,393.2699890136719,392.54998779296875,393.2300109863281,151648
2026-07-15 12:18:00-04:00,392.8999938964844,392.8999938964844,393.4700012207031,392.7200012207031,392.9100036621094,103124
2026-07-15 12:20:00-04:00,392.489990234375,392.489990234375,393.0398864746094,392.1600036621094,392.8999938964844,131388
2026-07-15 12:22:00-04:00,392.6050109863281,392.6050109863281,392.80999755859375,392.30999755859375,392.5398864746094,101291
2026-07-15 12:24:00-04:00,392.07000732421875,392.07000732421875,392.5799865722656,391.70001220703125,392.55999755859375,219420
2026-07-15 12:26:00-04:00,391.9200134277344,391.9200134277344,392.43499755859375,391.8500061035156,392.0851135253906,131521
2026-07-15 12:28:00-04:00,392.67999267578125,392.67999267578125,392.7099914550781,391.8599853515625,391.8900146484375,125803
2026-07-15 12:30:00-04:00,392.2488098144531,392.2488098144531,393.0552978515625,392.2300109863281,392.68499755859375,144041
2026-07-15 12:32:00-04:00,392.45001220703125,392.45001220703125,392.5,391.739990234375,392.3453063964844,136407
2026-07-15 12:34:00-04:00,391.68499755859375,391.68499755859375,392.6700134277344,391.42498779296875,392.42999267578125,137752
2026-07-15 12:36:00-04:00,391.32000732421875,391.32000732421875,391.7618103027344,391.0400085449219,391.6300048828125,136985
2026-07-15 12:38:00-04:00,391.2149963378906,391.2149963378906,391.4200134277344,390.82000732421875,391.2749938964844,145982
2026-07-15 12:40:00-04:00,391.3500061035156,391.3500061035156,391.64990234375,390.6600036621094,391.1700134277344,120728
2026-07-15 12:42:00-04:00,391.364990234375,391.364990234375,391.4999084472656,390.8800048828125,391.32000732421875,92790
2026-07-15 12:44:00-04:00,391.614990234375,391.614990234375,392.0299072265625,391.31500244140625,391.31500244140625,134796
2026-07-15 12:46:00-04:00,391.6050109863281,391.6050109863281,393.20001220703125,391.3699951171875,391.5799865722656,213581
2026-07-15 12:48:00-04:00,392.2699890136719,392.2699890136719,392.489990234375,391.5799865722656,391.6700134277344,96007
2026-07-15 12:50:00-04:00,392.1099853515625,392.1099853515625,392.69000244140625,392.1099853515625,392.260009765625,98307
2026-07-15 12:52:00-04:00,392.8299865722656,392.8299865722656,393.1046142578125,392.0400085449219,392.13238525390625,100381
2026-07-15 12:54:00-04:00,392.68499755859375,392.68499755859375,393.260009765625,392.6199951171875,392.7900085449219,98012
2026-07-15 12:56:00-04:00,393.05499267578125,393.05499267578125,393.19989013671875,392.5199890136719,392.6099853515625,83443
2026-07-15 12:58:00-04:00,393.4549865722656,393.4549865722656,393.4549865722656,392.9700012207031,393.0249938964844,76998
2026-07-15 13:00:00-04:00,393.5400085449219,393.5400085449219,393.9800109863281,393.45098876953125,393.5,329559
2026-07-15 13:02:00-04:00,393.9399108886719,393.9399108886719,393.94989013671875,393.30999755859375,393.4750061035156,69943
2026-07-15 13:04:00-04:00,393.8550109863281,393.8550109863281,394.0899963378906,393.57000732421875,393.90008544921875,85629
2026-07-15 13:06:00-04:00,394.24798583984375,394.24798583984375,394.3800048828125,393.79998779296875,393.8399963378906,92537
2026-07-15 13:08:00-04:00,394.8299865722656,394.8299865722656,394.9100036621094,394.2749938964844,394.29998779296875,115540
2026-07-15 13:10:00-04:00,394.75,394.75,394.8900146484375,394.5,394.8599853515625,91728
2026-07-15 13:12:00-04:00,394.6557922363281,394.6557922363281,394.989990234375,394.5400085449219,394.7300109863281,66398
2026-07-15 13:14:00-04:00,394.5072021484375,394.5072021484375,394.67999267578125,393.95001220703125,394.6099853515625,98571
2026-07-15 13:16:00-04:00,394.9599914550781,394.9599914550781,395.1000061035156,394.48199462890625,394.5299987792969,97737
2026-07-15 13:18:00-04:00,395.5199890136719,395.5199890136719,395.5199890136719,394.9761962890625,394.989990234375,109300
2026-07-15 13:20:00-04:00,395.456787109375,395.456787109375,395.80999755859375,395.252685546875,395.5199890136719,122959
2026-07-15 13:22:00-04:00,395.6449890136719,395.6449890136719,395.79998779296875,395.1700134277344,395.4620056152344,82026
2026-07-15 13:24:00-04:00,395.75,395.75,395.95001220703125,395.4599914550781,395.6449890136719,67329
2026-07-15 13:26:00-04:00,396.1650085449219,396.1650085449219,396.2900085449219,395.6617126464844,395.7200012207031,165965
2026-07-15 13:28:00-04:00,395.9599914550781,395.9599914550781,396.239990234375,395.80169677734375,396.1650085449219,80629
2026-07-15 13:30:00-04:00,396.4599914550781,396.4599914550781,396.4649963378906,395.82000732421875,395.989990234375,123211
2026-07-15 13:32:00-04:00,397.3949890136719,397.3949890136719,397.3999938964844,396.4599914550781,396.4599914550781,203030
2026-07-15 13:34:00-04:00,397.6050109863281,397.6050109863281,398.2200012207031,397.30999755859375,397.3500061035156,261539
2026-07-15 13:36:00-04:00,398.510009765625,398.510009765625,398.6400146484375,397.5400085449219,397.6050109863281,186890
2026-07-15 13:38:00-04:00,397.92498779296875,397.92498779296875,398.9100036621094,397.8711853027344,398.510009765625,220691
2026-07-15 13:40:00-04:00,397.79998779296875,397.79998779296875,398.2099914550781,397.79998779296875,397.9599914550781,110631
2026-07-15 13:42:00-04:00,397.7799072265625,397.7799072265625,397.8598937988281,397.54998779296875,397.8598937988281,113290
2026-07-15 13:44:00-04:00,398.07000732421875,398.07000732421875,398.19000244140625,397.54998779296875,397.7099914550781,93617
2026-07-15 13:46:00-04:00,398.1700134277344,398.1700134277344,398.5899963378906,398.010009765625,398.1300048828125,127130
2026-07-15 13:48:00-04:00,398.2749938964844,398.2749938964844,398.3500061035156,398.0400085449219,398.19000244140625,85206
2026-07-15 13:50:00-04:00,398.2900085449219,398.2900085449219,398.3500061035156,397.82000732421875,398.29998779296875,109453
2026-07-15 13:52:00-04:00,398.7200012207031,398.7200012207031,398.92999267578125,398.2533874511719,398.2533874511719,135615
2026-07-15 13:54:00-04:00,398.8830871582031,398.8830871582031,399.2698974609375,398.54998779296875,398.6499938964844,191371
2026-07-15 13:56:00-04:00,398.9200134277344,398.9200134277344,399.1199951171875,398.57000732421875,398.82000732421875,113542
2026-07-15 13:58:00-04:00,399.0050048828125,399.0050048828125,399.2799987792969,398.8399963378906,398.9200134277344,79280
2026-07-15 14:00:00-04:00,398.92999267578125,398.92999267578125,399.2799987792969,398.9112854003906,399.0050048828125,88897
2026-07-15 14:02:00-04:00,398.739990234375,398.739990234375,399.3599853515625,398.6000061035156,398.92999267578125,162925
2026-07-15 14:04:00-04:00,397.9767150878906,397.9767150878906,398.79998779296875,397.8301086425781,398.7099914550781,185694
2026-07-15 14:06:00-04:00,398.4450988769531,398.4450988769531,398.70001220703125,397.8599853515625,397.94000244140625,108228
2026-07-15 14:08:00-04:00,398.2300109863281,398.2300109863281,398.56201171875,397.92999267578125,398.44000244140625,69041
2026-07-15 14:10:00-04:00,398.19000244140625,398.19000244140625,398.32501220703125,398.0000915527344,398.279296875,66923
2026-07-15 14:12:00-04:00,398.0849914550781,398.0849914550781,398.3299865722656,398.0400085449219,398.19000244140625,59415
2026-07-15 14:14:00-04:00,397.5899963378906,397.5899963378906,398.1099853515625,397.45001220703125,398.07000732421875,114303
2026-07-15 14:16:00-04:00,397.3999938964844,397.3999938964844,397.6700134277344,397.2300109863281,397.5899963378906,105520
2026-07-15 14:18:00-04:00,397.29998779296875,397.29998779296875,397.6449890136719,397.260009765625,397.4100036621094,60416
2026-07-15 14:20:00-04:00,397.6050109863281,397.6050109863281,397.7095031738281,397.25,397.3450012207031,69385
2026-07-15 14:22:00-04:00,397.2349853515625,397.2349853515625,397.6499938964844,397.17999267578125,397.55999755859375,60176
2026-07-15 14:24:00-04:00,397.0195007324219,397.0195007324219,397.3900146484375,396.94000244140625,397.2349853515625,86436
2026-07-15 14:26:00-04:00,397.02508544921875,397.02508544921875,397.05499267578125,396.6600036621094,396.9804992675781,80432
2026-07-15 14:28:00-04:00,396.57000732421875,396.57000732421875,397.0,396.4100036621094,397.0,96410
2026-07-15 14:30:00-04:00,397.2200012207031,397.2200012207031,397.2699890136719,396.54998779296875,396.55999755859375,95693
2026-07-15 14:32:00-04:00,397.2950134277344,397.2950134277344,397.7799987792969,397.21051025390625,397.2300109863281,131137
2026-07-15 14:34:00-04:00,397.05999755859375,397.05999755859375,397.3599853515625,396.8599853515625,397.30499267578125,92606
2026-07-15 14:36:00-04:00,397.3800048828125,397.3800048828125,397.3900146484375,397.0,397.1300048828125,51957
2026-07-15 14:38:00-04:00,397.17999267578125,397.17999267578125,397.5050964355469,397.1499938964844,397.3800048828125,62288
2026-07-15 14:40:00-04:00,397.1650085449219,397.1650085449219,397.29998779296875,397.0400085449219,397.1700134277344,49596
2026-07-15 14:42:00-04:00,396.95001220703125,396.95001220703125,397.2099914550781,396.79998779296875,397.20001220703125,58173
2026-07-15 14:44:00-04:00,396.7300109863281,396.7300109863281,397.0198974609375,396.6400146484375,396.9375,66506
2026-07-15 14:46:00-04:00,396.06500244140625,396.06500244140625,396.8800048828125,396.0199890136719,396.801513671875,85898
2026-07-15 14:48:00-04:00,395.8999938964844,395.8999938964844,396.2300109863281,395.7850036621094,396.06500244140625,120989
2026-07-15 14:50:00-04:00,395.32501220703125,395.32501220703125,396.0299987792969,395.1521911621094,395.8804931640625,131096
2026-07-15 14:52:00-04:00,395.2099914550781,395.2099914550781,395.5150146484375,395.1700134277344,395.3236083984375,81605
2026-07-15 14:54:00-04:00,395.3800048828125,395.3800048828125,395.5899963378906,395.1300048828125,395.20001220703125,65323
2026-07-15 14:56:00-04:00,395.2149963378906,395.2149963378906,395.44500732421875,394.82000732421875,395.3599853515625,126899
2026-07-15 14:58:00-04:00,394.92999267578125,394.92999267578125,395.42498779296875,394.5509948730469,395.2149963378906,152785
2026-07-15 15:00:00-04:00,395.3450012207031,395.3450012207031,395.3599853515625,394.75,394.9800109863281,89500
2026-07-15 15:02:00-04:00,395.8550109863281,395.8550109863281,396.1300048828125,395.2300109863281,395.3450012207031,114860
2026-07-15 15:04:00-04:00,395.16009521484375,395.16009521484375,395.9100036621094,395.03009033203125,395.8299865722656,88754
2026-07-15 15:06:00-04:00,395.3299865722656,395.3299865722656,395.5,394.8999938964844,395.1600036621094,82771
2026-07-15 15:08:00-04:00,395.2196044921875,395.2196044921875,395.44000244140625,395.0299987792969,395.25,54978
2026-07-15 15:10:00-04:00,394.9800109863281,394.9800109863281,395.3609924316406,394.9200134277344,395.2049865722656,73367
2026-07-15 15:12:00-04:00,395.0350036621094,395.0350036621094,395.39990234375,394.9649963378906,394.9800109863281,60253
2026-07-15 15:14:00-04:00,395.31500244140625,395.31500244140625,395.45001220703125,395.010009765625,395.0400085449219,46843
2026-07-15 15:16:00-04:00,395.2200012207031,395.2200012207031,395.3399963378906,395.0400085449219,395.297607421875,39015
2026-07-15 15:18:00-04:00,395.0899963378906,395.0899963378906,395.2900085449219,395.0899963378906,395.2200012207031,37957
2026-07-15 15:20:00-04:00,394.95989990234375,394.95989990234375,395.0899963378906,394.6199951171875,395.0899963378906,84306
2026-07-15 15:22:00-04:00,395.1098937988281,395.1098937988281,395.239990234375,394.79998779296875,394.8699951171875,75162
2026-07-15 15:24:00-04:00,394.8900146484375,394.8900146484375,395.2699890136719,394.7200012207031,395.03009033203125,49438
2026-07-15 15:26:00-04:00,394.70001220703125,394.70001220703125,394.92999267578125,394.55999755859375,394.8599853515625,71099
2026-07-15 15:28:00-04:00,394.760009765625,394.760009765625,394.95001220703125,394.6099853515625,394.70001220703125,72629
2026-07-15 15:30:00-04:00,395.20001220703125,395.20001220703125,395.3999938964844,394.70001220703125,394.760009765625,160671
2026-07-15 15:32:00-04:00,394.5299987792969,394.5299987792969,395.2300109863281,394.29998779296875,395.17999267578125,119482
2026-07-15 15:34:00-04:00,394.75,394.75,394.7900085449219,394.2099914550781,394.6400146484375,83787
2026-07-15 15:36:00-04:00,394.9800109863281,394.9800109863281,395.05999755859375,394.6199951171875,394.7200012207031,75042
2026-07-15 15:38:00-04:00,394.9800109863281,394.9800109863281,395.1973876953125,394.79998779296875,395.0317077636719,74205
2026-07-15 15:40:00-04:00,394.989990234375,394.989990234375,395.17999267578125,394.8699951171875,394.9800109863281,58243
2026-07-15 15:42:00-04:00,394.69500732421875,394.69500732421875,394.989990234375,394.6199951171875,394.989990234375,92522
2026-07-15 15:44:00-04:00,394.55999755859375,394.55999755859375,394.8900146484375,394.4800109863281,394.69000244140625,90612
2026-07-15 15:46:00-04:00,394.489990234375,394.489990234375,394.7200012207031,394.4100036621094,394.5950012207031,64844
2026-07-15 15:48:00-04:00,394.4100036621094,394.4100036621094,394.6300048828125,394.32000732421875,394.489990234375,64967
2026-07-15 15:50:00-04:00,395.1300048828125,395.1300048828125,395.31500244140625,394.4100036621094,394.4100036621094,200949
2026-07-15 15:52:00-04:00,394.3999938964844,394.3999938964844,395.30999755859375,394.360107421875,395.1700134277344,144822
2026-07-15 15:54:00-04:00,394.510009765625,394.510009765625,394.739990234375,394.0299987792969,394.4100036621094,231882
2026-07-15 15:56:00-04:00,394.25189208984375,394.25189208984375,394.6600036621094,394.19500732421875,394.57000732421875,184976
2026-07-15 15:58:00-04:00,394.19000244140625,394.19000244140625,394.5199890136719,394.1000061035156,394.25,573004
2026-07-16 09:30:00-04:00,388.5899963378906,388.5899963378906,392.5,387.79998779296875,392.3500061035156,1383140
2026-07-16 09:32:00-04:00,387.5220031738281,387.5220031738281,388.889892578125,387.20001220703125,388.4949951171875,350645
2026-07-16 09:34:00-04:00,388.3299865722656,388.3299865722656,389.17999267578125,387.4949951171875,387.618408203125,367631
2026-07-16 09:36:00-04:00,388.83990478515625,388.83990478515625,388.84991455078125,387.3299865722656,388.239990234375,320129
2026-07-16 09:38:00-04:00,387.8660888671875,387.8660888671875,389.3599853515625,387.44000244140625,388.79998779296875,345288
2026-07-16 09:40:00-04:00,387.80999755859375,387.80999755859375,389.2200012207031,387.5,387.8902893066406,259092
2026-07-16 09:42:00-04:00,387.3599853515625,387.3599853515625,388.5398864746094,386.70001220703125,387.9100036621094,341730
2026-07-16 09:44:00-04:00,387.18499755859375,387.18499755859375,388.1000061035156,386.3999938964844,387.3562927246094,299951
2026-07-16 09:46:00-04:00,387.17999267578125,387.17999267578125,387.70001220703125,386.8692932128906,387.1441955566406,169515
2026-07-16 09:48:00-04:00,386.3692932128906,386.3692932128906,387.5199890136719,386.1400146484375,387.2099914550781,240616
2026-07-16 09:50:00-04:00,386.1600036621094,386.1600036621094,386.9800109863281,386.05999755859375,386.3800048828125,244775
2026-07-16 09:52:00-04:00,386.4017028808594,386.4017028808594,387.1099853515625,386.0,386.1300048828125,253160
2026-07-16 09:54:00-04:00,385.989990234375,385.989990234375,386.67999267578125,385.32000732421875,386.3900146484375,285821
2026-07-16 09:56:00-04:00,385.7850036621094,385.7850036621094,386.5,385.4599914550781,385.99951171875,261734
2026-07-16 09:58:00-04:00,387.1391906738281,387.1391906738281,387.2799987792969,385.7850036621094,385.7850036621094,251331
2026-07-16 10:00:00-04:00,388.3999938964844,388.3999938964844,388.79998779296875,386.8900146484375,387.07000732421875,327627
2026-07-16 10:02:00-04:00,389.9700012207031,389.9700012207031,390.20001220703125,388.3399963378906,388.3599853515625,394590
2026-07-16 10:04:00-04:00,389.9800109863281,389.9800109863281,390.1365966796875,388.6400146484375,389.9649963378906,245374
2026-07-16 10:06:00-04:00,390.0,390.0,390.3999938964844,389.53009033203125,389.94000244140625,236290
2026-07-16 10:08:00-04:00,390.8299865722656,390.8299865722656,391.2099914550781,389.65008544921875,389.9906005859375,257899
2026-07-16 10:10:00-04:00,391.5199890136719,391.5199890136719,391.8399963378906,390.3299865722656,390.9599914550781,232467
2026-07-16 10:12:00-04:00,392.94500732421875,392.94500732421875,393.2699890136719,391.0199890136719,391.6698913574219,347388
2026-07-16 10:14:00-04:00,392.82000732421875,392.82000732421875,393.19000244140625,392.05999755859375,392.94500732421875,261775
2026-07-16 10:16:00-04:00,392.6400146484375,392.6400146484375,393.0199890136719,392.0,392.82000732421875,171807
2026-07-16 10:18:00-04:00,393.8500061035156,393.8500061035156,394.1400146484375,392.3900146484375,392.6300048828125,302196
2026-07-16 10:20:00-04:00,392.94000244140625,392.94000244140625,394.1199951171875,392.69000244140625,393.7799987792969,254721
2026-07-16 10:22:00-04:00,391.4949951171875,391.4949951171875,393.0799865722656,391.3999938964844,392.989990234375,274970
2026-07-16 10:24:00-04:00,391.3500061035156,391.3500061035156,391.9599914550781,391.05999755859375,391.4731140136719,166638
2026-07-16 10:26:00-04:00,393.7300109863281,393.7300109863281,393.8800048828125,391.260009765625,391.29998779296875,230143
2026-07-16 10:28:00-04:00,394.6050109863281,394.6050109863281,394.989990234375,393.40008544921875,393.82000732421875,310205
2026-07-16 10:30:00-04:00,393.3299865722656,393.3299865722656,394.82000732421875,393.1922912597656,394.6994934082031,257134
2026-07-16 10:32:00-04:00,393.6449890136719,393.6449890136719,394.04998779296875,393.239990234375,393.2950134277344,165549
2026-07-16 10:34:00-04:00,393.67498779296875,393.67498779296875,393.7998962402344,392.9700012207031,393.5801086425781,198950
2026-07-16 10:36:00-04:00,394.239990234375,394.239990234375,394.34991455078125,393.5,393.7515869140625,126887
2026-07-16 10:38:00-04:00,393.510009765625,393.510009765625,394.46990966796875,393.3599853515625,394.239990234375,138575
2026-07-16 10:40:00-04:00,393.0299987792969,393.0299987792969,393.69000244140625,392.80999755859375,393.4939880371094,140211
2026-07-16 10:42:00-04:00,393.6499938964844,393.6499938964844,393.9800109863281,393.0299987792969,393.05999755859375,131662
2026-07-16 10:44:00-04:00,393.9100036621094,393.9100036621094,394.25,393.5299987792969,393.69000244140625,151846
2026-07-16 10:46:00-04:00,394.45001220703125,394.45001220703125,395.30999755859375,393.7200012207031,393.9798889160156,229104
2026-07-16 10:48:00-04:00,394.20001220703125,394.20001220703125,394.7398986816406,394.04998779296875,394.57501220703125,104995
2026-07-16 10:50:00-04:00,394.1000061035156,394.1000061035156,394.44000244140625,393.5411071777344,394.20001220703125,136465
2026-07-16 10:52:00-04:00,393.67999267578125,393.67999267578125,394.3399963378906,393.090087890625,394.1099853515625,114041
2026-07-16 10:54:00-04:00,392.9700012207031,392.9700012207031,394.19000244140625,392.6099853515625,393.68499755859375,161720
2026-07-16 10:56:00-04:00,394.79998779296875,394.79998779296875,395.1000061035156,392.7611999511719,392.9700012207031,159551
2026-07-16 10:58:00-04:00,394.3699951171875,394.3699951171875,395.09991455078125,393.79998779296875,394.80999755859375,154357
2026-07-16 11:00:00-04:00,393.3999938964844,393.3999938964844,394.5799865722656,393.37420654296875,394.3599853515625,106253
2026-07-16 11:02:00-04:00,393.42999267578125,393.42999267578125,394.527099609375,393.2799987792969,393.45001220703125,129285
2026-07-16 11:04:00-04:00,393.7300109863281,393.7300109863281,393.8399963378906,392.4100036621094,393.4700012207031,150918
2026-07-16 11:06:00-04:00,392.9800109863281,392.9800109863281,393.6700134277344,392.79998779296875,393.6700134277344,87708
2026-07-16 11:08:00-04:00,393.7781982421875,393.7781982421875,393.8500061035156,392.7699890136719,393.0,84631
2026-07-16 11:10:00-04:00,393.3550109863281,393.3550109863281,393.95001220703125,393.0205993652344,393.7550048828125,92700
2026-07-16 11:12:00-04:00,392.4599914550781,392.4599914550781,393.4849853515625,392.3299865722656,393.3800048828125,111127
2026-07-16 11:14:00-04:00,392.7799987792969,392.7799987792969,392.8399963378906,392.239990234375,392.4403991699219,95281
2026-07-16 11:16:00-04:00,392.8900146484375,392.8900146484375,393.1400146484375,392.4599914550781,392.7950134277344,87225
2026-07-16 11:18:00-04:00,392.8550109863281,392.8550109863281,393.30999755859375,392.54998779296875,392.8900146484375,71119
2026-07-16 11:20:00-04:00,392.5400085449219,392.5400085449219,392.9700012207031,392.29949951171875,392.8699951171875,72062
2026-07-16 11:22:00-04:00,392.8450012207031,392.8450012207031,393.0,392.0400085449219,392.5950012207031,88717
2026-07-16 11:24:00-04:00,393.6449890136719,393.6449890136719,393.7799987792969,392.739990234375,392.81439208984375,146734
2026-07-16 11:26:00-04:00,393.7149963378906,393.7149963378906,394.2900085449219,393.6449890136719,393.6449890136719,126510
2026-07-16 11:28:00-04:00,393.7300109863281,393.7300109863281,393.8500061035156,393.260009765625,393.6700134277344,80362
2026-07-16 11:30:00-04:00,394.0299072265625,394.0299072265625,394.0299072265625,393.0000915527344,393.80999755859375,77276
2026-07-16 11:32:00-04:00,393.8450012207031,393.8450012207031,394.0400085449219,393.57000732421875,394.0150146484375,64505
2026-07-16 11:34:00-04:00,393.93499755859375,393.93499755859375,394.2300109863281,393.70001220703125,393.889892578125,92313
2026-07-16 11:36:00-04:00,393.9200134277344,393.9200134277344,394.43560791015625,393.7300109863281,393.94000244140625,65594
2026-07-16 11:38:00-04:00,394.4800109863281,394.4800109863281,394.58990478515625,393.7101135253906,393.8999938964844,120534
2026-07-16 11:40:00-04:00,393.375,393.375,394.5899963378906,393.2401123046875,394.4800109863281,93747
2026-07-16 11:42:00-04:00,393.0400085449219,393.0400085449219,393.5,393.0,393.3450012207031,83265
2026-07-16 11:44:00-04:00,392.3699951171875,392.3699951171875,393.31439208984375,392.010009765625,393.0,93551
2026-07-16 11:46:00-04:00,392.4100036621094,392.4100036621094,392.57000732421875,392.0400085449219,392.3500061035156,90490
2026-07-16 11:48:00-04:00,392.8699951171875,392.8699951171875,393.0,392.3299865722656,392.4713134765625,82563
2026-07-16 11:50:00-04:00,392.9205017089844,392.9205017089844,393.25,392.5899963378906,392.8349914550781,96875
2026-07-16 11:52:00-04:00,392.58880615234375,392.58880615234375,393.04998779296875,392.5299987792969,392.9200134277344,64659
2026-07-16 11:54:00-04:00,392.5899963378906,392.5899963378906,392.9794921875,392.4100036621094,392.5799865722656,64222
2026-07-16 11:56:00-04:00,392.68499755859375,392.68499755859375,392.95001220703125,392.2300109863281,392.5899963378906,61132
2026-07-16 11:58:00-04:00,392.70001220703125,392.70001220703125,392.8900146484375,392.5299987792969,392.7677917480469,39507
2026-07-16 12:00:00-04:00,391.0950012207031,391.0950012207031,392.760009765625,391.05999755859375,392.70001220703125,164827
2026-07-16 12:02:00-04:00,390.6000061035156,390.6000061035156,391.09490966796875,390.1000061035156,391.09490966796875,243923
2026-07-16 12:04:00-04:00,389.4599914550781,389.4599914550781,390.8399963378906,389.3399963378906,390.6650085449219,206799
2026-07-16 12:06:00-04:00,389.6499938964844,389.6499938964844,390.1000061035156,389.3700866699219,389.4200134277344,134155
2026-07-16 12:08:00-04:00,390.0350036621094,390.0350036621094,390.1400146484375,389.6199951171875,389.7149963378906,90042
2026-07-16 12:10:00-04:00,388.95001220703125,388.95001220703125,390.07000732421875,388.8800048828125,390.0350036621094,165810
2026-07-16 12:12:00-04:00,388.92999267578125,388.92999267578125,389.3999938964844,388.3999938964844,388.9800109863281,123270
2026-07-16 12:14:00-04:00,388.6700134277344,388.6700134277344,389.07000732421875,388.3699951171875,388.8900146484375,96916
2026-07-16 12:16:00-04:00,388.8999938964844,388.8999938964844,388.9800109863281,388.4599914550781,388.7300109863281,200029
2026-07-16 12:18:00-04:00,388.94989013671875,388.94989013671875,389.2799987792969,388.8500061035156,388.885009765625,114279
2026-07-16 12:20:00-04:00,388.2698974609375,388.2698974609375,388.95001220703125,388.1300048828125,388.95001220703125,129670
2026-07-16 12:22:00-04:00,388.260009765625,388.260009765625,388.42999267578125,387.79998779296875,388.239990234375,151611
2026-07-16 12:24:00-04:00,388.80999755859375,388.80999755859375,388.8999938964844,388.1505126953125,388.2950134277344,102904
2026-07-16 12:26:00-04:00,394.4599914550781,394.4599914550781,394.4599914550781,388.6099853515625,388.889892578125,136552
2026-07-16 12:28:00-04:00,389.2898864746094,389.2898864746094,389.29998779296875,388.79998779296875,388.875,72989
2026-07-16 12:30:00-04:00,389.3500061035156,389.3500061035156,389.57000732421875,388.5299987792969,389.2898864746094,131679
2026-07-16 12:32:00-04:00,388.8699951171875,388.8699951171875,389.6000061035156,388.80999755859375,389.239990234375,78978
2026-07-16 12:34:00-04:00,388.635009765625,388.635009765625,389.0899963378906,388.5201110839844,388.94500732421875,78753
2026-07-16 12:36:00-04:00,389.1986083984375,389.1986083984375,389.2300109863281,388.5516052246094,388.57000732421875,80028
2026-07-16 12:38:00-04:00,388.56500244140625,388.56500244140625,389.3500061035156,388.3999938964844,389.17498779296875,77348
2026-07-16 12:40:00-04:00,388.5199890136719,388.5199890136719,388.8500061035156,388.32000732421875,388.56500244140625,57075
2026-07-16 12:42:00-04:00,388.4800109863281,388.4800109863281,388.70001220703125,388.2699890136719,388.6099853515625,76061
2026-07-16 12:44:00-04:00,388.260009765625,388.260009765625,388.65521240234375,388.260009765625,388.4800109863281,75537
2026-07-16 12:46:00-04:00,388.2699890136719,388.2699890136719,388.5299987792969,388.010009765625,388.260009765625,135591
2026-07-16 12:48:00-04:00,388.3393859863281,388.3393859863281,388.82000732421875,388.2699890136719,388.3900146484375,101203
2026-07-16 12:50:00-04:00,388.340087890625,388.340087890625,388.5599060058594,387.9100036621094,388.4100036621094,105732
2026-07-16 12:52:00-04:00,388.4700012207031,388.4700012207031,388.6199951171875,388.20001220703125,388.375,69019
2026-07-16 12:54:00-04:00,388.6650085449219,388.6650085449219,388.8800048828125,388.29010009765625,388.4700012207031,78994
2026-07-16 12:56:00-04:00,388.67498779296875,388.67498779296875,388.8999938964844,388.510009765625,388.6650085449219,81912
2026-07-16 12:58:00-04:00,389.010009765625,389.010009765625,389.091796875,388.510009765625,388.68499755859375,87948
2026-07-16 13:00:00-04:00,388.409912109375,388.409912109375,389.1294860839844,388.0,389.0899963378906,95441
2026-07-16 13:02:00-04:00,388.17999267578125,388.17999267578125,388.3999938964844,388.0,388.3500061035156,63202
2026-07-16 13:04:00-04:00,388.239990234375,388.239990234375,388.4486083984375,388.1000061035156,388.17999267578125,44464
2026-07-16 13:06:00-04:00,388.3949890136719,388.3949890136719,388.5950012207031,387.8900146484375,388.1000061035156,82003
2026-07-16 13:08:00-04:00,388.8800048828125,388.8800048828125,388.8800048828125,388.30999755859375,388.3949890136719,68915
2026-07-16 13:10:00-04:00,388.4200134277344,388.4200134277344,389.04998779296875,388.2099914550781,388.9399108886719,86593
2026-07-16 13:12:00-04:00,388.2598876953125,388.2598876953125,388.5400085449219,387.9800109863281,388.3399963378906,66256
2026-07-16 13:14:00-04:00,387.6799011230469,387.6799011230469,388.1700134277344,387.3900146484375,388.1499938964844,129789
2026-07-16 13:16:00-04:00,387.4710998535156,387.4710998535156,387.77899169921875,387.260009765625,387.55999755859375,82230
2026-07-16 13:18:00-04:00,387.7200012207031,387.7200012207031,387.8399963378906,387.3299865722656,387.4100036621094,58870
2026-07-16 13:20:00-04:00,387.7632141113281,387.7632141113281,387.94989013671875,387.6099853515625,387.82000732421875,57279
2026-07-16 13:22:00-04:00,387.75,387.75,387.889892578125,387.55999755859375,387.760009765625,41371
2026-07-16 13:24:00-04:00,387.760009765625,387.760009765625,387.9700012207031,387.375,387.7300109863281,65168
2026-07-16 13:26:00-04:00,388.4599914550781,388.4599914550781,388.6600036621094,387.7300109863281,387.80499267578125,101545
2026-07-16 13:28:00-04:00,389.0150146484375,389.0150146484375,389.20001220703125,388.42559814453125,388.5,108988
2026-07-16 13:30:00-04:00,388.7799987792969,388.7799987792969,389.2300109863281,388.6600036621094,389.0361022949219,101673
2026-07-16 13:32:00-04:00,388.55499267578125,388.55499267578125,389.0400085449219,388.4200134277344,388.7799987792969,66101
2026-07-16 13:34:00-04:00,388.2300109863281,388.2300109863281,388.5199890136719,388.05999755859375,388.5199890136719,74695
2026-07-16 13:36:00-04:00,388.0350036621094,388.0350036621094,388.57989501953125,388.0,388.2300109863281,57670
2026-07-16 13:38:00-04:00,387.5799865722656,387.5799865722656,388.239990234375,387.4200134277344,388.0400085449219,71811
2026-07-16 13:40:00-04:00,387.1700134277344,387.1700134277344,387.6299133300781,386.8599853515625,387.54998779296875,156783
2026-07-16 13:42:00-04:00,387.07501220703125,387.07501220703125,387.4200134277344,386.8699951171875,387.2049865722656,93542
2026-07-16 13:44:00-04:00,387.1210021972656,387.1210021972656,387.30999755859375,386.9700012207031,387.05999755859375,60993
2026-07-16 13:46:00-04:00,388.44000244140625,388.44000244140625,388.4700012207031,387.05999755859375,387.17498779296875,98467
2026-07-16 13:48:00-04:00,389.19000244140625,389.19000244140625,389.29998779296875,388.2699890136719,388.42999267578125,131589
2026-07-16 13:50:00-04:00,389.0400085449219,389.0400085449219,389.25,388.9700012207031,389.19000244140625,87919
2026-07-16 13:52:00-04:00,389.2749938964844,389.2749938964844,389.3999938964844,388.6700134277344,388.9700012207031,99087
2026-07-16 13:54:00-04:00,388.6400146484375,388.6400146484375,389.2699890136719,388.6099853515625,389.2300109863281,66977
2026-07-16 13:56:00-04:00,388.625,388.625,388.8900146484375,388.360107421875,388.6400146484375,49023
2026-07-16 13:58:00-04:00,388.9049987792969,388.9049987792969,389.2200012207031,388.5899963378906,388.6300048828125,65985
2026-07-16 14:00:00-04:00,389.0799865722656,389.0799865722656,389.3099060058594,388.7001037597656,388.94000244140625,43693
2026-07-16 14:02:00-04:00,388.7025146484375,388.7025146484375,389.1600036621094,388.6000061035156,389.05999755859375,43061
2026-07-16 14:04:00-04:00,389.06878662109375,389.06878662109375,389.1899108886719,388.739990234375,388.739990234375,57247
2026-07-16 14:06:00-04:00,389.5299987792969,389.5299987792969,389.57000732421875,388.9200134277344,389.0,61224
2026-07-16 14:08:00-04:00,389.8500061035156,389.8500061035156,389.8999938964844,389.4100036621094,389.489990234375,104093
2026-07-16 14:10:00-04:00,389.9649963378906,389.9649963378906,390.20001220703125,389.760009765625,389.8900146484375,150503
2026-07-16 14:12:00-04:00,389.760009765625,389.760009765625,390.45001220703125,389.57000732421875,390.1400146484375,78888
2026-07-16 14:14:00-04:00,388.75,388.75,389.8501892089844,388.7200012207031,389.760009765625,79875
2026-07-16 14:16:00-04:00,389.5400085449219,389.5400085449219,389.59991455078125,388.864990234375,388.9299011230469,72254
2026-07-16 14:18:00-04:00,389.7300109863281,389.7300109863281,389.96990966796875,389.44000244140625,389.5018005371094,53192
2026-07-16 14:20:00-04:00,390.3550109863281,390.3550109863281,390.3900146484375,389.7200012207031,389.7300109863281,73244
2026-07-16 14:22:00-04:00,390.6000061035156,390.6000061035156,390.6700134277344,390.20001220703125,390.3299865722656,92102
2026-07-16 14:24:00-04:00,390.510009765625,390.510009765625,390.8800048828125,390.510009765625,390.6000061035156,91038
2026-07-16 14:26:00-04:00,390.8349914550781,390.8349914550781,391.1300048828125,390.4599914550781,390.5799865722656,99169
2026-07-16 14:28:00-04:00,390.55499267578125,390.55499267578125,391.19000244140625,390.42999267578125,390.8599853515625,106172
2026-07-16 14:30:00-04:00,390.8800048828125,390.8800048828125,390.8800048828125,390.3500061035156,390.5899963378906,90597
2026-07-16 14:32:00-04:00,390.6499938964844,390.6499938964844,391.05999755859375,390.6300048828125,390.8699951171875,87120
2026-07-16 14:34:00-04:00,389.70001220703125,389.70001220703125,390.7998962402344,389.57000732421875,390.7300109863281,113710
2026-07-16 14:36:00-04:00,389.69500732421875,389.69500732421875,389.9049987792969,389.4100036621094,389.7698974609375,84349
2026-07-16 14:38:00-04:00,389.5946960449219,389.5946960449219,389.8794860839844,389.5,389.70001220703125,87955
2026-07-16 14:40:00-04:00,389.63330078125,389.63330078125,389.6499938964844,389.1615905761719,389.5299987792969,73009
2026-07-16 14:42:00-04:00,389.8299865722656,389.8299865722656,389.989990234375,389.4800109863281,389.69000244140625,65862
2026-07-16 14:44:00-04:00,390.3500061035156,390.3500061035156,390.6300048828125,389.79998779296875,389.8500061035156,104328
2026-07-16 14:46:00-04:00,390.9049987792969,390.9049987792969,391.0498962402344,390.385009765625,390.385009765625,91097
2026-07-16 14:48:00-04:00,390.7699890136719,390.7699890136719,391.09991455078125,390.70001220703125,390.9049987792969,71417
2026-07-16 14:50:00-04:00,390.5050048828125,390.5050048828125,390.8699951171875,390.3963928222656,390.8699951171875,100220
2026-07-16 14:52:00-04:00,390.4949951171875,390.4949951171875,390.64990234375,390.1709899902344,390.54998779296875,67592
2026-07-16 14:54:00-04:00,390.42449951171875,390.42449951171875,390.760009765625,390.42401123046875,390.42999267578125,49956
2026-07-16 14:56:00-04:00,390.125,390.125,390.6099853515625,390.0299987792969,390.45001220703125,70787
2026-07-16 14:58:00-04:00,390.3999938964844,390.3999938964844,390.55999755859375,390.07000732421875,390.0899963378906,51299
2026-07-16 15:00:00-04:00,390.8599853515625,390.8599853515625,390.989990234375,390.260009765625,390.4100036621094,90635
2026-07-16 15:02:00-04:00,390.9649963378906,390.9649963378906,391.07989501953125,390.7900085449219,390.8800048828125,58687
2026-07-16 15:04:00-04:00,390.92498779296875,390.92498779296875,391.139892578125,390.75,391.0,62555
2026-07-16 15:06:00-04:00,390.125,390.125,390.989990234375,389.7560119628906,390.92498779296875,106486
2026-07-16 15:08:00-04:00,390.3399963378906,390.3399963378906,390.4200134277344,389.95001220703125,390.125,66037
2026-07-16 15:10:00-04:00,390.9200134277344,390.9200134277344,391.1000061035156,390.05999755859375,390.2799987792969,88033
2026-07-16 15:12:00-04:00,390.9649963378906,390.9649963378906,391.34991455078125,390.8299865722656,390.875,110024
2026-07-16 15:14:00-04:00,390.9700012207031,390.9700012207031,391.0,390.6499938964844,390.989990234375,92829
2026-07-16 15:16:00-04:00,390.79998779296875,390.79998779296875,391.25,390.68011474609375,390.8999938964844,95382
2026-07-16 15:18:00-04:00,390.79998779296875,390.79998779296875,391.010009765625,390.5101013183594,390.6499938964844,78563
2026-07-16 15:20:00-04:00,390.9599914550781,390.9599914550781,391.04998779296875,390.3599853515625,390.8251037597656,67300
2026-07-16 15:22:00-04:00,390.7349853515625,390.7349853515625,391.04998779296875,390.6000061035156,390.99688720703125,52669
2026-07-16 15:24:00-04:00,390.1700134277344,390.1700134277344,390.9100036621094,390.0899963378906,390.7300109863281,76518
2026-07-16 15:26:00-04:00,390.03070068359375,390.03070068359375,390.3299865722656,389.739990234375,390.17999267578125,95220
2026-07-16 15:28:00-04:00,390.30499267578125,390.30499267578125,390.54998779296875,390.04010009765625,390.04010009765625,64768
2026-07-16 15:30:00-04:00,389.8450012207031,389.8450012207031,390.5950012207031,389.7699890136719,390.2300109863281,103414
2026-07-16 15:32:00-04:00,390.135009765625,390.135009765625,390.1600036621094,389.79998779296875,389.8500061035156,59565
2026-07-16 15:34:00-04:00,390.6199951171875,390.6199951171875,390.9200134277344,390.07000732421875,390.1600036621094,136648
2026-07-16 15:36:00-04:00,390.7300109863281,390.7300109863281,390.79998779296875,390.45001220703125,390.6261901855469,64365
2026-07-16 15:38:00-04:00,390.6199951171875,390.6199951171875,390.9700012207031,390.57000732421875,390.739990234375,73236
2026-07-16 15:40:00-04:00,390.67999267578125,390.67999267578125,390.79998779296875,390.1700134277344,390.6650085449219,80455
2026-07-16 15:42:00-04:00,390.510009765625,390.510009765625,390.7099914550781,390.239990234375,390.6400146484375,75130
2026-07-16 15:44:00-04:00,389.7699890136719,389.7699890136719,390.4200134277344,389.44000244140625,390.3800048828125,155790
2026-07-16 15:46:00-04:00,389.635009765625,389.635009765625,389.95001220703125,389.4599914550781,389.75,106069
2026-07-16 15:48:00-04:00,390.06500244140625,390.06500244140625,390.20001220703125,389.3500061035156,389.6099853515625,174425
2026-07-16 15:50:00-04:00,391.1199951171875,391.1199951171875,391.1600036621094,390.1199951171875,390.1400146484375,210114
2026-07-16 15:52:00-04:00,391.5899963378906,391.5899963378906,391.70001220703125,390.70001220703125,391.1549987792969,320513
2026-07-16 15:54:00-04:00,391.07000732421875,391.07000732421875,391.8500061035156,391.0,391.5899963378906,197096
2026-07-16 15:56:00-04:00,390.8299865722656,390.8299865722656,391.19000244140625,390.5107116699219,391.1400146484375,219707
2026-07-16 15:58:00-04:00,391.1000061035156,391.1000061035156,391.2200012207031,390.7699890136719,390.8599853515625,424744
2026-07-17 09:30:00-04:00,382.0,382.0,383.0,381.1700134277344,381.2900085449219,2301352
2026-07-17 09:32:00-04:00,381.9549865722656,381.9549865722656,382.3305969238281,378.5799865722656,381.9800109863281,754336
2026-07-17 09:34:00-04:00,380.9200134277344,380.9200134277344,382.489990234375,380.6492004394531,381.947509765625,265269
2026-07-17 09:36:00-04:00,380.25,380.25,381.20001220703125,379.30999755859375,380.80999755859375,405688
2026-07-17 09:38:00-04:00,378.3800048828125,378.3800048828125,380.5,377.7699890136719,380.25,468916
2026-07-17 09:40:00-04:00,379.32000732421875,379.32000732421875,379.7300109863281,378.1549987792969,378.260009765625,306681
2026-07-17 09:42:00-04:00,377.7300109863281,377.7300109863281,379.5,377.2200012207031,379.30999755859375,318455
2026-07-17 09:44:00-04:00,377.83990478515625,377.83990478515625,378.2699890136719,377.2900085449219,377.7300109863281,238916
2026-07-17 09:46:00-04:00,379.81500244140625,379.81500244140625,379.9700012207031,377.610107421875,377.7749938964844,291709
2026-07-17 09:48:00-04:00,379.5950012207031,379.5950012207031,380.1099853515625,379.0199890136719,379.8450012207031,287841
2026-07-17 09:50:00-04:00,379.55499267578125,379.55499267578125,380.20001220703125,379.010009765625,379.5950012207031,259237
2026-07-17 09:52:00-04:00,380.05999755859375,380.05999755859375,380.57000732421875,379.3699951171875,379.55499267578125,206962
2026-07-17 09:54:00-04:00,380.20001220703125,380.20001220703125,380.74969482421875,379.5199890136719,380.0450134277344,224028
2026-07-17 09:56:00-04:00,381.1099853515625,381.1099853515625,381.2997131347656,380.04998779296875,380.19500732421875,193426
2026-07-17 09:58:00-04:00,381.4200134277344,381.4200134277344,381.54998779296875,380.69000244140625,381.1400146484375,214255
2026-07-17 10:00:00-04:00,382.0,382.0,382.4800109863281,380.7699890136719,381.45001220703125,337491
2026-07-17 10:02:00-04:00,382.4577941894531,382.4577941894531,382.69830322265625,381.93499755859375,382.0450134277344,223374
2026-07-17 10:04:00-04:00,382.45318603515625,382.45318603515625,383.0,381.9433898925781,382.3500061035156,299966
2026-07-17 10:06:00-04:00,381.97119140625,381.97119140625,383.0,381.79998779296875,382.54998779296875,479156
2026-07-17 10:08:00-04:00,382.24249267578125,382.24249267578125,382.79998779296875,381.82000732421875,382.05499267578125,161711
2026-07-17 10:10:00-04:00,382.8900146484375,382.8900146484375,383.1099853515625,382.2799987792969,382.28680419921875,194593
2026-07-17 10:12:00-04:00,382.2650146484375,382.2650146484375,383.1499938964844,381.8399963378906,382.8699951171875,144172
2026-07-17 10:14:00-04:00,382.9800109863281,382.9800109863281,383.1199951171875,381.6199951171875,382.260009765625,212002
2026-07-17 10:16:00-04:00,382.6050109863281,382.6050109863281,383.25,382.3599853515625,383.0,151694
2026-07-17 10:18:00-04:00,381.8699951171875,381.8699951171875,382.69000244140625,381.7200012207031,382.5950012207031,138816
2026-07-17 10:20:00-04:00,382.20001220703125,382.20001220703125,382.4200134277344,381.29998779296875,381.92999267578125,140332
2026-07-17 10:22:00-04:00,381.6099853515625,381.6099853515625,382.6698913574219,381.6099853515625,382.1700134277344,102475
2026-07-17 10:24:00-04:00,382.0,382.0,382.3598937988281,381.6099853515625,381.6400146484375,78453
2026-07-17 10:26:00-04:00,381.6449890136719,381.6449890136719,382.0,381.29998779296875,381.9200134277344,106480
2026-07-17 10:28:00-04:00,380.95001220703125,380.95001220703125,381.659912109375,380.9200134277344,381.6499938964844,130846
2026-07-17 10:30:00-04:00,379.81988525390625,379.81988525390625,381.20001220703125,379.6700134277344,380.9859924316406,244880
2026-07-17 10:32:00-04:00,379.1700134277344,379.1700134277344,379.82000732421875,378.510009765625,379.82000732421875,261356
2026-07-17 10:34:00-04:00,380.9599914550781,380.9599914550781,381.0,379.2101135253906,379.2898864746094,148392
2026-07-17 10:36:00-04:00,380.70001220703125,380.70001220703125,381.55499267578125,380.4549865722656,380.9700012207031,192250
2026-07-17 10:38:00-04:00,381.8949890136719,381.8949890136719,381.94000244140625,380.67999267578125,380.7091064453125,166900
2026-07-17 10:40:00-04:00,381.2900085449219,381.2900085449219,381.9042053222656,381.04998779296875,381.7709045410156,107641
2026-07-17 10:42:00-04:00,380.0990905761719,380.0990905761719,381.4898986816406,380.0400085449219,381.2799987792969,120731
2026-07-17 10:44:00-04:00,379.8299865722656,379.8299865722656,380.4800109863281,379.5400085449219,380.114990234375,151799
2026-07-17 10:46:00-04:00,379.9700012207031,379.9700012207031,380.2681884765625,378.69000244140625,379.79998779296875,195085
2026-07-17 10:48:00-04:00,379.231201171875,379.231201171875,380.010009765625,379.1400146484375,379.9700012207031,123445
2026-07-17 10:50:00-04:00,378.9150085449219,378.9150085449219,379.6099853515625,378.79998779296875,379.19500732421875,164174
2026-07-17 10:52:00-04:00,379.70050048828125,379.70050048828125,380.0249938964844,378.8349914550781,378.8349914550781,106513
2026-07-17 10:54:00-04:00,380.7699890136719,380.7699890136719,380.94000244140625,379.70001220703125,379.7300109863281,155082
2026-07-17 10:56:00-04:00,380.5199890136719,380.5199890136719,380.8999938964844,380.3699951171875,380.760009765625,218516
2026-07-17 10:58:00-04:00,380.2099914550781,380.2099914550781,380.6700134277344,379.85009765625,380.59991455078125,127921
2026-07-17 11:00:00-04:00,380.17999267578125,380.17999267578125,380.4100036621094,379.79998779296875,380.20001220703125,120706
2026-07-17 11:02:00-04:00,380.30999755859375,380.30999755859375,380.760009765625,379.8901062011719,380.17999267578125,132338
2026-07-17 11:04:00-04:00,379.989990234375,379.989990234375,380.3999938964844,379.92999267578125,380.3299865722656,77496
2026-07-17 11:06:00-04:00,379.5799865722656,379.5799865722656,380.1400146484375,379.3616943359375,379.9209899902344,117573
2026-07-17 11:08:00-04:00,380.0899963378906,380.0899963378906,380.2300109863281,379.6445007324219,379.7598876953125,71505
2026-07-17 11:10:00-04:00,379.44000244140625,379.44000244140625,380.2099914550781,379.3800048828125,380.07000732421875,119725
2026-07-17 11:12:00-04:00,379.79998779296875,379.79998779296875,380.2099914550781,379.3905029296875,379.42999267578125,96916
2026-07-17 11:14:00-04:00,379.8699951171875,379.8699951171875,380.05999755859375,379.70050048828125,379.82000732421875,71164
2026-07-17 11:16:00-04:00,380.010009765625,380.010009765625,380.1600036621094,379.57000732421875,379.92498779296875,110155
2026-07-17 11:18:00-04:00,380.3699951171875,380.3699951171875,380.8500061035156,379.8800048828125,380.0,136822
2026-07-17 11:20:00-04:00,380.3349914550781,380.3349914550781,380.57000732421875,379.9700012207031,380.3900146484375,83828
2026-07-17 11:22:00-04:00,379.510009765625,379.510009765625,380.5,379.42010498046875,380.260009765625,109105
2026-07-17 11:24:00-04:00,379.8999938964844,379.8999938964844,379.8999938964844,379.0299987792969,379.45001220703125,138921
2026-07-17 11:26:00-04:00,380.239990234375,380.239990234375,380.3699951171875,379.7466125488281,379.8500061035156,99072
2026-07-17 11:28:00-04:00,380.65008544921875,380.65008544921875,380.8800048828125,380.0799865722656,380.1700134277344,102736
2026-07-17 11:30:00-04:00,381.090087890625,381.090087890625,381.4700012207031,380.5299987792969,380.69989013671875,133384
2026-07-17 11:32:00-04:00,380.5799865722656,380.5799865722656,381.2300109863281,380.2699890136719,381.07000732421875,123223
2026-07-17 11:34:00-04:00,379.260009765625,379.260009765625,380.57000732421875,378.79998779296875,380.5,216825
2026-07-17 11:36:00-04:00,380.6099853515625,380.6099853515625,380.7099914550781,379.1300048828125,379.17999267578125,180532
2026-07-17 11:38:00-04:00,380.875,380.875,381.2327880859375,380.3599853515625,380.6099853515625,108492
2026-07-17 11:40:00-04:00,380.1000061035156,380.1000061035156,381.1700134277344,379.8699951171875,380.8800048828125,101972
2026-07-17 11:42:00-04:00,379.8599853515625,379.8599853515625,380.31500244140625,379.67999267578125,380.125,115314
2026-07-17 11:44:00-04:00,379.6499938964844,379.6499938964844,380.3599853515625,379.5299987792969,379.9049987792969,101016
2026-07-17 11:46:00-04:00,380.6400146484375,380.6400146484375,380.75,379.5299987792969,379.6239929199219,123498
2026-07-17 11:48:00-04:00,380.625,380.625,380.71990966796875,380.2099914550781,380.6400146484375,85518
2026-07-17 11:50:00-04:00,381.0400085449219,381.0400085449219,381.21990966796875,380.44000244140625,380.55999755859375,103044
2026-07-17 11:52:00-04:00,381.7950134277344,381.7950134277344,382.07989501953125,381.0299987792969,381.0899963378906,167754
2026-07-17 11:54:00-04:00,382.43328857421875,382.43328857421875,382.44000244140625,381.5306091308594,381.8500061035156,137123
2026-07-17 11:56:00-04:00,382.0849914550781,382.0849914550781,382.8999938964844,382.010009765625,382.3900146484375,150346
2026-07-17 11:58:00-04:00,382.4639892578125,382.4639892578125,382.55999755859375,382.04998779296875,382.1050109863281,107691
2026-07-17 12:00:00-04:00,381.8301086425781,381.8301086425781,383.1000061035156,381.5,382.489990234375,320522
2026-07-17 12:02:00-04:00,382.2200927734375,382.2200927734375,382.69989013671875,381.75,381.9150085449219,85499
2026-07-17 12:04:00-04:00,382.2850036621094,382.2850036621094,382.5350036621094,381.8999938964844,382.31500244140625,108474
2026-07-17 12:06:00-04:00,382.3399963378906,382.3399963378906,382.9599914550781,382.2200012207031,382.2799987792969,148432
2026-07-17 12:08:00-04:00,383.1099853515625,383.1099853515625,383.2149963378906,382.2099914550781,382.3399963378906,129274
2026-07-17 12:10:00-04:00,383.3699951171875,383.3699951171875,384.0,383.04998779296875,383.114990234375,185494
2026-07-17 12:12:00-04:00,383.54998779296875,383.54998779296875,383.7099914550781,382.9800109863281,383.2699890136719,97080
2026-07-17 12:14:00-04:00,383.8500061035156,383.8500061035156,384.05999755859375,383.510009765625,383.54998779296875,157775
2026-07-17 12:16:00-04:00,384.04998779296875,384.04998779296875,384.239990234375,383.66009521484375,383.9100036621094,123420
2026-07-17 12:18:00-04:00,383.70001220703125,383.70001220703125,384.125,383.6300048828125,384.0799865722656,89057
2026-07-17 12:20:00-04:00,383.05999755859375,383.05999755859375,383.8799133300781,383.0299987792969,383.6700134277344,111819
2026-07-17 12:22:00-04:00,382.42498779296875,382.42498779296875,383.4289855957031,382.25,383.05999755859375,129717
2026-07-17 12:24:00-04:00,382.8900146484375,382.8900146484375,383.0299987792969,381.9750061035156,382.4200134277344,174112
2026-07-17 12:26:00-04:00,383.343505859375,383.343505859375,383.58990478515625,382.6000061035156,382.94000244140625,111994
2026-07-17 12:28:00-04:00,382.54998779296875,382.54998779296875,383.3699951171875,382.5,383.30499267578125,62196
2026-07-17 12:30:00-04:00,382.94000244140625,382.94000244140625,383.0398864746094,382.1600036621094,382.55999755859375,74562
2026-07-17 12:32:00-04:00,382.9800109863281,382.9800109863281,383.29998779296875,382.760009765625,382.95001220703125,69379
2026-07-17 12:34:00-04:00,383.07000732421875,383.07000732421875,383.3800048828125,382.80999755859375,382.9800109863281,74645
2026-07-17 12:36:00-04:00,383.2099914550781,383.2099914550781,383.70989990234375,383.0400085449219,383.04998779296875,80677
2026-07-17 12:38:00-04:00,383.6449890136719,383.6449890136719,383.9599914550781,383.17999267578125,383.226806640625,59859
2026-07-17 12:40:00-04:00,383.4200134277344,383.4200134277344,383.79998779296875,383.1000061035156,383.6650085449219,58935
2026-07-17 12:42:00-04:00,384.0299987792969,384.0299987792969,384.1000061035156,383.40008544921875,383.5,74245
2026-07-17 12:44:00-04:00,384.1000061035156,384.1000061035156,384.3999938964844,383.7502136230469,384.010009765625,92197
2026-07-17 12:46:00-04:00,384.55010986328125,384.55010986328125,384.70001220703125,383.94000244140625,384.1050109863281,96822
2026-07-17 12:48:00-04:00,384.7225036621094,384.7225036621094,385.1698913574219,384.5000915527344,384.55999755859375,166051
2026-07-17 12:50:00-04:00,385.0150146484375,385.0150146484375,385.0599060058594,384.4800109863281,384.75,90737
2026-07-17 12:52:00-04:00,384.2099914550781,384.2099914550781,385.2200012207031,384.1499938964844,385.0249938964844,120459
2026-07-17 12:54:00-04:00,384.15570068359375,384.15570068359375,384.70001220703125,383.852294921875,384.239990234375,96369
2026-07-17 12:56:00-04:00,384.0299987792969,384.0299987792969,384.29669189453125,383.989990234375,384.14080810546875,91443
2026-07-17 12:58:00-04:00,384.1199951171875,384.1199951171875,384.2300109863281,383.93011474609375,384.03509521484375,80342
2026-07-17 13:00:00-04:00,384.7900085449219,384.7900085449219,385.07000732421875,384.1050109863281,384.1050109863281,100970
2026-07-17 13:02:00-04:00,385.05999755859375,385.05999755859375,385.2492980957031,384.5199890136719,384.7799987792969,74380
2026-07-17 13:04:00-04:00,384.9599914550781,384.9599914550781,385.14990234375,384.82000732421875,385.0400085449219,67054
2026-07-17 13:06:00-04:00,385.0700988769531,385.0700988769531,385.2200012207031,384.8800048828125,384.9800109863281,108083
2026-07-17 13:08:00-04:00,385.19000244140625,385.19000244140625,385.4700012207031,385.0523986816406,385.0523986816406,326529
2026-07-17 13:10:00-04:00,385.4150085449219,385.4150085449219,385.6899108886719,385.19000244140625,385.19500732421875,103545
2026-07-17 13:12:00-04:00,385.3999938964844,385.3999938964844,385.6050109863281,385.20001220703125,385.3699951171875,86154
2026-07-17 13:14:00-04:00,385.0150146484375,385.0150146484375,385.4399108886719,384.92999267578125,385.3999938964844,88363
2026-07-17 13:16:00-04:00,384.8299865722656,384.8299865722656,385.1400146484375,384.7200012207031,385.0299987792969,96621
2026-07-17 13:18:00-04:00,384.3699951171875,384.3699951171875,384.989990234375,384.18011474609375,384.8800048828125,116077
2026-07-17 13:20:00-04:00,384.1600036621094,384.1600036621094,384.45001220703125,384.1300048828125,384.3599853515625,62571
2026-07-17 13:22:00-04:00,384.4100036621094,384.4100036621094,384.6499938964844,384.19000244140625,384.2200012207031,77335
2026-07-17 13:24:00-04:00,384.4700012207031,384.4700012207031,385.20001220703125,384.3608093261719,384.3977966308594,137167
2026-07-17 13:26:00-04:00,384.4599914550781,384.4599914550781,384.8900146484375,384.32000732421875,384.4849853515625,71763
2026-07-17 13:28:00-04:00,384.5299987792969,384.5299987792969,384.739990234375,384.3900146484375,384.4599914550781,42738
2026-07-17 13:30:00-04:00,384.5799865722656,384.5799865722656,384.77459716796875,384.4200134277344,384.4949951171875,108155
2026-07-17 13:32:00-04:00,384.2850036621094,384.2850036621094,384.7200012207031,384.04998779296875,384.6000061035156,67895
2026-07-17 13:34:00-04:00,383.9200134277344,383.9200134277344,384.4150085449219,383.6400146484375,384.2702941894531,115399
2026-07-17 13:36:00-04:00,383.7300109863281,383.7300109863281,384.04998779296875,383.5400085449219,383.9599914550781,132663
2026-07-17 13:38:00-04:00,383.1050109863281,383.1050109863281,383.75,382.75,383.7004089355469,146660
2026-07-17 13:40:00-04:00,382.8599853515625,382.8599853515625,383.2300109863281,382.5899963378906,383.0899963378906,89447
2026-07-17 13:42:00-04:00,383.010009765625,383.010009765625,383.1700134277344,382.8399963378906,382.8500061035156,70989
2026-07-17 13:44:00-04:00,383.17999267578125,383.17999267578125,383.2760009765625,382.80999755859375,383.0400085449219,67358
2026-07-17 13:46:00-04:00,382.57000732421875,382.57000732421875,383.19500732421875,382.2900085449219,383.17999267578125,93241
2026-07-17 13:48:00-04:00,382.80999755859375,382.80999755859375,382.9800109863281,382.5799865722656,382.5950927734375,56160
2026-07-17 13:50:00-04:00,382.3800048828125,382.3800048828125,382.8900146484375,382.1600036621094,382.8900146484375,209696
2026-07-17 13:52:00-04:00,382.1300964355469,382.1300964355469,382.4700012207031,381.9100036621094,382.3800048828125,95803
2026-07-17 13:54:00-04:00,382.13189697265625,382.13189697265625,382.4200134277344,381.79998779296875,382.1400146484375,85957
2026-07-17 13:56:00-04:00,382.375,382.375,382.3999938964844,382.04998779296875,382.19000244140625,61993
2026-07-17 13:58:00-04:00,382.3999938964844,382.3999938964844,382.44989013671875,382.1199951171875,382.375,83520
2026-07-17 14:00:00-04:00,381.80499267578125,381.80499267578125,382.5299987792969,381.739990234375,382.45001220703125,116204
2026-07-17 14:02:00-04:00,382.55499267578125,382.55499267578125,382.5799865722656,381.75,381.80499267578125,101083
2026-07-17 14:04:00-04:00,382.30999755859375,382.30999755859375,382.8066101074219,382.20001220703125,382.57501220703125,73502
2026-07-17 14:06:00-04:00,382.42999267578125,382.42999267578125,382.489990234375,381.80999755859375,382.3500061035156,122185
2026-07-17 14:08:00-04:00,382.20001220703125,382.20001220703125,382.55999755859375,382.04998779296875,382.4049987792969,76781
2026-07-17 14:10:00-04:00,382.0050048828125,382.0050048828125,382.3699951171875,381.9100036621094,382.2001037597656,64683
2026-07-17 14:12:00-04:00,382.06500244140625,382.06500244140625,382.29998779296875,381.9200134277344,382.010009765625,53876
2026-07-17 14:14:00-04:00,381.69000244140625,381.69000244140625,382.1000061035156,381.5,382.06768798828125,88573
2026-07-17 14:16:00-04:00,381.6199951171875,381.6199951171875,381.8746032714844,381.4599914550781,381.7300109863281,83919
2026-07-17 14:18:00-04:00,381.79998779296875,381.79998779296875,381.9700012207031,381.6000061035156,381.7200012207031,58890
2026-07-17 14:20:00-04:00,381.5150146484375,381.5150146484375,381.82989501953125,381.29998779296875,381.7850036621094,101653
2026-07-17 14:22:00-04:00,381.7749938964844,381.7749938964844,381.9599914550781,381.5899963378906,381.6449890136719,54009
2026-07-17 14:24:00-04:00,381.3599853515625,381.3599853515625,381.82000732421875,381.2449951171875,381.82000732421875,77356
2026-07-17 14:26:00-04:00,381.5799865722656,381.5799865722656,381.75,381.30999755859375,381.3900146484375,180861
2026-07-17 14:28:00-04:00,381.6499938964844,381.6499938964844,381.75,381.45001220703125,381.55999755859375,53031
2026-07-17 14:30:00-04:00,381.5950012207031,381.5950012207031,382.239990234375,381.57000732421875,381.6499938964844,98699
2026-07-17 14:32:00-04:00,381.3599853515625,381.3599853515625,381.739990234375,381.30999755859375,381.57000732421875,60509
2026-07-17 14:34:00-04:00,381.4049987792969,381.4049987792969,381.6199951171875,381.30999755859375,381.35009765625,59648
2026-07-17 14:36:00-04:00,381.1650085449219,381.1650085449219,381.6000061035156,381.0899963378906,381.4049987792969,73298
2026-07-17 14:38:00-04:00,381.1099853515625,381.1099853515625,381.45001220703125,381.0,381.1400146484375,60414
2026-07-17 14:40:00-04:00,380.7301025390625,380.7301025390625,381.1449890136719,380.7300109863281,381.1000061035156,70393
2026-07-17 14:42:00-04:00,380.68499755859375,380.68499755859375,380.8800048828125,380.5899963378906,380.7699890136719,84697
2026-07-17 14:44:00-04:00,380.8399963378906,380.8399963378906,380.9800109863281,380.5799865722656,380.6499938964844,54638
2026-07-17 14:46:00-04:00,381.375,381.375,381.3890075683594,380.6700134277344,380.8399963378906,73721
2026-07-17 14:48:00-04:00,381.3800048828125,381.3800048828125,381.6506042480469,381.32000732421875,381.375,82383
2026-07-17 14:50:00-04:00,381.29998779296875,381.29998779296875,381.45001220703125,381.1000061035156,381.3299865722656,52197
2026-07-17 14:52:00-04:00,381.6300048828125,381.6300048828125,381.7699890136719,381.2001037597656,381.2900085449219,100330
2026-07-17 14:54:00-04:00,381.93499755859375,381.93499755859375,382.0899963378906,381.57000732421875,381.6400146484375,105058
2026-07-17 14:56:00-04:00,381.8699951171875,381.8699951171875,382.0199890136719,381.65008544921875,381.8999938964844,44215
2026-07-17 14:58:00-04:00,381.75,381.75,381.989990234375,381.75,381.8500061035156,45775
2026-07-17 15:00:00-04:00,381.4800109863281,381.4800109863281,381.8699035644531,381.2900085449219,381.739990234375,101553
2026-07-17 15:02:00-04:00,381.42999267578125,381.42999267578125,381.5498962402344,381.2099914550781,381.44000244140625,96223
2026-07-17 15:04:00-04:00,381.70001220703125,381.70001220703125,381.7298889160156,381.2799987792969,381.42999267578125,47892
2026-07-17 15:06:00-04:00,381.6000061035156,381.6000061035156,381.8699951171875,381.510009765625,381.7099914550781,46183
2026-07-17 15:08:00-04:00,381.57501220703125,381.57501220703125,381.7099914550781,381.4200134277344,381.54010009765625,58869
2026-07-17 15:10:00-04:00,381.3900146484375,381.3900146484375,381.6099853515625,381.32000732421875,381.5899963378906,76627
2026-07-17 15:12:00-04:00,381.010009765625,381.010009765625,381.4100036621094,381.0,381.3800048828125,75297
2026-07-17 15:14:00-04:00,381.1700134277344,381.1700134277344,381.20001220703125,380.8999938964844,381.07989501953125,60408
2026-07-17 15:16:00-04:00,381.3500061035156,381.3500061035156,381.45001220703125,381.07000732421875,381.1449890136719,52869
2026-07-17 15:18:00-04:00,381.69000244140625,381.69000244140625,381.8299865722656,381.2300109863281,381.25,78851
2026-07-17 15:20:00-04:00,381.45001220703125,381.45001220703125,381.6604919433594,381.3800048828125,381.6600036621094,45706
2026-07-17 15:22:00-04:00,381.6099853515625,381.6099853515625,381.7398986816406,381.3599853515625,381.5,44636
2026-07-17 15:24:00-04:00,381.3900146484375,381.3900146484375,381.739990234375,381.32000732421875,381.6199951171875,68737
2026-07-17 15:26:00-04:00,381.6650085449219,381.6650085449219,381.79998779296875,381.1499938964844,381.3900146484375,88487
2026-07-17 15:28:00-04:00,382.4549865722656,382.4549865722656,382.5,381.7085876464844,381.70941162109375,136405
2026-07-17 15:30:00-04:00,382.7699890136719,382.7699890136719,383.2099914550781,382.5,382.5,172138
2026-07-17 15:32:00-04:00,382.3299865722656,382.3299865722656,382.79998779296875,382.2200012207031,382.760009765625,102318
2026-07-17 15:34:00-04:00,382.0199890136719,382.0199890136719,382.4100036621094,381.95001220703125,382.3299865722656,97087
2026-07-17 15:36:00-04:00,382.17498779296875,382.17498779296875,382.231201171875,381.82000732421875,382.0199890136719,67271
2026-07-17 15:38:00-04:00,381.8299865722656,381.8299865722656,382.19989013671875,381.70001220703125,382.1650085449219,71090
2026-07-17 15:40:00-04:00,381.9576110839844,381.9576110839844,382.0150146484375,381.6000061035156,381.9100036621094,98109
2026-07-17 15:42:00-04:00,381.5199890136719,381.5199890136719,381.9200134277344,381.3500061035156,381.8699951171875,91624
2026-07-17 15:44:00-04:00,381.739990234375,381.739990234375,381.89990234375,381.3500061035156,381.5199890136719,92437
2026-07-17 15:46:00-04:00,381.75,381.75,381.8999938964844,381.5199890136719,381.8287048339844,71208
2026-07-17 15:48:00-04:00,381.8299865722656,381.8299865722656,382.0199890136719,381.67999267578125,381.79998779296875,99368
2026-07-17 15:50:00-04:00,381.94000244140625,381.94000244140625,382.0299987792969,381.260498046875,381.8500061035156,154306
2026-07-17 15:52:00-04:00,381.5400085449219,381.5400085449219,382.0899963378906,381.10009765625,382.010009765625,208686
2026-07-17 15:54:00-04:00,381.739990234375,381.739990234375,381.86871337890625,380.8900146484375,381.510009765625,241678
2026-07-17 15:56:00-04:00,381.5400085449219,381.5400085449219,381.909912109375,381.4599914550781,381.739990234375,222110
2026-07-17 15:58:00-04:00,380.69000244140625,380.69000244140625,381.6499938964844,380.6860046386719,381.5400085449219,688144
2026-07-20 09:30:00-04:00,382.6200866699219,382.6200866699219,384.5,382.6000061035156,384.1099853515625,1152140
2026-07-20 09:32:00-04:00,382.3500061035156,382.3500061035156,383.260009765625,381.6000061035156,382.9800109863281,262656
2026-07-20 09:34:00-04:00,381.8479919433594,381.8479919433594,382.70001220703125,381.3999938964844,382.2799987792969,256649
2026-07-20 09:36:00-04:00,381.0481872558594,381.0481872558594,382.4399108886719,380.54998779296875,381.9024963378906,325429
2026-07-20 09:38:00-04:00,381.4700012207031,381.4700012207031,381.94000244140625,380.8299865722656,381.010009765625,210506
2026-07-20 09:40:00-04:00,381.4599914550781,381.4599914550781,381.6600036621094,380.7200012207031,381.42388916015625,191328
2026-07-20 09:42:00-04:00,381.510009765625,381.510009765625,382.1300048828125,380.760009765625,381.489990234375,301645
2026-07-20 09:44:00-04:00,382.31988525390625,382.31988525390625,382.70001220703125,381.1300048828125,381.45001220703125,248346
2026-07-20 09:46:00-04:00,381.50860595703125,381.50860595703125,382.5400085449219,380.8999938964844,382.1700134277344,234762
2026-07-20 09:48:00-04:00,380.3608093261719,380.3608093261719,381.909912109375,380.29998779296875,381.55999755859375,242996
2026-07-20 09:50:00-04:00,380.489990234375,380.489990234375,380.489990234375,379.6000061035156,380.3399963378906,334834
2026-07-20 09:52:00-04:00,379.0799865722656,379.0799865722656,380.6000061035156,379.010009765625,380.4599914550781,321395
2026-07-20 09:54:00-04:00,378.4599914550781,378.4599914550781,379.4999084472656,378.17999267578125,379.0852966308594,273812
2026-07-20 09:56:00-04:00,376.96661376953125,376.96661376953125,378.6098937988281,376.79998779296875,378.4599914550781,382639
2026-07-20 09:58:00-04:00,375.6000061035156,375.6000061035156,377.20989990234375,375.3699951171875,376.95001220703125,384804
2026-07-20 10:00:00-04:00,375.8573913574219,375.8573913574219,375.8800048828125,374.8800048828125,375.6300048828125,423460
2026-07-20 10:02:00-04:00,376.5150146484375,376.5150146484375,376.6000061035156,375.5199890136719,375.80999755859375,314941
2026-07-20 10:04:00-04:00,376.29998779296875,376.29998779296875,376.95989990234375,375.7300109863281,376.5199890136719,299655
2026-07-20 10:06:00-04:00,376.10009765625,376.10009765625,376.5899963378906,375.79998779296875,376.25,226353
2026-07-20 10:08:00-04:00,376.45001220703125,376.45001220703125,376.5899963378906,376.1400146484375,376.1650085449219,170609
2026-07-20 10:10:00-04:00,374.94000244140625,374.94000244140625,376.45001220703125,374.9200134277344,376.4049987792969,256854
2026-07-20 10:12:00-04:00,375.3399963378906,375.3399963378906,375.489990234375,374.7200012207031,374.94000244140625,191560
2026-07-20 10:14:00-04:00,375.4549865722656,375.4549865722656,375.54998779296875,374.7300109863281,375.2590026855469,205351
2026-07-20 10:16:00-04:00,374.7250061035156,374.7250061035156,375.55999755859375,374.20001220703125,375.4599914550781,363871
2026-07-20 10:18:00-04:00,374.8699951171875,374.8699951171875,375.3500061035156,374.6000061035156,374.68121337890625,137324
2026-07-20 10:20:00-04:00,374.4800109863281,374.4800109863281,375.1400146484375,374.0799865722656,374.9700012207031,233952
2026-07-20 10:22:00-04:00,374.5899963378906,374.5899963378906,374.70989990234375,373.7200012207031,374.55999755859375,235505
2026-07-20 10:24:00-04:00,374.3599853515625,374.3599853515625,374.7449951171875,374.0,374.56500244140625,150995
2026-07-20 10:26:00-04:00,374.4949951171875,374.4949951171875,374.8800048828125,374.1499938964844,374.3599853515625,166830
2026-07-20 10:28:00-04:00,374.8500061035156,374.8500061035156,375.0199890136719,373.8999938964844,374.4949951171875,220038
2026-07-20 10:30:00-04:00,375.239990234375,375.239990234375,375.45001220703125,374.7200012207031,374.8569030761719,199086
2026-07-20 10:32:00-04:00,374.82501220703125,374.82501220703125,375.260009765625,374.3800048828125,375.2049865722656,158264
2026-07-20 10:34:00-04:00,375.364990234375,375.364990234375,375.45001220703125,374.54998779296875,374.82501220703125,127569
2026-07-20 10:36:00-04:00,374.6499938964844,374.6499938964844,375.45001220703125,374.4200134277344,375.364990234375,164413
2026-07-20 10:38:00-04:00,375.3500061035156,375.3500061035156,375.3500061035156,374.2099914550781,374.6650085449219,132102
2026-07-20 10:40:00-04:00,374.7900085449219,374.7900085449219,375.5199890136719,374.7500915527344,375.29998779296875,127000
2026-07-20 10:42:00-04:00,374.82000732421875,374.82000732421875,375.3500061035156,374.70001220703125,374.8399963378906,121747
2026-07-20 10:44:00-04:00,374.44000244140625,374.44000244140625,374.9200134277344,373.6600036621094,374.7699890136719,196686
2026-07-20 10:46:00-04:00,373.9700012207031,373.9700012207031,374.5899963378906,373.93011474609375,374.4551086425781,103553
2026-07-20 10:48:00-04:00,373.82501220703125,373.82501220703125,374.0398864746094,373.3299865722656,373.9849853515625,163325
2026-07-20 10:50:00-04:00,373.705810546875,373.705810546875,374.2300109863281,373.43109130859375,373.7699890136719,138333
2026-07-20 10:52:00-04:00,373.1700134277344,373.1700134277344,373.9800109863281,373.04998779296875,373.6650085449219,166160
2026-07-20 10:54:00-04:00,373.80499267578125,373.80499267578125,373.8800048828125,373.1000061035156,373.1650085449219,163956
2026-07-20 10:56:00-04:00,373.2349853515625,373.2349853515625,373.83648681640625,372.95001220703125,373.80499267578125,209219
2026-07-20 10:58:00-04:00,373.3699951171875,373.3699951171875,373.4999084472656,372.8999938964844,373.1700134277344,124064
2026-07-20 11:00:00-04:00,373.7200012207031,373.7200012207031,373.9200134277344,373.1000061035156,373.3599853515625,152180
2026-07-20 11:02:00-04:00,374.1199951171875,374.1199951171875,374.3500061035156,373.5199890136719,373.7550048828125,140837
2026-07-20 11:04:00-04:00,373.0412902832031,373.0412902832031,374.2698974609375,372.9501037597656,374.1199951171875,144467
2026-07-20 11:06:00-04:00,374.04998779296875,374.04998779296875,374.20001220703125,373.05999755859375,373.1000061035156,118623
2026-07-20 11:08:00-04:00,374.6000061035156,374.6000061035156,374.739990234375,374.0400085449219,374.0799865722656,158548
2026-07-20 11:10:00-04:00,374.20599365234375,374.20599365234375,374.6499938964844,374.0101013183594,374.6000061035156,92012
2026-07-20 11:12:00-04:00,374.1050109863281,374.1050109863281,374.45001220703125,373.8352966308594,374.1700134277344,81907
2026-07-20 11:14:00-04:00,373.79998779296875,373.79998779296875,374.1199951171875,373.29998779296875,374.1000061035156,137032
2026-07-20 11:16:00-04:00,373.9599914550781,373.9599914550781,374.0400085449219,373.5299987792969,373.7550048828125,88510
2026-07-20 11:18:00-04:00,373.5899963378906,373.5899963378906,374.1499938964844,373.3399963378906,373.9599914550781,110117
2026-07-20 11:20:00-04:00,373.948486328125,373.948486328125,374.1099853515625,373.2900085449219,373.5899963378906,98685
2026-07-20 11:22:00-04:00,373.8550109863281,373.8550109863281,374.29998779296875,373.80999755859375,373.9419860839844,94605
2026-07-20 11:24:00-04:00,373.95001220703125,373.95001220703125,374.20831298828125,373.69000244140625,373.8778991699219,120441
2026-07-20 11:26:00-04:00,373.9049987792969,373.9049987792969,374.20001220703125,373.79998779296875,373.95001220703125,85471
2026-07-20 11:28:00-04:00,373.9200134277344,373.9200134277344,373.96990966796875,373.45001220703125,373.8949890136719,118920
2026-07-20 11:30:00-04:00,373.8800964355469,373.8800964355469,373.9805908203125,373.70001220703125,373.94000244140625,57959
2026-07-20 11:32:00-04:00,373.95001220703125,373.95001220703125,374.1000061035156,373.7001037597656,373.8999938964844,75079
2026-07-20 11:34:00-04:00,373.3399963378906,373.3399963378906,373.92999267578125,373.2099914550781,373.885009765625,134515
2026-07-20 11:36:00-04:00,373.0150146484375,373.0150146484375,373.3900146484375,372.9599914550781,373.3399963378906,149074
2026-07-20 11:38:00-04:00,372.6700134277344,372.6700134277344,373.20001220703125,372.6000061035156,373.0350036621094,173615
2026-07-20 11:40:00-04:00,372.6400146484375,372.6400146484375,372.8399963378906,372.30999755859375,372.6700134277344,205464
2026-07-20 11:42:00-04:00,372.1099853515625,372.1099853515625,372.83599853515625,372.07000732421875,372.6799011230469,147566
2026-07-20 11:44:00-04:00,372.05999755859375,372.05999755859375,372.3999938964844,371.8800964355469,372.1180114746094,255333
2026-07-20 11:46:00-04:00,372.239990234375,372.239990234375,372.3550109863281,371.9006042480469,372.0599060058594,130090
2026-07-20 11:48:00-04:00,371.8800048828125,371.8800048828125,372.2898864746094,371.79998779296875,372.2200012207031,105481
2026-07-20 11:50:00-04:00,372.6099853515625,372.6099853515625,372.7489929199219,371.6400146484375,371.885009765625,249951
2026-07-20 11:52:00-04:00,372.8500061035156,372.8500061035156,373.0400085449219,372.42999267578125,372.5899963378906,195813
2026-07-20 11:54:00-04:00,373.19000244140625,373.19000244140625,373.3500061035156,372.8288879394531,372.8500061035156,180818
2026-07-20 11:56:00-04:00,372.7699890136719,372.7699890136719,373.2200012207031,372.6600036621094,373.1499938964844,105436
2026-07-20 11:58:00-04:00,373.9949951171875,373.9949951171875,374.1300048828125,372.67999267578125,372.739990234375,272671
2026-07-20 12:00:00-04:00,374.0849914550781,374.0849914550781,374.6600036621094,373.8301086425781,374.0,243976
2026-07-20 12:02:00-04:00,374.239990234375,374.239990234375,374.2572937011719,373.56500244140625,374.1700134277344,126193
2026-07-20 12:04:00-04:00,374.4649963378906,374.4649963378906,374.54998779296875,373.94000244140625,374.239990234375,105466
2026-07-20 12:06:00-04:00,374.57000732421875,374.57000732421875,374.6575012207031,374.35009765625,374.4984130859375,140967
2026-07-20 12:08:00-04:00,375.8949890136719,375.8949890136719,375.9399108886719,374.5799865722656,374.6000061035156,228718
2026-07-20 12:10:00-04:00,376.45001220703125,376.45001220703125,377.0,375.7900085449219,375.9338073730469,275087
2026-07-20 12:12:00-04:00,376.5,376.5,376.79998779296875,376.0,376.5,185153
2026-07-20 12:14:00-04:00,376.0249938964844,376.0249938964844,376.5,375.8299865722656,376.4100036621094,162711
2026-07-20 12:16:00-04:00,375.72320556640625,375.72320556640625,376.07989501953125,375.6700134277344,376.0249938964844,94593
2026-07-20 12:18:00-04:00,374.93499755859375,374.93499755859375,375.79998779296875,374.75,375.7401123046875,182073
2026-07-20 12:20:00-04:00,375.5450134277344,375.5450134277344,375.7398986816406,374.75,374.8699951171875,147287
2026-07-20 12:22:00-04:00,375.79998779296875,375.79998779296875,375.8699951171875,375.3999938964844,375.5450134277344,101177
2026-07-20 12:24:00-04:00,375.30999755859375,375.30999755859375,375.8500061035156,375.1700134277344,375.75,78650
2026-07-20 12:26:00-04:00,375.2349853515625,375.2349853515625,375.4649963378906,375.0,375.29998779296875,64499
2026-07-20 12:28:00-04:00,375.31500244140625,375.31500244140625,375.45001220703125,375.1300048828125,375.2349853515625,59476
2026-07-20 12:30:00-04:00,375.489990234375,375.489990234375,375.54998779296875,375.181884765625,375.3500061035156,51696
2026-07-20 12:32:00-04:00,374.45001220703125,374.45001220703125,375.5,374.3999938964844,375.45001220703125,103171
2026-07-20 12:34:00-04:00,374.5799865722656,374.5799865722656,374.75,374.3999938964844,374.44000244140625,114225
2026-07-20 12:36:00-04:00,374.8599853515625,374.8599853515625,374.8599853515625,374.3999938964844,374.62359619140625,93707
2026-07-20 12:38:00-04:00,374.9100036621094,374.9100036621094,375.0412902832031,374.5414123535156,374.8299865722656,68599
2026-07-20 12:40:00-04:00,374.0799865722656,374.0799865722656,375.1799011230469,373.43011474609375,374.9700012207031,201079
2026-07-20 12:42:00-04:00,374.489990234375,374.489990234375,374.6700134277344,374.04998779296875,374.25,64806
2026-07-20 12:44:00-04:00,373.4649963378906,373.4649963378906,374.5,373.3299865722656,374.489990234375,165408
2026-07-20 12:46:00-04:00,374.0,374.0,374.2300109863281,373.2601013183594,373.4649963378906,130304
2026-07-20 12:48:00-04:00,374.0403137207031,374.0403137207031,374.2486877441406,373.79998779296875,373.92999267578125,107313
2026-07-20 12:50:00-04:00,373.2705078125,373.2705078125,374.0350036621094,373.19000244140625,374.0,119940
2026-07-20 12:52:00-04:00,373.3699951171875,373.3699951171875,373.45001220703125,373.1600036621094,373.2850036621094,71461
2026-07-20 12:54:00-04:00,373.0849914550781,373.0849914550781,373.42999267578125,372.4184875488281,373.42999267578125,165493
2026-07-20 12:56:00-04:00,372.86151123046875,372.86151123046875,373.1311950683594,372.6199951171875,373.10430908203125,56088
2026-07-20 12:58:00-04:00,372.8999938964844,372.8999938964844,373.2294921875,372.7099914550781,372.7900085449219,66329
2026-07-20 13:00:00-04:00,372.8800048828125,372.8800048828125,373.2598876953125,372.80999755859375,372.885009765625,66670
2026-07-20 13:02:00-04:00,372.78271484375,372.78271484375,373.05999755859375,372.7300109863281,372.9200134277344,61911
2026-07-20 13:04:00-04:00,373.0299987792969,373.0299987792969,373.06988525390625,372.69000244140625,372.81500244140625,63571
2026-07-20 13:06:00-04:00,372.50469970703125,372.50469970703125,373.1199951171875,372.489990234375,373.0299987792969,75378
2026-07-20 13:08:00-04:00,372.69000244140625,372.69000244140625,372.81988525390625,372.44000244140625,372.57501220703125,66784
2026-07-20 13:10:00-04:00,372.55999755859375,372.55999755859375,372.82989501953125,372.36029052734375,372.7149963378906,86010
2026-07-20 13:12:00-04:00,372.5351867675781,372.5351867675781,372.8399963378906,372.3699951171875,372.5450134277344,60608
2026-07-20 13:14:00-04:00,372.1600036621094,372.1600036621094,372.51959228515625,372.1000061035156,372.4861145019531,71237
2026-07-20 13:16:00-04:00,372.4949951171875,372.4949951171875,372.6000061035156,372.010009765625,372.1600036621094,85896
2026-07-20 13:18:00-04:00,372.6400146484375,372.6400146484375,372.7900085449219,372.3800048828125,372.4700012207031,83952
2026-07-20 13:20:00-04:00,372.4599914550781,372.4599914550781,372.70001220703125,372.3999938964844,372.62799072265625,73682
2026-07-20 13:22:00-04:00,372.510009765625,372.510009765625,372.70001220703125,372.29998779296875,372.5199890136719,66044
2026-07-20 13:24:00-04:00,372.4200134277344,372.4200134277344,372.57000732421875,372.07000732421875,372.4599914550781,97085
2026-07-20 13:26:00-04:00,372.30999755859375,372.30999755859375,372.6000061035156,372.20001220703125,372.4100036621094,54044
2026-07-20 13:28:00-04:00,372.17999267578125,372.17999267578125,372.3299865722656,372.04998779296875,372.3299865722656,105634
2026-07-20 13:30:00-04:00,371.9649963378906,371.9649963378906,372.19000244140625,371.53009033203125,372.17999267578125,179286
2026-07-20 13:32:00-04:00,371.9413146972656,371.9413146972656,372.29998779296875,371.8900146484375,371.9649963378906,99800
2026-07-20 13:34:00-04:00,371.8399963378906,371.8399963378906,372.30499267578125,371.7200012207031,371.9649963378906,96714
2026-07-20 13:36:00-04:00,371.6600036621094,371.6600036621094,371.8699035644531,371.3900146484375,371.8500061035156,165348
2026-07-20 13:38:00-04:00,371.5,371.5,371.8399963378906,371.32000732421875,371.67120361328125,101763
2026-07-20 13:40:00-04:00,371.1400146484375,371.1400146484375,371.5697021484375,370.8999938964844,371.5,250333
2026-07-20 13:42:00-04:00,371.239990234375,371.239990234375,371.5,370.760009765625,371.1099853515625,215522
2026-07-20 13:44:00-04:00,371.51019287109375,371.51019287109375,371.59991455078125,371.04998779296875,371.25,158911
2026-07-20 13:46:00-04:00,371.55999755859375,371.55999755859375,371.6000061035156,371.1400146484375,371.5249938964844,76345
2026-07-20 13:48:00-04:00,371.6700134277344,371.6700134277344,371.82501220703125,371.489990234375,371.5299987792969,90695
2026-07-20 13:50:00-04:00,372.6700134277344,372.6700134277344,372.82440185546875,371.5924987792969,371.6400146484375,152769
2026-07-20 13:52:00-04:00,373.05999755859375,373.05999755859375,373.2300109863281,372.6300964355469,372.6600036621094,185843
2026-07-20 13:54:00-04:00,373.2799987792969,373.2799987792969,373.29998779296875,372.9800109863281,373.0299987792969,139005
2026-07-20 13:56:00-04:00,373.33428955078125,373.33428955078125,373.3900146484375,372.9100036621094,373.29998779296875,119656
2026-07-20 13:58:00-04:00,373.1050109863281,373.1050109863281,373.57000732421875,372.8399963378906,373.4100036621094,151566
2026-07-20 14:00:00-04:00,373.3800048828125,373.3800048828125,373.57000732421875,373.04998779296875,373.04998779296875,125374
2026-07-20 14:02:00-04:00,373.57000732421875,373.57000732421875,373.5899963378906,373.3200988769531,373.375,94981
2026-07-20 14:04:00-04:00,373.5199890136719,373.5199890136719,373.7799987792969,373.3800048828125,373.55499267578125,100222
2026-07-20 14:06:00-04:00,373.4450988769531,373.4450988769531,373.6300048828125,373.30999755859375,373.5150146484375,102580
2026-07-20 14:08:00-04:00,373.8800048828125,373.8800048828125,374.010009765625,373.36279296875,373.42999267578125,105300
2026-07-20 14:10:00-04:00,374.1600036621094,374.1600036621094,374.25,373.7900085449219,373.8800048828125,106789
2026-07-20 14:12:00-04:00,374.2300109863281,374.2300109863281,374.6000061035156,374.0232849121094,374.1650085449219,141634
2026-07-20 14:14:00-04:00,374.0150146484375,374.0150146484375,374.3299865722656,373.8999938964844,374.2449951171875,112230
2026-07-20 14:16:00-04:00,374.1900939941406,374.1900939941406,374.409912109375,373.8999938964844,374.027587890625,89946
2026-07-20 14:18:00-04:00,373.8299865722656,373.8299865722656,374.2049865722656,373.57000732421875,374.16009521484375,110255
2026-07-20 14:20:00-04:00,373.6549987792969,373.6549987792969,374.0,373.3599853515625,373.8799133300781,90863
2026-07-20 14:22:00-04:00,373.42999267578125,373.42999267578125,373.6099853515625,373.19000244140625,373.5899963378906,73229
2026-07-20 14:24:00-04:00,372.8999938964844,372.8999938964844,373.3900146484375,372.7699890136719,373.3599853515625,124070
2026-07-20 14:26:00-04:00,372.7900085449219,372.7900085449219,373.0,372.5700988769531,372.8800048828125,74145
2026-07-20 14:28:00-04:00,372.5899963378906,372.5899963378906,372.9700012207031,372.5799865722656,372.7900085449219,68639
2026-07-20 14:30:00-04:00,372.3699951171875,372.3699951171875,372.6659851074219,372.2099914550781,372.6000061035156,88990
2026-07-20 14:32:00-04:00,372.0799865722656,372.0799865722656,372.5050048828125,372.04998779296875,372.45001220703125,63783
2026-07-20 14:34:00-04:00,372.32000732421875,372.32000732421875,372.42999267578125,371.6099853515625,372.1499938964844,125941
2026-07-20 14:36:00-04:00,372.5,372.5,372.75,372.2200012207031,372.30999755859375,83969
2026-07-20 14:38:00-04:00,372.0,372.0,372.7283935546875,371.75,372.5599060058594,113147
2026-07-20 14:40:00-04:00,371.9591979980469,371.9591979980469,372.20001220703125,371.80999755859375,372.05499267578125,91672
2026-07-20 14:42:00-04:00,371.2699890136719,371.2699890136719,371.92498779296875,371.0199890136719,371.92498779296875,322910
2026-07-20 14:44:00-04:00,371.17498779296875,371.17498779296875,371.44000244140625,370.9800109863281,371.29998779296875,150300
2026-07-20 14:46:00-04:00,371.1099853515625,371.1099853515625,371.2799987792969,370.93060302734375,371.239990234375,150106
2026-07-20 14:48:00-04:00,371.05499267578125,371.05499267578125,371.2720031738281,370.7799987792969,371.1099853515625,163407
2026-07-20 14:50:00-04:00,370.92010498046875,370.92010498046875,371.260009765625,370.8299865722656,371.1000061035156,83419
2026-07-20 14:52:00-04:00,371.1549987792969,371.1549987792969,371.19989013671875,370.5199890136719,370.9200134277344,168785
2026-07-20 14:54:00-04:00,371.31500244140625,371.31500244140625,371.42999267578125,370.9800109863281,371.1549987792969,162700
2026-07-20 14:56:00-04:00,371.0799865722656,371.0799865722656,371.5799865722656,370.92010498046875,371.3500061035156,98149
2026-07-20 14:58:00-04:00,371.3299865722656,371.3299865722656,371.409912109375,370.7799987792969,371.04998779296875,102565
2026-07-20 15:00:00-04:00,371.1099853515625,371.1099853515625,371.31988525390625,370.92999267578125,371.2099914550781,73675
2026-07-20 15:02:00-04:00,370.2875061035156,370.2875061035156,371.0950012207031,370.1400146484375,371.0849914550781,169052
2026-07-20 15:04:00-04:00,370.5400085449219,370.5400085449219,370.5400085449219,369.94000244140625,370.260009765625,385969
2026-07-20 15:06:00-04:00,370.4549865722656,370.4549865722656,370.6700134277344,370.04998779296875,370.5199890136719,94326
2026-07-20 15:08:00-04:00,370.3299865722656,370.3299865722656,370.5299987792969,370.29998779296875,370.4200134277344,94222
2026-07-20 15:10:00-04:00,370.3599853515625,370.3599853515625,370.57501220703125,370.20001220703125,370.3800048828125,117281
2026-07-20 15:12:00-04:00,370.010009765625,370.010009765625,370.3500061035156,369.8900146484375,370.3500061035156,143210
2026-07-20 15:14:00-04:00,370.0199890136719,370.0199890136719,370.0498962402344,369.5799865722656,370.0,155067
2026-07-20 15:16:00-04:00,370.2049865722656,370.2049865722656,370.3800048828125,369.8399963378906,369.95001220703125,111116
2026-07-20 15:18:00-04:00,370.3507080078125,370.3507080078125,370.4800109863281,370.1499938964844,370.2300109863281,99200
2026-07-20 15:20:00-04:00,370.3922119140625,370.3922119140625,370.56500244140625,370.25,370.3500061035156,109014
2026-07-20 15:22:00-04:00,370.30999755859375,370.30999755859375,370.6000061035156,370.1000061035156,370.3800048828125,150978
2026-07-20 15:24:00-04:00,370.489990234375,370.489990234375,370.9200134277344,370.2200012207031,370.30999755859375,127862
2026-07-20 15:26:00-04:00,370.44000244140625,370.44000244140625,370.6199951171875,370.1700134277344,370.57000732421875,117188
2026-07-20 15:28:00-04:00,371.04998779296875,371.04998779296875,371.20001220703125,370.2200012207031,370.44000244140625,163955
2026-07-20 15:30:00-04:00,370.9200134277344,370.9200134277344,371.260009765625,370.5199890136719,371.010009765625,172001
2026-07-20 15:32:00-04:00,371.04998779296875,371.04998779296875,371.3594970703125,370.8299865722656,370.95208740234375,107368
2026-07-20 15:34:00-04:00,370.57000732421875,370.57000732421875,371.21600341796875,370.5,371.06939697265625,91968
2026-07-20 15:36:00-04:00,370.54998779296875,370.54998779296875,370.8598937988281,370.4599914550781,370.5101013183594,131157
2026-07-20 15:38:00-04:00,370.82501220703125,370.82501220703125,371.1300048828125,370.3800048828125,370.45001220703125,108539
2026-07-20 15:40:00-04:00,371.4200134277344,371.4200134277344,371.44500732421875,370.7200012207031,370.8500061035156,150212
2026-07-20 15:42:00-04:00,371.4800109863281,371.4800109863281,371.54998779296875,371.0,371.42999267578125,161582
2026-07-20 15:44:00-04:00,371.6650085449219,371.6650085449219,371.8999938964844,371.3900146484375,371.4800109863281,186078
2026-07-20 15:46:00-04:00,371.385009765625,371.385009765625,371.70001220703125,371.1600036621094,371.70001220703125,116790
2026-07-20 15:48:00-04:00,371.75,371.75,371.8500061035156,371.2900085449219,371.4200134277344,109211
2026-07-20 15:50:00-04:00,370.7449951171875,370.7449951171875,371.760009765625,370.67999267578125,371.75,192439
2026-07-20 15:52:00-04:00,370.2690124511719,370.2690124511719,370.79998779296875,370.0799865722656,370.7799987792969,306283
2026-07-20 15:54:00-04:00,370.32000732421875,370.32000732421875,370.75,369.81500244140625,370.2650146484375,386951
2026-07-20 15:56:00-04:00,369.92498779296875,369.92498779296875,370.4599914550781,369.8900146484375,370.30999755859375,338850
2026-07-20 15:58:00-04:00,369.5899963378906,369.5899963378906,370.0,369.42498779296875,369.9100036621094,719412
2026-07-21 09:30:00-04:00,374.67449951171875,374.67449951171875,375.2998962402344,369.989990234375,370.9800109863281,2351432
2026-07-21 09:32:00-04:00,374.81939697265625,374.81939697265625,375.70001220703125,374.20001220703125,374.6499938964844,424540
2026-07-21 09:34:00-04:00,375.5849914550781,375.5849914550781,375.6600036621094,373.3399963378906,374.70001220703125,396694
2026-07-21 09:36:00-04:00,376.43499755859375,376.43499755859375,376.7200012207031,375.4501037597656,375.6600036621094,449148
2026-07-21 09:38:00-04:00,374.29998779296875,374.29998779296875,376.8999938964844,374.29998779296875,376.45001220703125,388406
2026-07-21 09:40:00-04:00,374.92999267578125,374.92999267578125,375.0,373.7200012207031,374.3500061035156,301843
2026-07-21 09:42:00-04:00,375.7850036621094,375.7850036621094,376.9403076171875,374.67999267578125,374.93499755859375,385350
2026-07-21 09:44:00-04:00,375.3800048828125,375.3800048828125,376.6300048828125,375.32000732421875,375.7900085449219,273875
2026-07-21 09:46:00-04:00,375.8999938964844,375.8999938964844,376.0899963378906,375.0799865722656,375.4898986816406,193319
2026-07-21 09:48:00-04:00,376.1600036621094,376.1600036621094,376.3598937988281,375.3900146484375,375.80999755859375,231271
2026-07-21 09:50:00-04:00,376.0799865722656,376.0799865722656,376.9700012207031,375.8500061035156,376.1600036621094,260894
2026-07-21 09:52:00-04:00,375.8299865722656,375.8299865722656,376.6700134277344,375.6000061035156,376.0799865722656,197581
2026-07-21 09:54:00-04:00,376.69000244140625,376.69000244140625,376.96990966796875,375.6499938964844,375.9100036621094,218568
2026-07-21 09:56:00-04:00,376.30499267578125,376.30499267578125,376.79998779296875,376.0,376.7099914550781,190740
2026-07-21 09:58:00-04:00,377.6416931152344,377.6416931152344,377.6700134277344,376.1199951171875,376.29998779296875,316649
2026-07-21 10:00:00-04:00,378.7300109863281,378.7300109863281,379.7300109863281,377.3399963378906,377.6300048828125,596854
2026-07-21 10:02:00-04:00,378.79998779296875,378.79998779296875,379.3800048828125,378.2300109863281,378.7149963378906,232400
2026-07-21 10:04:00-04:00,379.0350036621094,379.0350036621094,379.2799987792969,378.2900085449219,378.7554016113281,268469
2026-07-21 10:06:00-04:00,379.5350036621094,379.5350036621094,379.8900146484375,378.8500061035156,379.0350036621094,293426
2026-07-21 10:08:00-04:00,379.6199951171875,379.6199951171875,380.04998779296875,379.24798583984375,379.5299987792969,274940
2026-07-21 10:10:00-04:00,378.94000244140625,378.94000244140625,379.92999267578125,378.4599914550781,379.6199951171875,232026
2026-07-21 10:12:00-04:00,379.8500061035156,379.8500061035156,379.8800048828125,378.75,378.93499755859375,230982
2026-07-21 10:14:00-04:00,379.6499938964844,379.6499938964844,380.20001220703125,379.3800048828125,379.8399963378906,286249
2026-07-21 10:16:00-04:00,380.510009765625,380.510009765625,380.739990234375,379.4200134277344,379.6499938964844,216559
2026-07-21 10:18:00-04:00,381.1549987792969,381.1549987792969,381.2799987792969,380.17999267578125,380.4599914550781,352751
2026-07-21 10:20:00-04:00,380.8699951171875,380.8699951171875,381.5487060546875,380.6700134277344,381.20001220703125,241905
2026-07-21 10:22:00-04:00,382.57501220703125,382.57501220703125,382.639892578125,380.6099853515625,380.8999938964844,271321
2026-07-21 10:24:00-04:00,382.5350036621094,382.5350036621094,382.7900085449219,381.5199890136719,382.5950012207031,377061
2026-07-21 10:26:00-04:00,382.989990234375,382.989990234375,383.1000061035156,382.4100036621094,382.5799865722656,257144
2026-07-21 10:28:00-04:00,382.6099853515625,382.6099853515625,383.3500061035156,382.43499755859375,383.0799865722656,229697
2026-07-21 10:30:00-04:00,382.94500732421875,382.94500732421875,383.04949951171875,381.7832946777344,382.54998779296875,257649
2026-07-21 10:32:00-04:00,382.760009765625,382.760009765625,383.1099853515625,382.2699890136719,382.9599914550781,179581
2026-07-21 10:34:00-04:00,382.20001220703125,382.20001220703125,383.1000061035156,382.20001220703125,382.80999755859375,192290
2026-07-21 10:36:00-04:00,381.8699951171875,381.8699951171875,382.4599914550781,381.6700134277344,382.29998779296875,201854
2026-07-21 10:38:00-04:00,382.8800048828125,382.8800048828125,382.8800048828125,381.2401123046875,381.8949890136719,239183
2026-07-21 10:40:00-04:00,382.239990234375,382.239990234375,383.0,382.1499938964844,382.8800048828125,202757
2026-07-21 10:42:00-04:00,383.1099853515625,383.1099853515625,383.3500061035156,382.239990234375,382.239990234375,237665
2026-07-21 10:44:00-04:00,383.2099914550781,383.2099914550781,383.45001220703125,382.8299865722656,383.1499938964844,207279
2026-07-21 10:46:00-04:00,383.2550048828125,383.2550048828125,383.32000732421875,382.8500061035156,383.2099914550781,145579
2026-07-21 10:48:00-04:00,383.6099853515625,383.6099853515625,384.07000732421875,383.10009765625,383.2550048828125,361214
2026-07-21 10:50:00-04:00,383.3901062011719,383.3901062011719,383.7900085449219,383.0,383.55999755859375,183310
2026-07-21 10:52:00-04:00,383.0799865722656,383.0799865722656,383.6199951171875,382.8599853515625,383.375,139126
2026-07-21 10:54:00-04:00,382.9200134277344,382.9200134277344,383.3599853515625,382.70001220703125,383.05999755859375,151320
2026-07-21 10:56:00-04:00,382.7799987792969,382.7799987792969,382.989990234375,382.29998779296875,382.9700012207031,146011
2026-07-21 10:58:00-04:00,382.7539978027344,382.7539978027344,382.9999084472656,382.1600036621094,382.7850036621094,215042
2026-07-21 11:00:00-04:00,382.6700134277344,382.6700134277344,382.9200134277344,382.5,382.8183898925781,96871
2026-07-21 11:02:00-04:00,382.02178955078125,382.02178955078125,382.70001220703125,381.8699951171875,382.69989013671875,168793
2026-07-21 11:04:00-04:00,381.96990966796875,381.96990966796875,382.1400146484375,381.6700134277344,382.04998779296875,142724
2026-07-21 11:06:00-04:00,382.17999267578125,382.17999267578125,382.3999938964844,381.93011474609375,381.9649963378906,124634
2026-07-21 11:08:00-04:00,382.54998779296875,382.54998779296875,382.9800109863281,382.20001220703125,382.2650146484375,118469
2026-07-21 11:10:00-04:00,382.19500732421875,382.19500732421875,382.9700012207031,382.010009765625,382.54998779296875,122038
2026-07-21 11:12:00-04:00,382.0,382.0,382.4800109863281,382.0,382.19500732421875,105551
2026-07-21 11:14:00-04:00,382.1701965332031,382.1701965332031,382.4599914550781,381.8399963378906,382.0150146484375,118444
2026-07-21 11:16:00-04:00,381.70001220703125,381.70001220703125,382.25,381.52801513671875,382.25,105048
2026-07-21 11:18:00-04:00,381.8500061035156,381.8500061035156,382.0,381.4200134277344,381.5950012207031,102158
2026-07-21 11:20:00-04:00,382.0350036621094,382.0350036621094,382.3299865722656,381.6099853515625,381.8500061035156,154301
2026-07-21 11:22:00-04:00,381.55999755859375,381.55999755859375,382.1400146484375,381.2799987792969,382.0616149902344,117721
2026-07-21 11:24:00-04:00,381.5400085449219,381.5400085449219,381.6299133300781,380.9466857910156,381.55999755859375,189181
2026-07-21 11:26:00-04:00,381.80999755859375,381.80999755859375,382.0400085449219,381.3299865722656,381.6099853515625,149260
2026-07-21 11:28:00-04:00,381.9100036621094,381.9100036621094,381.9800109863281,381.6809997558594,381.8399963378906,93276
2026-07-21 11:30:00-04:00,380.8851013183594,380.8851013183594,381.9599914550781,380.8699951171875,381.9100036621094,124798
2026-07-21 11:32:00-04:00,380.8550109863281,380.8550109863281,381.3599853515625,380.55010986328125,380.91949462890625,136838
2026-07-21 11:34:00-04:00,380.760009765625,380.760009765625,381.0,380.4700012207031,380.8450012207031,151944
2026-07-21 11:36:00-04:00,380.8550109863281,380.8550109863281,380.9599914550781,380.5199890136719,380.7550048828125,92635
2026-07-21 11:38:00-04:00,380.8349914550781,380.8349914550781,381.0,380.6600036621094,380.8550109863281,82252
2026-07-21 11:40:00-04:00,381.05999755859375,381.05999755859375,381.2699890136719,380.6600036621094,380.79998779296875,100689
2026-07-21 11:42:00-04:00,381.135009765625,381.135009765625,381.25,380.80059814453125,381.05999755859375,76021
2026-07-21 11:44:00-04:00,380.760009765625,380.760009765625,381.2099914550781,380.760009765625,381.1709899902344,73658
2026-07-21 11:46:00-04:00,381.5799865722656,381.5799865722656,381.6099853515625,380.6700134277344,380.760009765625,102315
2026-07-21 11:48:00-04:00,382.17669677734375,382.17669677734375,382.260009765625,381.5799865722656,381.5799865722656,177219
2026-07-21 11:50:00-04:00,381.9100036621094,381.9100036621094,382.3699951171875,381.739990234375,382.2250061035156,112950
2026-07-21 11:52:00-04:00,381.8500061035156,381.8500061035156,381.9700012207031,381.3900146484375,381.9494934082031,67451
2026-07-21 11:54:00-04:00,381.7900085449219,381.7900085449219,381.8900146484375,381.57000732421875,381.8800048828125,57514
2026-07-21 11:56:00-04:00,381.4649963378906,381.4649963378906,382.0299987792969,381.4057922363281,381.739990234375,64745
2026-07-21 11:58:00-04:00,381.0899963378906,381.0899963378906,381.5899963378906,380.94000244140625,381.4649963378906,90118
2026-07-21 12:00:00-04:00,381.55499267578125,381.55499267578125,381.6000061035156,381.0000915527344,381.1000061035156,56195
2026-07-21 12:02:00-04:00,381.2900085449219,381.2900085449219,381.67999267578125,381.19000244140625,381.55499267578125,66177
2026-07-21 12:04:00-04:00,381.2698974609375,381.2698974609375,381.4999084472656,381.0799865722656,381.32000732421875,67762
2026-07-21 12:06:00-04:00,381.1101989746094,381.1101989746094,381.3299865722656,381.0400085449219,381.25,76019
2026-07-21 12:08:00-04:00,381.0400085449219,381.0400085449219,381.42999267578125,381.0199890136719,381.1449890136719,59234
2026-07-21 12:10:00-04:00,381.4100036621094,381.4100036621094,381.6300048828125,380.8900146484375,381.07000732421875,79050
2026-07-21 12:12:00-04:00,381.2349853515625,381.2349853515625,381.5799865722656,381.1199951171875,381.3949890136719,52193
2026-07-21 12:14:00-04:00,381.05999755859375,381.05999755859375,381.260009765625,380.8710021972656,381.2449951171875,95237
2026-07-21 12:16:00-04:00,380.9601135253906,380.9601135253906,381.1199951171875,380.8699951171875,381.0614929199219,50264
2026-07-21 12:18:00-04:00,381.0050048828125,381.0050048828125,381.05999755859375,380.739990234375,380.93121337890625,81676
2026-07-21 12:20:00-04:00,381.1449890136719,381.1449890136719,381.2650146484375,380.8399963378906,381.0050048828125,67592
2026-07-21 12:22:00-04:00,381.5849914550781,381.5849914550781,381.6700134277344,381.010009765625,381.1698913574219,69394
2026-07-21 12:24:00-04:00,381.9849853515625,381.9849853515625,382.0450134277344,381.5,381.6400146484375,105427
2026-07-21 12:26:00-04:00,381.2200012207031,381.2200012207031,382.0199890136719,381.1300048828125,381.9700012207031,111996
2026-07-21 12:28:00-04:00,381.3349914550781,381.3349914550781,381.54998779296875,381.1600036621094,381.2200012207031,50222
2026-07-21 12:30:00-04:00,381.19000244140625,381.19000244140625,381.4872131347656,380.9800109863281,381.3699951171875,71606
2026-07-21 12:32:00-04:00,381.54998779296875,381.54998779296875,381.7099914550781,381.0700988769531,381.2300109863281,60497
2026-07-21 12:34:00-04:00,381.1700134277344,381.1700134277344,381.55999755859375,381.10198974609375,381.55999755859375,71299
2026-07-21 12:36:00-04:00,381.0799865722656,381.0799865722656,381.2300109863281,380.8702087402344,381.17010498046875,76163
2026-07-21 12:38:00-04:00,381.1300048828125,381.1300048828125,381.2178955078125,380.9700012207031,381.0899963378906,53695
2026-07-21 12:40:00-04:00,380.9700012207031,380.9700012207031,381.25,380.8500061035156,381.13958740234375,121800
2026-07-21 12:42:00-04:00,380.8999938964844,380.8999938964844,381.0799865722656,380.7799987792969,381.0,48835
2026-07-21 12:44:00-04:00,380.7099914550781,380.7099914550781,380.94500732421875,380.57000732421875,380.9200134277344,58298
2026-07-21 12:46:00-04:00,380.9700012207031,380.9700012207031,381.0199890136719,380.3301086425781,380.739990234375,142239
2026-07-21 12:48:00-04:00,380.989990234375,380.989990234375,381.19000244140625,380.82000732421875,380.9150085449219,74496
2026-07-21 12:50:00-04:00,381.30999755859375,381.30999755859375,381.489990234375,380.95001220703125,380.9801025390625,63448
2026-07-21 12:52:00-04:00,381.1549987792969,381.1549987792969,381.3299865722656,381.064697265625,381.3299865722656,40459
2026-07-21 12:54:00-04:00,381.1600036621094,381.1600036621094,381.2099914550781,381.010009765625,381.1300048828125,65580
2026-07-21 12:56:00-04:00,380.9800109863281,380.9800109863281,381.1700134277344,380.9100036621094,381.1600036621094,57578
2026-07-21 12:58:00-04:00,380.6700134277344,380.6700134277344,381.0794982910156,380.6600036621094,381.0180969238281,81899
2026-07-21 13:00:00-04:00,381.0299987792969,381.0299987792969,381.19000244140625,380.6700134277344,380.69000244140625,75034
2026-07-21 13:02:00-04:00,380.9200134277344,380.9200134277344,381.06500244140625,380.8500061035156,381.0299987792969,47564
2026-07-21 13:04:00-04:00,380.989990234375,380.989990234375,381.07000732421875,380.7720031738281,380.92999267578125,70265
2026-07-21 13:06:00-04:00,380.95001220703125,380.95001220703125,381.081298828125,380.8500061035156,381.010009765625,46609
2026-07-21 13:08:00-04:00,380.4649963378906,380.4649963378906,381.07000732421875,380.44000244140625,380.94500732421875,70315
2026-07-21 13:10:00-04:00,379.989990234375,379.989990234375,380.5498962402344,379.6700134277344,380.4599914550781,259131
2026-07-21 13:12:00-04:00,379.69500732421875,379.69500732421875,379.9800109863281,379.5799865722656,379.94500732421875,79086
2026-07-21 13:14:00-04:00,379.6099853515625,379.6099853515625,379.7650146484375,379.54998779296875,379.6600036621094,62440
2026-07-21 13:16:00-04:00,379.7701110839844,379.7701110839844,380.1000061035156,379.6000061035156,379.7099914550781,108615
2026-07-21 13:18:00-04:00,379.6199951171875,379.6199951171875,379.8999938964844,379.5799865722656,379.7699890136719,56688
2026-07-21 13:20:00-04:00,379.5199890136719,379.5199890136719,379.70001220703125,379.3500061035156,379.635009765625,97114
2026-07-21 13:22:00-04:00,379.7900085449219,379.7900085449219,379.8999938964844,379.50189208984375,379.54998779296875,62152
2026-07-21 13:24:00-04:00,379.739990234375,379.739990234375,379.8616943359375,379.67999267578125,379.80999755859375,56292
2026-07-21 13:26:00-04:00,379.29998779296875,379.29998779296875,379.75,379.281005859375,379.739990234375,84455
2026-07-21 13:28:00-04:00,379.43011474609375,379.43011474609375,379.6499938964844,379.1199951171875,379.2749938964844,95745
2026-07-21 13:30:00-04:00,379.7850036621094,379.7850036621094,380.0199890136719,379.44000244140625,379.45379638671875,97698
2026-07-21 13:32:00-04:00,379.7900085449219,379.7900085449219,379.8399963378906,379.5799865722656,379.80999755859375,47056
2026-07-21 13:34:00-04:00,379.8299865722656,379.8299865722656,379.8299865722656,379.3599853515625,379.739990234375,54587
2026-07-21 13:36:00-04:00,380.2200012207031,380.2200012207031,380.3800048828125,379.80999755859375,379.80999755859375,65983
2026-07-21 13:38:00-04:00,380.1499938964844,380.1499938964844,380.45001220703125,380.1099853515625,380.2001037597656,62892
2026-07-21 13:40:00-04:00,379.95001220703125,379.95001220703125,380.25,379.9200134277344,380.1499938964844,62743
2026-07-21 13:42:00-04:00,379.6300048828125,379.6300048828125,379.95001220703125,379.5299987792969,379.9200134277344,55977
2026-07-21 13:44:00-04:00,379.68499755859375,379.68499755859375,379.9200134277344,379.6099853515625,379.6099853515625,66022
2026-07-21 13:46:00-04:00,379.9849853515625,379.9849853515625,380.05999755859375,379.6000061035156,379.66009521484375,45747
2026-07-21 13:48:00-04:00,380.1700134277344,380.1700134277344,380.29949951171875,379.8800048828125,379.9700012207031,39339
2026-07-21 13:50:00-04:00,379.7300109863281,379.7300109863281,380.3500061035156,379.6700134277344,380.1449890136719,91346
2026-07-21 13:52:00-04:00,379.3815002441406,379.3815002441406,379.75,379.3800048828125,379.6960144042969,50153
2026-07-21 13:54:00-04:00,379.29998779296875,379.29998779296875,379.3999938964844,379.1099853515625,379.3800048828125,63723
2026-07-21 13:56:00-04:00,379.2972106933594,379.2972106933594,379.54998779296875,379.2099914550781,379.2550048828125,63216
2026-07-21 13:58:00-04:00,379.489990234375,379.489990234375,379.5899963378906,379.2799987792969,379.3500061035156,38451
2026-07-21 14:00:00-04:00,379.8299865722656,379.8299865722656,380.1000061035156,379.4599914550781,379.5,78011
2026-07-21 14:02:00-04:00,380.1400146484375,380.1400146484375,380.20001220703125,379.8399963378906,379.864990234375,66501
2026-07-21 14:04:00-04:00,380.2799987792969,380.2799987792969,380.510009765625,380.07000732421875,380.0899963378906,98651
2026-07-21 14:06:00-04:00,380.25,380.25,380.42498779296875,380.0899963378906,380.2301025390625,58044
2026-07-21 14:08:00-04:00,380.18499755859375,380.18499755859375,380.5223083496094,380.1499938964844,380.30999755859375,50673
2026-07-21 14:10:00-04:00,380.239990234375,380.239990234375,380.3500061035156,380.05999755859375,380.2200012207031,34264
2026-07-21 14:12:00-04:00,380.2200012207031,380.2200012207031,380.3399963378906,379.9700012207031,380.2850036621094,68244
2026-07-21 14:14:00-04:00,380.010009765625,380.010009765625,380.19000244140625,379.9100036621094,380.1700134277344,43949
2026-07-21 14:16:00-04:00,380.1000061035156,380.1000061035156,380.19000244140625,379.9801025390625,380.0,33172
2026-07-21 14:18:00-04:00,380.1199951171875,380.1199951171875,380.33990478515625,380.0799865722656,380.1700134277344,44190
2026-07-21 14:20:00-04:00,380.3450012207031,380.3450012207031,380.3699951171875,380.0199890136719,380.1400146484375,41987
2026-07-21 14:22:00-04:00,380.6099853515625,380.6099853515625,380.6899108886719,380.2799987792969,380.3699951171875,74149
2026-07-21 14:24:00-04:00,380.3599853515625,380.3599853515625,380.67999267578125,380.1199951171875,380.6000061035156,85938
2026-07-21 14:26:00-04:00,379.95001220703125,379.95001220703125,380.4798889160156,379.80999755859375,380.32000732421875,69473
2026-07-21 14:28:00-04:00,380.0400085449219,380.0400085449219,380.1700134277344,379.9150085449219,379.9599914550781,47257
2026-07-21 14:30:00-04:00,379.8450012207031,379.8450012207031,380.1700134277344,379.8399963378906,380.0400085449219,55696
2026-07-21 14:32:00-04:00,379.8699951171875,379.8699951171875,380.0201110839844,379.8399963378906,379.86590576171875,35865
2026-07-21 14:34:00-04:00,380.125,380.125,380.1400146484375,379.84228515625,379.8699951171875,52847
2026-07-21 14:36:00-04:00,379.8299865722656,379.8299865722656,380.17999267578125,379.7900085449219,380.1015930175781,37984
2026-07-21 14:38:00-04:00,379.6300048828125,379.6300048828125,379.8699951171875,379.3999938964844,379.8428955078125,68401
2026-07-21 14:40:00-04:00,379.67999267578125,379.67999267578125,379.7799987792969,379.54998779296875,379.6300048828125,36395
2026-07-21 14:42:00-04:00,379.8999938964844,379.8999938964844,379.8999938964844,379.6050109863281,379.67999267578125,36340
2026-07-21 14:44:00-04:00,379.8900146484375,379.8900146484375,380.156005859375,379.864990234375,379.864990234375,59336
2026-07-21 14:46:00-04:00,379.7699890136719,379.7699890136719,379.92999267578125,379.54998779296875,379.9150085449219,42241
2026-07-21 14:48:00-04:00,379.55999755859375,379.55999755859375,379.82080078125,379.4700012207031,379.7149963378906,38227
2026-07-21 14:50:00-04:00,379.2650146484375,379.2650146484375,379.6499938964844,379.21099853515625,379.54998779296875,42805
2026-07-21 14:52:00-04:00,379.0299072265625,379.0299072265625,379.2900085449219,378.8999938964844,379.2900085449219,101369
2026-07-21 14:54:00-04:00,378.80999755859375,378.80999755859375,379.0400085449219,378.57000732421875,378.9849853515625,88243
2026-07-21 14:56:00-04:00,378.44000244140625,378.44000244140625,378.8999938964844,378.3299865722656,378.79998779296875,69289
2026-07-21 14:58:00-04:00,378.3699951171875,378.3699951171875,378.6000061035156,378.239990234375,378.4549865722656,91460
2026-07-21 15:00:00-04:00,378.1099853515625,378.1099853515625,378.3450012207031,378.04998779296875,378.29998779296875,79673
2026-07-21 15:02:00-04:00,378.0299987792969,378.0299987792969,378.3900146484375,377.8500061035156,378.1000061035156,88231
2026-07-21 15:04:00-04:00,378.2101135253906,378.2101135253906,378.3500061035156,377.8100891113281,378.0152893066406,76427
2026-07-21 15:06:00-04:00,378.2049865722656,378.2049865722656,378.3900146484375,378.1499938964844,378.2449951171875,56918
2026-07-21 15:08:00-04:00,378.20098876953125,378.20098876953125,378.2900085449219,378.07000732421875,378.20001220703125,27282
2026-07-21 15:10:00-04:00,378.1499938964844,378.1499938964844,378.3299865722656,378.05999755859375,378.2799987792969,32544
2026-07-21 15:12:00-04:00,378.0400085449219,378.0400085449219,378.33990478515625,378.010009765625,378.20001220703125,50926
2026-07-21 15:14:00-04:00,378.2550048828125,378.2550048828125,378.29998779296875,377.8599853515625,378.05499267578125,72039
2026-07-21 15:16:00-04:00,377.9800109863281,377.9800109863281,378.3399963378906,377.95001220703125,378.2550048828125,43244
2026-07-21 15:18:00-04:00,377.8999938964844,377.8999938964844,378.1700134277344,377.8500061035156,377.9800109863281,47350
2026-07-21 15:20:00-04:00,377.9200134277344,377.9200134277344,378.0799865722656,377.70001220703125,377.8599853515625,90355
2026-07-21 15:22:00-04:00,377.8599853515625,377.8599853515625,378.1099853515625,377.8399963378906,377.9378967285156,56342
2026-07-21 15:24:00-04:00,377.75,377.75,378.04998779296875,377.70001220703125,377.8999938964844,43385
2026-07-21 15:26:00-04:00,377.4612121582031,377.4612121582031,377.9700012207031,377.40008544921875,377.7200012207031,90885
2026-07-21 15:28:00-04:00,376.90008544921875,376.90008544921875,377.6299133300781,376.8999938964844,377.45001220703125,111176
2026-07-21 15:30:00-04:00,377.0899963378906,377.0899963378906,377.17999267578125,376.7699890136719,376.94500732421875,144437
2026-07-21 15:32:00-04:00,377.260009765625,377.260009765625,377.2900085449219,376.70001220703125,377.0920104980469,126453
2026-07-21 15:34:00-04:00,377.6099853515625,377.6099853515625,377.739990234375,377.2500915527344,377.2900085449219,112878
2026-07-21 15:36:00-04:00,377.57000732421875,377.57000732421875,377.7398986816406,377.3900146484375,377.5799865722656,69286
2026-07-21 15:38:00-04:00,377.68499755859375,377.68499755859375,377.7300109863281,377.4700012207031,377.510009765625,73833
2026-07-21 15:40:00-04:00,377.760009765625,377.760009765625,377.9898986816406,377.57000732421875,377.6499938964844,127279
2026-07-21 15:42:00-04:00,377.9150085449219,377.9150085449219,377.95001220703125,377.7200927734375,377.7200927734375,49857
2026-07-21 15:44:00-04:00,377.6549987792969,377.6549987792969,378.0,377.6199951171875,377.9150085449219,93861
2026-07-21 15:46:00-04:00,377.7300109863281,377.7300109863281,377.92999267578125,377.6499938964844,377.6499938964844,62290
2026-07-21 15:48:00-04:00,377.8999938964844,377.8999938964844,377.94000244140625,377.6733093261719,377.7550048828125,82322
2026-07-21 15:50:00-04:00,377.4549865722656,377.4549865722656,377.7900085449219,377.2950134277344,377.7900085449219,143959
2026-07-21 15:52:00-04:00,377.9599914550781,377.9599914550781,378.0,377.42999267578125,377.45001220703125,231353
2026-07-21 15:54:00-04:00,378.70001220703125,378.70001220703125,379.5799865722656,377.7300109863281,377.9599914550781,379990
2026-07-21 15:56:00-04:00,379.18499755859375,379.18499755859375,379.4849853515625,378.54998779296875,378.70001220703125,295126
2026-07-21 15:58:00-04:00,378.9198913574219,378.9198913574219,379.2799987792969,378.8599853515625,379.2099914550781,751814
2026-07-22 09:30:00-04:00,375.875,375.875,378.29998779296875,375.44000244140625,377.635009765625,1215422
2026-07-22 09:32:00-04:00,377.260009765625,377.260009765625,378.25,375.69000244140625,375.69000244140625,226087
2026-07-22 09:34:00-04:00,377.7900085449219,377.7900085449219,378.239990234375,377.0639953613281,377.260009765625,183747
2026-07-22 09:36:00-04:00,378.135009765625,378.135009765625,378.4200134277344,377.4100036621094,377.8900146484375,191743
2026-07-22 09:38:00-04:00,378.18499755859375,378.18499755859375,378.79998779296875,377.5,378.1549987792969,230420
2026-07-22 09:40:00-04:00,377.8299865722656,377.8299865722656,379.1099853515625,377.65008544921875,378.2131042480469,219063
2026-07-22 09:42:00-04:00,378.1199951171875,378.1199951171875,378.489990234375,377.42010498046875,377.64898681640625,177214
2026-07-22 09:44:00-04:00,378.8900146484375,378.8900146484375,379.75,378.0199890136719,378.1294860839844,244800
2026-07-22 09:46:00-04:00,379.0,379.0,379.4374084472656,378.8399963378906,378.8544006347656,158550
2026-07-22 09:48:00-04:00,379.70001220703125,379.70001220703125,379.8900146484375,378.67999267578125,378.9700012207031,199529
2026-07-22 09:50:00-04:00,379.05999755859375,379.05999755859375,379.80999755859375,378.3900146484375,379.6400146484375,170083
2026-07-22 09:52:00-04:00,379.9800109863281,379.9800109863281,380.1000061035156,378.94000244140625,379.0350036621094,259087
2026-07-22 09:54:00-04:00,379.6300048828125,379.6300048828125,380.1700134277344,379.239990234375,380.0400085449219,178134
2026-07-22 09:56:00-04:00,379.0849914550781,379.0849914550781,379.5799865722656,378.5101013183594,379.5799865722656,161958
2026-07-22 09:58:00-04:00,379.5400085449219,379.5400085449219,379.7300109863281,379.07000732421875,379.0799865722656,123359
2026-07-22 10:00:00-04:00,379.1549987792969,379.1549987792969,380.139892578125,378.7701110839844,379.6000061035156,191778
2026-07-22 10:02:00-04:00,379.2300109863281,379.2300109863281,379.3500061035156,378.7301025390625,379.17999267578125,93707
2026-07-22 10:04:00-04:00,379.8153991699219,379.8153991699219,379.989990234375,379.1499938964844,379.2012939453125,148809
2026-07-22 10:06:00-04:00,378.3699951171875,378.3699951171875,379.8699951171875,378.1400146484375,379.82000732421875,203292
2026-07-22 10:08:00-04:00,377.010009765625,377.010009765625,378.389892578125,376.79998779296875,378.3299865722656,256496
2026-07-22 10:10:00-04:00,377.443603515625,377.443603515625,377.82000732421875,377.0,377.0,189267
2026-07-22 10:12:00-04:00,377.1400146484375,377.1400146484375,377.8599853515625,377.0716857910156,377.4549865722656,119247
2026-07-22 10:14:00-04:00,376.4840087890625,376.4840087890625,377.44000244140625,376.16009521484375,377.1700134277344,164254
2026-07-22 10:16:00-04:00,377.239990234375,377.239990234375,377.30999755859375,376.3900146484375,376.4751892089844,149172
2026-07-22 10:18:00-04:00,377.3901062011719,377.3901062011719,377.4800109863281,376.7200012207031,377.2744140625,91470
2026-07-22 10:20:00-04:00,377.67999267578125,377.67999267578125,377.8399963378906,377.0815124511719,377.3900146484375,126929
2026-07-22 10:22:00-04:00,377.95001220703125,377.95001220703125,378.08990478515625,377.29998779296875,377.6600036621094,157818
2026-07-22 10:24:00-04:00,378.010009765625,378.010009765625,378.17999267578125,377.3800048828125,377.9501037597656,114892
2026-07-22 10:26:00-04:00,377.5,377.5,378.0599060058594,377.239990234375,377.9411926269531,83245
2026-07-22 10:28:00-04:00,377.4849853515625,377.4849853515625,377.79998779296875,377.29998779296875,377.54998779296875,74350
2026-07-22 10:30:00-04:00,377.57000732421875,377.57000732421875,377.7799987792969,377.2900085449219,377.510009765625,72200
2026-07-22 10:32:00-04:00,377.42730712890625,377.42730712890625,377.84991455078125,377.29998779296875,377.5350036621094,82623
2026-07-22 10:34:00-04:00,377.58990478515625,377.58990478515625,377.58990478515625,376.8901062011719,377.4800109863281,112177
2026-07-22 10:36:00-04:00,377.35809326171875,377.35809326171875,378.0098876953125,377.29180908203125,377.5350036621094,144441
2026-07-22 10:38:00-04:00,377.5299987792969,377.5299987792969,377.56988525390625,377.0400085449219,377.29998779296875,53065
2026-07-22 10:40:00-04:00,376.9999084472656,376.9999084472656,377.7099914550781,376.8203125,377.489990234375,74362
2026-07-22 10:42:00-04:00,377.3299865722656,377.3299865722656,377.3699951171875,376.7799987792969,376.95001220703125,74640
2026-07-22 10:44:00-04:00,377.0799865722656,377.0799865722656,377.3999938964844,376.6000061035156,377.30999755859375,92583
2026-07-22 10:46:00-04:00,377.4599914550781,377.4599914550781,377.510009765625,376.9200134277344,377.07501220703125,85936
2026-07-22 10:48:00-04:00,377.55999755859375,377.55999755859375,377.739990234375,377.2900085449219,377.489990234375,72450
2026-07-22 10:50:00-04:00,377.0350036621094,377.0350036621094,377.70001220703125,376.7749938964844,377.6000061035156,80233
2026-07-22 10:52:00-04:00,377.0,377.0,377.3399963378906,376.8999938964844,377.0840148925781,69865
2026-07-22 10:54:00-04:00,376.7598876953125,376.7598876953125,377.2799072265625,376.25,377.0799865722656,98334
2026-07-22 10:56:00-04:00,377.19000244140625,377.19000244140625,377.19000244140625,376.614990234375,376.760009765625,73314
2026-07-22 10:58:00-04:00,377.18499755859375,377.18499755859375,377.32000732421875,377.010009765625,377.17999267578125,66441
2026-07-22 11:00:00-04:00,377.3599853515625,377.3599853515625,377.739990234375,377.1199951171875,377.1400146484375,92966
2026-07-22 11:02:00-04:00,376.7650146484375,376.7650146484375,377.3599853515625,376.5400085449219,377.3399963378906,106170
2026-07-22 11:04:00-04:00,377.2900085449219,377.2900085449219,377.39990234375,376.6600036621094,376.7650146484375,86256
2026-07-22 11:06:00-04:00,377.4949951171875,377.4949951171875,377.5400085449219,377.0033874511719,377.2699890136719,63567
2026-07-22 11:08:00-04:00,376.739990234375,376.739990234375,377.4800109863281,376.6499938964844,377.4800109863281,90046
2026-07-22 11:10:00-04:00,376.90631103515625,376.90631103515625,377.0,376.6400146484375,376.69000244140625,74835
2026-07-22 11:12:00-04:00,376.8800048828125,376.8800048828125,376.989990234375,376.67010498046875,376.9700012207031,48196
2026-07-22 11:14:00-04:00,377.1199951171875,377.1199951171875,377.3500061035156,376.8599853515625,376.8800048828125,60245
2026-07-22 11:16:00-04:00,377.19000244140625,377.19000244140625,377.3900146484375,377.1400146484375,377.17999267578125,43298
2026-07-22 11:18:00-04:00,377.92498779296875,377.92498779296875,378.0199890136719,377.1099853515625,377.19000244140625,608379
2026-07-22 11:20:00-04:00,378.1499938964844,378.1499938964844,378.70001220703125,377.7200012207031,377.9599914550781,135804
2026-07-22 11:22:00-04:00,378.1449890136719,378.1449890136719,378.2799987792969,377.8599853515625,378.1199951171875,83760
2026-07-22 11:24:00-04:00,378.1000061035156,378.1000061035156,378.3999938964844,378.010009765625,378.1449890136719,61828
2026-07-22 11:26:00-04:00,378.3599853515625,378.3599853515625,378.5,378.1000061035156,378.1199951171875,75383
2026-07-22 11:28:00-04:00,377.9974060058594,377.9974060058594,378.3999938964844,377.7101135253906,378.3299865722656,65274
2026-07-22 11:30:00-04:00,377.9599914550781,377.9599914550781,378.1199951171875,377.7200012207031,377.99951171875,61073
2026-07-22 11:32:00-04:00,377.6600036621094,377.6600036621094,378.0400085449219,377.54998779296875,377.9800109863281,59525
2026-07-22 11:34:00-04:00,377.6499938964844,377.6499938964844,377.8598937988281,377.4425964355469,377.6650085449219,42783
2026-07-22 11:36:00-04:00,377.7200012207031,377.7200012207031,377.8599853515625,377.4800109863281,377.6449890136719,53192
2026-07-22 11:38:00-04:00,377.29998779296875,377.29998779296875,377.79998779296875,377.2200012207031,377.760009765625,69027
2026-07-22 11:40:00-04:00,377.82000732421875,377.82000732421875,377.8800048828125,376.9100036621094,377.29998779296875,143269
2026-07-22 11:42:00-04:00,378.17999267578125,378.17999267578125,378.29998779296875,377.44000244140625,377.7699890136719,121852
2026-07-22 11:44:00-04:00,378.739990234375,378.739990234375,378.9100036621094,377.82000732421875,377.82000732421875,115626
2026-07-22 11:46:00-04:00,378.5150146484375,378.5150146484375,378.95001220703125,378.2846984863281,378.7699890136719,66522
2026-07-22 11:48:00-04:00,378.7049865722656,378.7049865722656,378.75,378.1199951171875,378.5150146484375,77355
2026-07-22 11:50:00-04:00,378.6549987792969,378.6549987792969,378.79998779296875,378.44000244140625,378.70001220703125,64590
2026-07-22 11:52:00-04:00,378.4649963378906,378.4649963378906,378.6600036621094,378.42999267578125,378.6549987792969,56687
2026-07-22 11:54:00-04:00,378.4949951171875,378.4949951171875,378.54998779296875,378.1499938964844,378.4649963378906,60661
2026-07-22 11:56:00-04:00,378.2900085449219,378.2900085449219,378.5400085449219,377.8800048828125,378.5400085449219,74325
2026-07-22 11:58:00-04:00,378.239990234375,378.239990234375,378.3699035644531,378.07000732421875,378.29998779296875,34336
2026-07-22 12:00:00-04:00,378.17999267578125,378.17999267578125,378.54998779296875,378.0899963378906,378.2239990234375,57240
2026-07-22 12:02:00-04:00,378.07000732421875,378.07000732421875,378.20001220703125,377.9549865722656,378.1600036621094,61636
2026-07-22 12:04:00-04:00,378.5,378.5,378.54998779296875,378.0,378.0299987792969,85587
2026-07-22 12:06:00-04:00,378.5199890136719,378.5199890136719,378.64990234375,378.4100036621094,378.4599914550781,49638
2026-07-22 12:08:00-04:00,378.3949890136719,378.3949890136719,378.5299987792969,378.2200012207031,378.5098876953125,51316
2026-07-22 12:10:00-04:00,378.1400146484375,378.1400146484375,378.5,378.1099853515625,378.3699951171875,63857
2026-07-22 12:12:00-04:00,378.2099914550781,378.2099914550781,378.3500061035156,377.9200134277344,378.1099853515625,66264
2026-07-22 12:14:00-04:00,378.2749938964844,378.2749938964844,378.5400085449219,378.2049865722656,378.2049865722656,44934
2026-07-22 12:16:00-04:00,377.75,377.75,378.42999267578125,377.7149963378906,378.2300109863281,64292
2026-07-22 12:18:00-04:00,377.8599853515625,377.8599853515625,378.19000244140625,377.67999267578125,377.7807922363281,52089
2026-07-22 12:20:00-04:00,377.6700134277344,377.6700134277344,377.95001220703125,377.41009521484375,377.92999267578125,98015
2026-07-22 12:22:00-04:00,377.3699951171875,377.3699951171875,377.8800048828125,377.2900085449219,377.739990234375,71828
2026-07-22 12:24:00-04:00,376.67999267578125,376.67999267578125,377.4200134277344,376.3800048828125,377.2799987792969,145911
2026-07-22 12:26:00-04:00,376.8299865722656,376.8299865722656,376.9599914550781,376.2421875,376.6199951171875,108560
2026-07-22 12:28:00-04:00,377.3699035644531,377.3699035644531,377.4599914550781,376.7900085449219,376.8599853515625,67119
2026-07-22 12:30:00-04:00,377.51251220703125,377.51251220703125,377.6499938964844,376.8900146484375,377.3699951171875,93381
2026-07-22 12:32:00-04:00,377.6549987792969,377.6549987792969,377.8500061035156,377.4700012207031,377.6099853515625,61485
2026-07-22 12:34:00-04:00,377.4700012207031,377.4700012207031,377.7200012207031,377.44000244140625,377.6404113769531,55998
2026-07-22 12:36:00-04:00,377.4200134277344,377.4200134277344,377.5299987792969,377.340087890625,377.4200134277344,41349
2026-07-22 12:38:00-04:00,377.30499267578125,377.30499267578125,377.54998779296875,377.239990234375,377.4549865722656,33957
2026-07-22 12:40:00-04:00,377.1000061035156,377.1000061035156,377.4150085449219,377.0299987792969,377.30499267578125,47143
2026-07-22 12:42:00-04:00,377.0,377.0,377.3399963378906,376.90728759765625,377.0799865722656,76362
2026-07-22 12:44:00-04:00,377.06500244140625,377.06500244140625,377.32000732421875,377.010009765625,377.0758972167969,42658
2026-07-22 12:46:00-04:00,376.8500061035156,376.8500061035156,377.2298889160156,376.7900085449219,377.1099853515625,43086
2026-07-22 12:48:00-04:00,377.1111145019531,377.1111145019531,377.32000732421875,376.8999938964844,376.9200134277344,41324
2026-07-22 12:50:00-04:00,377.2799987792969,377.2799987792969,377.5400085449219,377.0,377.1700134277344,45911
2026-07-22 12:52:00-04:00,377.0028991699219,377.0028991699219,377.3699951171875,376.94000244140625,377.20001220703125,37000
2026-07-22 12:54:00-04:00,377.5,377.5,377.5,376.9599914550781,377.05999755859375,33917
2026-07-22 12:56:00-04:00,377.7749938964844,377.7749938964844,377.8699035644531,377.3999938964844,377.53948974609375,53747
2026-07-22 12:58:00-04:00,377.9599914550781,377.9599914550781,377.9800109863281,377.70001220703125,377.79998779296875,45727
2026-07-22 13:00:00-04:00,377.75,377.75,378.2998962402344,377.70001220703125,377.94000244140625,67293
2026-07-22 13:02:00-04:00,378.0799865722656,378.0799865722656,378.1600036621094,377.6600036621094,377.7449951171875,59541
2026-07-22 13:04:00-04:00,378.1099853515625,378.1099853515625,378.1520080566406,377.79010009765625,378.0249938964844,34878
2026-07-22 13:06:00-04:00,378.239990234375,378.239990234375,378.2499084472656,378.0799865722656,378.14990234375,46443
2026-07-22 13:08:00-04:00,378.0299987792969,378.0299987792969,378.26190185546875,377.8500061035156,378.2373046875,42734
2026-07-22 13:10:00-04:00,377.7099914550781,377.7099914550781,378.0400085449219,377.6499938964844,378.0,46559
2026-07-22 13:12:00-04:00,377.6199951171875,377.6199951171875,377.80999755859375,377.489990234375,377.79339599609375,73945
2026-07-22 13:14:00-04:00,377.45001220703125,377.45001220703125,377.67999267578125,377.3599853515625,377.64581298828125,56753
2026-07-22 13:16:00-04:00,377.67498779296875,377.67498779296875,378.2300109863281,377.3562927246094,377.42999267578125,110591
2026-07-22 13:18:00-04:00,377.75,377.75,378.0299987792969,377.6000061035156,377.67498779296875,59936
2026-07-22 13:20:00-04:00,377.5,377.5,377.8699951171875,377.5,377.7799987792969,53240
2026-07-22 13:22:00-04:00,377.6050109863281,377.6050109863281,377.8500061035156,377.489990234375,377.5299987792969,41900
2026-07-22 13:24:00-04:00,377.5,377.5,377.7799987792969,377.3500061035156,377.6499938964844,31254
2026-07-22 13:26:00-04:00,377.4599914550781,377.4599914550781,377.6099853515625,377.4100036621094,377.5,28638
2026-07-22 13:28:00-04:00,377.20001220703125,377.20001220703125,377.5299987792969,377.1099853515625,377.4599914550781,47089
2026-07-22 13:30:00-04:00,377.17999267578125,377.17999267578125,377.3550109863281,377.0799865722656,377.1400146484375,75213
2026-07-22 13:32:00-04:00,376.635009765625,376.635009765625,377.17999267578125,376.4599914550781,377.17999267578125,125008
2026-07-22 13:34:00-04:00,376.9198913574219,376.9198913574219,376.94000244140625,376.4599914550781,376.625,78934
2026-07-22 13:36:00-04:00,377.1400146484375,377.1400146484375,377.19000244140625,376.760009765625,376.85870361328125,66527
2026-07-22 13:38:00-04:00,376.9400939941406,376.9400939941406,377.2799987792969,376.8605041503906,377.10009765625,67400
2026-07-22 13:40:00-04:00,376.70001220703125,376.70001220703125,376.9700012207031,376.5,376.9700012207031,95208
2026-07-22 13:42:00-04:00,376.3399963378906,376.3399963378906,376.8299865722656,376.2904968261719,376.7250061035156,77389
2026-07-22 13:44:00-04:00,376.0849914550781,376.0849914550781,376.5,375.9100036621094,376.30999755859375,145034
2026-07-22 13:46:00-04:00,375.9599914550781,375.9599914550781,376.3699951171875,375.8599853515625,376.0299987792969,77764
2026-07-22 13:48:00-04:00,376.05999755859375,376.05999755859375,376.1199951171875,375.8999938964844,376.0299072265625,56959
2026-07-22 13:50:00-04:00,375.81500244140625,375.81500244140625,376.05999755859375,375.67999267578125,376.05999755859375,106675
2026-07-22 13:52:00-04:00,375.9818115234375,375.9818115234375,376.0899963378906,375.6099853515625,375.82000732421875,87871
2026-07-22 13:54:00-04:00,376.2900085449219,376.2900085449219,376.3699951171875,375.8399963378906,375.9700012207031,127403
2026-07-22 13:56:00-04:00,376.2101135253906,376.2101135253906,376.5,376.11090087890625,376.3599853515625,40645
2026-07-22 13:58:00-04:00,375.9599914550781,375.9599914550781,376.25,375.8399963378906,376.20001220703125,59703
2026-07-22 14:00:00-04:00,375.80999755859375,375.80999755859375,376.0899963378906,375.69000244140625,375.8700866699219,74316
2026-07-22 14:02:00-04:00,376.010009765625,376.010009765625,376.1099853515625,375.5899963378906,375.8349914550781,89501
2026-07-22 14:04:00-04:00,376.1700134277344,376.1700134277344,376.2900085449219,375.9599914550781,376.05999755859375,63587
2026-07-22 14:06:00-04:00,376.35809326171875,376.35809326171875,376.3999938964844,375.9211120605469,376.1650085449219,87397
2026-07-22 14:08:00-04:00,375.5199890136719,375.5199890136719,376.3699951171875,375.5199890136719,376.3500061035156,74948
2026-07-22 14:10:00-04:00,375.6449890136719,375.6449890136719,375.9800109863281,375.3900146484375,375.55999755859375,74184
2026-07-22 14:12:00-04:00,375.2799987792969,375.2799987792969,375.75,375.1700134277344,375.610107421875,77495
2026-07-22 14:14:00-04:00,375.2300109863281,375.2300109863281,375.4599914550781,375.1499938964844,375.25,69546
2026-07-22 14:16:00-04:00,375.30999755859375,375.30999755859375,375.4700012207031,375.19000244140625,375.2300109863281,56904
2026-07-22 14:18:00-04:00,375.6000061035156,375.6000061035156,375.7200012207031,375.2799987792969,375.2799987792969,55576
2026-07-22 14:20:00-04:00,375.79998779296875,375.79998779296875,375.9100036621094,375.44000244140625,375.57501220703125,50621
2026-07-22 14:22:00-04:00,375.6695861816406,375.6695861816406,375.82000732421875,375.5799865722656,375.79998779296875,43787
2026-07-22 14:24:00-04:00,375.5799865722656,375.5799865722656,375.7799987792969,375.5,375.6700134277344,50555
2026-07-22 14:26:00-04:00,375.6799011230469,375.6799011230469,375.69000244140625,375.4200134277344,375.5799865722656,50444
2026-07-22 14:28:00-04:00,375.760009765625,375.760009765625,375.92999267578125,375.625,375.625,65822
2026-07-22 14:30:00-04:00,375.3599853515625,375.3599853515625,375.760009765625,375.20001220703125,375.7300109863281,61218
2026-07-22 14:32:00-04:00,375.55499267578125,375.55499267578125,375.6199951171875,375.2099914550781,375.3500061035156,139970
2026-07-22 14:34:00-04:00,375.54998779296875,375.54998779296875,375.6400146484375,375.17999267578125,375.55499267578125,103542
2026-07-22 14:36:00-04:00,375.4216003417969,375.4216003417969,375.70001220703125,375.3500061035156,375.57000732421875,71499
2026-07-22 14:38:00-04:00,375.42999267578125,375.42999267578125,375.5,375.1400146484375,375.3999938964844,80770
2026-07-22 14:40:00-04:00,375.6369934082031,375.6369934082031,375.6499938964844,375.264404296875,375.4130859375,94063
2026-07-22 14:42:00-04:00,375.7099914550781,375.7099914550781,375.75,375.5799865722656,375.614990234375,55962
2026-07-22 14:44:00-04:00,375.94000244140625,375.94000244140625,376.0299987792969,375.6700134277344,375.69000244140625,69222
2026-07-22 14:46:00-04:00,375.9949951171875,375.9949951171875,376.04998779296875,375.8599853515625,375.92999267578125,91788
2026-07-22 14:48:00-04:00,375.3999938964844,375.3999938964844,376.04998779296875,375.3500061035156,375.9949951171875,79880
2026-07-22 14:50:00-04:00,375.3699951171875,375.3699951171875,375.4700012207031,375.29998779296875,375.3800048828125,72821
2026-07-22 14:52:00-04:00,375.68499755859375,375.68499755859375,375.7300109863281,374.989990234375,375.3699035644531,203080
2026-07-22 14:54:00-04:00,375.364990234375,375.364990234375,375.69000244140625,375.1700134277344,375.6700134277344,99418
2026-07-22 14:56:00-04:00,375.1000061035156,375.1000061035156,375.3699951171875,375.05999755859375,375.3699951171875,81446
2026-07-22 14:58:00-04:00,375.3399963378906,375.3399963378906,375.489990234375,375.1300048828125,375.1300048828125,54440
2026-07-22 15:00:00-04:00,375.2300109863281,375.2300109863281,375.510009765625,375.1600036621094,375.29998779296875,74873
2026-07-22 15:02:00-04:00,375.4800109863281,375.4800109863281,375.6400146484375,375.17999267578125,375.17999267578125,72192
2026-07-22 15:04:00-04:00,375.5199890136719,375.5199890136719,375.70001220703125,375.3999938964844,375.4549865722656,76692
2026-07-22 15:06:00-04:00,375.2349853515625,375.2349853515625,375.55999755859375,375.1099853515625,375.5249938964844,130642
2026-07-22 15:08:00-04:00,374.30499267578125,374.30499267578125,375.25,374.2818908691406,375.2300109863281,171973
2026-07-22 15:10:00-04:00,374.20001220703125,374.20001220703125,374.4999084472656,373.9200134277344,374.2799987792969,207271
2026-07-22 15:12:00-04:00,374.052001953125,374.052001953125,374.2200012207031,373.75,374.19000244140625,90010
2026-07-22 15:14:00-04:00,374.375,374.375,374.4800109863281,374.07000732421875,374.1000061035156,104062
2026-07-22 15:16:00-04:00,374.5350036621094,374.5350036621094,374.5899963378906,374.2900085449219,374.3898010253906,76515
2026-07-22 15:18:00-04:00,374.9200134277344,374.9200134277344,374.9800109863281,374.4800109863281,374.5199890136719,141679
2026-07-22 15:20:00-04:00,374.760009765625,374.760009765625,374.939208984375,374.67999267578125,374.939208984375,84509
2026-07-22 15:22:00-04:00,375.0799865722656,375.0799865722656,375.1600036621094,374.69000244140625,374.7598876953125,111293
2026-07-22 15:24:00-04:00,374.63360595703125,374.63360595703125,375.1099853515625,374.55999755859375,375.0799865722656,115782
2026-07-22 15:26:00-04:00,374.6600036621094,374.6600036621094,374.7300109863281,374.4599914550781,374.614990234375,79281
2026-07-22 15:28:00-04:00,374.80499267578125,374.80499267578125,374.8299865722656,374.6099853515625,374.6499938964844,104120
2026-07-22 15:30:00-04:00,374.9649963378906,374.9649963378906,375.2300109863281,374.7018127441406,374.7799987792969,115978
2026-07-22 15:32:00-04:00,375.05999755859375,375.05999755859375,375.07989501953125,374.79998779296875,375.0,58485
2026-07-22 15:34:00-04:00,374.57000732421875,374.57000732421875,375.0799865722656,374.5,375.0799865722656,92043
2026-07-22 15:36:00-04:00,374.375,374.375,374.6700134277344,374.3399963378906,374.57000732421875,75536
2026-07-22 15:38:00-04:00,374.6099853515625,374.6099853515625,374.6199951171875,374.1300048828125,374.3900146484375,116292
2026-07-22 15:40:00-04:00,374.9949951171875,374.9949951171875,375.04998779296875,374.5,374.6099853515625,124868
2026-07-22 15:42:00-04:00,374.7099914550781,374.7099914550781,375.1700134277344,374.6600036621094,374.9949951171875,114159
2026-07-22 15:44:00-04:00,374.80999755859375,374.80999755859375,374.9200134277344,374.3699951171875,374.739990234375,131013
2026-07-22 15:46:00-04:00,374.7650146484375,374.7650146484375,374.9200134277344,374.5899963378906,374.8399963378906,74919
2026-07-22 15:48:00-04:00,374.7300109863281,374.7300109863281,375.1400146484375,374.7200012207031,374.7300109863281,87141
2026-07-22 15:50:00-04:00,374.2699890136719,374.2699890136719,375.1000061035156,374.0201110839844,374.7699890136719,224572
2026-07-22 15:52:00-04:00,373.82000732421875,373.82000732421875,374.5299987792969,373.75,374.2799987792969,229623
2026-07-22 15:54:00-04:00,373.69000244140625,373.69000244140625,374.1098937988281,372.8999938964844,373.7900085449219,343875
2026-07-22 15:56:00-04:00,374.1138916015625,374.1138916015625,374.42999267578125,373.510009765625,373.6600036621094,247885
2026-07-22 15:58:00-04:00,374.0509948730469,374.0509948730469,374.4800109863281,373.9200134277344,374.1300048828125,471084
2026-07-23 09:30:00-04:00,336.8699951171875,336.8699951171875,341.8599853515625,336.010009765625,341.0,8752223
2026-07-23 09:32:00-04:00,339.2149963378906,339.2149963378906,339.79840087890625,335.69000244140625,336.94000244140625,1657715
2026-07-23 09:34:00-04:00,338.0400085449219,338.0400085449219,339.3644104003906,336.82000732421875,339.19000244140625,1313753
2026-07-23 09:36:00-04:00,333.9100036621094,333.9100036621094,338.45001220703125,333.8999938964844,338.010009765625,1677390
2026-07-23 09:38:00-04:00,333.7200012207031,333.7200012207031,334.5,333.260009765625,333.9700012207031,1181736
2026-07-23 09:40:00-04:00,334.20001220703125,334.20001220703125,334.5899963378906,332.79998779296875,333.66009521484375,1359310
2026-07-23 09:42:00-04:00,335.510009765625,335.510009765625,336.2099914550781,334.04998779296875,334.1700134277344,1100800
2026-07-23 09:44:00-04:00,333.4599914550781,333.4599914550781,335.6000061035156,333.3550109863281,335.5299987792969,1103206
2026-07-23 09:46:00-04:00,331.05499267578125,331.05499267578125,333.69000244140625,330.57000732421875,333.44000244140625,1190694
2026-07-23 09:48:00-04:00,331.0450134277344,331.0450134277344,331.6000061035156,330.5,331.0899963378906,621723
